  ☕ caffeinate started (PID 16684)
========================================================================
  Phase 3 — PPO Agent Training  (3M Steps · Gold Run)
  Script    : phase3_train_agent.py
  Started   : 2026-03-03 20:46:22
  Dataset   : topology_dataset.npz
  ETA_S     : 1.0 (baseline)
  Device    : cpu (hardcoded)
  n_envs    : 4 (SubprocVecEnv → ~1448 FPS)
  Next step : phase3_finetune_agent.py (ETA_S=2.0, 500k steps)
========================================================================
  🏆 GOLD RUN — device hardcoded to CPU (optimal for 32-dim MlpPolicy)
    PyTorch        : 2.10.0
    Device         : cpu
    Matmul 256×256 : ✓
    System RSS     : 284.1 MB

  ✓ ETA_S patched: 1.0 → 1.0

  Building SubprocVecEnv (n_envs=4, sat=-1) …
  [Phase 2] Loading topology: topology_dataset.npz …   [Phase 2] Loading topology: topology_dataset.npz …   [Phase 2] Loading topology: topology_dataset.npz …   [Phase 2] Loading topology: topology_dataset.npz …   ✓ VecNormalize(norm_obs=True, norm_reward=True, clip=10.0)
  Building evaluation env …
  [Phase 2] Loading topology: topology_dataset.npz … done.  T=86400 steps, N=60 sats, 24 ground stations, ISL threshold=3941 km, peak RAM≈2488 MB

  Hyperparameters
  ┌──────────────────────────────────────────────────────┐
  │  learning_rate        = 0.0003 → 1e-05 (linear)         │
  │  ent_coef             = 0.1 → 0.01 (callback anneal)    │
  │  n_steps              = 1024 (×4 = 4096 effective)      │
  │  batch_size           = 256                             │
  │  n_epochs             = 3                               │
  │  gamma                = 0.99                            │
  │  gae_lambda           = 0.98                            │
  │  target_kl            = 0.02                            │
  │  max_grad_norm        = 0.5                             │
  │  total_timesteps      = 3,000,000                       │
  │  n_envs               = 4                               │
  │  device               = cpu                             │
  │  eta_s                = 1.0 (baseline)                  │
  │  vec_normalize        = obs=True, reward=True, clip=10.0│
  │  seed                 = 42                              │
  └──────────────────────────────────────────────────────┘

Using cpu device
  💾 Checkpoints  → /Users/aishwarya/satellite-project/models/phase3.6_run/checkpoints
  💾 VecNormalize → /Users/aishwarya/satellite-project/models/phase3.6_run/vec_normalize.pkl
  📋 Training log → /Users/aishwarya/satellite-project/docs/TRAINING_LOG.md

────────────────────────────────────────────────────────────────────────
  🏆 GOLD RUN: 3,000,000 timesteps
────────────────────────────────────────────────────────────────────────
Logging to /Users/aishwarya/satellite-project/logs/phase3.6_run/ppo_phase3_6_1
    📉 ent_coef → 0.10000  (step 4)
  ⏱  step         4  │  FPS     115  │  RSS   1889 MB
---------------------------------
| gold/              |          |
|    ent_coef        | 0.1      |
| hw/                |          |
|    fps             | 115      |
|    rss_mb          | 1.89e+03 |
| time/              |          |
|    fps             | 11166    |
|    iterations      | 1        |
|    time_elapsed    | 0        |
|    total_timesteps | 4096     |
---------------------------------
-------------------------------------------
| time/                   |               |
|    fps                  | 10446         |
|    iterations           | 2             |
|    time_elapsed         | 0             |
|    total_timesteps      | 8192          |
| train/                  |               |
|    approx_kl            | 0.00047746353 |
|    clip_fraction        | 0             |
|    clip_range           | 0.2           |
|    entropy_loss         | -2.08         |
|    explained_variance   | -0.329        |
|    learning_rate        | 0.0003        |
|    loss                 | 0.403         |
|    n_updates            | 3             |
|    policy_gradient_loss | -0.00197      |
|    value_loss           | 1.38          |
-------------------------------------------
------------------------------------------
| time/                   |              |
|    fps                  | 10714        |
|    iterations           | 3            |
|    time_elapsed         | 1            |
|    total_timesteps      | 12288        |
| train/                  |              |
|    approx_kl            | 0.0008186196 |
|    clip_fraction        | 0            |
|    clip_range           | 0.2          |
|    entropy_loss         | -2.08        |
|    explained_variance   | 0.324        |
|    learning_rate        | 0.000299     |
|    loss                 | 0.0358       |
|    n_updates            | 6            |
|    policy_gradient_loss | -0.00254     |
|    value_loss           | 0.812        |
------------------------------------------
------------------------------------------
| time/                   |              |
|    fps                  | 10953        |
|    iterations           | 4            |
|    time_elapsed         | 1            |
|    total_timesteps      | 16384        |
| train/                  |              |
|    approx_kl            | 0.0007097464 |
|    clip_fraction        | 0            |
|    clip_range           | 0.2          |
|    entropy_loss         | -2.08        |
|    explained_variance   | 0.0642       |
|    learning_rate        | 0.000299     |
|    loss                 | 0.0472       |
|    n_updates            | 9            |
|    policy_gradient_loss | -0.00233     |
|    value_loss           | 1.11         |
------------------------------------------
  ⏱  step    20,000  │  FPS   11304  │  RSS   1897 MB
------------------------------------------
| hw/                     |              |
|    fps                  | 1.13e+04     |
|    rss_mb               | 1.9e+03      |
| time/                   |              |
|    fps                  | 11110        |
|    iterations           | 5            |
|    time_elapsed         | 1            |
|    total_timesteps      | 20480        |
| train/                  |              |
|    approx_kl            | 0.0005466215 |
|    clip_fraction        | 0            |
|    clip_range           | 0.2          |
|    entropy_loss         | -2.07        |
|    explained_variance   | 0.364        |
|    learning_rate        | 0.000298     |
|    loss                 | -0.0165      |
|    n_updates            | 12           |
|    policy_gradient_loss | -0.00139     |
|    value_loss           | 0.838        |
------------------------------------------
-----------------------------------------
| time/                   |             |
|    fps                  | 11170       |
|    iterations           | 6           |
|    time_elapsed         | 2           |
|    total_timesteps      | 24576       |
| train/                  |             |
|    approx_kl            | 0.000753123 |
|    clip_fraction        | 0           |
|    clip_range           | 0.2         |
|    entropy_loss         | -2.07       |
|    explained_variance   | 0.479       |
|    learning_rate        | 0.000298    |
|    loss                 | -0.122      |
|    n_updates            | 15          |
|    policy_gradient_loss | -0.0017     |
|    value_loss           | 0.568       |
-----------------------------------------
------------------------------------------
| time/                   |              |
|    fps                  | 11259        |
|    iterations           | 7            |
|    time_elapsed         | 2            |
|    total_timesteps      | 28672        |
| train/                  |              |
|    approx_kl            | 0.0014836284 |
|    clip_fraction        | 0.000407     |
|    clip_range           | 0.2          |
|    entropy_loss         | -2.07        |
|    explained_variance   | 0.352        |
|    learning_rate        | 0.000298     |
|    loss                 | -0.081       |
|    n_updates            | 18           |
|    policy_gradient_loss | -0.00324     |
|    value_loss           | 0.549        |
------------------------------------------
------------------------------------------
| time/                   |              |
|    fps                  | 11332        |
|    iterations           | 8            |
|    time_elapsed         | 2            |
|    total_timesteps      | 32768        |
| train/                  |              |
|    approx_kl            | 0.0024085105 |
|    clip_fraction        | 0.000244     |
|    clip_range           | 0.2          |
|    entropy_loss         | -2.06        |
|    explained_variance   | 0.464        |
|    learning_rate        | 0.000297     |
|    loss                 | -0.17        |
|    n_updates            | 21           |
|    policy_gradient_loss | -0.00383     |
|    value_loss           | 0.154        |
------------------------------------------
----------------------------------------
| time/                   |            |
|    fps                  | 11355      |
|    iterations           | 9          |
|    time_elapsed         | 3          |
|    total_timesteps      | 36864      |
| train/                  |            |
|    approx_kl            | 0.00348674 |
|    clip_fraction        | 0.011      |
|    clip_range           | 0.2        |
|    entropy_loss         | -2.04      |
|    explained_variance   | 0.294      |
|    learning_rate        | 0.000297   |
|    loss                 | -0.179     |
|    n_updates            | 24         |
|    policy_gradient_loss | -0.0062    |
|    value_loss           | 0.16       |
----------------------------------------
  ⏱  step    40,000  │  FPS   11682  │  RSS   1897 MB
-----------------------------------------
| hw/                     |             |
|    fps                  | 1.17e+04    |
|    rss_mb               | 1.9e+03     |
| time/                   |             |
|    fps                  | 11411       |
|    iterations           | 10          |
|    time_elapsed         | 3           |
|    total_timesteps      | 40960       |
| train/                  |             |
|    approx_kl            | 0.003991719 |
|    clip_fraction        | 0.00944     |
|    clip_range           | 0.2         |
|    entropy_loss         | -2.04       |
|    explained_variance   | 0.541       |
|    learning_rate        | 0.000296    |
|    loss                 | -0.172      |
|    n_updates            | 27          |
|    policy_gradient_loss | -0.00524    |
|    value_loss           | 0.107       |
-----------------------------------------
-----------------------------------------
| time/                   |             |
|    fps                  | 11433       |
|    iterations           | 11          |
|    time_elapsed         | 3           |
|    total_timesteps      | 45056       |
| train/                  |             |
|    approx_kl            | 0.003386439 |
|    clip_fraction        | 0.0035      |
|    clip_range           | 0.2         |
|    entropy_loss         | -2.02       |
|    explained_variance   | 0.383       |
|    learning_rate        | 0.000296    |
|    loss                 | -0.189      |
|    n_updates            | 30          |
|    policy_gradient_loss | -0.00593    |
|    value_loss           | 0.0776      |
-----------------------------------------
-----------------------------------------
| time/                   |             |
|    fps                  | 11451       |
|    iterations           | 12          |
|    time_elapsed         | 4           |
|    total_timesteps      | 49152       |
| train/                  |             |
|    approx_kl            | 0.006390118 |
|    clip_fraction        | 0.0228      |
|    clip_range           | 0.2         |
|    entropy_loss         | -1.98       |
|    explained_variance   | 0.563       |
|    learning_rate        | 0.000296    |
|    loss                 | -0.177      |
|    n_updates            | 33          |
|    policy_gradient_loss | -0.00974    |
|    value_loss           | 0.0656      |
-----------------------------------------
Eval num_timesteps=50000, episode_reward=-61047.81 +/- 2592.10
Episode length: 86400.00 +/- 0.00
------------------------------------------
| eval/                   |              |
|    mean_ep_length       | 8.64e+04     |
|    mean_reward          | -6.1e+04     |
| time/                   |              |
|    total_timesteps      | 50000        |
| train/                  |              |
|    approx_kl            | 0.0049461303 |
|    clip_fraction        | 0.0129       |
|    clip_range           | 0.2          |
|    entropy_loss         | -1.95        |
|    explained_variance   | 0.565        |
|    learning_rate        | 0.000295     |
|    loss                 | -0.164       |
|    n_updates            | 36           |
|    policy_gradient_loss | -0.00654     |
|    value_loss           | 0.0538       |
------------------------------------------
New best mean reward!
------------------------------
| time/              |       |
|    fps             | 1439  |
|    iterations      | 13    |
|    time_elapsed    | 37    |
|    total_timesteps | 53248 |
------------------------------
------------------------------------------
| time/                   |              |
|    fps                  | 1532         |
|    iterations           | 14           |
|    time_elapsed         | 37           |
|    total_timesteps      | 57344        |
| train/                  |              |
|    approx_kl            | 0.0024607794 |
|    clip_fraction        | 0.00155      |
|    clip_range           | 0.2          |
|    entropy_loss         | -1.93        |
|    explained_variance   | 0.316        |
|    learning_rate        | 0.000295     |
|    loss                 | -0.154       |
|    n_updates            | 39           |
|    policy_gradient_loss | -0.00487     |
|    value_loss           | 0.115        |
------------------------------------------
  ⏱  step    60,000  │  FPS     585  │  RSS   2936 MB
------------------------------------------
| hw/                     |              |
|    fps                  | 585          |
|    rss_mb               | 2.94e+03     |
| time/                   |              |
|    fps                  | 1624         |
|    iterations           | 15           |
|    time_elapsed         | 37           |
|    total_timesteps      | 61440        |
| train/                  |              |
|    approx_kl            | 0.0029253569 |
|    clip_fraction        | 0.00651      |
|    clip_range           | 0.2          |
|    entropy_loss         | -1.93        |
|    explained_variance   | 0.443        |
|    learning_rate        | 0.000294     |
|    loss                 | -0.19        |
|    n_updates            | 42           |
|    policy_gradient_loss | -0.00542     |
|    value_loss           | 0.0465       |
------------------------------------------
------------------------------------------
| time/                   |              |
|    fps                  | 1716         |
|    iterations           | 16           |
|    time_elapsed         | 38           |
|    total_timesteps      | 65536        |
| train/                  |              |
|    approx_kl            | 0.0058882786 |
|    clip_fraction        | 0.0195       |
|    clip_range           | 0.2          |
|    entropy_loss         | -1.89        |
|    explained_variance   | 0.103        |
|    learning_rate        | 0.000294     |
|    loss                 | -0.178       |
|    n_updates            | 45           |
|    policy_gradient_loss | -0.00615     |
|    value_loss           | 0.104        |
------------------------------------------
------------------------------------------
| time/                   |              |
|    fps                  | 1807         |
|    iterations           | 17           |
|    time_elapsed         | 38           |
|    total_timesteps      | 69632        |
| train/                  |              |
|    approx_kl            | 0.0018461281 |
|    clip_fraction        | 0.000814     |
|    clip_range           | 0.2          |
|    entropy_loss         | -1.91        |
|    explained_variance   | -0.612       |
|    learning_rate        | 0.000294     |
|    loss                 | -0.177       |
|    n_updates            | 48           |
|    policy_gradient_loss | -0.00299     |
|    value_loss           | 0.057        |
------------------------------------------
------------------------------------------
| time/                   |              |
|    fps                  | 1895         |
|    iterations           | 18           |
|    time_elapsed         | 38           |
|    total_timesteps      | 73728        |
| train/                  |              |
|    approx_kl            | 0.0034810274 |
|    clip_fraction        | 0.00269      |
|    clip_range           | 0.2          |
|    entropy_loss         | -1.86        |
|    explained_variance   | 0.31         |
|    learning_rate        | 0.000293     |
|    loss                 | -0.147       |
|    n_updates            | 51           |
|    policy_gradient_loss | -0.00572     |
|    value_loss           | 0.0824       |
------------------------------------------
-----------------------------------------
| time/                   |             |
|    fps                  | 1983        |
|    iterations           | 19          |
|    time_elapsed         | 39          |
|    total_timesteps      | 77824       |
| train/                  |             |
|    approx_kl            | 0.004420913 |
|    clip_fraction        | 0.0112      |
|    clip_range           | 0.2         |
|    entropy_loss         | -1.85       |
|    explained_variance   | 0.0898      |
|    learning_rate        | 0.000293    |
|    loss                 | -0.186      |
|    n_updates            | 54          |
|    policy_gradient_loss | -0.00695    |
|    value_loss           | 0.0303      |
-----------------------------------------
  ⏱  step    80,000  │  FPS   11463  │  RSS   2937 MB
------------------------------------------
| hw/                     |              |
|    fps                  | 1.15e+04     |
|    rss_mb               | 2.94e+03     |
| time/                   |              |
|    fps                  | 2068         |
|    iterations           | 20           |
|    time_elapsed         | 39           |
|    total_timesteps      | 81920        |
| train/                  |              |
|    approx_kl            | 0.0025479216 |
|    clip_fraction        | 0.00171      |
|    clip_range           | 0.2          |
|    entropy_loss         | -1.86        |
|    explained_variance   | 0.0252       |
|    learning_rate        | 0.000292     |
|    loss                 | -0.127       |
|    n_updates            | 57           |
|    policy_gradient_loss | -0.00248     |
|    value_loss           | 0.211        |
------------------------------------------
------------------------------------------
| time/                   |              |
|    fps                  | 2152         |
|    iterations           | 21           |
|    time_elapsed         | 39           |
|    total_timesteps      | 86016        |
| train/                  |              |
|    approx_kl            | 0.0054556387 |
|    clip_fraction        | 0.0103       |
|    clip_range           | 0.2          |
|    entropy_loss         | -1.83        |
|    explained_variance   | 0.346        |
|    learning_rate        | 0.000292     |
|    loss                 | -0.174       |
|    n_updates            | 60           |
|    policy_gradient_loss | -0.00523     |
|    value_loss           | 0.054        |
------------------------------------------
------------------------------------------
| time/                   |              |
|    fps                  | 2236         |
|    iterations           | 22           |
|    time_elapsed         | 40           |
|    total_timesteps      | 90112        |
| train/                  |              |
|    approx_kl            | 0.0030459012 |
|    clip_fraction        | 0.000895     |
|    clip_range           | 0.2          |
|    entropy_loss         | -1.86        |
|    explained_variance   | 0.308        |
|    learning_rate        | 0.000292     |
|    loss                 | -0.17        |
|    n_updates            | 63           |
|    policy_gradient_loss | -0.0027      |
|    value_loss           | 0.0406       |
------------------------------------------
------------------------------------------
| time/                   |              |
|    fps                  | 2317         |
|    iterations           | 23           |
|    time_elapsed         | 40           |
|    total_timesteps      | 94208        |
| train/                  |              |
|    approx_kl            | 0.0015329192 |
|    clip_fraction        | 0.000407     |
|    clip_range           | 0.2          |
|    entropy_loss         | -1.83        |
|    explained_variance   | 0.119        |
|    learning_rate        | 0.000291     |
|    loss                 | -0.14        |
|    n_updates            | 66           |
|    policy_gradient_loss | -0.00282     |
|    value_loss           | 0.148        |
------------------------------------------
------------------------------------------
| time/                   |              |
|    fps                  | 2395         |
|    iterations           | 24           |
|    time_elapsed         | 41           |
|    total_timesteps      | 98304        |
| train/                  |              |
|    approx_kl            | 0.0017947925 |
|    clip_fraction        | 0.00057      |
|    clip_range           | 0.2          |
|    entropy_loss         | -1.84        |
|    explained_variance   | 0.368        |
|    learning_rate        | 0.000291     |
|    loss                 | -0.166       |
|    n_updates            | 69           |
|    policy_gradient_loss | -0.00328     |
|    value_loss           | 0.0771       |
------------------------------------------
Eval num_timesteps=100000, episode_reward=-50271.85 +/- 1334.67
Episode length: 86400.00 +/- 0.00
-----------------------------------------
| eval/                   |             |
|    mean_ep_length       | 8.64e+04    |
|    mean_reward          | -5.03e+04   |
| time/                   |             |
|    total_timesteps      | 100000      |
| train/                  |             |
|    approx_kl            | 0.001568542 |
|    clip_fraction        | 0.00228     |
|    clip_range           | 0.2         |
|    entropy_loss         | -1.85       |
|    explained_variance   | 0.208       |
|    learning_rate        | 0.00029     |
|    loss                 | -0.172      |
|    n_updates            | 72          |
|    policy_gradient_loss | -0.0042     |
|    value_loss           | 0.0449      |
-----------------------------------------
New best mean reward!
    📉 ent_coef → 0.09700  (step 100,000)
  ⏱  step   100,000  │  FPS     590  │  RSS   2937 MB
---------------------------------
| gold/              |          |
|    ent_coef        | 0.097    |
| hw/                |          |
|    fps             | 590      |
|    rss_mb          | 2.94e+03 |
| time/              |          |
|    fps             | 1392     |
|    iterations      | 25       |
|    time_elapsed    | 73       |
|    total_timesteps | 102400   |
---------------------------------
------------------------------------------
| time/                   |              |
|    fps                  | 1441         |
|    iterations           | 26           |
|    time_elapsed         | 73           |
|    total_timesteps      | 106496       |
| train/                  |              |
|    approx_kl            | 0.0027385487 |
|    clip_fraction        | 0.000977     |
|    clip_range           | 0.2          |
|    entropy_loss         | -1.82        |
|    explained_variance   | 0.381        |
|    learning_rate        | 0.00029      |
|    loss                 | -0.171       |
|    n_updates            | 75           |
|    policy_gradient_loss | -0.00367     |
|    value_loss           | 0.032        |
------------------------------------------
------------------------------------------
| time/                   |              |
|    fps                  | 1488         |
|    iterations           | 27           |
|    time_elapsed         | 74           |
|    total_timesteps      | 110592       |
| train/                  |              |
|    approx_kl            | 0.0026398627 |
|    clip_fraction        | 0.000977     |
|    clip_range           | 0.2          |
|    entropy_loss         | -1.79        |
|    explained_variance   | 0.0832       |
|    learning_rate        | 0.00029      |
|    loss                 | -0.114       |
|    n_updates            | 78           |
|    policy_gradient_loss | -0.0027      |
|    value_loss           | 0.087        |
------------------------------------------
------------------------------------------
| time/                   |              |
|    fps                  | 1536         |
|    iterations           | 28           |
|    time_elapsed         | 74           |
|    total_timesteps      | 114688       |
| train/                  |              |
|    approx_kl            | 0.0057490775 |
|    clip_fraction        | 0.0134       |
|    clip_range           | 0.2          |
|    entropy_loss         | -1.8         |
|    explained_variance   | 0.52         |
|    learning_rate        | 0.000289     |
|    loss                 | -0.185       |
|    n_updates            | 81           |
|    policy_gradient_loss | -0.00638     |
|    value_loss           | 0.028        |
------------------------------------------
-----------------------------------------
| time/                   |             |
|    fps                  | 1584        |
|    iterations           | 29          |
|    time_elapsed         | 74          |
|    total_timesteps      | 118784      |
| train/                  |             |
|    approx_kl            | 0.004274867 |
|    clip_fraction        | 0.00602     |
|    clip_range           | 0.2         |
|    entropy_loss         | -1.77       |
|    explained_variance   | 0.311       |
|    learning_rate        | 0.000289    |
|    loss                 | -0.172      |
|    n_updates            | 84          |
|    policy_gradient_loss | -0.00598    |
|    value_loss           | 0.0226      |
-----------------------------------------
  ⏱  step   120,000  │  FPS   11387  │  RSS   2937 MB
------------------------------------------
| hw/                     |              |
|    fps                  | 1.14e+04     |
|    rss_mb               | 2.94e+03     |
| time/                   |              |
|    fps                  | 1631         |
|    iterations           | 30           |
|    time_elapsed         | 75           |
|    total_timesteps      | 122880       |
| train/                  |              |
|    approx_kl            | 0.0038655032 |
|    clip_fraction        | 0.00431      |
|    clip_range           | 0.2          |
|    entropy_loss         | -1.73        |
|    explained_variance   | 0.258        |
|    learning_rate        | 0.000289     |
|    loss                 | -0.16        |
|    n_updates            | 87           |
|    policy_gradient_loss | -0.00432     |
|    value_loss           | 0.0189       |
------------------------------------------
------------------------------------------
| time/                   |              |
|    fps                  | 1678         |
|    iterations           | 31           |
|    time_elapsed         | 75           |
|    total_timesteps      | 126976       |
| train/                  |              |
|    approx_kl            | 0.0057534194 |
|    clip_fraction        | 0.0193       |
|    clip_range           | 0.2          |
|    entropy_loss         | -1.78        |
|    explained_variance   | 0.373        |
|    learning_rate        | 0.000288     |
|    loss                 | -0.175       |
|    n_updates            | 90           |
|    policy_gradient_loss | -0.00523     |
|    value_loss           | 0.0162       |
------------------------------------------
-----------------------------------------
| time/                   |             |
|    fps                  | 1723        |
|    iterations           | 32          |
|    time_elapsed         | 76          |
|    total_timesteps      | 131072      |
| train/                  |             |
|    approx_kl            | 0.004780592 |
|    clip_fraction        | 0.0226      |
|    clip_range           | 0.2         |
|    entropy_loss         | -1.73       |
|    explained_variance   | 0.416       |
|    learning_rate        | 0.000288    |
|    loss                 | -0.174      |
|    n_updates            | 93          |
|    policy_gradient_loss | -0.00419    |
|    value_loss           | 0.0192      |
-----------------------------------------
------------------------------------------
| time/                   |              |
|    fps                  | 1769         |
|    iterations           | 33           |
|    time_elapsed         | 76           |
|    total_timesteps      | 135168       |
| train/                  |              |
|    approx_kl            | 0.0015018942 |
|    clip_fraction        | 0.000488     |
|    clip_range           | 0.2          |
|    entropy_loss         | -1.73        |
|    explained_variance   | 0.0196       |
|    learning_rate        | 0.000287     |
|    loss                 | -0.163       |
|    n_updates            | 96           |
|    policy_gradient_loss | -0.00279     |
|    value_loss           | 0.0133       |
------------------------------------------
-----------------------------------------
| time/                   |             |
|    fps                  | 1814        |
|    iterations           | 34          |
|    time_elapsed         | 76          |
|    total_timesteps      | 139264      |
| train/                  |             |
|    approx_kl            | 0.005744258 |
|    clip_fraction        | 0.0294      |
|    clip_range           | 0.2         |
|    entropy_loss         | -1.72       |
|    explained_variance   | 0.438       |
|    learning_rate        | 0.000287    |
|    loss                 | -0.186      |
|    n_updates            | 99          |
|    policy_gradient_loss | -0.00681    |
|    value_loss           | 0.0107      |
-----------------------------------------
  ⏱  step   140,000  │  FPS   11568  │  RSS   2938 MB
------------------------------------------
| hw/                     |              |
|    fps                  | 1.16e+04     |
|    rss_mb               | 2.94e+03     |
| time/                   |              |
|    fps                  | 1859         |
|    iterations           | 35           |
|    time_elapsed         | 77           |
|    total_timesteps      | 143360       |
| train/                  |              |
|    approx_kl            | 0.0048237583 |
|    clip_fraction        | 0.00692      |
|    clip_range           | 0.2          |
|    entropy_loss         | -1.69        |
|    explained_variance   | 0.391        |
|    learning_rate        | 0.000287     |
|    loss                 | -0.169       |
|    n_updates            | 102          |
|    policy_gradient_loss | -0.00317     |
|    value_loss           | 0.0127       |
------------------------------------------
-----------------------------------------
| time/                   |             |
|    fps                  | 1904        |
|    iterations           | 36          |
|    time_elapsed         | 77          |
|    total_timesteps      | 147456      |
| train/                  |             |
|    approx_kl            | 0.004849049 |
|    clip_fraction        | 0.00651     |
|    clip_range           | 0.2         |
|    entropy_loss         | -1.73       |
|    explained_variance   | 0.495       |
|    learning_rate        | 0.000286    |
|    loss                 | -0.176      |
|    n_updates            | 105         |
|    policy_gradient_loss | -0.00413    |
|    value_loss           | 0.0141      |
-----------------------------------------
Eval num_timesteps=150000, episode_reward=-53199.03 +/- 1349.99
Episode length: 86400.00 +/- 0.00
-----------------------------------------
| eval/                   |             |
|    mean_ep_length       | 8.64e+04    |
|    mean_reward          | -5.32e+04   |
| time/                   |             |
|    total_timesteps      | 150000      |
| train/                  |             |
|    approx_kl            | 0.006325351 |
|    clip_fraction        | 0.0308      |
|    clip_range           | 0.2         |
|    entropy_loss         | -1.68       |
|    explained_variance   | 0.473       |
|    learning_rate        | 0.000286    |
|    loss                 | -0.165      |
|    n_updates            | 108         |
|    policy_gradient_loss | -0.00691    |
|    value_loss           | 0.0134      |
-----------------------------------------
-------------------------------
| time/              |        |
|    fps             | 1385   |
|    iterations      | 37     |
|    time_elapsed    | 109    |
|    total_timesteps | 151552 |
-------------------------------
------------------------------------------
| time/                   |              |
|    fps                  | 1418         |
|    iterations           | 38           |
|    time_elapsed         | 109          |
|    total_timesteps      | 155648       |
| train/                  |              |
|    approx_kl            | 0.0036656815 |
|    clip_fraction        | 0.00594      |
|    clip_range           | 0.2          |
|    entropy_loss         | -1.69        |
|    explained_variance   | 0.155        |
|    learning_rate        | 0.000285     |
|    loss                 | -0.155       |
|    n_updates            | 111          |
|    policy_gradient_loss | -0.00317     |
|    value_loss           | 0.0121       |
------------------------------------------
------------------------------------------
| time/                   |              |
|    fps                  | 1450         |
|    iterations           | 39           |
|    time_elapsed         | 110          |
|    total_timesteps      | 159744       |
| train/                  |              |
|    approx_kl            | 0.0069959927 |
|    clip_fraction        | 0.023        |
|    clip_range           | 0.2          |
|    entropy_loss         | -1.68        |
|    explained_variance   | 0.426        |
|    learning_rate        | 0.000285     |
|    loss                 | -0.177       |
|    n_updates            | 114          |
|    policy_gradient_loss | -0.0072      |
|    value_loss           | 0.0168       |
------------------------------------------
  ⏱  step   160,000  │  FPS     600  │  RSS   2938 MB
-----------------------------------------
| hw/                     |             |
|    fps                  | 600         |
|    rss_mb               | 2.94e+03    |
| time/                   |             |
|    fps                  | 1483        |
|    iterations           | 40          |
|    time_elapsed         | 110         |
|    total_timesteps      | 163840      |
| train/                  |             |
|    approx_kl            | 0.004532185 |
|    clip_fraction        | 0.0155      |
|    clip_range           | 0.2         |
|    entropy_loss         | -1.65       |
|    explained_variance   | 0.439       |
|    learning_rate        | 0.000285    |
|    loss                 | -0.157      |
|    n_updates            | 117         |
|    policy_gradient_loss | -0.00461    |
|    value_loss           | 0.01        |
-----------------------------------------
------------------------------------------
| time/                   |              |
|    fps                  | 1515         |
|    iterations           | 41           |
|    time_elapsed         | 110          |
|    total_timesteps      | 167936       |
| train/                  |              |
|    approx_kl            | 0.0018228273 |
|    clip_fraction        | 0.00228      |
|    clip_range           | 0.2          |
|    entropy_loss         | -1.63        |
|    explained_variance   | 0.666        |
|    learning_rate        | 0.000284     |
|    loss                 | -0.159       |
|    n_updates            | 120          |
|    policy_gradient_loss | -0.00353     |
|    value_loss           | 0.0114       |
------------------------------------------
------------------------------------------
| time/                   |              |
|    fps                  | 1547         |
|    iterations           | 42           |
|    time_elapsed         | 111          |
|    total_timesteps      | 172032       |
| train/                  |              |
|    approx_kl            | 0.0040265885 |
|    clip_fraction        | 0.00675      |
|    clip_range           | 0.2          |
|    entropy_loss         | -1.66        |
|    explained_variance   | 0.555        |
|    learning_rate        | 0.000284     |
|    loss                 | -0.171       |
|    n_updates            | 123          |
|    policy_gradient_loss | -0.00396     |
|    value_loss           | 0.00971      |
------------------------------------------
------------------------------------------
| time/                   |              |
|    fps                  | 1579         |
|    iterations           | 43           |
|    time_elapsed         | 111          |
|    total_timesteps      | 176128       |
| train/                  |              |
|    approx_kl            | 0.0032403774 |
|    clip_fraction        | 0.0057       |
|    clip_range           | 0.2          |
|    entropy_loss         | -1.64        |
|    explained_variance   | 0.591        |
|    learning_rate        | 0.000283     |
|    loss                 | -0.17        |
|    n_updates            | 126          |
|    policy_gradient_loss | -0.00383     |
|    value_loss           | 0.0111       |
------------------------------------------
  ⏱  step   180,000  │  FPS   11463  │  RSS   2938 MB
------------------------------------------
| hw/                     |              |
|    fps                  | 1.15e+04     |
|    rss_mb               | 2.94e+03     |
| time/                   |              |
|    fps                  | 1610         |
|    iterations           | 44           |
|    time_elapsed         | 111          |
|    total_timesteps      | 180224       |
| train/                  |              |
|    approx_kl            | 0.0034149834 |
|    clip_fraction        | 0.00553      |
|    clip_range           | 0.2          |
|    entropy_loss         | -1.58        |
|    explained_variance   | 0.354        |
|    learning_rate        | 0.000283     |
|    loss                 | -0.141       |
|    n_updates            | 129          |
|    policy_gradient_loss | -0.00276     |
|    value_loss           | 0.00921      |
------------------------------------------
-----------------------------------------
| time/                   |             |
|    fps                  | 1641        |
|    iterations           | 45          |
|    time_elapsed         | 112         |
|    total_timesteps      | 184320      |
| train/                  |             |
|    approx_kl            | 0.003555454 |
|    clip_fraction        | 0.00545     |
|    clip_range           | 0.2         |
|    entropy_loss         | -1.69       |
|    explained_variance   | 0.444       |
|    learning_rate        | 0.000283    |
|    loss                 | -0.164      |
|    n_updates            | 132         |
|    policy_gradient_loss | -0.0041     |
|    value_loss           | 0.0124      |
-----------------------------------------
------------------------------------------
| time/                   |              |
|    fps                  | 1672         |
|    iterations           | 46           |
|    time_elapsed         | 112          |
|    total_timesteps      | 188416       |
| train/                  |              |
|    approx_kl            | 0.0038954322 |
|    clip_fraction        | 0.00513      |
|    clip_range           | 0.2          |
|    entropy_loss         | -1.61        |
|    explained_variance   | 0.79         |
|    learning_rate        | 0.000282     |
|    loss                 | -0.163       |
|    n_updates            | 135          |
|    policy_gradient_loss | -0.00354     |
|    value_loss           | 0.0118       |
------------------------------------------
------------------------------------------
| time/                   |              |
|    fps                  | 1703         |
|    iterations           | 47           |
|    time_elapsed         | 113          |
|    total_timesteps      | 192512       |
| train/                  |              |
|    approx_kl            | 0.0043997867 |
|    clip_fraction        | 0.0189       |
|    clip_range           | 0.2          |
|    entropy_loss         | -1.62        |
|    explained_variance   | 0.44         |
|    learning_rate        | 0.000282     |
|    loss                 | -0.144       |
|    n_updates            | 138          |
|    policy_gradient_loss | -0.00412     |
|    value_loss           | 0.011        |
------------------------------------------
------------------------------------------
| time/                   |              |
|    fps                  | 1734         |
|    iterations           | 48           |
|    time_elapsed         | 113          |
|    total_timesteps      | 196608       |
| train/                  |              |
|    approx_kl            | 0.0046339342 |
|    clip_fraction        | 0.0103       |
|    clip_range           | 0.2          |
|    entropy_loss         | -1.66        |
|    explained_variance   | 0.599        |
|    learning_rate        | 0.000281     |
|    loss                 | -0.155       |
|    n_updates            | 141          |
|    policy_gradient_loss | -0.00396     |
|    value_loss           | 0.0116       |
------------------------------------------
Eval num_timesteps=200000, episode_reward=-40196.90 +/- 2073.22
Episode length: 86400.00 +/- 0.00
-----------------------------------------
| eval/                   |             |
|    mean_ep_length       | 8.64e+04    |
|    mean_reward          | -4.02e+04   |
| time/                   |             |
|    total_timesteps      | 200000      |
| train/                  |             |
|    approx_kl            | 0.004193568 |
|    clip_fraction        | 0.0177      |
|    clip_range           | 0.2         |
|    entropy_loss         | -1.63       |
|    explained_variance   | 0.445       |
|    learning_rate        | 0.000281    |
|    loss                 | -0.159      |
|    n_updates            | 144         |
|    policy_gradient_loss | -0.00376    |
|    value_loss           | 0.0102      |
-----------------------------------------
New best mean reward!
    📉 ent_coef → 0.09400  (step 200,000)
  ⏱  step   200,000  │  FPS     585  │  RSS   2938 MB
---------------------------------
| gold/              |          |
|    ent_coef        | 0.094    |
| hw/                |          |
|    fps             | 585      |
|    rss_mb          | 2.94e+03 |
| time/              |          |
|    fps             | 1373     |
|    iterations      | 49       |
|    time_elapsed    | 146      |
|    total_timesteps | 200704   |
---------------------------------
------------------------------------------
| time/                   |              |
|    fps                  | 1398         |
|    iterations           | 50           |
|    time_elapsed         | 146          |
|    total_timesteps      | 204800       |
| train/                  |              |
|    approx_kl            | 0.0032309205 |
|    clip_fraction        | 0.000814     |
|    clip_range           | 0.2          |
|    entropy_loss         | -1.66        |
|    explained_variance   | 0.701        |
|    learning_rate        | 0.000281     |
|    loss                 | -0.157       |
|    n_updates            | 147          |
|    policy_gradient_loss | -0.00365     |
|    value_loss           | 0.00855      |
------------------------------------------
------------------------------------------
| time/                   |              |
|    fps                  | 1422         |
|    iterations           | 51           |
|    time_elapsed         | 146          |
|    total_timesteps      | 208896       |
| train/                  |              |
|    approx_kl            | 0.0022285515 |
|    clip_fraction        | 0.00309      |
|    clip_range           | 0.2          |
|    entropy_loss         | -1.62        |
|    explained_variance   | 0.617        |
|    learning_rate        | 0.00028      |
|    loss                 | -0.156       |
|    n_updates            | 150          |
|    policy_gradient_loss | -0.00265     |
|    value_loss           | 0.00919      |
------------------------------------------
------------------------------------------
| gold/                   |              |
|    entropy_magnitude    | 17.6         |
| time/                   |              |
|    fps                  | 1447         |
|    iterations           | 52           |
|    time_elapsed         | 147          |
|    total_timesteps      | 212992       |
| train/                  |              |
|    approx_kl            | 0.0022958315 |
|    clip_fraction        | 0.00334      |
|    clip_range           | 0.2          |
|    entropy_loss         | -1.65        |
|    explained_variance   | 0.631        |
|    learning_rate        | 0.00028      |
|    loss                 | -0.159       |
|    n_updates            | 153          |
|    policy_gradient_loss | -0.00264     |
|    value_loss           | 0.0107       |
------------------------------------------
------------------------------------------
| time/                   |              |
|    fps                  | 1471         |
|    iterations           | 53           |
|    time_elapsed         | 147          |
|    total_timesteps      | 217088       |
| train/                  |              |
|    approx_kl            | 0.0038433953 |
|    clip_fraction        | 0.00846      |
|    clip_range           | 0.2          |
|    entropy_loss         | -1.64        |
|    explained_variance   | 0.606        |
|    learning_rate        | 0.000279     |
|    loss                 | -0.157       |
|    n_updates            | 156          |
|    policy_gradient_loss | -0.00354     |
|    value_loss           | 0.00923      |
------------------------------------------
  ⏱  step   220,000  │  FPS   12223  │  RSS   2938 MB
-----------------------------------------
| gold/                   |             |
|    entropy_magnitude    | 17.5        |
| hw/                     |             |
|    fps                  | 1.22e+04    |
|    rss_mb               | 2.94e+03    |
| time/                   |             |
|    fps                  | 1496        |
|    iterations           | 54          |
|    time_elapsed         | 147         |
|    total_timesteps      | 221184      |
| train/                  |             |
|    approx_kl            | 0.004790526 |
|    clip_fraction        | 0.0146      |
|    clip_range           | 0.2         |
|    entropy_loss         | -1.64       |
|    explained_variance   | 0.622       |
|    learning_rate        | 0.000279    |
|    loss                 | -0.161      |
|    n_updates            | 159         |
|    policy_gradient_loss | -0.00469    |
|    value_loss           | 0.00947     |
-----------------------------------------
-----------------------------------------
| time/                   |             |
|    fps                  | 1520        |
|    iterations           | 55          |
|    time_elapsed         | 148         |
|    total_timesteps      | 225280      |
| train/                  |             |
|    approx_kl            | 0.001045834 |
|    clip_fraction        | 0.000326    |
|    clip_range           | 0.2         |
|    entropy_loss         | -1.58       |
|    explained_variance   | 0.677       |
|    learning_rate        | 0.000279    |
|    loss                 | -0.149      |
|    n_updates            | 162         |
|    policy_gradient_loss | -0.00249    |
|    value_loss           | 0.00714     |
-----------------------------------------
------------------------------------------
| time/                   |              |
|    fps                  | 1544         |
|    iterations           | 56           |
|    time_elapsed         | 148          |
|    total_timesteps      | 229376       |
| train/                  |              |
|    approx_kl            | 0.0027555898 |
|    clip_fraction        | 0.00358      |
|    clip_range           | 0.2          |
|    entropy_loss         | -1.63        |
|    explained_variance   | 0.575        |
|    learning_rate        | 0.000278     |
|    loss                 | -0.146       |
|    n_updates            | 165          |
|    policy_gradient_loss | -0.00335     |
|    value_loss           | 0.00852      |
------------------------------------------
------------------------------------------
| gold/                   |              |
|    entropy_magnitude    | 17.1         |
| time/                   |              |
|    fps                  | 1568         |
|    iterations           | 57           |
|    time_elapsed         | 148          |
|    total_timesteps      | 233472       |
| train/                  |              |
|    approx_kl            | 0.0020379997 |
|    clip_fraction        | 0.00146      |
|    clip_range           | 0.2          |
|    entropy_loss         | -1.59        |
|    explained_variance   | 0.308        |
|    learning_rate        | 0.000278     |
|    loss                 | -0.145       |
|    n_updates            | 168          |
|    policy_gradient_loss | -0.00345     |
|    value_loss           | 0.00992      |
------------------------------------------
------------------------------------------
| time/                   |              |
|    fps                  | 1592         |
|    iterations           | 58           |
|    time_elapsed         | 149          |
|    total_timesteps      | 237568       |
| train/                  |              |
|    approx_kl            | 0.0033393835 |
|    clip_fraction        | 0.00244      |
|    clip_range           | 0.2          |
|    entropy_loss         | -1.54        |
|    explained_variance   | 0.452        |
|    learning_rate        | 0.000277     |
|    loss                 | -0.155       |
|    n_updates            | 171          |
|    policy_gradient_loss | -0.0045      |
|    value_loss           | 0.0102       |
------------------------------------------
  ⏱  step   240,000  │  FPS   12018  │  RSS   2938 MB
-----------------------------------------
| gold/                   |             |
|    entropy_magnitude    | 17.5        |
| hw/                     |             |
|    fps                  | 1.2e+04     |
|    rss_mb               | 2.94e+03    |
| time/                   |             |
|    fps                  | 1616        |
|    iterations           | 59          |
|    time_elapsed         | 149         |
|    total_timesteps      | 241664      |
| train/                  |             |
|    approx_kl            | 0.005417673 |
|    clip_fraction        | 0.0101      |
|    clip_range           | 0.2         |
|    entropy_loss         | -1.63       |
|    explained_variance   | 0.737       |
|    learning_rate        | 0.000277    |
|    loss                 | -0.157      |
|    n_updates            | 174         |
|    policy_gradient_loss | -0.00351    |
|    value_loss           | 0.0095      |
-----------------------------------------
------------------------------------------
| time/                   |              |
|    fps                  | 1639         |
|    iterations           | 60           |
|    time_elapsed         | 149          |
|    total_timesteps      | 245760       |
| train/                  |              |
|    approx_kl            | 0.0054427404 |
|    clip_fraction        | 0.00545      |
|    clip_range           | 0.2          |
|    entropy_loss         | -1.55        |
|    explained_variance   | 0.65         |
|    learning_rate        | 0.000277     |
|    loss                 | -0.141       |
|    n_updates            | 177          |
|    policy_gradient_loss | -0.00454     |
|    value_loss           | 0.0076       |
------------------------------------------
------------------------------------------
| time/                   |              |
|    fps                  | 1663         |
|    iterations           | 61           |
|    time_elapsed         | 150          |
|    total_timesteps      | 249856       |
| train/                  |              |
|    approx_kl            | 0.0035243551 |
|    clip_fraction        | 0.00749      |
|    clip_range           | 0.2          |
|    entropy_loss         | -1.6         |
|    explained_variance   | 0.616        |
|    learning_rate        | 0.000276     |
|    loss                 | -0.155       |
|    n_updates            | 180          |
|    policy_gradient_loss | -0.00385     |
|    value_loss           | 0.00974      |
------------------------------------------
Eval num_timesteps=250000, episode_reward=-42226.55 +/- 351.93
Episode length: 86400.00 +/- 0.00
------------------------------------------
| eval/                   |              |
|    mean_ep_length       | 8.64e+04     |
|    mean_reward          | -4.22e+04    |
| time/                   |              |
|    total_timesteps      | 250000       |
| train/                  |              |
|    approx_kl            | 0.0018945832 |
|    clip_fraction        | 0.00146      |
|    clip_range           | 0.2          |
|    entropy_loss         | -1.59        |
|    explained_variance   | 0.714        |
|    learning_rate        | 0.000276     |
|    loss                 | -0.143       |
|    n_updates            | 183          |
|    policy_gradient_loss | -0.00257     |
|    value_loss           | 0.00816      |
------------------------------------------
-------------------------------
| time/              |        |
|    fps             | 1390   |
|    iterations      | 62     |
|    time_elapsed    | 182    |
|    total_timesteps | 253952 |
-------------------------------
------------------------------------------
| time/                   |              |
|    fps                  | 1409         |
|    iterations           | 63           |
|    time_elapsed         | 183          |
|    total_timesteps      | 258048       |
| train/                  |              |
|    approx_kl            | 0.0018893769 |
|    clip_fraction        | 0.00146      |
|    clip_range           | 0.2          |
|    entropy_loss         | -1.57        |
|    explained_variance   | 0.212        |
|    learning_rate        | 0.000275     |
|    loss                 | -0.128       |
|    n_updates            | 186          |
|    policy_gradient_loss | -0.00238     |
|    value_loss           | 0.0687       |
------------------------------------------
  ⏱  step   260,000  │  FPS     591  │  RSS   2938 MB
------------------------------------------
| gold/                   |              |
|    entropy_magnitude    | 17.3         |
| hw/                     |              |
|    fps                  | 591          |
|    rss_mb               | 2.94e+03     |
| time/                   |              |
|    fps                  | 1429         |
|    iterations           | 64           |
|    time_elapsed         | 183          |
|    total_timesteps      | 262144       |
| train/                  |              |
|    approx_kl            | 0.0033993567 |
|    clip_fraction        | 0.00545      |
|    clip_range           | 0.2          |
|    entropy_loss         | -1.6         |
|    explained_variance   | 0.721        |
|    learning_rate        | 0.000275     |
|    loss                 | -0.148       |
|    n_updates            | 189          |
|    policy_gradient_loss | -0.00313     |
|    value_loss           | 0.011        |
------------------------------------------
-----------------------------------------
| time/                   |             |
|    fps                  | 1449        |
|    iterations           | 65          |
|    time_elapsed         | 183         |
|    total_timesteps      | 266240      |
| train/                  |             |
|    approx_kl            | 0.006695487 |
|    clip_fraction        | 0.0148      |
|    clip_range           | 0.2         |
|    entropy_loss         | -1.53       |
|    explained_variance   | 0.794       |
|    learning_rate        | 0.000275    |
|    loss                 | -0.142      |
|    n_updates            | 192         |
|    policy_gradient_loss | -0.00482    |
|    value_loss           | 0.0081      |
-----------------------------------------
-----------------------------------------
| gold/                   |             |
|    entropy_magnitude    | 17.2        |
| time/                   |             |
|    fps                  | 1468        |
|    iterations           | 66          |
|    time_elapsed         | 184         |
|    total_timesteps      | 270336      |
| train/                  |             |
|    approx_kl            | 0.004843992 |
|    clip_fraction        | 0.0096      |
|    clip_range           | 0.2         |
|    entropy_loss         | -1.58       |
|    explained_variance   | 0.54        |
|    learning_rate        | 0.000274    |
|    loss                 | -0.156      |
|    n_updates            | 195         |
|    policy_gradient_loss | -0.00391    |
|    value_loss           | 0.00784     |
-----------------------------------------
------------------------------------------
| time/                   |              |
|    fps                  | 1487         |
|    iterations           | 67           |
|    time_elapsed         | 184          |
|    total_timesteps      | 274432       |
| train/                  |              |
|    approx_kl            | 0.0062074773 |
|    clip_fraction        | 0.0276       |
|    clip_range           | 0.2          |
|    entropy_loss         | -1.58        |
|    explained_variance   | 0.584        |
|    learning_rate        | 0.000274     |
|    loss                 | -0.16        |
|    n_updates            | 198          |
|    policy_gradient_loss | -0.00586     |
|    value_loss           | 0.00882      |
------------------------------------------
------------------------------------------
| time/                   |              |
|    fps                  | 1507         |
|    iterations           | 68           |
|    time_elapsed         | 184          |
|    total_timesteps      | 278528       |
| train/                  |              |
|    approx_kl            | 0.0020063205 |
|    clip_fraction        | 0.0035       |
|    clip_range           | 0.2          |
|    entropy_loss         | -1.58        |
|    explained_variance   | 0.674        |
|    learning_rate        | 0.000273     |
|    loss                 | -0.145       |
|    n_updates            | 201          |
|    policy_gradient_loss | -0.00322     |
|    value_loss           | 0.00767      |
------------------------------------------
  ⏱  step   280,000  │  FPS   11509  │  RSS   2938 MB
------------------------------------------
| gold/                   |              |
|    entropy_magnitude    | 16.8         |
| hw/                     |              |
|    fps                  | 1.15e+04     |
|    rss_mb               | 2.94e+03     |
| time/                   |              |
|    fps                  | 1526         |
|    iterations           | 69           |
|    time_elapsed         | 185          |
|    total_timesteps      | 282624       |
| train/                  |              |
|    approx_kl            | 0.0052037127 |
|    clip_fraction        | 0.0245       |
|    clip_range           | 0.2          |
|    entropy_loss         | -1.54        |
|    explained_variance   | 0.565        |
|    learning_rate        | 0.000273     |
|    loss                 | -0.15        |
|    n_updates            | 204          |
|    policy_gradient_loss | -0.00544     |
|    value_loss           | 0.00698      |
------------------------------------------
------------------------------------------
| time/                   |              |
|    fps                  | 1545         |
|    iterations           | 70           |
|    time_elapsed         | 185          |
|    total_timesteps      | 286720       |
| train/                  |              |
|    approx_kl            | 0.0046233293 |
|    clip_fraction        | 0.0162       |
|    clip_range           | 0.2          |
|    entropy_loss         | -1.59        |
|    explained_variance   | 0.728        |
|    learning_rate        | 0.000273     |
|    loss                 | -0.162       |
|    n_updates            | 207          |
|    policy_gradient_loss | -0.00473     |
|    value_loss           | 0.00938      |
------------------------------------------
------------------------------------------
| gold/                   |              |
|    entropy_magnitude    | 17.1         |
| time/                   |              |
|    fps                  | 1564         |
|    iterations           | 71           |
|    time_elapsed         | 185          |
|    total_timesteps      | 290816       |
| train/                  |              |
|    approx_kl            | 0.0037990913 |
|    clip_fraction        | 0.0061       |
|    clip_range           | 0.2          |
|    entropy_loss         | -1.56        |
|    explained_variance   | 0.655        |
|    learning_rate        | 0.000272     |
|    loss                 | -0.149       |
|    n_updates            | 210          |
|    policy_gradient_loss | -0.00396     |
|    value_loss           | 0.00759      |
------------------------------------------
-----------------------------------------
| time/                   |             |
|    fps                  | 1584        |
|    iterations           | 72          |
|    time_elapsed         | 186         |
|    total_timesteps      | 294912      |
| train/                  |             |
|    approx_kl            | 0.003741981 |
|    clip_fraction        | 0.00529     |
|    clip_range           | 0.2         |
|    entropy_loss         | -1.5        |
|    explained_variance   | 0.299       |
|    learning_rate        | 0.000272    |
|    loss                 | -0.131      |
|    n_updates            | 213         |
|    policy_gradient_loss | -0.00435    |
|    value_loss           | 0.00802     |
-----------------------------------------
-----------------------------------------
| time/                   |             |
|    fps                  | 1603        |
|    iterations           | 73          |
|    time_elapsed         | 186         |
|    total_timesteps      | 299008      |
| train/                  |             |
|    approx_kl            | 0.004414566 |
|    clip_fraction        | 0.00838     |
|    clip_range           | 0.2         |
|    entropy_loss         | -1.58       |
|    explained_variance   | 0.642       |
|    learning_rate        | 0.000271    |
|    loss                 | -0.134      |
|    n_updates            | 216         |
|    policy_gradient_loss | -0.00466    |
|    value_loss           | 0.00754     |
-----------------------------------------
Eval num_timesteps=300000, episode_reward=-32759.32 +/- 1147.42
Episode length: 86400.00 +/- 0.00
------------------------------------------
| eval/                   |              |
|    mean_ep_length       | 8.64e+04     |
|    mean_reward          | -3.28e+04    |
| time/                   |              |
|    total_timesteps      | 300000       |
| train/                  |              |
|    approx_kl            | 0.0030154986 |
|    clip_fraction        | 0.00301      |
|    clip_range           | 0.2          |
|    entropy_loss         | -1.49        |
|    explained_variance   | 0.763        |
|    learning_rate        | 0.000271     |
|    loss                 | -0.135       |
|    n_updates            | 219          |
|    policy_gradient_loss | -0.00381     |
|    value_loss           | 0.00857      |
------------------------------------------
New best mean reward!
    📉 ent_coef → 0.09100  (step 300,000)
  ⏱  step   300,000  │  FPS     592  │  RSS   2938 MB
---------------------------------
| gold/              |          |
|    ent_coef        | 0.091    |
| hw/                |          |
|    fps             | 592      |
|    rss_mb          | 2.94e+03 |
| time/              |          |
|    fps             | 1384     |
|    iterations      | 74       |
|    time_elapsed    | 218      |
|    total_timesteps | 303104   |
---------------------------------
-----------------------------------------
| time/                   |             |
|    fps                  | 1400        |
|    iterations           | 75          |
|    time_elapsed         | 219         |
|    total_timesteps      | 307200      |
| train/                  |             |
|    approx_kl            | 0.004583305 |
|    clip_fraction        | 0.0107      |
|    clip_range           | 0.2         |
|    entropy_loss         | -1.53       |
|    explained_variance   | 0.646       |
|    learning_rate        | 0.000271    |
|    loss                 | -0.147      |
|    n_updates            | 222         |
|    policy_gradient_loss | -0.00552    |
|    value_loss           | 0.00708     |
-----------------------------------------
------------------------------------------
| gold/                   |              |
|    entropy_magnitude    | 16           |
| time/                   |              |
|    fps                  | 1417         |
|    iterations           | 76           |
|    time_elapsed         | 219          |
|    total_timesteps      | 311296       |
| train/                  |              |
|    approx_kl            | 0.0043153362 |
|    clip_fraction        | 0.0138       |
|    clip_range           | 0.2          |
|    entropy_loss         | -1.45        |
|    explained_variance   | 0.628        |
|    learning_rate        | 0.00027      |
|    loss                 | -0.138       |
|    n_updates            | 225          |
|    policy_gradient_loss | -0.00534     |
|    value_loss           | 0.00714      |
------------------------------------------
------------------------------------------
| time/                   |              |
|    fps                  | 1433         |
|    iterations           | 77           |
|    time_elapsed         | 220          |
|    total_timesteps      | 315392       |
| train/                  |              |
|    approx_kl            | 0.0023339372 |
|    clip_fraction        | 0.000488     |
|    clip_range           | 0.2          |
|    entropy_loss         | -1.46        |
|    explained_variance   | 0.546        |
|    learning_rate        | 0.00027      |
|    loss                 | -0.132       |
|    n_updates            | 228          |
|    policy_gradient_loss | -0.0032      |
|    value_loss           | 0.00596      |
------------------------------------------
------------------------------------------
| time/                   |              |
|    fps                  | 1449         |
|    iterations           | 78           |
|    time_elapsed         | 220          |
|    total_timesteps      | 319488       |
| train/                  |              |
|    approx_kl            | 0.0035487863 |
|    clip_fraction        | 0.0125       |
|    clip_range           | 0.2          |
|    entropy_loss         | -1.49        |
|    explained_variance   | 0.647        |
|    learning_rate        | 0.00027      |
|    loss                 | -0.128       |
|    n_updates            | 231          |
|    policy_gradient_loss | -0.00378     |
|    value_loss           | 0.00863      |
------------------------------------------
  ⏱  step   320,000  │  FPS   11339  │  RSS   2938 MB
-----------------------------------------
| gold/                   |             |
|    entropy_magnitude    | 15.4        |
| hw/                     |             |
|    fps                  | 1.13e+04    |
|    rss_mb               | 2.94e+03    |
| time/                   |             |
|    fps                  | 1465        |
|    iterations           | 79          |
|    time_elapsed         | 220         |
|    total_timesteps      | 323584      |
| train/                  |             |
|    approx_kl            | 0.004074041 |
|    clip_fraction        | 0.00407     |
|    clip_range           | 0.2         |
|    entropy_loss         | -1.4        |
|    explained_variance   | 0.749       |
|    learning_rate        | 0.000269    |
|    loss                 | -0.129      |
|    n_updates            | 234         |
|    policy_gradient_loss | -0.00379    |
|    value_loss           | 0.00796     |
-----------------------------------------
------------------------------------------
| time/                   |              |
|    fps                  | 1481         |
|    iterations           | 80           |
|    time_elapsed         | 221          |
|    total_timesteps      | 327680       |
| train/                  |              |
|    approx_kl            | 0.0031808228 |
|    clip_fraction        | 0.00708      |
|    clip_range           | 0.2          |
|    entropy_loss         | -1.4         |
|    explained_variance   | 0.392        |
|    learning_rate        | 0.000269     |
|    loss                 | -0.132       |
|    n_updates            | 237          |
|    policy_gradient_loss | -0.00218     |
|    value_loss           | 0.00591      |
------------------------------------------
------------------------------------------
| gold/                   |              |
|    entropy_magnitude    | 15.5         |
| time/                   |              |
|    fps                  | 1498         |
|    iterations           | 81           |
|    time_elapsed         | 221          |
|    total_timesteps      | 331776       |
| train/                  |              |
|    approx_kl            | 0.0055739013 |
|    clip_fraction        | 0.0235       |
|    clip_range           | 0.2          |
|    entropy_loss         | -1.39        |
|    explained_variance   | 0.503        |
|    learning_rate        | 0.000268     |
|    loss                 | -0.128       |
|    n_updates            | 240          |
|    policy_gradient_loss | -0.00477     |
|    value_loss           | 0.00463      |
------------------------------------------
------------------------------------------
| time/                   |              |
|    fps                  | 1514         |
|    iterations           | 82           |
|    time_elapsed         | 221          |
|    total_timesteps      | 335872       |
| train/                  |              |
|    approx_kl            | 0.0038357652 |
|    clip_fraction        | 0.0103       |
|    clip_range           | 0.2          |
|    entropy_loss         | -1.38        |
|    explained_variance   | 0.669        |
|    learning_rate        | 0.000268     |
|    loss                 | -0.123       |
|    n_updates            | 243          |
|    policy_gradient_loss | -0.00385     |
|    value_loss           | 0.00915      |
------------------------------------------
------------------------------------------
| time/                   |              |
|    fps                  | 1530         |
|    iterations           | 83           |
|    time_elapsed         | 222          |
|    total_timesteps      | 339968       |
| train/                  |              |
|    approx_kl            | 0.0028123995 |
|    clip_fraction        | 0.00407      |
|    clip_range           | 0.2          |
|    entropy_loss         | -1.39        |
|    explained_variance   | 0.647        |
|    learning_rate        | 0.000268     |
|    loss                 | -0.123       |
|    n_updates            | 246          |
|    policy_gradient_loss | -0.00415     |
|    value_loss           | 0.00518      |
------------------------------------------
  ⏱  step   340,000  │  FPS   11813  │  RSS   2938 MB
------------------------------------------
| gold/                   |              |
|    entropy_magnitude    | 16           |
| hw/                     |              |
|    fps                  | 1.18e+04     |
|    rss_mb               | 2.94e+03     |
| time/                   |              |
|    fps                  | 1546         |
|    iterations           | 84           |
|    time_elapsed         | 222          |
|    total_timesteps      | 344064       |
| train/                  |              |
|    approx_kl            | 0.0051990757 |
|    clip_fraction        | 0.0253       |
|    clip_range           | 0.2          |
|    entropy_loss         | -1.43        |
|    explained_variance   | 0.636        |
|    learning_rate        | 0.000267     |
|    loss                 | -0.144       |
|    n_updates            | 249          |
|    policy_gradient_loss | -0.00544     |
|    value_loss           | 0.0108       |
------------------------------------------
------------------------------------------
| rollout/                |              |
|    ep_len_mean          | 8.64e+04     |
|    ep_rew_mean          | -1.81e+05    |
| time/                   |              |
|    fps                  | 1562         |
|    iterations           | 85           |
|    time_elapsed         | 222          |
|    total_timesteps      | 348160       |
| train/                  |              |
|    approx_kl            | 0.0033591932 |
|    clip_fraction        | 0.00741      |
|    clip_range           | 0.2          |
|    entropy_loss         | -1.36        |
|    explained_variance   | 0.62         |
|    learning_rate        | 0.000267     |
|    loss                 | -0.116       |
|    n_updates            | 252          |
|    policy_gradient_loss | -0.00437     |
|    value_loss           | 0.00923      |
------------------------------------------
Eval num_timesteps=350000, episode_reward=-32977.56 +/- 2491.25
Episode length: 86400.00 +/- 0.00
------------------------------------------
| eval/                   |              |
|    mean_ep_length       | 8.64e+04     |
|    mean_reward          | -3.3e+04     |
| time/                   |              |
|    total_timesteps      | 350000       |
| train/                  |              |
|    approx_kl            | 0.0032395192 |
|    clip_fraction        | 0.0116       |
|    clip_range           | 0.2          |
|    entropy_loss         | -1.34        |
|    explained_variance   | 0.746        |
|    learning_rate        | 0.000266     |
|    loss                 | -0.122       |
|    n_updates            | 255          |
|    policy_gradient_loss | -0.00304     |
|    value_loss           | 0.01         |
------------------------------------------
----------------------------------
| rollout/           |           |
|    ep_len_mean     | 8.64e+04  |
|    ep_rew_mean     | -1.81e+05 |
| time/              |           |
|    fps             | 1379      |
|    iterations      | 86        |
|    time_elapsed    | 255       |
|    total_timesteps | 352256    |
----------------------------------
-----------------------------------------
| rollout/                |             |
|    ep_len_mean          | 8.64e+04    |
|    ep_rew_mean          | -1.81e+05   |
| time/                   |             |
|    fps                  | 1393        |
|    iterations           | 87          |
|    time_elapsed         | 255         |
|    total_timesteps      | 356352      |
| train/                  |             |
|    approx_kl            | 0.002211004 |
|    clip_fraction        | 0.00138     |
|    clip_range           | 0.2         |
|    entropy_loss         | -1.37       |
|    explained_variance   | 0.626       |
|    learning_rate        | 0.000266    |
|    loss                 | -0.119      |
|    n_updates            | 258         |
|    policy_gradient_loss | -0.00306    |
|    value_loss           | 0.00532     |
-----------------------------------------
  ⏱  step   360,000  │  FPS     592  │  RSS   2938 MB
------------------------------------------
| gold/                   |              |
|    entropy_magnitude    | 15.7         |
| hw/                     |              |
|    fps                  | 592          |
|    rss_mb               | 2.94e+03     |
| rollout/                |              |
|    ep_len_mean          | 8.64e+04     |
|    ep_rew_mean          | -1.81e+05    |
| time/                   |              |
|    fps                  | 1407         |
|    iterations           | 88           |
|    time_elapsed         | 256          |
|    total_timesteps      | 360448       |
| train/                  |              |
|    approx_kl            | 0.0038045296 |
|    clip_fraction        | 0.0167       |
|    clip_range           | 0.2          |
|    entropy_loss         | -1.4         |
|    explained_variance   | 0.608        |
|    learning_rate        | 0.000266     |
|    loss                 | -0.125       |
|    n_updates            | 261          |
|    policy_gradient_loss | -0.00341     |
|    value_loss           | 0.011        |
------------------------------------------
------------------------------------------
| rollout/                |              |
|    ep_len_mean          | 8.64e+04     |
|    ep_rew_mean          | -1.81e+05    |
| time/                   |              |
|    fps                  | 1421         |
|    iterations           | 89           |
|    time_elapsed         | 256          |
|    total_timesteps      | 364544       |
| train/                  |              |
|    approx_kl            | 0.0024356907 |
|    clip_fraction        | 0.00212      |
|    clip_range           | 0.2          |
|    entropy_loss         | -1.39        |
|    explained_variance   | 0.616        |
|    learning_rate        | 0.000265     |
|    loss                 | -0.124       |
|    n_updates            | 264          |
|    policy_gradient_loss | -0.00211     |
|    value_loss           | 0.0113       |
------------------------------------------
-----------------------------------------
| rollout/                |             |
|    ep_len_mean          | 8.64e+04    |
|    ep_rew_mean          | -1.81e+05   |
| time/                   |             |
|    fps                  | 1435        |
|    iterations           | 90          |
|    time_elapsed         | 256         |
|    total_timesteps      | 368640      |
| train/                  |             |
|    approx_kl            | 0.003171768 |
|    clip_fraction        | 0.00529     |
|    clip_range           | 0.2         |
|    entropy_loss         | -1.42       |
|    explained_variance   | 0.696       |
|    learning_rate        | 0.000265    |
|    loss                 | -0.129      |
|    n_updates            | 267         |
|    policy_gradient_loss | -0.00379    |
|    value_loss           | 0.009       |
-----------------------------------------
-------------------------------------------
| gold/                   |               |
|    entropy_magnitude    | 15.9          |
| rollout/                |               |
|    ep_len_mean          | 8.64e+04      |
|    ep_rew_mean          | -1.81e+05     |
| time/                   |               |
|    fps                  | 1449          |
|    iterations           | 91            |
|    time_elapsed         | 257           |
|    total_timesteps      | 372736        |
| train/                  |               |
|    approx_kl            | 0.00094030355 |
|    clip_fraction        | 0.000244      |
|    clip_range           | 0.2           |
|    entropy_loss         | -1.42         |
|    explained_variance   | 0.78          |
|    learning_rate        | 0.000264      |
|    loss                 | -0.133        |
|    n_updates            | 270           |
|    policy_gradient_loss | -0.00203      |
|    value_loss           | 0.00724       |
-------------------------------------------
------------------------------------------
| rollout/                |              |
|    ep_len_mean          | 8.64e+04     |
|    ep_rew_mean          | -1.81e+05    |
| time/                   |              |
|    fps                  | 1463         |
|    iterations           | 92           |
|    time_elapsed         | 257          |
|    total_timesteps      | 376832       |
| train/                  |              |
|    approx_kl            | 0.0032461016 |
|    clip_fraction        | 0.00407      |
|    clip_range           | 0.2          |
|    entropy_loss         | -1.36        |
|    explained_variance   | 0.499        |
|    learning_rate        | 0.000264     |
|    loss                 | -0.126       |
|    n_updates            | 273          |
|    policy_gradient_loss | -0.00358     |
|    value_loss           | 0.00698      |
------------------------------------------
  ⏱  step   380,000  │  FPS   11535  │  RSS   2938 MB
------------------------------------------
| gold/                   |              |
|    entropy_magnitude    | 16.2         |
| hw/                     |              |
|    fps                  | 1.15e+04     |
|    rss_mb               | 2.94e+03     |
| rollout/                |              |
|    ep_len_mean          | 8.64e+04     |
|    ep_rew_mean          | -1.81e+05    |
| time/                   |              |
|    fps                  | 1477         |
|    iterations           | 93           |
|    time_elapsed         | 257          |
|    total_timesteps      | 380928       |
| train/                  |              |
|    approx_kl            | 0.0030517334 |
|    clip_fraction        | 0.00448      |
|    clip_range           | 0.2          |
|    entropy_loss         | -1.43        |
|    explained_variance   | 0.614        |
|    learning_rate        | 0.000264     |
|    loss                 | -0.137       |
|    n_updates            | 276          |
|    policy_gradient_loss | -0.00353     |
|    value_loss           | 0.00491      |
------------------------------------------
------------------------------------------
| rollout/                |              |
|    ep_len_mean          | 8.64e+04     |
|    ep_rew_mean          | -1.81e+05    |
| time/                   |              |
|    fps                  | 1490         |
|    iterations           | 94           |
|    time_elapsed         | 258          |
|    total_timesteps      | 385024       |
| train/                  |              |
|    approx_kl            | 0.0039629107 |
|    clip_fraction        | 0.00708      |
|    clip_range           | 0.2          |
|    entropy_loss         | -1.42        |
|    explained_variance   | 0.649        |
|    learning_rate        | 0.000263     |
|    loss                 | -0.129       |
|    n_updates            | 279          |
|    policy_gradient_loss | -0.00455     |
|    value_loss           | 0.00501      |
------------------------------------------
------------------------------------------
| rollout/                |              |
|    ep_len_mean          | 8.64e+04     |
|    ep_rew_mean          | -1.81e+05    |
| time/                   |              |
|    fps                  | 1504         |
|    iterations           | 95           |
|    time_elapsed         | 258          |
|    total_timesteps      | 389120       |
| train/                  |              |
|    approx_kl            | 0.0030778572 |
|    clip_fraction        | 0.00521      |
|    clip_range           | 0.2          |
|    entropy_loss         | -1.39        |
|    explained_variance   | 0.63         |
|    learning_rate        | 0.000263     |
|    loss                 | -0.134       |
|    n_updates            | 282          |
|    policy_gradient_loss | -0.0042      |
|    value_loss           | 0.005        |
------------------------------------------
-----------------------------------------
| gold/                   |             |
|    entropy_magnitude    | 16.6        |
| rollout/                |             |
|    ep_len_mean          | 8.64e+04    |
|    ep_rew_mean          | -1.81e+05   |
| time/                   |             |
|    fps                  | 1517        |
|    iterations           | 96          |
|    time_elapsed         | 259         |
|    total_timesteps      | 393216      |
| train/                  |             |
|    approx_kl            | 0.003793983 |
|    clip_fraction        | 0.00765     |
|    clip_range           | 0.2         |
|    entropy_loss         | -1.46       |
|    explained_variance   | 0.707       |
|    learning_rate        | 0.000262    |
|    loss                 | -0.135      |
|    n_updates            | 285         |
|    policy_gradient_loss | -0.00479    |
|    value_loss           | 0.00504     |
-----------------------------------------
------------------------------------------
| rollout/                |              |
|    ep_len_mean          | 8.64e+04     |
|    ep_rew_mean          | -1.81e+05    |
| time/                   |              |
|    fps                  | 1531         |
|    iterations           | 97           |
|    time_elapsed         | 259          |
|    total_timesteps      | 397312       |
| train/                  |              |
|    approx_kl            | 0.0017895094 |
|    clip_fraction        | 0.000977     |
|    clip_range           | 0.2          |
|    entropy_loss         | -1.41        |
|    explained_variance   | 0.718        |
|    learning_rate        | 0.000262     |
|    loss                 | -0.127       |
|    n_updates            | 288          |
|    policy_gradient_loss | -0.00297     |
|    value_loss           | 0.00659      |
------------------------------------------
Eval num_timesteps=400000, episode_reward=-30758.33 +/- 2075.69
Episode length: 86400.00 +/- 0.00
-----------------------------------------
| eval/                   |             |
|    mean_ep_length       | 8.64e+04    |
|    mean_reward          | -3.08e+04   |
| time/                   |             |
|    total_timesteps      | 400000      |
| train/                  |             |
|    approx_kl            | 0.003571786 |
|    clip_fraction        | 0.0113      |
|    clip_range           | 0.2         |
|    entropy_loss         | -1.33       |
|    explained_variance   | 0.687       |
|    learning_rate        | 0.000262    |
|    loss                 | -0.122      |
|    n_updates            | 291         |
|    policy_gradient_loss | -0.00434    |
|    value_loss           | 0.00666     |
-----------------------------------------
New best mean reward!
    📉 ent_coef → 0.08800  (step 400,000)
  ⏱  step   400,000  │  FPS     584  │  RSS   2938 MB
----------------------------------
| gold/              |           |
|    ent_coef        | 0.088     |
| hw/                |           |
|    fps             | 584       |
|    rss_mb          | 2.94e+03  |
| rollout/           |           |
|    ep_len_mean     | 8.64e+04  |
|    ep_rew_mean     | -1.81e+05 |
| time/              |           |
|    fps             | 1374      |
|    iterations      | 98        |
|    time_elapsed    | 292       |
|    total_timesteps | 401408    |
----------------------------------
------------------------------------------
| rollout/                |              |
|    ep_len_mean          | 8.64e+04     |
|    ep_rew_mean          | -1.81e+05    |
| time/                   |              |
|    fps                  | 1386         |
|    iterations           | 99           |
|    time_elapsed         | 292          |
|    total_timesteps      | 405504       |
| train/                  |              |
|    approx_kl            | 0.0029098163 |
|    clip_fraction        | 0.0026       |
|    clip_range           | 0.2          |
|    entropy_loss         | -1.38        |
|    explained_variance   | 0.702        |
|    learning_rate        | 0.000261     |
|    loss                 | -0.122       |
|    n_updates            | 294          |
|    policy_gradient_loss | -0.00446     |
|    value_loss           | 0.00776      |
------------------------------------------
------------------------------------------
| rollout/                |              |
|    ep_len_mean          | 8.64e+04     |
|    ep_rew_mean          | -1.81e+05    |
| time/                   |              |
|    fps                  | 1398         |
|    iterations           | 100          |
|    time_elapsed         | 292          |
|    total_timesteps      | 409600       |
| train/                  |              |
|    approx_kl            | 0.0035944707 |
|    clip_fraction        | 0.0108       |
|    clip_range           | 0.2          |
|    entropy_loss         | -1.37        |
|    explained_variance   | 0.794        |
|    learning_rate        | 0.000261     |
|    loss                 | -0.119       |
|    n_updates            | 297          |
|    policy_gradient_loss | -0.00449     |
|    value_loss           | 0.00881      |
------------------------------------------
----------------------------------------
| gold/                   |            |
|    entropy_magnitude    | 15.6       |
| rollout/                |            |
|    ep_len_mean          | 8.64e+04   |
|    ep_rew_mean          | -1.81e+05  |
| time/                   |            |
|    fps                  | 1411       |
|    iterations           | 101        |
|    time_elapsed         | 293        |
|    total_timesteps      | 413696     |
| train/                  |            |
|    approx_kl            | 0.00497624 |
|    clip_fraction        | 0.0312     |
|    clip_range           | 0.2        |
|    entropy_loss         | -1.37      |
|    explained_variance   | 0.704      |
|    learning_rate        | 0.00026    |
|    loss                 | -0.125     |
|    n_updates            | 300        |
|    policy_gradient_loss | -0.00553   |
|    value_loss           | 0.0097     |
----------------------------------------
------------------------------------------
| rollout/                |              |
|    ep_len_mean          | 8.64e+04     |
|    ep_rew_mean          | -1.81e+05    |
| time/                   |              |
|    fps                  | 1423         |
|    iterations           | 102          |
|    time_elapsed         | 293          |
|    total_timesteps      | 417792       |
| train/                  |              |
|    approx_kl            | 0.0026822751 |
|    clip_fraction        | 0.00309      |
|    clip_range           | 0.2          |
|    entropy_loss         | -1.34        |
|    explained_variance   | 0.67         |
|    learning_rate        | 0.00026      |
|    loss                 | -0.124       |
|    n_updates            | 303          |
|    policy_gradient_loss | -0.00256     |
|    value_loss           | 0.00828      |
------------------------------------------
  ⏱  step   420,000  │  FPS   11655  │  RSS   2938 MB
------------------------------------------
| gold/                   |              |
|    entropy_magnitude    | 15.8         |
| hw/                     |              |
|    fps                  | 1.17e+04     |
|    rss_mb               | 2.94e+03     |
| rollout/                |              |
|    ep_len_mean          | 8.64e+04     |
|    ep_rew_mean          | -1.81e+05    |
| time/                   |              |
|    fps                  | 1435         |
|    iterations           | 103          |
|    time_elapsed         | 293          |
|    total_timesteps      | 421888       |
| train/                  |              |
|    approx_kl            | 0.0037553166 |
|    clip_fraction        | 0.0102       |
|    clip_range           | 0.2          |
|    entropy_loss         | -1.38        |
|    explained_variance   | 0.696        |
|    learning_rate        | 0.00026      |
|    loss                 | -0.126       |
|    n_updates            | 306          |
|    policy_gradient_loss | -0.00397     |
|    value_loss           | 0.00983      |
------------------------------------------
------------------------------------------
| rollout/                |              |
|    ep_len_mean          | 8.64e+04     |
|    ep_rew_mean          | -1.81e+05    |
| time/                   |              |
|    fps                  | 1448         |
|    iterations           | 104          |
|    time_elapsed         | 294          |
|    total_timesteps      | 425984       |
| train/                  |              |
|    approx_kl            | 0.0022230917 |
|    clip_fraction        | 0.00431      |
|    clip_range           | 0.2          |
|    entropy_loss         | -1.37        |
|    explained_variance   | 0.85         |
|    learning_rate        | 0.000259     |
|    loss                 | -0.113       |
|    n_updates            | 309          |
|    policy_gradient_loss | -0.00274     |
|    value_loss           | 0.00772      |
------------------------------------------
------------------------------------------
| gold/                   |              |
|    entropy_magnitude    | 15.7         |
| rollout/                |              |
|    ep_len_mean          | 8.64e+04     |
|    ep_rew_mean          | -1.81e+05    |
| time/                   |              |
|    fps                  | 1460         |
|    iterations           | 105          |
|    time_elapsed         | 294          |
|    total_timesteps      | 430080       |
| train/                  |              |
|    approx_kl            | 0.0027505555 |
|    clip_fraction        | 0.00618      |
|    clip_range           | 0.2          |
|    entropy_loss         | -1.36        |
|    explained_variance   | 0.608        |
|    learning_rate        | 0.000259     |
|    loss                 | -0.128       |
|    n_updates            | 312          |
|    policy_gradient_loss | -0.00273     |
|    value_loss           | 0.0079       |
------------------------------------------
------------------------------------------
| rollout/                |              |
|    ep_len_mean          | 8.64e+04     |
|    ep_rew_mean          | -1.81e+05    |
| time/                   |              |
|    fps                  | 1472         |
|    iterations           | 106          |
|    time_elapsed         | 294          |
|    total_timesteps      | 434176       |
| train/                  |              |
|    approx_kl            | 0.0033861203 |
|    clip_fraction        | 0.00887      |
|    clip_range           | 0.2          |
|    entropy_loss         | -1.29        |
|    explained_variance   | 0.732        |
|    learning_rate        | 0.000258     |
|    loss                 | -0.113       |
|    n_updates            | 315          |
|    policy_gradient_loss | -0.0028      |
|    value_loss           | 0.00735      |
------------------------------------------
------------------------------------------
| rollout/                |              |
|    ep_len_mean          | 8.64e+04     |
|    ep_rew_mean          | -1.81e+05    |
| time/                   |              |
|    fps                  | 1484         |
|    iterations           | 107          |
|    time_elapsed         | 295          |
|    total_timesteps      | 438272       |
| train/                  |              |
|    approx_kl            | 0.0024002802 |
|    clip_fraction        | 0.00936      |
|    clip_range           | 0.2          |
|    entropy_loss         | -1.35        |
|    explained_variance   | 0.746        |
|    learning_rate        | 0.000258     |
|    loss                 | -0.119       |
|    n_updates            | 318          |
|    policy_gradient_loss | -0.00452     |
|    value_loss           | 0.00749      |
------------------------------------------
  ⏱  step   440,000  │  FPS   11915  │  RSS   2938 MB
------------------------------------------
| gold/                   |              |
|    entropy_magnitude    | 15.7         |
| hw/                     |              |
|    fps                  | 1.19e+04     |
|    rss_mb               | 2.94e+03     |
| rollout/                |              |
|    ep_len_mean          | 8.64e+04     |
|    ep_rew_mean          | -1.81e+05    |
| time/                   |              |
|    fps                  | 1496         |
|    iterations           | 108          |
|    time_elapsed         | 295          |
|    total_timesteps      | 442368       |
| train/                  |              |
|    approx_kl            | 0.0035648001 |
|    clip_fraction        | 0.0125       |
|    clip_range           | 0.2          |
|    entropy_loss         | -1.37        |
|    explained_variance   | 0.701        |
|    learning_rate        | 0.000258     |
|    loss                 | -0.121       |
|    n_updates            | 321          |
|    policy_gradient_loss | -0.00474     |
|    value_loss           | 0.00451      |
------------------------------------------
-----------------------------------------
| rollout/                |             |
|    ep_len_mean          | 8.64e+04    |
|    ep_rew_mean          | -1.81e+05   |
| time/                   |             |
|    fps                  | 1508        |
|    iterations           | 109         |
|    time_elapsed         | 295         |
|    total_timesteps      | 446464      |
| train/                  |             |
|    approx_kl            | 0.004607597 |
|    clip_fraction        | 0.0165      |
|    clip_range           | 0.2         |
|    entropy_loss         | -1.27       |
|    explained_variance   | 0.609       |
|    learning_rate        | 0.000257    |
|    loss                 | -0.12       |
|    n_updates            | 324         |
|    policy_gradient_loss | -0.00568    |
|    value_loss           | 0.00652     |
-----------------------------------------
Eval num_timesteps=450000, episode_reward=-32738.17 +/- 1429.79
Episode length: 86400.00 +/- 0.00
---------------------------------------
| eval/                   |           |
|    mean_ep_length       | 8.64e+04  |
|    mean_reward          | -3.27e+04 |
| time/                   |           |
|    total_timesteps      | 450000    |
| train/                  |           |
|    approx_kl            | 0.0043041 |
|    clip_fraction        | 0.0125    |
|    clip_range           | 0.2       |
|    entropy_loss         | -1.4      |
|    explained_variance   | 0.64      |
|    learning_rate        | 0.000257  |
|    loss                 | -0.142    |
|    n_updates            | 327       |
|    policy_gradient_loss | -0.00399  |
|    value_loss           | 0.00639   |
---------------------------------------
----------------------------------
| rollout/           |           |
|    ep_len_mean     | 8.64e+04  |
|    ep_rew_mean     | -1.81e+05 |
| time/              |           |
|    fps             | 1372      |
|    iterations      | 110       |
|    time_elapsed    | 328       |
|    total_timesteps | 450560    |
----------------------------------
------------------------------------------
| rollout/                |              |
|    ep_len_mean          | 8.64e+04     |
|    ep_rew_mean          | -1.81e+05    |
| time/                   |              |
|    fps                  | 1383         |
|    iterations           | 111          |
|    time_elapsed         | 328          |
|    total_timesteps      | 454656       |
| train/                  |              |
|    approx_kl            | 0.0042125955 |
|    clip_fraction        | 0.0184       |
|    clip_range           | 0.2          |
|    entropy_loss         | -1.36        |
|    explained_variance   | 0.755        |
|    learning_rate        | 0.000256     |
|    loss                 | -0.12        |
|    n_updates            | 330          |
|    policy_gradient_loss | -0.0047      |
|    value_loss           | 0.00415      |
------------------------------------------
------------------------------------------
| rollout/                |              |
|    ep_len_mean          | 8.64e+04     |
|    ep_rew_mean          | -1.81e+05    |
| time/                   |              |
|    fps                  | 1394         |
|    iterations           | 112          |
|    time_elapsed         | 328          |
|    total_timesteps      | 458752       |
| train/                  |              |
|    approx_kl            | 0.0039765597 |
|    clip_fraction        | 0.0109       |
|    clip_range           | 0.2          |
|    entropy_loss         | -1.23        |
|    explained_variance   | 0.681        |
|    learning_rate        | 0.000256     |
|    loss                 | -0.104       |
|    n_updates            | 333          |
|    policy_gradient_loss | -0.00485     |
|    value_loss           | 0.00665      |
------------------------------------------
  ⏱  step   460,000  │  FPS     593  │  RSS   2938 MB
------------------------------------------
| gold/                   |              |
|    entropy_magnitude    | 14.9         |
| hw/                     |              |
|    fps                  | 593          |
|    rss_mb               | 2.94e+03     |
| rollout/                |              |
|    ep_len_mean          | 8.64e+04     |
|    ep_rew_mean          | -1.81e+05    |
| time/                   |              |
|    fps                  | 1405         |
|    iterations           | 113          |
|    time_elapsed         | 329          |
|    total_timesteps      | 462848       |
| train/                  |              |
|    approx_kl            | 0.0020678646 |
|    clip_fraction        | 0.00871      |
|    clip_range           | 0.2          |
|    entropy_loss         | -1.28        |
|    explained_variance   | 0.57         |
|    learning_rate        | 0.000256     |
|    loss                 | -0.119       |
|    n_updates            | 336          |
|    policy_gradient_loss | -0.00335     |
|    value_loss           | 0.00668      |
------------------------------------------
-----------------------------------------
| rollout/                |             |
|    ep_len_mean          | 8.64e+04    |
|    ep_rew_mean          | -1.81e+05   |
| time/                   |             |
|    fps                  | 1416        |
|    iterations           | 114         |
|    time_elapsed         | 329         |
|    total_timesteps      | 466944      |
| train/                  |             |
|    approx_kl            | 0.005294442 |
|    clip_fraction        | 0.034       |
|    clip_range           | 0.2         |
|    entropy_loss         | -1.3        |
|    explained_variance   | 0.697       |
|    learning_rate        | 0.000255    |
|    loss                 | -0.121      |
|    n_updates            | 339         |
|    policy_gradient_loss | -0.00606    |
|    value_loss           | 0.00864     |
-----------------------------------------
-----------------------------------------
| gold/                   |             |
|    entropy_magnitude    | 14.4        |
| rollout/                |             |
|    ep_len_mean          | 8.64e+04    |
|    ep_rew_mean          | -1.81e+05   |
| time/                   |             |
|    fps                  | 1427        |
|    iterations           | 115         |
|    time_elapsed         | 330         |
|    total_timesteps      | 471040      |
| train/                  |             |
|    approx_kl            | 0.002286891 |
|    clip_fraction        | 0.00456     |
|    clip_range           | 0.2         |
|    entropy_loss         | -1.23       |
|    explained_variance   | 0.681       |
|    learning_rate        | 0.000255    |
|    loss                 | -0.114      |
|    n_updates            | 342         |
|    policy_gradient_loss | -0.00428    |
|    value_loss           | 0.00722     |
-----------------------------------------
------------------------------------------
| rollout/                |              |
|    ep_len_mean          | 8.64e+04     |
|    ep_rew_mean          | -1.81e+05    |
| time/                   |              |
|    fps                  | 1438         |
|    iterations           | 116          |
|    time_elapsed         | 330          |
|    total_timesteps      | 475136       |
| train/                  |              |
|    approx_kl            | 0.0037651928 |
|    clip_fraction        | 0.015        |
|    clip_range           | 0.2          |
|    entropy_loss         | -1.28        |
|    explained_variance   | 0.692        |
|    learning_rate        | 0.000254     |
|    loss                 | -0.11        |
|    n_updates            | 345          |
|    policy_gradient_loss | -0.00454     |
|    value_loss           | 0.00575      |
------------------------------------------
------------------------------------------
| rollout/                |              |
|    ep_len_mean          | 8.64e+04     |
|    ep_rew_mean          | -1.81e+05    |
| time/                   |              |
|    fps                  | 1449         |
|    iterations           | 117          |
|    time_elapsed         | 330          |
|    total_timesteps      | 479232       |
| train/                  |              |
|    approx_kl            | 0.0027405466 |
|    clip_fraction        | 0.00439      |
|    clip_range           | 0.2          |
|    entropy_loss         | -1.2         |
|    explained_variance   | 0.658        |
|    learning_rate        | 0.000254     |
|    loss                 | -0.108       |
|    n_updates            | 348          |
|    policy_gradient_loss | -0.00468     |
|    value_loss           | 0.00495      |
------------------------------------------
  ⏱  step   480,000  │  FPS   11748  │  RSS   2938 MB
-----------------------------------------
| gold/                   |             |
|    entropy_magnitude    | 14.4        |
| hw/                     |             |
|    fps                  | 1.17e+04    |
|    rss_mb               | 2.94e+03    |
| rollout/                |             |
|    ep_len_mean          | 8.64e+04    |
|    ep_rew_mean          | -1.81e+05   |
| time/                   |             |
|    fps                  | 1459        |
|    iterations           | 118         |
|    time_elapsed         | 331         |
|    total_timesteps      | 483328      |
| train/                  |             |
|    approx_kl            | 0.003217144 |
|    clip_fraction        | 0.0137      |
|    clip_range           | 0.2         |
|    entropy_loss         | -1.23       |
|    explained_variance   | 0.58        |
|    learning_rate        | 0.000254    |
|    loss                 | -0.112      |
|    n_updates            | 351         |
|    policy_gradient_loss | -0.00386    |
|    value_loss           | 0.00899     |
-----------------------------------------
-----------------------------------------
| rollout/                |             |
|    ep_len_mean          | 8.64e+04    |
|    ep_rew_mean          | -1.81e+05   |
| time/                   |             |
|    fps                  | 1470        |
|    iterations           | 119         |
|    time_elapsed         | 331         |
|    total_timesteps      | 487424      |
| train/                  |             |
|    approx_kl            | 0.006203131 |
|    clip_fraction        | 0.021       |
|    clip_range           | 0.2         |
|    entropy_loss         | -1.24       |
|    explained_variance   | 0.706       |
|    learning_rate        | 0.000253    |
|    loss                 | -0.114      |
|    n_updates            | 354         |
|    policy_gradient_loss | -0.00486    |
|    value_loss           | 0.00526     |
-----------------------------------------
------------------------------------------
| gold/                   |              |
|    entropy_magnitude    | 13.6         |
| rollout/                |              |
|    ep_len_mean          | 8.64e+04     |
|    ep_rew_mean          | -1.81e+05    |
| time/                   |              |
|    fps                  | 1481         |
|    iterations           | 120          |
|    time_elapsed         | 331          |
|    total_timesteps      | 491520       |
| train/                  |              |
|    approx_kl            | 0.0036248558 |
|    clip_fraction        | 0.00781      |
|    clip_range           | 0.2          |
|    entropy_loss         | -1.16        |
|    explained_variance   | 0.438        |
|    learning_rate        | 0.000253     |
|    loss                 | -0.113       |
|    n_updates            | 357          |
|    policy_gradient_loss | -0.00396     |
|    value_loss           | 0.00524      |
------------------------------------------
------------------------------------------
| rollout/                |              |
|    ep_len_mean          | 8.64e+04     |
|    ep_rew_mean          | -1.81e+05    |
| time/                   |              |
|    fps                  | 1492         |
|    iterations           | 121          |
|    time_elapsed         | 332          |
|    total_timesteps      | 495616       |
| train/                  |              |
|    approx_kl            | 0.0038183166 |
|    clip_fraction        | 0.0227       |
|    clip_range           | 0.2          |
|    entropy_loss         | -1.15        |
|    explained_variance   | 0.764        |
|    learning_rate        | 0.000252     |
|    loss                 | -0.102       |
|    n_updates            | 360          |
|    policy_gradient_loss | -0.00497     |
|    value_loss           | 0.00509      |
------------------------------------------
------------------------------------------
| rollout/                |              |
|    ep_len_mean          | 8.64e+04     |
|    ep_rew_mean          | -1.81e+05    |
| time/                   |              |
|    fps                  | 1503         |
|    iterations           | 122          |
|    time_elapsed         | 332          |
|    total_timesteps      | 499712       |
| train/                  |              |
|    approx_kl            | 0.0015248707 |
|    clip_fraction        | 0.00342      |
|    clip_range           | 0.2          |
|    entropy_loss         | -1.11        |
|    explained_variance   | 0.797        |
|    learning_rate        | 0.000252     |
|    loss                 | -0.104       |
|    n_updates            | 363          |
|    policy_gradient_loss | -0.00307     |
|    value_loss           | 0.00574      |
------------------------------------------
Eval num_timesteps=500000, episode_reward=-30746.65 +/- 2028.62
Episode length: 86400.00 +/- 0.00
------------------------------------------
| eval/                   |              |
|    mean_ep_length       | 8.64e+04     |
|    mean_reward          | -3.07e+04    |
| time/                   |              |
|    total_timesteps      | 500000       |
| train/                  |              |
|    approx_kl            | 0.0019580652 |
|    clip_fraction        | 0.00236      |
|    clip_range           | 0.2          |
|    entropy_loss         | -1.12        |
|    explained_variance   | 0.738        |
|    learning_rate        | 0.000252     |
|    loss                 | -0.0976      |
|    n_updates            | 366          |
|    policy_gradient_loss | -0.00256     |
|    value_loss           | 0.00576      |
------------------------------------------
New best mean reward!
    📉 ent_coef → 0.08500  (step 500,000)
  ⏱  step   500,000  │  FPS     610  │  RSS   2938 MB
----------------------------------
| gold/              |           |
|    ent_coef        | 0.085     |
| hw/                |           |
|    fps             | 610       |
|    rss_mb          | 2.94e+03  |
| rollout/           |           |
|    ep_len_mean     | 8.64e+04  |
|    ep_rew_mean     | -1.81e+05 |
| time/              |           |
|    fps             | 1384      |
|    iterations      | 123       |
|    time_elapsed    | 363       |
|    total_timesteps | 503808    |
----------------------------------
------------------------------------------
| rollout/                |              |
|    ep_len_mean          | 8.64e+04     |
|    ep_rew_mean          | -1.81e+05    |
| time/                   |              |
|    fps                  | 1394         |
|    iterations           | 124          |
|    time_elapsed         | 364          |
|    total_timesteps      | 507904       |
| train/                  |              |
|    approx_kl            | 0.0039246995 |
|    clip_fraction        | 0.0133       |
|    clip_range           | 0.2          |
|    entropy_loss         | -1.3         |
|    explained_variance   | 0.53         |
|    learning_rate        | 0.000251     |
|    loss                 | -0.107       |
|    n_updates            | 369          |
|    policy_gradient_loss | -0.00321     |
|    value_loss           | 0.00916      |
------------------------------------------
------------------------------------------
| gold/                   |              |
|    entropy_magnitude    | 14.4         |
| rollout/                |              |
|    ep_len_mean          | 8.64e+04     |
|    ep_rew_mean          | -1.81e+05    |
| time/                   |              |
|    fps                  | 1404         |
|    iterations           | 125          |
|    time_elapsed         | 364          |
|    total_timesteps      | 512000       |
| train/                  |              |
|    approx_kl            | 0.0028442931 |
|    clip_fraction        | 0.00708      |
|    clip_range           | 0.2          |
|    entropy_loss         | -1.22        |
|    explained_variance   | 0.787        |
|    learning_rate        | 0.000251     |
|    loss                 | -0.112       |
|    n_updates            | 372          |
|    policy_gradient_loss | -0.00411     |
|    value_loss           | 0.00736      |
------------------------------------------
-----------------------------------------
| rollout/                |             |
|    ep_len_mean          | 8.64e+04    |
|    ep_rew_mean          | -1.81e+05   |
| time/                   |             |
|    fps                  | 1414        |
|    iterations           | 126         |
|    time_elapsed         | 364         |
|    total_timesteps      | 516096      |
| train/                  |             |
|    approx_kl            | 0.002817476 |
|    clip_fraction        | 0.0057      |
|    clip_range           | 0.2         |
|    entropy_loss         | -1.11       |
|    explained_variance   | 0.777       |
|    learning_rate        | 0.000251    |
|    loss                 | -0.103      |
|    n_updates            | 375         |
|    policy_gradient_loss | -0.00374    |
|    value_loss           | 0.00486     |
-----------------------------------------
  ⏱  step   520,000  │  FPS   12010  │  RSS   2938 MB
------------------------------------------
| gold/                   |              |
|    entropy_magnitude    | 14           |
| hw/                     |              |
|    fps                  | 1.2e+04      |
|    rss_mb               | 2.94e+03     |
| rollout/                |              |
|    ep_len_mean          | 8.64e+04     |
|    ep_rew_mean          | -1.81e+05    |
| time/                   |              |
|    fps                  | 1424         |
|    iterations           | 127          |
|    time_elapsed         | 365          |
|    total_timesteps      | 520192       |
| train/                  |              |
|    approx_kl            | 0.0032048486 |
|    clip_fraction        | 0.00936      |
|    clip_range           | 0.2          |
|    entropy_loss         | -1.18        |
|    explained_variance   | 0.774        |
|    learning_rate        | 0.00025      |
|    loss                 | -0.102       |
|    n_updates            | 378          |
|    policy_gradient_loss | -0.00428     |
|    value_loss           | 0.00527      |
------------------------------------------
------------------------------------------
| rollout/                |              |
|    ep_len_mean          | 8.64e+04     |
|    ep_rew_mean          | -1.81e+05    |
| time/                   |              |
|    fps                  | 1433         |
|    iterations           | 128          |
|    time_elapsed         | 365          |
|    total_timesteps      | 524288       |
| train/                  |              |
|    approx_kl            | 0.0013808714 |
|    clip_fraction        | 0.000244     |
|    clip_range           | 0.2          |
|    entropy_loss         | -1.07        |
|    explained_variance   | 0.539        |
|    learning_rate        | 0.00025      |
|    loss                 | -0.0913      |
|    n_updates            | 381          |
|    policy_gradient_loss | -0.00415     |
|    value_loss           | 0.00686      |
------------------------------------------
------------------------------------------
| rollout/                |              |
|    ep_len_mean          | 8.64e+04     |
|    ep_rew_mean          | -1.81e+05    |
| time/                   |              |
|    fps                  | 1443         |
|    iterations           | 129          |
|    time_elapsed         | 365          |
|    total_timesteps      | 528384       |
| train/                  |              |
|    approx_kl            | 0.0017728577 |
|    clip_fraction        | 0.00252      |
|    clip_range           | 0.2          |
|    entropy_loss         | -0.991       |
|    explained_variance   | 0.668        |
|    learning_rate        | 0.000249     |
|    loss                 | -0.0849      |
|    n_updates            | 384          |
|    policy_gradient_loss | -0.00377     |
|    value_loss           | 0.00901      |
------------------------------------------
------------------------------------------
| gold/                   |              |
|    entropy_magnitude    | 12.5         |
| rollout/                |              |
|    ep_len_mean          | 8.64e+04     |
|    ep_rew_mean          | -1.81e+05    |
| time/                   |              |
|    fps                  | 1453         |
|    iterations           | 130          |
|    time_elapsed         | 366          |
|    total_timesteps      | 532480       |
| train/                  |              |
|    approx_kl            | 0.0018259736 |
|    clip_fraction        | 0.00293      |
|    clip_range           | 0.2          |
|    entropy_loss         | -1.05        |
|    explained_variance   | 0.665        |
|    learning_rate        | 0.000249     |
|    loss                 | -0.0897      |
|    n_updates            | 387          |
|    policy_gradient_loss | -0.00196     |
|    value_loss           | 0.00485      |
------------------------------------------
-----------------------------------------
| rollout/                |             |
|    ep_len_mean          | 8.64e+04    |
|    ep_rew_mean          | -1.81e+05   |
| time/                   |             |
|    fps                  | 1463        |
|    iterations           | 131         |
|    time_elapsed         | 366         |
|    total_timesteps      | 536576      |
| train/                  |             |
|    approx_kl            | 0.004042342 |
|    clip_fraction        | 0.0254      |
|    clip_range           | 0.2         |
|    entropy_loss         | -1.08       |
|    explained_variance   | 0.798       |
|    learning_rate        | 0.000249    |
|    loss                 | -0.101      |
|    n_updates            | 390         |
|    policy_gradient_loss | -0.00546    |
|    value_loss           | 0.00684     |
-----------------------------------------
  ⏱  step   540,000  │  FPS   11441  │  RSS   2938 MB
------------------------------------------
| gold/                   |              |
|    entropy_magnitude    | 13.7         |
| hw/                     |              |
|    fps                  | 1.14e+04     |
|    rss_mb               | 2.94e+03     |
| rollout/                |              |
|    ep_len_mean          | 8.64e+04     |
|    ep_rew_mean          | -1.81e+05    |
| time/                   |              |
|    fps                  | 1473         |
|    iterations           | 132          |
|    time_elapsed         | 367          |
|    total_timesteps      | 540672       |
| train/                  |              |
|    approx_kl            | 0.0025507195 |
|    clip_fraction        | 0.00789      |
|    clip_range           | 0.2          |
|    entropy_loss         | -1.15        |
|    explained_variance   | 0.743        |
|    learning_rate        | 0.000248     |
|    loss                 | -0.0976      |
|    n_updates            | 393          |
|    policy_gradient_loss | -0.00255     |
|    value_loss           | 0.00579      |
------------------------------------------
------------------------------------------
| rollout/                |              |
|    ep_len_mean          | 8.64e+04     |
|    ep_rew_mean          | -1.81e+05    |
| time/                   |              |
|    fps                  | 1482         |
|    iterations           | 133          |
|    time_elapsed         | 367          |
|    total_timesteps      | 544768       |
| train/                  |              |
|    approx_kl            | 0.0022649122 |
|    clip_fraction        | 0.00741      |
|    clip_range           | 0.2          |
|    entropy_loss         | -1.19        |
|    explained_variance   | 0.695        |
|    learning_rate        | 0.000248     |
|    loss                 | -0.108       |
|    n_updates            | 396          |
|    policy_gradient_loss | -0.00392     |
|    value_loss           | 0.00823      |
------------------------------------------
------------------------------------------
| rollout/                |              |
|    ep_len_mean          | 8.64e+04     |
|    ep_rew_mean          | -1.81e+05    |
| time/                   |              |
|    fps                  | 1492         |
|    iterations           | 134          |
|    time_elapsed         | 367          |
|    total_timesteps      | 548864       |
| train/                  |              |
|    approx_kl            | 0.0023525166 |
|    clip_fraction        | 0.0026       |
|    clip_range           | 0.2          |
|    entropy_loss         | -1.19        |
|    explained_variance   | 0.638        |
|    learning_rate        | 0.000247     |
|    loss                 | -0.0984      |
|    n_updates            | 399          |
|    policy_gradient_loss | -0.0039      |
|    value_loss           | 0.00771      |
------------------------------------------
Eval num_timesteps=550000, episode_reward=-29500.12 +/- 3317.49
Episode length: 86400.00 +/- 0.00
------------------------------------------
| eval/                   |              |
|    mean_ep_length       | 8.64e+04     |
|    mean_reward          | -2.95e+04    |
| time/                   |              |
|    total_timesteps      | 550000       |
| train/                  |              |
|    approx_kl            | 0.0023323698 |
|    clip_fraction        | 0.00553      |
|    clip_range           | 0.2          |
|    entropy_loss         | -1.12        |
|    explained_variance   | 0.664        |
|    learning_rate        | 0.000247     |
|    loss                 | -0.0972      |
|    n_updates            | 402          |
|    policy_gradient_loss | -0.0037      |
|    value_loss           | 0.00513      |
------------------------------------------
New best mean reward!
----------------------------------
| rollout/           |           |
|    ep_len_mean     | 8.64e+04  |
|    ep_rew_mean     | -1.81e+05 |
| time/              |           |
|    fps             | 1384      |
|    iterations      | 135       |
|    time_elapsed    | 399       |
|    total_timesteps | 552960    |
----------------------------------
-----------------------------------------
| rollout/                |             |
|    ep_len_mean          | 8.64e+04    |
|    ep_rew_mean          | -1.81e+05   |
| time/                   |             |
|    fps                  | 1393        |
|    iterations           | 136         |
|    time_elapsed         | 399         |
|    total_timesteps      | 557056      |
| train/                  |             |
|    approx_kl            | 0.004582667 |
|    clip_fraction        | 0.0186      |
|    clip_range           | 0.2         |
|    entropy_loss         | -1.17       |
|    explained_variance   | 0.706       |
|    learning_rate        | 0.000247    |
|    loss                 | -0.104      |
|    n_updates            | 405         |
|    policy_gradient_loss | -0.00496    |
|    value_loss           | 0.00484     |
-----------------------------------------
  ⏱  step   560,000  │  FPS     605  │  RSS   2938 MB
------------------------------------------
| gold/                   |              |
|    entropy_magnitude    | 12.3         |
| hw/                     |              |
|    fps                  | 605          |
|    rss_mb               | 2.94e+03     |
| rollout/                |              |
|    ep_len_mean          | 8.64e+04     |
|    ep_rew_mean          | -1.81e+05    |
| time/                   |              |
|    fps                  | 1402         |
|    iterations           | 137          |
|    time_elapsed         | 400          |
|    total_timesteps      | 561152       |
| train/                  |              |
|    approx_kl            | 0.0037034876 |
|    clip_fraction        | 0.0169       |
|    clip_range           | 0.2          |
|    entropy_loss         | -1.02        |
|    explained_variance   | 0.628        |
|    learning_rate        | 0.000246     |
|    loss                 | -0.0981      |
|    n_updates            | 408          |
|    policy_gradient_loss | -0.00398     |
|    value_loss           | 0.00495      |
------------------------------------------
------------------------------------------
| rollout/                |              |
|    ep_len_mean          | 8.64e+04     |
|    ep_rew_mean          | -1.81e+05    |
| time/                   |              |
|    fps                  | 1411         |
|    iterations           | 138          |
|    time_elapsed         | 400          |
|    total_timesteps      | 565248       |
| train/                  |              |
|    approx_kl            | 0.0045159324 |
|    clip_fraction        | 0.0167       |
|    clip_range           | 0.2          |
|    entropy_loss         | -1.17        |
|    explained_variance   | 0.518        |
|    learning_rate        | 0.000246     |
|    loss                 | -0.115       |
|    n_updates            | 411          |
|    policy_gradient_loss | -0.0057      |
|    value_loss           | 0.00439      |
------------------------------------------
------------------------------------------
| rollout/                |              |
|    ep_len_mean          | 8.64e+04     |
|    ep_rew_mean          | -1.81e+05    |
| time/                   |              |
|    fps                  | 1420         |
|    iterations           | 139          |
|    time_elapsed         | 400          |
|    total_timesteps      | 569344       |
| train/                  |              |
|    approx_kl            | 0.0025525636 |
|    clip_fraction        | 0.00618      |
|    clip_range           | 0.2          |
|    entropy_loss         | -1.11        |
|    explained_variance   | 0.672        |
|    learning_rate        | 0.000245     |
|    loss                 | -0.104       |
|    n_updates            | 414          |
|    policy_gradient_loss | -0.00451     |
|    value_loss           | 0.00409      |
------------------------------------------
------------------------------------------
| gold/                   |              |
|    entropy_magnitude    | 12.1         |
| rollout/                |              |
|    ep_len_mean          | 8.64e+04     |
|    ep_rew_mean          | -1.81e+05    |
| time/                   |              |
|    fps                  | 1429         |
|    iterations           | 140          |
|    time_elapsed         | 401          |
|    total_timesteps      | 573440       |
| train/                  |              |
|    approx_kl            | 0.0028298204 |
|    clip_fraction        | 0.00903      |
|    clip_range           | 0.2          |
|    entropy_loss         | -1.01        |
|    explained_variance   | 0.629        |
|    learning_rate        | 0.000245     |
|    loss                 | -0.0832      |
|    n_updates            | 417          |
|    policy_gradient_loss | -0.00364     |
|    value_loss           | 0.00834      |
------------------------------------------
------------------------------------------
| rollout/                |              |
|    ep_len_mean          | 8.64e+04     |
|    ep_rew_mean          | -1.81e+05    |
| time/                   |              |
|    fps                  | 1438         |
|    iterations           | 141          |
|    time_elapsed         | 401          |
|    total_timesteps      | 577536       |
| train/                  |              |
|    approx_kl            | 0.0015973861 |
|    clip_fraction        | 0.00358      |
|    clip_range           | 0.2          |
|    entropy_loss         | -0.992       |
|    explained_variance   | 0.518        |
|    learning_rate        | 0.000245     |
|    loss                 | -0.0858      |
|    n_updates            | 420          |
|    policy_gradient_loss | -0.00348     |
|    value_loss           | 0.00487      |
------------------------------------------
  ⏱  step   580,000  │  FPS   11548  │  RSS   2938 MB
------------------------------------------
| gold/                   |              |
|    entropy_magnitude    | 12.6         |
| hw/                     |              |
|    fps                  | 1.15e+04     |
|    rss_mb               | 2.94e+03     |
| rollout/                |              |
|    ep_len_mean          | 8.64e+04     |
|    ep_rew_mean          | -1.81e+05    |
| time/                   |              |
|    fps                  | 1447         |
|    iterations           | 142          |
|    time_elapsed         | 401          |
|    total_timesteps      | 581632       |
| train/                  |              |
|    approx_kl            | 0.0015539282 |
|    clip_fraction        | 0.00212      |
|    clip_range           | 0.2          |
|    entropy_loss         | -1.04        |
|    explained_variance   | 0.351        |
|    learning_rate        | 0.000244     |
|    loss                 | -0.0948      |
|    n_updates            | 423          |
|    policy_gradient_loss | -0.00383     |
|    value_loss           | 0.00587      |
------------------------------------------
------------------------------------------
| rollout/                |              |
|    ep_len_mean          | 8.64e+04     |
|    ep_rew_mean          | -1.81e+05    |
| time/                   |              |
|    fps                  | 1456         |
|    iterations           | 143          |
|    time_elapsed         | 402          |
|    total_timesteps      | 585728       |
| train/                  |              |
|    approx_kl            | 0.0026376098 |
|    clip_fraction        | 0.0117       |
|    clip_range           | 0.2          |
|    entropy_loss         | -0.969       |
|    explained_variance   | 0.626        |
|    learning_rate        | 0.000244     |
|    loss                 | -0.0865      |
|    n_updates            | 426          |
|    policy_gradient_loss | -0.00338     |
|    value_loss           | 0.00531      |
------------------------------------------
-----------------------------------------
| rollout/                |             |
|    ep_len_mean          | 8.64e+04    |
|    ep_rew_mean          | -1.81e+05   |
| time/                   |             |
|    fps                  | 1464        |
|    iterations           | 144         |
|    time_elapsed         | 402         |
|    total_timesteps      | 589824      |
| train/                  |             |
|    approx_kl            | 0.004441732 |
|    clip_fraction        | 0.0212      |
|    clip_range           | 0.2         |
|    entropy_loss         | -1.03       |
|    explained_variance   | 0.561       |
|    learning_rate        | 0.000243    |
|    loss                 | -0.0856     |
|    n_updates            | 429         |
|    policy_gradient_loss | -0.00399    |
|    value_loss           | 0.0116      |
-----------------------------------------
------------------------------------------
| gold/                   |              |
|    entropy_magnitude    | 12.9         |
| rollout/                |              |
|    ep_len_mean          | 8.64e+04     |
|    ep_rew_mean          | -1.81e+05    |
| time/                   |              |
|    fps                  | 1473         |
|    iterations           | 145          |
|    time_elapsed         | 402          |
|    total_timesteps      | 593920       |
| train/                  |              |
|    approx_kl            | 0.0015910091 |
|    clip_fraction        | 0.00122      |
|    clip_range           | 0.2          |
|    entropy_loss         | -1.06        |
|    explained_variance   | 0.6          |
|    learning_rate        | 0.000243     |
|    loss                 | -0.0991      |
|    n_updates            | 432          |
|    policy_gradient_loss | -0.00186     |
|    value_loss           | 0.00552      |
------------------------------------------
------------------------------------------
| rollout/                |              |
|    ep_len_mean          | 8.64e+04     |
|    ep_rew_mean          | -1.81e+05    |
| time/                   |              |
|    fps                  | 1482         |
|    iterations           | 146          |
|    time_elapsed         | 403          |
|    total_timesteps      | 598016       |
| train/                  |              |
|    approx_kl            | 0.0013841379 |
|    clip_fraction        | 0.00146      |
|    clip_range           | 0.2          |
|    entropy_loss         | -1.05        |
|    explained_variance   | 0.532        |
|    learning_rate        | 0.000243     |
|    loss                 | -0.085       |
|    n_updates            | 435          |
|    policy_gradient_loss | -0.00164     |
|    value_loss           | 0.0079       |
------------------------------------------
Eval num_timesteps=600000, episode_reward=-28823.40 +/- 3080.61
Episode length: 86400.00 +/- 0.00
------------------------------------------
| eval/                   |              |
|    mean_ep_length       | 8.64e+04     |
|    mean_reward          | -2.88e+04    |
| time/                   |              |
|    total_timesteps      | 600000       |
| train/                  |              |
|    approx_kl            | 0.0034260673 |
|    clip_fraction        | 0.013        |
|    clip_range           | 0.2          |
|    entropy_loss         | -0.982       |
|    explained_variance   | 0.676        |
|    learning_rate        | 0.000242     |
|    loss                 | -0.0921      |
|    n_updates            | 438          |
|    policy_gradient_loss | -0.00446     |
|    value_loss           | 0.0061       |
------------------------------------------
New best mean reward!
    📉 ent_coef → 0.08200  (step 600,000)
  ⏱  step   600,000  │  FPS     587  │  RSS   2938 MB
----------------------------------
| gold/              |           |
|    ent_coef        | 0.082     |
| hw/                |           |
|    fps             | 587       |
|    rss_mb          | 2.94e+03  |
| rollout/           |           |
|    ep_len_mean     | 8.64e+04  |
|    ep_rew_mean     | -1.81e+05 |
| time/              |           |
|    fps             | 1380      |
|    iterations      | 147       |
|    time_elapsed    | 436       |
|    total_timesteps | 602112    |
----------------------------------
------------------------------------------
| rollout/                |              |
|    ep_len_mean          | 8.64e+04     |
|    ep_rew_mean          | -1.81e+05    |
| time/                   |              |
|    fps                  | 1389         |
|    iterations           | 148          |
|    time_elapsed         | 436          |
|    total_timesteps      | 606208       |
| train/                  |              |
|    approx_kl            | 0.0021525118 |
|    clip_fraction        | 0.00618      |
|    clip_range           | 0.2          |
|    entropy_loss         | -0.937       |
|    explained_variance   | 0.714        |
|    learning_rate        | 0.000242     |
|    loss                 | -0.0897      |
|    n_updates            | 441          |
|    policy_gradient_loss | -0.00321     |
|    value_loss           | 0.00569      |
------------------------------------------
----------------------------------------
| gold/                   |            |
|    entropy_magnitude    | 13.6       |
| rollout/                |            |
|    ep_len_mean          | 8.64e+04   |
|    ep_rew_mean          | -1.81e+05  |
| time/                   |            |
|    fps                  | 1397       |
|    iterations           | 149        |
|    time_elapsed         | 436        |
|    total_timesteps      | 610304     |
| train/                  |            |
|    approx_kl            | 0.00295243 |
|    clip_fraction        | 0.0111     |
|    clip_range           | 0.2        |
|    entropy_loss         | -1.11      |
|    explained_variance   | 0.716      |
|    learning_rate        | 0.000241   |
|    loss                 | -0.107     |
|    n_updates            | 444        |
|    policy_gradient_loss | -0.00394   |
|    value_loss           | 0.0115     |
----------------------------------------
------------------------------------------
| rollout/                |              |
|    ep_len_mean          | 8.64e+04     |
|    ep_rew_mean          | -1.81e+05    |
| time/                   |              |
|    fps                  | 1405         |
|    iterations           | 150          |
|    time_elapsed         | 437          |
|    total_timesteps      | 614400       |
| train/                  |              |
|    approx_kl            | 0.0025128508 |
|    clip_fraction        | 0.00798      |
|    clip_range           | 0.2          |
|    entropy_loss         | -1.15        |
|    explained_variance   | 0.8          |
|    learning_rate        | 0.000241     |
|    loss                 | -0.0974      |
|    n_updates            | 447          |
|    policy_gradient_loss | -0.00279     |
|    value_loss           | 0.00814      |
------------------------------------------
------------------------------------------
| rollout/                |              |
|    ep_len_mean          | 8.64e+04     |
|    ep_rew_mean          | -1.81e+05    |
| time/                   |              |
|    fps                  | 1413         |
|    iterations           | 151          |
|    time_elapsed         | 437          |
|    total_timesteps      | 618496       |
| train/                  |              |
|    approx_kl            | 0.0033879573 |
|    clip_fraction        | 0.0104       |
|    clip_range           | 0.2          |
|    entropy_loss         | -1.04        |
|    explained_variance   | 0.675        |
|    learning_rate        | 0.000241     |
|    loss                 | -0.0962      |
|    n_updates            | 450          |
|    policy_gradient_loss | -0.00418     |
|    value_loss           | 0.00636      |
------------------------------------------
  ⏱  step   620,000  │  FPS   11073  │  RSS   2938 MB
------------------------------------------
| gold/                   |              |
|    entropy_magnitude    | 14           |
| hw/                     |              |
|    fps                  | 1.11e+04     |
|    rss_mb               | 2.94e+03     |
| rollout/                |              |
|    ep_len_mean          | 8.64e+04     |
|    ep_rew_mean          | -1.81e+05    |
| time/                   |              |
|    fps                  | 1422         |
|    iterations           | 152          |
|    time_elapsed         | 437          |
|    total_timesteps      | 622592       |
| train/                  |              |
|    approx_kl            | 0.0030287968 |
|    clip_fraction        | 0.0198       |
|    clip_range           | 0.2          |
|    entropy_loss         | -1.14        |
|    explained_variance   | 0.774        |
|    learning_rate        | 0.00024      |
|    loss                 | -0.103       |
|    n_updates            | 453          |
|    policy_gradient_loss | -0.00435     |
|    value_loss           | 0.00907      |
------------------------------------------
------------------------------------------
| rollout/                |              |
|    ep_len_mean          | 8.64e+04     |
|    ep_rew_mean          | -1.81e+05    |
| time/                   |              |
|    fps                  | 1429         |
|    iterations           | 153          |
|    time_elapsed         | 438          |
|    total_timesteps      | 626688       |
| train/                  |              |
|    approx_kl            | 0.0032748305 |
|    clip_fraction        | 0.0125       |
|    clip_range           | 0.2          |
|    entropy_loss         | -1.26        |
|    explained_variance   | 0.72         |
|    learning_rate        | 0.00024      |
|    loss                 | -0.0998      |
|    n_updates            | 456          |
|    policy_gradient_loss | -0.00382     |
|    value_loss           | 0.00993      |
------------------------------------------
------------------------------------------
| gold/                   |              |
|    entropy_magnitude    | 12.9         |
| rollout/                |              |
|    ep_len_mean          | 8.64e+04     |
|    ep_rew_mean          | -1.81e+05    |
| time/                   |              |
|    fps                  | 1438         |
|    iterations           | 154          |
|    time_elapsed         | 438          |
|    total_timesteps      | 630784       |
| train/                  |              |
|    approx_kl            | 0.0017321169 |
|    clip_fraction        | 0.00342      |
|    clip_range           | 0.2          |
|    entropy_loss         | -1.05        |
|    explained_variance   | 0.772        |
|    learning_rate        | 0.000239     |
|    loss                 | -0.0921      |
|    n_updates            | 459          |
|    policy_gradient_loss | -0.00312     |
|    value_loss           | 0.00526      |
------------------------------------------
------------------------------------------
| rollout/                |              |
|    ep_len_mean          | 8.64e+04     |
|    ep_rew_mean          | -1.81e+05    |
| time/                   |              |
|    fps                  | 1446         |
|    iterations           | 155          |
|    time_elapsed         | 438          |
|    total_timesteps      | 634880       |
| train/                  |              |
|    approx_kl            | 0.0017038444 |
|    clip_fraction        | 0.00334      |
|    clip_range           | 0.2          |
|    entropy_loss         | -1.08        |
|    explained_variance   | 0.769        |
|    learning_rate        | 0.000239     |
|    loss                 | -0.0872      |
|    n_updates            | 462          |
|    policy_gradient_loss | -0.00394     |
|    value_loss           | 0.00668      |
------------------------------------------
-----------------------------------------
| rollout/                |             |
|    ep_len_mean          | 8.64e+04    |
|    ep_rew_mean          | -1.81e+05   |
| time/                   |             |
|    fps                  | 1454        |
|    iterations           | 156         |
|    time_elapsed         | 439         |
|    total_timesteps      | 638976      |
| train/                  |             |
|    approx_kl            | 0.002461419 |
|    clip_fraction        | 0.00814     |
|    clip_range           | 0.2         |
|    entropy_loss         | -1.13       |
|    explained_variance   | 0.799       |
|    learning_rate        | 0.000239    |
|    loss                 | -0.0958     |
|    n_updates            | 465         |
|    policy_gradient_loss | -0.00444    |
|    value_loss           | 0.00728     |
-----------------------------------------
  ⏱  step   640,000  │  FPS   11326  │  RSS   2938 MB
-----------------------------------------
| gold/                   |             |
|    entropy_magnitude    | 12.2        |
| hw/                     |             |
|    fps                  | 1.13e+04    |
|    rss_mb               | 2.94e+03    |
| rollout/                |             |
|    ep_len_mean          | 8.64e+04    |
|    ep_rew_mean          | -1.81e+05   |
| time/                   |             |
|    fps                  | 1462        |
|    iterations           | 157         |
|    time_elapsed         | 439         |
|    total_timesteps      | 643072      |
| train/                  |             |
|    approx_kl            | 0.003108949 |
|    clip_fraction        | 0.0136      |
|    clip_range           | 0.2         |
|    entropy_loss         | -0.984      |
|    explained_variance   | 0.844       |
|    learning_rate        | 0.000238    |
|    loss                 | -0.0772     |
|    n_updates            | 468         |
|    policy_gradient_loss | -0.0043     |
|    value_loss           | 0.00584     |
-----------------------------------------
------------------------------------------
| rollout/                |              |
|    ep_len_mean          | 8.64e+04     |
|    ep_rew_mean          | -1.81e+05    |
| time/                   |              |
|    fps                  | 1470         |
|    iterations           | 158          |
|    time_elapsed         | 439          |
|    total_timesteps      | 647168       |
| train/                  |              |
|    approx_kl            | 0.0043668714 |
|    clip_fraction        | 0.0187       |
|    clip_range           | 0.2          |
|    entropy_loss         | -1.09        |
|    explained_variance   | 0.852        |
|    learning_rate        | 0.000238     |
|    loss                 | -0.0861      |
|    n_updates            | 471          |
|    policy_gradient_loss | -0.0039      |
|    value_loss           | 0.00441      |
------------------------------------------
Eval num_timesteps=650000, episode_reward=-27795.91 +/- 1760.20
Episode length: 86400.00 +/- 0.00
------------------------------------------
| eval/                   |              |
|    mean_ep_length       | 8.64e+04     |
|    mean_reward          | -2.78e+04    |
| time/                   |              |
|    total_timesteps      | 650000       |
| train/                  |              |
|    approx_kl            | 0.0020342828 |
|    clip_fraction        | 0.00431      |
|    clip_range           | 0.2          |
|    entropy_loss         | -0.921       |
|    explained_variance   | 0.688        |
|    learning_rate        | 0.000237     |
|    loss                 | -0.0828      |
|    n_updates            | 474          |
|    policy_gradient_loss | -0.00393     |
|    value_loss           | 0.00537      |
------------------------------------------
New best mean reward!
----------------------------------
| rollout/           |           |
|    ep_len_mean     | 8.64e+04  |
|    ep_rew_mean     | -1.81e+05 |
| time/              |           |
|    fps             | 1378      |
|    iterations      | 159       |
|    time_elapsed    | 472       |
|    total_timesteps | 651264    |
----------------------------------
------------------------------------------
| rollout/                |              |
|    ep_len_mean          | 8.64e+04     |
|    ep_rew_mean          | -1.81e+05    |
| time/                   |              |
|    fps                  | 1386         |
|    iterations           | 160          |
|    time_elapsed         | 472          |
|    total_timesteps      | 655360       |
| train/                  |              |
|    approx_kl            | 0.0021675876 |
|    clip_fraction        | 0.007        |
|    clip_range           | 0.2          |
|    entropy_loss         | -0.974       |
|    explained_variance   | 0.682        |
|    learning_rate        | 0.000237     |
|    loss                 | -0.0773      |
|    n_updates            | 477          |
|    policy_gradient_loss | -0.00246     |
|    value_loss           | 0.00593      |
------------------------------------------
------------------------------------------
| rollout/                |              |
|    ep_len_mean          | 8.64e+04     |
|    ep_rew_mean          | -1.81e+05    |
| time/                   |              |
|    fps                  | 1393         |
|    iterations           | 161          |
|    time_elapsed         | 473          |
|    total_timesteps      | 659456       |
| train/                  |              |
|    approx_kl            | 0.0018656381 |
|    clip_fraction        | 0.0061       |
|    clip_range           | 0.2          |
|    entropy_loss         | -0.995       |
|    explained_variance   | 0.729        |
|    learning_rate        | 0.000237     |
|    loss                 | -0.081       |
|    n_updates            | 480          |
|    policy_gradient_loss | -0.00265     |
|    value_loss           | 0.00669      |
------------------------------------------
  ⏱  step   660,000  │  FPS     592  │  RSS   2938 MB
-----------------------------------------
| gold/                   |             |
|    entropy_magnitude    | 12.3        |
| hw/                     |             |
|    fps                  | 592         |
|    rss_mb               | 2.94e+03    |
| rollout/                |             |
|    ep_len_mean          | 8.64e+04    |
|    ep_rew_mean          | -1.81e+05   |
| time/                   |             |
|    fps                  | 1401        |
|    iterations           | 162         |
|    time_elapsed         | 473         |
|    total_timesteps      | 663552      |
| train/                  |             |
|    approx_kl            | 0.002083593 |
|    clip_fraction        | 0.00269     |
|    clip_range           | 0.2         |
|    entropy_loss         | -0.987      |
|    explained_variance   | 0.698       |
|    learning_rate        | 0.000236    |
|    loss                 | -0.0895     |
|    n_updates            | 483         |
|    policy_gradient_loss | -0.00219    |
|    value_loss           | 0.00525     |
-----------------------------------------
------------------------------------------
| rollout/                |              |
|    ep_len_mean          | 8.64e+04     |
|    ep_rew_mean          | -1.81e+05    |
| time/                   |              |
|    fps                  | 1409         |
|    iterations           | 163          |
|    time_elapsed         | 473          |
|    total_timesteps      | 667648       |
| train/                  |              |
|    approx_kl            | 0.0025131437 |
|    clip_fraction        | 0.00854      |
|    clip_range           | 0.2          |
|    entropy_loss         | -1.08        |
|    explained_variance   | 0.605        |
|    learning_rate        | 0.000236     |
|    loss                 | -0.0929      |
|    n_updates            | 486          |
|    policy_gradient_loss | -0.00229     |
|    value_loss           | 0.00612      |
------------------------------------------
------------------------------------------
| gold/                   |              |
|    entropy_magnitude    | 13.9         |
| rollout/                |              |
|    ep_len_mean          | 8.64e+04     |
|    ep_rew_mean          | -1.81e+05    |
| time/                   |              |
|    fps                  | 1416         |
|    iterations           | 164          |
|    time_elapsed         | 474          |
|    total_timesteps      | 671744       |
| train/                  |              |
|    approx_kl            | 0.0023163238 |
|    clip_fraction        | 0.00562      |
|    clip_range           | 0.2          |
|    entropy_loss         | -1.11        |
|    explained_variance   | 0.758        |
|    learning_rate        | 0.000235     |
|    loss                 | -0.0889      |
|    n_updates            | 489          |
|    policy_gradient_loss | -0.00313     |
|    value_loss           | 0.00468      |
------------------------------------------
-------------------------------------------
| rollout/                |               |
|    ep_len_mean          | 8.64e+04      |
|    ep_rew_mean          | -1.81e+05     |
| time/                   |               |
|    fps                  | 1424          |
|    iterations           | 165           |
|    time_elapsed         | 474           |
|    total_timesteps      | 675840        |
| train/                  |               |
|    approx_kl            | 0.00090801687 |
|    clip_fraction        | 0.0013        |
|    clip_range           | 0.2           |
|    entropy_loss         | -0.928        |
|    explained_variance   | 0.503         |
|    learning_rate        | 0.000235      |
|    loss                 | -0.0757       |
|    n_updates            | 492           |
|    policy_gradient_loss | -0.00152      |
|    value_loss           | 0.00484       |
-------------------------------------------
------------------------------------------
| rollout/                |              |
|    ep_len_mean          | 8.64e+04     |
|    ep_rew_mean          | -1.81e+05    |
| time/                   |              |
|    fps                  | 1431         |
|    iterations           | 166          |
|    time_elapsed         | 474          |
|    total_timesteps      | 679936       |
| train/                  |              |
|    approx_kl            | 0.0017424619 |
|    clip_fraction        | 0.0035       |
|    clip_range           | 0.2          |
|    entropy_loss         | -1.02        |
|    explained_variance   | 0.7          |
|    learning_rate        | 0.000235     |
|    loss                 | -0.088       |
|    n_updates            | 495          |
|    policy_gradient_loss | -0.0031      |
|    value_loss           | 0.00308      |
------------------------------------------
  ⏱  step   680,000  │  FPS   11611  │  RSS   2938 MB
----------------------------------------
| gold/                   |            |
|    entropy_magnitude    | 13.6       |
| hw/                     |            |
|    fps                  | 1.16e+04   |
|    rss_mb               | 2.94e+03   |
| rollout/                |            |
|    ep_len_mean          | 8.64e+04   |
|    ep_rew_mean          | -1.81e+05  |
| time/                   |            |
|    fps                  | 1439       |
|    iterations           | 167        |
|    time_elapsed         | 475        |
|    total_timesteps      | 684032     |
| train/                  |            |
|    approx_kl            | 0.00207694 |
|    clip_fraction        | 0.00553    |
|    clip_range           | 0.2        |
|    entropy_loss         | -1.09      |
|    explained_variance   | 0.694      |
|    learning_rate        | 0.000234   |
|    loss                 | -0.0828    |
|    n_updates            | 498        |
|    policy_gradient_loss | -0.00381   |
|    value_loss           | 0.00509    |
----------------------------------------
-----------------------------------------
| rollout/                |             |
|    ep_len_mean          | 8.64e+04    |
|    ep_rew_mean          | -1.81e+05   |
| time/                   |             |
|    fps                  | 1446        |
|    iterations           | 168         |
|    time_elapsed         | 475         |
|    total_timesteps      | 688128      |
| train/                  |             |
|    approx_kl            | 0.004488785 |
|    clip_fraction        | 0.026       |
|    clip_range           | 0.2         |
|    entropy_loss         | -0.988      |
|    explained_variance   | 0.792       |
|    learning_rate        | 0.000234    |
|    loss                 | -0.08       |
|    n_updates            | 501         |
|    policy_gradient_loss | -0.00386    |
|    value_loss           | 0.00453     |
-----------------------------------------
------------------------------------------
| gold/                   |              |
|    entropy_magnitude    | 13.2         |
| rollout/                |              |
|    ep_len_mean          | 8.64e+04     |
|    ep_rew_mean          | -1.34e+05    |
| time/                   |              |
|    fps                  | 1454         |
|    iterations           | 169          |
|    time_elapsed         | 475          |
|    total_timesteps      | 692224       |
| train/                  |              |
|    approx_kl            | 0.0015764621 |
|    clip_fraction        | 0.00179      |
|    clip_range           | 0.2          |
|    entropy_loss         | -1.04        |
|    explained_variance   | 0.533        |
|    learning_rate        | 0.000233     |
|    loss                 | -0.0825      |
|    n_updates            | 504          |
|    policy_gradient_loss | -0.00288     |
|    value_loss           | 0.00403      |
------------------------------------------
------------------------------------------
| rollout/                |              |
|    ep_len_mean          | 8.64e+04     |
|    ep_rew_mean          | -1.34e+05    |
| time/                   |              |
|    fps                  | 1461         |
|    iterations           | 170          |
|    time_elapsed         | 476          |
|    total_timesteps      | 696320       |
| train/                  |              |
|    approx_kl            | 0.0018571039 |
|    clip_fraction        | 0.00448      |
|    clip_range           | 0.2          |
|    entropy_loss         | -1.01        |
|    explained_variance   | 0.627        |
|    learning_rate        | 0.000233     |
|    loss                 | -0.0878      |
|    n_updates            | 507          |
|    policy_gradient_loss | -0.00251     |
|    value_loss           | 0.00728      |
------------------------------------------
Eval num_timesteps=700000, episode_reward=-25763.65 +/- 1229.61
Episode length: 86400.00 +/- 0.00
------------------------------------------
| eval/                   |              |
|    mean_ep_length       | 8.64e+04     |
|    mean_reward          | -2.58e+04    |
| time/                   |              |
|    total_timesteps      | 700000       |
| train/                  |              |
|    approx_kl            | 0.0027211246 |
|    clip_fraction        | 0.0124       |
|    clip_range           | 0.2          |
|    entropy_loss         | -1.05        |
|    explained_variance   | 0.643        |
|    learning_rate        | 0.000233     |
|    loss                 | -0.103       |
|    n_updates            | 510          |
|    policy_gradient_loss | -0.00433     |
|    value_loss           | 0.00449      |
------------------------------------------
New best mean reward!
    📉 ent_coef → 0.07900  (step 700,000)
  ⏱  step   700,000  │  FPS     594  │  RSS   2938 MB
----------------------------------
| gold/              |           |
|    ent_coef        | 0.079     |
| hw/                |           |
|    fps             | 594       |
|    rss_mb          | 2.94e+03  |
| rollout/           |           |
|    ep_len_mean     | 8.64e+04  |
|    ep_rew_mean     | -1.34e+05 |
| time/              |           |
|    fps             | 1377      |
|    iterations      | 171       |
|    time_elapsed    | 508       |
|    total_timesteps | 700416    |
----------------------------------
------------------------------------------
| rollout/                |              |
|    ep_len_mean          | 8.64e+04     |
|    ep_rew_mean          | -1.34e+05    |
| time/                   |              |
|    fps                  | 1384         |
|    iterations           | 172          |
|    time_elapsed         | 509          |
|    total_timesteps      | 704512       |
| train/                  |              |
|    approx_kl            | 0.0036795456 |
|    clip_fraction        | 0.0207       |
|    clip_range           | 0.2          |
|    entropy_loss         | -1.05        |
|    explained_variance   | 0.524        |
|    learning_rate        | 0.000232     |
|    loss                 | -0.0927      |
|    n_updates            | 513          |
|    policy_gradient_loss | -0.00463     |
|    value_loss           | 0.0117       |
------------------------------------------
------------------------------------------
| rollout/                |              |
|    ep_len_mean          | 8.64e+04     |
|    ep_rew_mean          | -1.34e+05    |
| time/                   |              |
|    fps                  | 1391         |
|    iterations           | 173          |
|    time_elapsed         | 509          |
|    total_timesteps      | 708608       |
| train/                  |              |
|    approx_kl            | 0.0016822757 |
|    clip_fraction        | 0.00236      |
|    clip_range           | 0.2          |
|    entropy_loss         | -1.06        |
|    explained_variance   | 0.74         |
|    learning_rate        | 0.000232     |
|    loss                 | -0.0826      |
|    n_updates            | 516          |
|    policy_gradient_loss | -0.00263     |
|    value_loss           | 0.00735      |
------------------------------------------
------------------------------------------
| gold/                   |              |
|    entropy_magnitude    | 13.4         |
| rollout/                |              |
|    ep_len_mean          | 8.64e+04     |
|    ep_rew_mean          | -1.34e+05    |
| time/                   |              |
|    fps                  | 1398         |
|    iterations           | 174          |
|    time_elapsed         | 509          |
|    total_timesteps      | 712704       |
| train/                  |              |
|    approx_kl            | 0.0019303618 |
|    clip_fraction        | 0.00594      |
|    clip_range           | 0.2          |
|    entropy_loss         | -1.06        |
|    explained_variance   | 0.687        |
|    learning_rate        | 0.000232     |
|    loss                 | -0.0859      |
|    n_updates            | 519          |
|    policy_gradient_loss | -0.00309     |
|    value_loss           | 0.0107       |
------------------------------------------
------------------------------------------
| rollout/                |              |
|    ep_len_mean          | 8.64e+04     |
|    ep_rew_mean          | -1.34e+05    |
| time/                   |              |
|    fps                  | 1405         |
|    iterations           | 175          |
|    time_elapsed         | 510          |
|    total_timesteps      | 716800       |
| train/                  |              |
|    approx_kl            | 0.0028615752 |
|    clip_fraction        | 0.0121       |
|    clip_range           | 0.2          |
|    entropy_loss         | -0.952       |
|    explained_variance   | 0.779        |
|    learning_rate        | 0.000231     |
|    loss                 | -0.0725      |
|    n_updates            | 522          |
|    policy_gradient_loss | -0.00348     |
|    value_loss           | 0.0102       |
------------------------------------------
  ⏱  step   720,000  │  FPS   11396  │  RSS   2938 MB
------------------------------------------
| gold/                   |              |
|    entropy_magnitude    | 12.8         |
| hw/                     |              |
|    fps                  | 1.14e+04     |
|    rss_mb               | 2.94e+03     |
| rollout/                |              |
|    ep_len_mean          | 8.64e+04     |
|    ep_rew_mean          | -1.34e+05    |
| time/                   |              |
|    fps                  | 1412         |
|    iterations           | 176          |
|    time_elapsed         | 510          |
|    total_timesteps      | 720896       |
| train/                  |              |
|    approx_kl            | 0.0018809324 |
|    clip_fraction        | 0.00163      |
|    clip_range           | 0.2          |
|    entropy_loss         | -1           |
|    explained_variance   | 0.786        |
|    learning_rate        | 0.000231     |
|    loss                 | -0.0834      |
|    n_updates            | 525          |
|    policy_gradient_loss | -0.00276     |
|    value_loss           | 0.0107       |
------------------------------------------
------------------------------------------
| rollout/                |              |
|    ep_len_mean          | 8.64e+04     |
|    ep_rew_mean          | -1.34e+05    |
| time/                   |              |
|    fps                  | 1419         |
|    iterations           | 177          |
|    time_elapsed         | 510          |
|    total_timesteps      | 724992       |
| train/                  |              |
|    approx_kl            | 0.0017348395 |
|    clip_fraction        | 0.00407      |
|    clip_range           | 0.2          |
|    entropy_loss         | -0.965       |
|    explained_variance   | 0.749        |
|    learning_rate        | 0.00023      |
|    loss                 | -0.0775      |
|    n_updates            | 528          |
|    policy_gradient_loss | -0.00319     |
|    value_loss           | 0.00594      |
------------------------------------------
------------------------------------------
| rollout/                |              |
|    ep_len_mean          | 8.64e+04     |
|    ep_rew_mean          | -1.34e+05    |
| time/                   |              |
|    fps                  | 1426         |
|    iterations           | 178          |
|    time_elapsed         | 511          |
|    total_timesteps      | 729088       |
| train/                  |              |
|    approx_kl            | 0.0017242887 |
|    clip_fraction        | 0.00415      |
|    clip_range           | 0.2          |
|    entropy_loss         | -0.766       |
|    explained_variance   | 0.61         |
|    learning_rate        | 0.00023      |
|    loss                 | -0.064       |
|    n_updates            | 531          |
|    policy_gradient_loss | -0.00289     |
|    value_loss           | 0.00548      |
------------------------------------------
------------------------------------------
| gold/                   |              |
|    entropy_magnitude    | 11.1         |
| rollout/                |              |
|    ep_len_mean          | 8.64e+04     |
|    ep_rew_mean          | -1.34e+05    |
| time/                   |              |
|    fps                  | 1433         |
|    iterations           | 179          |
|    time_elapsed         | 511          |
|    total_timesteps      | 733184       |
| train/                  |              |
|    approx_kl            | 0.0025197791 |
|    clip_fraction        | 0.00952      |
|    clip_range           | 0.2          |
|    entropy_loss         | -0.87        |
|    explained_variance   | 0.69         |
|    learning_rate        | 0.00023      |
|    loss                 | -0.0698      |
|    n_updates            | 534          |
|    policy_gradient_loss | -0.00343     |
|    value_loss           | 0.00622      |
------------------------------------------
------------------------------------------
| rollout/                |              |
|    ep_len_mean          | 8.64e+04     |
|    ep_rew_mean          | -1.34e+05    |
| time/                   |              |
|    fps                  | 1440         |
|    iterations           | 180          |
|    time_elapsed         | 511          |
|    total_timesteps      | 737280       |
| train/                  |              |
|    approx_kl            | 0.0013843692 |
|    clip_fraction        | 0.00179      |
|    clip_range           | 0.2          |
|    entropy_loss         | -0.875       |
|    explained_variance   | 0.606        |
|    learning_rate        | 0.000229     |
|    loss                 | -0.062       |
|    n_updates            | 537          |
|    policy_gradient_loss | -0.00262     |
|    value_loss           | 0.00746      |
------------------------------------------
  ⏱  step   740,000  │  FPS   11220  │  RSS   2938 MB
------------------------------------------
| gold/                   |              |
|    entropy_magnitude    | 11.8         |
| hw/                     |              |
|    fps                  | 1.12e+04     |
|    rss_mb               | 2.94e+03     |
| rollout/                |              |
|    ep_len_mean          | 8.64e+04     |
|    ep_rew_mean          | -1.34e+05    |
| time/                   |              |
|    fps                  | 1447         |
|    iterations           | 181          |
|    time_elapsed         | 512          |
|    total_timesteps      | 741376       |
| train/                  |              |
|    approx_kl            | 0.0020259814 |
|    clip_fraction        | 0.00382      |
|    clip_range           | 0.2          |
|    entropy_loss         | -0.922       |
|    explained_variance   | 0.753        |
|    learning_rate        | 0.000229     |
|    loss                 | -0.0795      |
|    n_updates            | 540          |
|    policy_gradient_loss | -0.00366     |
|    value_loss           | 0.00467      |
------------------------------------------
------------------------------------------
| rollout/                |              |
|    ep_len_mean          | 8.64e+04     |
|    ep_rew_mean          | -1.34e+05    |
| time/                   |              |
|    fps                  | 1454         |
|    iterations           | 182          |
|    time_elapsed         | 512          |
|    total_timesteps      | 745472       |
| train/                  |              |
|    approx_kl            | 0.0038999235 |
|    clip_fraction        | 0.0168       |
|    clip_range           | 0.2          |
|    entropy_loss         | -0.906       |
|    explained_variance   | 0.809        |
|    learning_rate        | 0.000228     |
|    loss                 | -0.0753      |
|    n_updates            | 543          |
|    policy_gradient_loss | -0.00536     |
|    value_loss           | 0.00387      |
------------------------------------------
------------------------------------------
| rollout/                |              |
|    ep_len_mean          | 8.64e+04     |
|    ep_rew_mean          | -1.34e+05    |
| time/                   |              |
|    fps                  | 1461         |
|    iterations           | 183          |
|    time_elapsed         | 512          |
|    total_timesteps      | 749568       |
| train/                  |              |
|    approx_kl            | 0.0008502966 |
|    clip_fraction        | 0.00163      |
|    clip_range           | 0.2          |
|    entropy_loss         | -0.799       |
|    explained_variance   | 0.692        |
|    learning_rate        | 0.000228     |
|    loss                 | -0.069       |
|    n_updates            | 546          |
|    policy_gradient_loss | -0.00214     |
|    value_loss           | 0.00388      |
------------------------------------------
Eval num_timesteps=750000, episode_reward=-26824.77 +/- 1986.72
Episode length: 86400.00 +/- 0.00
------------------------------------------
| eval/                   |              |
|    mean_ep_length       | 8.64e+04     |
|    mean_reward          | -2.68e+04    |
| time/                   |              |
|    total_timesteps      | 750000       |
| train/                  |              |
|    approx_kl            | 0.0023919027 |
|    clip_fraction        | 0.00635      |
|    clip_range           | 0.2          |
|    entropy_loss         | -0.808       |
|    explained_variance   | 0.695        |
|    learning_rate        | 0.000228     |
|    loss                 | -0.0586      |
|    n_updates            | 549          |
|    policy_gradient_loss | -0.00363     |
|    value_loss           | 0.00357      |
------------------------------------------
----------------------------------
| rollout/           |           |
|    ep_len_mean     | 8.64e+04  |
|    ep_rew_mean     | -1.34e+05 |
| time/              |           |
|    fps             | 1381      |
|    iterations      | 184       |
|    time_elapsed    | 545       |
|    total_timesteps | 753664    |
----------------------------------
------------------------------------------
| rollout/                |              |
|    ep_len_mean          | 8.64e+04     |
|    ep_rew_mean          | -1.34e+05    |
| time/                   |              |
|    fps                  | 1388         |
|    iterations           | 185          |
|    time_elapsed         | 545          |
|    total_timesteps      | 757760       |
| train/                  |              |
|    approx_kl            | 0.0016659049 |
|    clip_fraction        | 0.00594      |
|    clip_range           | 0.2          |
|    entropy_loss         | -0.821       |
|    explained_variance   | 0.71         |
|    learning_rate        | 0.000227     |
|    loss                 | -0.0676      |
|    n_updates            | 552          |
|    policy_gradient_loss | -0.00315     |
|    value_loss           | 0.00414      |
------------------------------------------
  ⏱  step   760,000  │  FPS     592  │  RSS   2938 MB
------------------------------------------
| gold/                   |              |
|    entropy_magnitude    | 10.7         |
| hw/                     |              |
|    fps                  | 592          |
|    rss_mb               | 2.94e+03     |
| rollout/                |              |
|    ep_len_mean          | 8.64e+04     |
|    ep_rew_mean          | -1.34e+05    |
| time/                   |              |
|    fps                  | 1395         |
|    iterations           | 186          |
|    time_elapsed         | 546          |
|    total_timesteps      | 761856       |
| train/                  |              |
|    approx_kl            | 0.0010834201 |
|    clip_fraction        | 0.00179      |
|    clip_range           | 0.2          |
|    entropy_loss         | -0.823       |
|    explained_variance   | 0.637        |
|    learning_rate        | 0.000227     |
|    loss                 | -0.0667      |
|    n_updates            | 555          |
|    policy_gradient_loss | -0.00209     |
|    value_loss           | 0.00703      |
------------------------------------------
------------------------------------------
| rollout/                |              |
|    ep_len_mean          | 8.64e+04     |
|    ep_rew_mean          | -1.34e+05    |
| time/                   |              |
|    fps                  | 1401         |
|    iterations           | 187          |
|    time_elapsed         | 546          |
|    total_timesteps      | 765952       |
| train/                  |              |
|    approx_kl            | 0.0018293285 |
|    clip_fraction        | 0.00684      |
|    clip_range           | 0.2          |
|    entropy_loss         | -0.777       |
|    explained_variance   | 0.743        |
|    learning_rate        | 0.000226     |
|    loss                 | -0.0705      |
|    n_updates            | 558          |
|    policy_gradient_loss | -0.00206     |
|    value_loss           | 0.00579      |
------------------------------------------
------------------------------------------
| gold/                   |              |
|    entropy_magnitude    | 10.7         |
| rollout/                |              |
|    ep_len_mean          | 8.64e+04     |
|    ep_rew_mean          | -1.34e+05    |
| time/                   |              |
|    fps                  | 1408         |
|    iterations           | 188          |
|    time_elapsed         | 546          |
|    total_timesteps      | 770048       |
| train/                  |              |
|    approx_kl            | 0.0023433226 |
|    clip_fraction        | 0.00903      |
|    clip_range           | 0.2          |
|    entropy_loss         | -0.825       |
|    explained_variance   | 0.784        |
|    learning_rate        | 0.000226     |
|    loss                 | -0.067       |
|    n_updates            | 561          |
|    policy_gradient_loss | -0.00349     |
|    value_loss           | 0.00442      |
------------------------------------------
------------------------------------------
| rollout/                |              |
|    ep_len_mean          | 8.64e+04     |
|    ep_rew_mean          | -1.34e+05    |
| time/                   |              |
|    fps                  | 1414         |
|    iterations           | 189          |
|    time_elapsed         | 547          |
|    total_timesteps      | 774144       |
| train/                  |              |
|    approx_kl            | 0.0021707243 |
|    clip_fraction        | 0.00863      |
|    clip_range           | 0.2          |
|    entropy_loss         | -0.956       |
|    explained_variance   | 0.714        |
|    learning_rate        | 0.000226     |
|    loss                 | -0.0868      |
|    n_updates            | 564          |
|    policy_gradient_loss | -0.00334     |
|    value_loss           | 0.00512      |
------------------------------------------
-------------------------------------------
| rollout/                |               |
|    ep_len_mean          | 8.64e+04      |
|    ep_rew_mean          | -1.34e+05     |
| time/                   |               |
|    fps                  | 1421          |
|    iterations           | 190           |
|    time_elapsed         | 547           |
|    total_timesteps      | 778240        |
| train/                  |               |
|    approx_kl            | 0.00089728733 |
|    clip_fraction        | 0.000977      |
|    clip_range           | 0.2           |
|    entropy_loss         | -0.775        |
|    explained_variance   | 0.772         |
|    learning_rate        | 0.000225      |
|    loss                 | -0.059        |
|    n_updates            | 567           |
|    policy_gradient_loss | -0.00238      |
|    value_loss           | 0.00563       |
-------------------------------------------
  ⏱  step   780,000  │  FPS   11482  │  RSS   2938 MB
------------------------------------------
| gold/                   |              |
|    entropy_magnitude    | 10.7         |
| hw/                     |              |
|    fps                  | 1.15e+04     |
|    rss_mb               | 2.94e+03     |
| rollout/                |              |
|    ep_len_mean          | 8.64e+04     |
|    ep_rew_mean          | -1.34e+05    |
| time/                   |              |
|    fps                  | 1428         |
|    iterations           | 191          |
|    time_elapsed         | 547          |
|    total_timesteps      | 782336       |
| train/                  |              |
|    approx_kl            | 0.0015328589 |
|    clip_fraction        | 0.00277      |
|    clip_range           | 0.2          |
|    entropy_loss         | -0.821       |
|    explained_variance   | 0.831        |
|    learning_rate        | 0.000225     |
|    loss                 | -0.067       |
|    n_updates            | 570          |
|    policy_gradient_loss | -0.00281     |
|    value_loss           | 0.00328      |
------------------------------------------
------------------------------------------
| rollout/                |              |
|    ep_len_mean          | 8.64e+04     |
|    ep_rew_mean          | -1.34e+05    |
| time/                   |              |
|    fps                  | 1434         |
|    iterations           | 192          |
|    time_elapsed         | 548          |
|    total_timesteps      | 786432       |
| train/                  |              |
|    approx_kl            | 0.0029061153 |
|    clip_fraction        | 0.0116       |
|    clip_range           | 0.2          |
|    entropy_loss         | -0.847       |
|    explained_variance   | 0.81         |
|    learning_rate        | 0.000224     |
|    loss                 | -0.0787      |
|    n_updates            | 573          |
|    policy_gradient_loss | -0.00351     |
|    value_loss           | 0.00552      |
------------------------------------------
------------------------------------------
| gold/                   |              |
|    entropy_magnitude    | 10.7         |
| rollout/                |              |
|    ep_len_mean          | 8.64e+04     |
|    ep_rew_mean          | -1.34e+05    |
| time/                   |              |
|    fps                  | 1441         |
|    iterations           | 193          |
|    time_elapsed         | 548          |
|    total_timesteps      | 790528       |
| train/                  |              |
|    approx_kl            | 0.0021696961 |
|    clip_fraction        | 0.00513      |
|    clip_range           | 0.2          |
|    entropy_loss         | -0.816       |
|    explained_variance   | 0.794        |
|    learning_rate        | 0.000224     |
|    loss                 | -0.0588      |
|    n_updates            | 576          |
|    policy_gradient_loss | -0.00405     |
|    value_loss           | 0.00438      |
------------------------------------------
------------------------------------------
| rollout/                |              |
|    ep_len_mean          | 8.64e+04     |
|    ep_rew_mean          | -1.34e+05    |
| time/                   |              |
|    fps                  | 1447         |
|    iterations           | 194          |
|    time_elapsed         | 548          |
|    total_timesteps      | 794624       |
| train/                  |              |
|    approx_kl            | 0.0024980484 |
|    clip_fraction        | 0.0137       |
|    clip_range           | 0.2          |
|    entropy_loss         | -0.724       |
|    explained_variance   | 0.744        |
|    learning_rate        | 0.000224     |
|    loss                 | -0.0651      |
|    n_updates            | 579          |
|    policy_gradient_loss | -0.00532     |
|    value_loss           | 0.00378      |
------------------------------------------
-----------------------------------------
| rollout/                |             |
|    ep_len_mean          | 8.64e+04    |
|    ep_rew_mean          | -1.34e+05   |
| time/                   |             |
|    fps                  | 1454        |
|    iterations           | 195         |
|    time_elapsed         | 549         |
|    total_timesteps      | 798720      |
| train/                  |             |
|    approx_kl            | 0.003463085 |
|    clip_fraction        | 0.0109      |
|    clip_range           | 0.2         |
|    entropy_loss         | -0.888      |
|    explained_variance   | 0.633       |
|    learning_rate        | 0.000223    |
|    loss                 | -0.0713     |
|    n_updates            | 582         |
|    policy_gradient_loss | -0.00428    |
|    value_loss           | 0.00858     |
-----------------------------------------
Eval num_timesteps=800000, episode_reward=-28504.77 +/- 2943.82
Episode length: 86400.00 +/- 0.00
-----------------------------------------
| eval/                   |             |
|    mean_ep_length       | 8.64e+04    |
|    mean_reward          | -2.85e+04   |
| time/                   |             |
|    total_timesteps      | 800000      |
| train/                  |             |
|    approx_kl            | 0.003466771 |
|    clip_fraction        | 0.0113      |
|    clip_range           | 0.2         |
|    entropy_loss         | -0.796      |
|    explained_variance   | 0.619       |
|    learning_rate        | 0.000223    |
|    loss                 | -0.0837     |
|    n_updates            | 585         |
|    policy_gradient_loss | -0.00471    |
|    value_loss           | 0.0107      |
-----------------------------------------
    📉 ent_coef → 0.07600  (step 800,000)
  ⏱  step   800,000  │  FPS     591  │  RSS   2938 MB
----------------------------------
| gold/              |           |
|    ent_coef        | 0.076     |
| hw/                |           |
|    fps             | 591       |
|    rss_mb          | 2.94e+03  |
| rollout/           |           |
|    ep_len_mean     | 8.64e+04  |
|    ep_rew_mean     | -1.34e+05 |
| time/              |           |
|    fps             | 1380      |
|    iterations      | 196       |
|    time_elapsed    | 581       |
|    total_timesteps | 802816    |
----------------------------------
------------------------------------------
| rollout/                |              |
|    ep_len_mean          | 8.64e+04     |
|    ep_rew_mean          | -1.34e+05    |
| time/                   |              |
|    fps                  | 1386         |
|    iterations           | 197          |
|    time_elapsed         | 582          |
|    total_timesteps      | 806912       |
| train/                  |              |
|    approx_kl            | 0.0019168212 |
|    clip_fraction        | 0.0096       |
|    clip_range           | 0.2          |
|    entropy_loss         | -0.703       |
|    explained_variance   | 0.694        |
|    learning_rate        | 0.000222     |
|    loss                 | -0.0546      |
|    n_updates            | 588          |
|    policy_gradient_loss | -0.0026      |
|    value_loss           | 0.0059       |
------------------------------------------
----------------------------------------
| gold/                   |            |
|    entropy_magnitude    | 12.3       |
| rollout/                |            |
|    ep_len_mean          | 8.64e+04   |
|    ep_rew_mean          | -1.34e+05  |
| time/                   |            |
|    fps                  | 1392       |
|    iterations           | 198        |
|    time_elapsed         | 582        |
|    total_timesteps      | 811008     |
| train/                  |            |
|    approx_kl            | 0.00246163 |
|    clip_fraction        | 0.0116     |
|    clip_range           | 0.2        |
|    entropy_loss         | -0.934     |
|    explained_variance   | 0.501      |
|    learning_rate        | 0.000222   |
|    loss                 | -0.075     |
|    n_updates            | 591        |
|    policy_gradient_loss | -0.00321   |
|    value_loss           | 0.0124     |
----------------------------------------
------------------------------------------
| rollout/                |              |
|    ep_len_mean          | 8.64e+04     |
|    ep_rew_mean          | -1.34e+05    |
| time/                   |              |
|    fps                  | 1398         |
|    iterations           | 199          |
|    time_elapsed         | 582          |
|    total_timesteps      | 815104       |
| train/                  |              |
|    approx_kl            | 0.0025428126 |
|    clip_fraction        | 0.0135       |
|    clip_range           | 0.2          |
|    entropy_loss         | -0.852       |
|    explained_variance   | 0.562        |
|    learning_rate        | 0.000222     |
|    loss                 | -0.0686      |
|    n_updates            | 594          |
|    policy_gradient_loss | -0.00273     |
|    value_loss           | 0.00424      |
------------------------------------------
------------------------------------------
| rollout/                |              |
|    ep_len_mean          | 8.64e+04     |
|    ep_rew_mean          | -1.34e+05    |
| time/                   |              |
|    fps                  | 1404         |
|    iterations           | 200          |
|    time_elapsed         | 583          |
|    total_timesteps      | 819200       |
| train/                  |              |
|    approx_kl            | 0.0019854219 |
|    clip_fraction        | 0.00724      |
|    clip_range           | 0.2          |
|    entropy_loss         | -0.831       |
|    explained_variance   | 0.504        |
|    learning_rate        | 0.000221     |
|    loss                 | -0.065       |
|    n_updates            | 597          |
|    policy_gradient_loss | -0.00403     |
|    value_loss           | 0.00607      |
------------------------------------------
  ⏱  step   820,000  │  FPS   11549  │  RSS   2938 MB
-----------------------------------------
| gold/                   |             |
|    entropy_magnitude    | 10.6        |
| hw/                     |             |
|    fps                  | 1.15e+04    |
|    rss_mb               | 2.94e+03    |
| rollout/                |             |
|    ep_len_mean          | 8.64e+04    |
|    ep_rew_mean          | -1.34e+05   |
| time/                   |             |
|    fps                  | 1411        |
|    iterations           | 201         |
|    time_elapsed         | 583         |
|    total_timesteps      | 823296      |
| train/                  |             |
|    approx_kl            | 0.002652565 |
|    clip_fraction        | 0.012       |
|    clip_range           | 0.2         |
|    entropy_loss         | -0.797      |
|    explained_variance   | 0.52        |
|    learning_rate        | 0.000221    |
|    loss                 | -0.0822     |
|    n_updates            | 600         |
|    policy_gradient_loss | -0.00344    |
|    value_loss           | 0.00378     |
-----------------------------------------
------------------------------------------
| rollout/                |              |
|    ep_len_mean          | 8.64e+04     |
|    ep_rew_mean          | -1.34e+05    |
| time/                   |              |
|    fps                  | 1417         |
|    iterations           | 202          |
|    time_elapsed         | 583          |
|    total_timesteps      | 827392       |
| train/                  |              |
|    approx_kl            | 0.0016619442 |
|    clip_fraction        | 0.00732      |
|    clip_range           | 0.2          |
|    entropy_loss         | -0.832       |
|    explained_variance   | 0.448        |
|    learning_rate        | 0.00022      |
|    loss                 | -0.0607      |
|    n_updates            | 603          |
|    policy_gradient_loss | -0.00283     |
|    value_loss           | 0.00453      |
------------------------------------------
------------------------------------------
| gold/                   |              |
|    entropy_magnitude    | 12           |
| rollout/                |              |
|    ep_len_mean          | 8.64e+04     |
|    ep_rew_mean          | -1.34e+05    |
| time/                   |              |
|    fps                  | 1423         |
|    iterations           | 203          |
|    time_elapsed         | 584          |
|    total_timesteps      | 831488       |
| train/                  |              |
|    approx_kl            | 0.0037882163 |
|    clip_fraction        | 0.0154       |
|    clip_range           | 0.2          |
|    entropy_loss         | -0.898       |
|    explained_variance   | 0.717        |
|    learning_rate        | 0.00022      |
|    loss                 | -0.0728      |
|    n_updates            | 606          |
|    policy_gradient_loss | -0.00506     |
|    value_loss           | 0.00553      |
------------------------------------------
------------------------------------------
| rollout/                |              |
|    ep_len_mean          | 8.64e+04     |
|    ep_rew_mean          | -1.34e+05    |
| time/                   |              |
|    fps                  | 1429         |
|    iterations           | 204          |
|    time_elapsed         | 584          |
|    total_timesteps      | 835584       |
| train/                  |              |
|    approx_kl            | 0.0019266005 |
|    clip_fraction        | 0.0061       |
|    clip_range           | 0.2          |
|    entropy_loss         | -0.801       |
|    explained_variance   | 0.596        |
|    learning_rate        | 0.00022      |
|    loss                 | -0.0699      |
|    n_updates            | 609          |
|    policy_gradient_loss | -0.0034      |
|    value_loss           | 0.00432      |
------------------------------------------
------------------------------------------
| rollout/                |              |
|    ep_len_mean          | 8.64e+04     |
|    ep_rew_mean          | -1.34e+05    |
| time/                   |              |
|    fps                  | 1435         |
|    iterations           | 205          |
|    time_elapsed         | 584          |
|    total_timesteps      | 839680       |
| train/                  |              |
|    approx_kl            | 0.0022098734 |
|    clip_fraction        | 0.0096       |
|    clip_range           | 0.2          |
|    entropy_loss         | -0.862       |
|    explained_variance   | 0.735        |
|    learning_rate        | 0.000219     |
|    loss                 | -0.0686      |
|    n_updates            | 612          |
|    policy_gradient_loss | -0.00297     |
|    value_loss           | 0.00272      |
------------------------------------------
  ⏱  step   840,000  │  FPS   11952  │  RSS   2938 MB
------------------------------------------
| gold/                   |              |
|    entropy_magnitude    | 12.1         |
| hw/                     |              |
|    fps                  | 1.2e+04      |
|    rss_mb               | 2.94e+03     |
| rollout/                |              |
|    ep_len_mean          | 8.64e+04     |
|    ep_rew_mean          | -1.34e+05    |
| time/                   |              |
|    fps                  | 1442         |
|    iterations           | 206          |
|    time_elapsed         | 585          |
|    total_timesteps      | 843776       |
| train/                  |              |
|    approx_kl            | 0.0028087795 |
|    clip_fraction        | 0.0138       |
|    clip_range           | 0.2          |
|    entropy_loss         | -0.908       |
|    explained_variance   | 0.751        |
|    learning_rate        | 0.000219     |
|    loss                 | -0.0855      |
|    n_updates            | 615          |
|    policy_gradient_loss | -0.00479     |
|    value_loss           | 0.00524      |
------------------------------------------
------------------------------------------
| rollout/                |              |
|    ep_len_mean          | 8.64e+04     |
|    ep_rew_mean          | -1.34e+05    |
| time/                   |              |
|    fps                  | 1448         |
|    iterations           | 207          |
|    time_elapsed         | 585          |
|    total_timesteps      | 847872       |
| train/                  |              |
|    approx_kl            | 0.0020656765 |
|    clip_fraction        | 0.0106       |
|    clip_range           | 0.2          |
|    entropy_loss         | -0.738       |
|    explained_variance   | 0.741        |
|    learning_rate        | 0.000218     |
|    loss                 | -0.0589      |
|    n_updates            | 618          |
|    policy_gradient_loss | -0.00311     |
|    value_loss           | 0.00586      |
------------------------------------------
Eval num_timesteps=850000, episode_reward=-26391.73 +/- 2351.27
Episode length: 86400.00 +/- 0.00
-----------------------------------------
| eval/                   |             |
|    mean_ep_length       | 8.64e+04    |
|    mean_reward          | -2.64e+04   |
| time/                   |             |
|    total_timesteps      | 850000      |
| train/                  |             |
|    approx_kl            | 0.002752731 |
|    clip_fraction        | 0.012       |
|    clip_range           | 0.2         |
|    entropy_loss         | -0.844      |
|    explained_variance   | 0.652       |
|    learning_rate        | 0.000218    |
|    loss                 | -0.0629     |
|    n_updates            | 621         |
|    policy_gradient_loss | -0.00356    |
|    value_loss           | 0.00609     |
-----------------------------------------
----------------------------------
| rollout/           |           |
|    ep_len_mean     | 8.64e+04  |
|    ep_rew_mean     | -1.34e+05 |
| time/              |           |
|    fps             | 1380      |
|    iterations      | 208       |
|    time_elapsed    | 617       |
|    total_timesteps | 851968    |
----------------------------------
------------------------------------------
| rollout/                |              |
|    ep_len_mean          | 8.64e+04     |
|    ep_rew_mean          | -1.34e+05    |
| time/                   |              |
|    fps                  | 1386         |
|    iterations           | 209          |
|    time_elapsed         | 617          |
|    total_timesteps      | 856064       |
| train/                  |              |
|    approx_kl            | 0.0017319919 |
|    clip_fraction        | 0.00374      |
|    clip_range           | 0.2          |
|    entropy_loss         | -0.864       |
|    explained_variance   | 0.712        |
|    learning_rate        | 0.000218     |
|    loss                 | -0.0717      |
|    n_updates            | 624          |
|    policy_gradient_loss | -0.00237     |
|    value_loss           | 0.00535      |
------------------------------------------
  ⏱  step   860,000  │  FPS     606  │  RSS   2938 MB
------------------------------------------
| gold/                   |              |
|    entropy_magnitude    | 12.1         |
| hw/                     |              |
|    fps                  | 606          |
|    rss_mb               | 2.94e+03     |
| rollout/                |              |
|    ep_len_mean          | 8.64e+04     |
|    ep_rew_mean          | -1.34e+05    |
| time/                   |              |
|    fps                  | 1392         |
|    iterations           | 210          |
|    time_elapsed         | 617          |
|    total_timesteps      | 860160       |
| train/                  |              |
|    approx_kl            | 0.0021071807 |
|    clip_fraction        | 0.00789      |
|    clip_range           | 0.2          |
|    entropy_loss         | -0.896       |
|    explained_variance   | 0.786        |
|    learning_rate        | 0.000217     |
|    loss                 | -0.0839      |
|    n_updates            | 627          |
|    policy_gradient_loss | -0.00309     |
|    value_loss           | 0.004        |
------------------------------------------
-------------------------------------------
| rollout/                |               |
|    ep_len_mean          | 8.64e+04      |
|    ep_rew_mean          | -1.34e+05     |
| time/                   |               |
|    fps                  | 1397          |
|    iterations           | 211           |
|    time_elapsed         | 618           |
|    total_timesteps      | 864256        |
| train/                  |               |
|    approx_kl            | 0.00064336444 |
|    clip_fraction        | 0.00195       |
|    clip_range           | 0.2           |
|    entropy_loss         | -0.679        |
|    explained_variance   | 0.72          |
|    learning_rate        | 0.000217      |
|    loss                 | -0.0495       |
|    n_updates            | 630           |
|    policy_gradient_loss | -0.00297      |
|    value_loss           | 0.0055        |
-------------------------------------------
------------------------------------------
| rollout/                |              |
|    ep_len_mean          | 8.64e+04     |
|    ep_rew_mean          | -1.34e+05    |
| time/                   |              |
|    fps                  | 1403         |
|    iterations           | 212          |
|    time_elapsed         | 618          |
|    total_timesteps      | 868352       |
| train/                  |              |
|    approx_kl            | 0.0059904847 |
|    clip_fraction        | 0.0352       |
|    clip_range           | 0.2          |
|    entropy_loss         | -0.899       |
|    explained_variance   | 0.153        |
|    learning_rate        | 0.000216     |
|    loss                 | -0.0527      |
|    n_updates            | 633          |
|    policy_gradient_loss | -0.00672     |
|    value_loss           | 0.0883       |
------------------------------------------
------------------------------------------
| gold/                   |              |
|    entropy_magnitude    | 12.5         |
| rollout/                |              |
|    ep_len_mean          | 8.64e+04     |
|    ep_rew_mean          | -1.34e+05    |
| time/                   |              |
|    fps                  | 1409         |
|    iterations           | 213          |
|    time_elapsed         | 618          |
|    total_timesteps      | 872448       |
| train/                  |              |
|    approx_kl            | 0.0015689003 |
|    clip_fraction        | 0.00382      |
|    clip_range           | 0.2          |
|    entropy_loss         | -0.923       |
|    explained_variance   | 0.247        |
|    learning_rate        | 0.000216     |
|    loss                 | -0.0679      |
|    n_updates            | 636          |
|    policy_gradient_loss | -0.00117     |
|    value_loss           | 0.0106       |
------------------------------------------
------------------------------------------
| rollout/                |              |
|    ep_len_mean          | 8.64e+04     |
|    ep_rew_mean          | -1.34e+05    |
| time/                   |              |
|    fps                  | 1415         |
|    iterations           | 214          |
|    time_elapsed         | 619          |
|    total_timesteps      | 876544       |
| train/                  |              |
|    approx_kl            | 0.0029477687 |
|    clip_fraction        | 0.00952      |
|    clip_range           | 0.2          |
|    entropy_loss         | -0.88        |
|    explained_variance   | 0.536        |
|    learning_rate        | 0.000216     |
|    loss                 | -0.0652      |
|    n_updates            | 639          |
|    policy_gradient_loss | -0.00318     |
|    value_loss           | 0.0102       |
------------------------------------------
  ⏱  step   880,000  │  FPS   11358  │  RSS   2938 MB
------------------------------------------
| gold/                   |              |
|    entropy_magnitude    | 11.2         |
| hw/                     |              |
|    fps                  | 1.14e+04     |
|    rss_mb               | 2.94e+03     |
| rollout/                |              |
|    ep_len_mean          | 8.64e+04     |
|    ep_rew_mean          | -1.34e+05    |
| time/                   |              |
|    fps                  | 1421         |
|    iterations           | 215          |
|    time_elapsed         | 619          |
|    total_timesteps      | 880640       |
| train/                  |              |
|    approx_kl            | 0.0010627806 |
|    clip_fraction        | 0.00309      |
|    clip_range           | 0.2          |
|    entropy_loss         | -0.827       |
|    explained_variance   | 0.508        |
|    learning_rate        | 0.000215     |
|    loss                 | -0.0568      |
|    n_updates            | 642          |
|    policy_gradient_loss | -0.00172     |
|    value_loss           | 0.0157       |
------------------------------------------
------------------------------------------
| rollout/                |              |
|    ep_len_mean          | 8.64e+04     |
|    ep_rew_mean          | -1.34e+05    |
| time/                   |              |
|    fps                  | 1426         |
|    iterations           | 216          |
|    time_elapsed         | 620          |
|    total_timesteps      | 884736       |
| train/                  |              |
|    approx_kl            | 0.0019381989 |
|    clip_fraction        | 0.00301      |
|    clip_range           | 0.2          |
|    entropy_loss         | -0.784       |
|    explained_variance   | 0.728        |
|    learning_rate        | 0.000215     |
|    loss                 | -0.0728      |
|    n_updates            | 645          |
|    policy_gradient_loss | -0.0038      |
|    value_loss           | 0.00512      |
------------------------------------------
------------------------------------------
| rollout/                |              |
|    ep_len_mean          | 8.64e+04     |
|    ep_rew_mean          | -1.34e+05    |
| time/                   |              |
|    fps                  | 1432         |
|    iterations           | 217          |
|    time_elapsed         | 620          |
|    total_timesteps      | 888832       |
| train/                  |              |
|    approx_kl            | 0.0018335257 |
|    clip_fraction        | 0.00496      |
|    clip_range           | 0.2          |
|    entropy_loss         | -0.883       |
|    explained_variance   | 0.85         |
|    learning_rate        | 0.000214     |
|    loss                 | -0.0621      |
|    n_updates            | 648          |
|    policy_gradient_loss | -0.0021      |
|    value_loss           | 0.00919      |
------------------------------------------
------------------------------------------
| gold/                   |              |
|    entropy_magnitude    | 10.9         |
| rollout/                |              |
|    ep_len_mean          | 8.64e+04     |
|    ep_rew_mean          | -1.34e+05    |
| time/                   |              |
|    fps                  | 1438         |
|    iterations           | 218          |
|    time_elapsed         | 620          |
|    total_timesteps      | 892928       |
| train/                  |              |
|    approx_kl            | 0.0016782924 |
|    clip_fraction        | 0.00488      |
|    clip_range           | 0.2          |
|    entropy_loss         | -0.798       |
|    explained_variance   | 0.61         |
|    learning_rate        | 0.000214     |
|    loss                 | -0.0628      |
|    n_updates            | 651          |
|    policy_gradient_loss | -0.00333     |
|    value_loss           | 0.00628      |
------------------------------------------
------------------------------------------
| rollout/                |              |
|    ep_len_mean          | 8.64e+04     |
|    ep_rew_mean          | -1.34e+05    |
| time/                   |              |
|    fps                  | 1444         |
|    iterations           | 219          |
|    time_elapsed         | 621          |
|    total_timesteps      | 897024       |
| train/                  |              |
|    approx_kl            | 0.0028419488 |
|    clip_fraction        | 0.0102       |
|    clip_range           | 0.2          |
|    entropy_loss         | -0.859       |
|    explained_variance   | 0.62         |
|    learning_rate        | 0.000214     |
|    loss                 | -0.058       |
|    n_updates            | 654          |
|    policy_gradient_loss | -0.00356     |
|    value_loss           | 0.00761      |
------------------------------------------
Eval num_timesteps=900000, episode_reward=-26542.80 +/- 3318.25
Episode length: 86400.00 +/- 0.00
------------------------------------------
| eval/                   |              |
|    mean_ep_length       | 8.64e+04     |
|    mean_reward          | -2.65e+04    |
| time/                   |              |
|    total_timesteps      | 900000       |
| train/                  |              |
|    approx_kl            | 0.0012303705 |
|    clip_fraction        | 0.00171      |
|    clip_range           | 0.2          |
|    entropy_loss         | -0.873       |
|    explained_variance   | 0.658        |
|    learning_rate        | 0.000213     |
|    loss                 | -0.0742      |
|    n_updates            | 657          |
|    policy_gradient_loss | -0.00278     |
|    value_loss           | 0.00604      |
------------------------------------------
    📉 ent_coef → 0.07300  (step 900,000)
  ⏱  step   900,000  │  FPS     575  │  RSS   2938 MB
----------------------------------
| gold/              |           |
|    ent_coef        | 0.073     |
| hw/                |           |
|    fps             | 575       |
|    rss_mb          | 2.94e+03  |
| rollout/           |           |
|    ep_len_mean     | 8.64e+04  |
|    ep_rew_mean     | -1.34e+05 |
| time/              |           |
|    fps             | 1376      |
|    iterations      | 220       |
|    time_elapsed    | 654       |
|    total_timesteps | 901120    |
----------------------------------
------------------------------------------
| rollout/                |              |
|    ep_len_mean          | 8.64e+04     |
|    ep_rew_mean          | -1.34e+05    |
| time/                   |              |
|    fps                  | 1381         |
|    iterations           | 221          |
|    time_elapsed         | 655          |
|    total_timesteps      | 905216       |
| train/                  |              |
|    approx_kl            | 0.0028893433 |
|    clip_fraction        | 0.0146       |
|    clip_range           | 0.2          |
|    entropy_loss         | -0.838       |
|    explained_variance   | 0.617        |
|    learning_rate        | 0.000213     |
|    loss                 | -0.0558      |
|    n_updates            | 660          |
|    policy_gradient_loss | -0.00373     |
|    value_loss           | 0.00398      |
------------------------------------------
------------------------------------------
| rollout/                |              |
|    ep_len_mean          | 8.64e+04     |
|    ep_rew_mean          | -1.34e+05    |
| time/                   |              |
|    fps                  | 1387         |
|    iterations           | 222          |
|    time_elapsed         | 655          |
|    total_timesteps      | 909312       |
| train/                  |              |
|    approx_kl            | 0.0010636264 |
|    clip_fraction        | 0.00195      |
|    clip_range           | 0.2          |
|    entropy_loss         | -0.868       |
|    explained_variance   | 0.592        |
|    learning_rate        | 0.000212     |
|    loss                 | -0.0729      |
|    n_updates            | 663          |
|    policy_gradient_loss | -0.00271     |
|    value_loss           | 0.00301      |
------------------------------------------
------------------------------------------
| gold/                   |              |
|    entropy_magnitude    | 11.7         |
| rollout/                |              |
|    ep_len_mean          | 8.64e+04     |
|    ep_rew_mean          | -1.34e+05    |
| time/                   |              |
|    fps                  | 1392         |
|    iterations           | 223          |
|    time_elapsed         | 655          |
|    total_timesteps      | 913408       |
| train/                  |              |
|    approx_kl            | 0.0031674085 |
|    clip_fraction        | 0.0136       |
|    clip_range           | 0.2          |
|    entropy_loss         | -0.851       |
|    explained_variance   | 0.617        |
|    learning_rate        | 0.000212     |
|    loss                 | -0.0625      |
|    n_updates            | 666          |
|    policy_gradient_loss | -0.00307     |
|    value_loss           | 0.00506      |
------------------------------------------
------------------------------------------
| rollout/                |              |
|    ep_len_mean          | 8.64e+04     |
|    ep_rew_mean          | -1.34e+05    |
| time/                   |              |
|    fps                  | 1397         |
|    iterations           | 224          |
|    time_elapsed         | 656          |
|    total_timesteps      | 917504       |
| train/                  |              |
|    approx_kl            | 0.0018325677 |
|    clip_fraction        | 0.00618      |
|    clip_range           | 0.2          |
|    entropy_loss         | -0.91        |
|    explained_variance   | 0.767        |
|    learning_rate        | 0.000212     |
|    loss                 | -0.0697      |
|    n_updates            | 669          |
|    policy_gradient_loss | -0.00281     |
|    value_loss           | 0.00477      |
------------------------------------------
  ⏱  step   920,000  │  FPS    9381  │  RSS   2938 MB
------------------------------------------
| gold/                   |              |
|    entropy_magnitude    | 10.5         |
| hw/                     |              |
|    fps                  | 9.38e+03     |
|    rss_mb               | 2.94e+03     |
| rollout/                |              |
|    ep_len_mean          | 8.64e+04     |
|    ep_rew_mean          | -1.34e+05    |
| time/                   |              |
|    fps                  | 1403         |
|    iterations           | 225          |
|    time_elapsed         | 656          |
|    total_timesteps      | 921600       |
| train/                  |              |
|    approx_kl            | 0.0019217702 |
|    clip_fraction        | 0.00513      |
|    clip_range           | 0.2          |
|    entropy_loss         | -0.762       |
|    explained_variance   | 0.798        |
|    learning_rate        | 0.000211     |
|    loss                 | -0.0592      |
|    n_updates            | 672          |
|    policy_gradient_loss | -0.00335     |
|    value_loss           | 0.00542      |
------------------------------------------
------------------------------------------
| rollout/                |              |
|    ep_len_mean          | 8.64e+04     |
|    ep_rew_mean          | -1.34e+05    |
| time/                   |              |
|    fps                  | 1408         |
|    iterations           | 226          |
|    time_elapsed         | 657          |
|    total_timesteps      | 925696       |
| train/                  |              |
|    approx_kl            | 0.0015633877 |
|    clip_fraction        | 0.00513      |
|    clip_range           | 0.2          |
|    entropy_loss         | -0.763       |
|    explained_variance   | 0.622        |
|    learning_rate        | 0.000211     |
|    loss                 | -0.0563      |
|    n_updates            | 675          |
|    policy_gradient_loss | -0.00209     |
|    value_loss           | 0.00492      |
------------------------------------------
------------------------------------------
| rollout/                |              |
|    ep_len_mean          | 8.64e+04     |
|    ep_rew_mean          | -1.34e+05    |
| time/                   |              |
|    fps                  | 1414         |
|    iterations           | 227          |
|    time_elapsed         | 657          |
|    total_timesteps      | 929792       |
| train/                  |              |
|    approx_kl            | 0.0013472589 |
|    clip_fraction        | 0.00342      |
|    clip_range           | 0.2          |
|    entropy_loss         | -0.783       |
|    explained_variance   | 0.815        |
|    learning_rate        | 0.000211     |
|    loss                 | -0.055       |
|    n_updates            | 678          |
|    policy_gradient_loss | -0.00221     |
|    value_loss           | 0.00502      |
------------------------------------------
------------------------------------------
| gold/                   |              |
|    entropy_magnitude    | 9.75         |
| rollout/                |              |
|    ep_len_mean          | 8.64e+04     |
|    ep_rew_mean          | -1.34e+05    |
| time/                   |              |
|    fps                  | 1419         |
|    iterations           | 228          |
|    time_elapsed         | 657          |
|    total_timesteps      | 933888       |
| train/                  |              |
|    approx_kl            | 0.0013847637 |
|    clip_fraction        | 0.00472      |
|    clip_range           | 0.2          |
|    entropy_loss         | -0.703       |
|    explained_variance   | 0.625        |
|    learning_rate        | 0.00021      |
|    loss                 | -0.0462      |
|    n_updates            | 681          |
|    policy_gradient_loss | -0.00169     |
|    value_loss           | 0.00579      |
------------------------------------------
------------------------------------------
| rollout/                |              |
|    ep_len_mean          | 8.64e+04     |
|    ep_rew_mean          | -1.34e+05    |
| time/                   |              |
|    fps                  | 1425         |
|    iterations           | 229          |
|    time_elapsed         | 658          |
|    total_timesteps      | 937984       |
| train/                  |              |
|    approx_kl            | 0.0020339938 |
|    clip_fraction        | 0.00741      |
|    clip_range           | 0.2          |
|    entropy_loss         | -0.666       |
|    explained_variance   | 0.709        |
|    learning_rate        | 0.00021      |
|    loss                 | -0.0519      |
|    n_updates            | 684          |
|    policy_gradient_loss | -0.00325     |
|    value_loss           | 0.00672      |
------------------------------------------
  ⏱  step   940,000  │  FPS   12101  │  RSS   2938 MB
---------------------------------------
| gold/                   |           |
|    entropy_magnitude    | 11.6      |
| hw/                     |           |
|    fps                  | 1.21e+04  |
|    rss_mb               | 2.94e+03  |
| rollout/                |           |
|    ep_len_mean          | 8.64e+04  |
|    ep_rew_mean          | -1.34e+05 |
| time/                   |           |
|    fps                  | 1430      |
|    iterations           | 230       |
|    time_elapsed         | 658       |
|    total_timesteps      | 942080    |
| train/                  |           |
|    approx_kl            | 0.002093  |
|    clip_fraction        | 0.00431   |
|    clip_range           | 0.2       |
|    entropy_loss         | -0.836    |
|    explained_variance   | 0.712     |
|    learning_rate        | 0.000209  |
|    loss                 | -0.0556   |
|    n_updates            | 687       |
|    policy_gradient_loss | -0.00348  |
|    value_loss           | 0.00547   |
---------------------------------------
------------------------------------------
| rollout/                |              |
|    ep_len_mean          | 8.64e+04     |
|    ep_rew_mean          | -1.34e+05    |
| time/                   |              |
|    fps                  | 1436         |
|    iterations           | 231          |
|    time_elapsed         | 658          |
|    total_timesteps      | 946176       |
| train/                  |              |
|    approx_kl            | 0.0013926919 |
|    clip_fraction        | 0.00415      |
|    clip_range           | 0.2          |
|    entropy_loss         | -0.803       |
|    explained_variance   | 0.775        |
|    learning_rate        | 0.000209     |
|    loss                 | -0.0534      |
|    n_updates            | 690          |
|    policy_gradient_loss | -0.00198     |
|    value_loss           | 0.00444      |
------------------------------------------
Eval num_timesteps=950000, episode_reward=-26668.78 +/- 1918.87
Episode length: 86400.00 +/- 0.00
------------------------------------------
| eval/                   |              |
|    mean_ep_length       | 8.64e+04     |
|    mean_reward          | -2.67e+04    |
| time/                   |              |
|    total_timesteps      | 950000       |
| train/                  |              |
|    approx_kl            | 0.0024963294 |
|    clip_fraction        | 0.0107       |
|    clip_range           | 0.2          |
|    entropy_loss         | -0.875       |
|    explained_variance   | 0.673        |
|    learning_rate        | 0.000209     |
|    loss                 | -0.0628      |
|    n_updates            | 693          |
|    policy_gradient_loss | -0.00261     |
|    value_loss           | 0.00582      |
------------------------------------------
----------------------------------
| rollout/           |           |
|    ep_len_mean     | 8.64e+04  |
|    ep_rew_mean     | -1.34e+05 |
| time/              |           |
|    fps             | 1374      |
|    iterations      | 232       |
|    time_elapsed    | 691       |
|    total_timesteps | 950272    |
----------------------------------
------------------------------------------
| rollout/                |              |
|    ep_len_mean          | 8.64e+04     |
|    ep_rew_mean          | -1.34e+05    |
| time/                   |              |
|    fps                  | 1379         |
|    iterations           | 233          |
|    time_elapsed         | 691          |
|    total_timesteps      | 954368       |
| train/                  |              |
|    approx_kl            | 0.0027644963 |
|    clip_fraction        | 0.00903      |
|    clip_range           | 0.2          |
|    entropy_loss         | -0.843       |
|    explained_variance   | 0.721        |
|    learning_rate        | 0.000208     |
|    loss                 | -0.0652      |
|    n_updates            | 696          |
|    policy_gradient_loss | -0.00282     |
|    value_loss           | 0.00521      |
------------------------------------------
------------------------------------------
| rollout/                |              |
|    ep_len_mean          | 8.64e+04     |
|    ep_rew_mean          | -1.34e+05    |
| time/                   |              |
|    fps                  | 1385         |
|    iterations           | 234          |
|    time_elapsed         | 691          |
|    total_timesteps      | 958464       |
| train/                  |              |
|    approx_kl            | 0.0021130112 |
|    clip_fraction        | 0.0057       |
|    clip_range           | 0.2          |
|    entropy_loss         | -0.852       |
|    explained_variance   | 0.434        |
|    learning_rate        | 0.000208     |
|    loss                 | -0.0634      |
|    n_updates            | 699          |
|    policy_gradient_loss | -0.00358     |
|    value_loss           | 0.00557      |
------------------------------------------
  ⏱  step   960,000  │  FPS     589  │  RSS   2938 MB
------------------------------------------
| gold/                   |              |
|    entropy_magnitude    | 10           |
| hw/                     |              |
|    fps                  | 589          |
|    rss_mb               | 2.94e+03     |
| rollout/                |              |
|    ep_len_mean          | 8.64e+04     |
|    ep_rew_mean          | -1.34e+05    |
| time/                   |              |
|    fps                  | 1390         |
|    iterations           | 235          |
|    time_elapsed         | 692          |
|    total_timesteps      | 962560       |
| train/                  |              |
|    approx_kl            | 0.0016345023 |
|    clip_fraction        | 0.00358      |
|    clip_range           | 0.2          |
|    entropy_loss         | -0.715       |
|    explained_variance   | 0.764        |
|    learning_rate        | 0.000207     |
|    loss                 | -0.0587      |
|    n_updates            | 702          |
|    policy_gradient_loss | -0.00363     |
|    value_loss           | 0.00514      |
------------------------------------------
------------------------------------------
| rollout/                |              |
|    ep_len_mean          | 8.64e+04     |
|    ep_rew_mean          | -1.34e+05    |
| time/                   |              |
|    fps                  | 1395         |
|    iterations           | 236          |
|    time_elapsed         | 692          |
|    total_timesteps      | 966656       |
| train/                  |              |
|    approx_kl            | 0.0012839444 |
|    clip_fraction        | 0.00228      |
|    clip_range           | 0.2          |
|    entropy_loss         | -0.799       |
|    explained_variance   | 0.451        |
|    learning_rate        | 0.000207     |
|    loss                 | -0.0675      |
|    n_updates            | 705          |
|    policy_gradient_loss | -0.00312     |
|    value_loss           | 0.00668      |
------------------------------------------
------------------------------------------
| gold/                   |              |
|    entropy_magnitude    | 11.4         |
| rollout/                |              |
|    ep_len_mean          | 8.64e+04     |
|    ep_rew_mean          | -1.34e+05    |
| time/                   |              |
|    fps                  | 1400         |
|    iterations           | 237          |
|    time_elapsed         | 693          |
|    total_timesteps      | 970752       |
| train/                  |              |
|    approx_kl            | 0.0026496223 |
|    clip_fraction        | 0.00968      |
|    clip_range           | 0.2          |
|    entropy_loss         | -0.806       |
|    explained_variance   | 0.544        |
|    learning_rate        | 0.000207     |
|    loss                 | -0.0641      |
|    n_updates            | 708          |
|    policy_gradient_loss | -0.00349     |
|    value_loss           | 0.00612      |
------------------------------------------
------------------------------------------
| rollout/                |              |
|    ep_len_mean          | 8.64e+04     |
|    ep_rew_mean          | -1.34e+05    |
| time/                   |              |
|    fps                  | 1405         |
|    iterations           | 238          |
|    time_elapsed         | 693          |
|    total_timesteps      | 974848       |
| train/                  |              |
|    approx_kl            | 0.0018416243 |
|    clip_fraction        | 0.00448      |
|    clip_range           | 0.2          |
|    entropy_loss         | -0.864       |
|    explained_variance   | 0.719        |
|    learning_rate        | 0.000206     |
|    loss                 | -0.0609      |
|    n_updates            | 711          |
|    policy_gradient_loss | -0.00237     |
|    value_loss           | 0.00442      |
------------------------------------------
------------------------------------------
| rollout/                |              |
|    ep_len_mean          | 8.64e+04     |
|    ep_rew_mean          | -1.34e+05    |
| time/                   |              |
|    fps                  | 1411         |
|    iterations           | 239          |
|    time_elapsed         | 693          |
|    total_timesteps      | 978944       |
| train/                  |              |
|    approx_kl            | 0.0017881517 |
|    clip_fraction        | 0.00562      |
|    clip_range           | 0.2          |
|    entropy_loss         | -0.713       |
|    explained_variance   | 0.573        |
|    learning_rate        | 0.000206     |
|    loss                 | -0.0504      |
|    n_updates            | 714          |
|    policy_gradient_loss | -0.00286     |
|    value_loss           | 0.00271      |
------------------------------------------
  ⏱  step   980,000  │  FPS   11620  │  RSS   2938 MB
------------------------------------------
| gold/                   |              |
|    entropy_magnitude    | 10.3         |
| hw/                     |              |
|    fps                  | 1.16e+04     |
|    rss_mb               | 2.94e+03     |
| rollout/                |              |
|    ep_len_mean          | 8.64e+04     |
|    ep_rew_mean          | -1.34e+05    |
| time/                   |              |
|    fps                  | 1416         |
|    iterations           | 240          |
|    time_elapsed         | 694          |
|    total_timesteps      | 983040       |
| train/                  |              |
|    approx_kl            | 0.0032015117 |
|    clip_fraction        | 0.0163       |
|    clip_range           | 0.2          |
|    entropy_loss         | -0.728       |
|    explained_variance   | 0.702        |
|    learning_rate        | 0.000205     |
|    loss                 | -0.0592      |
|    n_updates            | 717          |
|    policy_gradient_loss | -0.00475     |
|    value_loss           | 0.00386      |
------------------------------------------
------------------------------------------
| rollout/                |              |
|    ep_len_mean          | 8.64e+04     |
|    ep_rew_mean          | -1.34e+05    |
| time/                   |              |
|    fps                  | 1421         |
|    iterations           | 241          |
|    time_elapsed         | 694          |
|    total_timesteps      | 987136       |
| train/                  |              |
|    approx_kl            | 0.0029885431 |
|    clip_fraction        | 0.016        |
|    clip_range           | 0.2          |
|    entropy_loss         | -0.74        |
|    explained_variance   | 0.664        |
|    learning_rate        | 0.000205     |
|    loss                 | -0.0594      |
|    n_updates            | 720          |
|    policy_gradient_loss | -0.00427     |
|    value_loss           | 0.00375      |
------------------------------------------
------------------------------------------
| gold/                   |              |
|    entropy_magnitude    | 11.4         |
| rollout/                |              |
|    ep_len_mean          | 8.64e+04     |
|    ep_rew_mean          | -1.34e+05    |
| time/                   |              |
|    fps                  | 1426         |
|    iterations           | 242          |
|    time_elapsed         | 694          |
|    total_timesteps      | 991232       |
| train/                  |              |
|    approx_kl            | 0.0017433979 |
|    clip_fraction        | 0.00627      |
|    clip_range           | 0.2          |
|    entropy_loss         | -0.805       |
|    explained_variance   | 0.547        |
|    learning_rate        | 0.000205     |
|    loss                 | -0.0598      |
|    n_updates            | 723          |
|    policy_gradient_loss | -0.0035      |
|    value_loss           | 0.00576      |
------------------------------------------
------------------------------------------
| rollout/                |              |
|    ep_len_mean          | 8.64e+04     |
|    ep_rew_mean          | -1.34e+05    |
| time/                   |              |
|    fps                  | 1431         |
|    iterations           | 243          |
|    time_elapsed         | 695          |
|    total_timesteps      | 995328       |
| train/                  |              |
|    approx_kl            | 0.0030307507 |
|    clip_fraction        | 0.016        |
|    clip_range           | 0.2          |
|    entropy_loss         | -0.757       |
|    explained_variance   | 0.615        |
|    learning_rate        | 0.000204     |
|    loss                 | -0.0551      |
|    n_updates            | 726          |
|    policy_gradient_loss | -0.0043      |
|    value_loss           | 0.00511      |
------------------------------------------
------------------------------------------
| rollout/                |              |
|    ep_len_mean          | 8.64e+04     |
|    ep_rew_mean          | -1.34e+05    |
| time/                   |              |
|    fps                  | 1436         |
|    iterations           | 244          |
|    time_elapsed         | 695          |
|    total_timesteps      | 999424       |
| train/                  |              |
|    approx_kl            | 0.0016054971 |
|    clip_fraction        | 0.00553      |
|    clip_range           | 0.2          |
|    entropy_loss         | -0.72        |
|    explained_variance   | 0.387        |
|    learning_rate        | 0.000204     |
|    loss                 | -0.0545      |
|    n_updates            | 729          |
|    policy_gradient_loss | -0.00329     |
|    value_loss           | 0.0046       |
------------------------------------------
Eval num_timesteps=1000000, episode_reward=-24908.71 +/- 1437.74
Episode length: 86400.00 +/- 0.00
------------------------------------------
| eval/                   |              |
|    mean_ep_length       | 8.64e+04     |
|    mean_reward          | -2.49e+04    |
| time/                   |              |
|    total_timesteps      | 1000000      |
| train/                  |              |
|    approx_kl            | 0.0014373768 |
|    clip_fraction        | 0.00301      |
|    clip_range           | 0.2          |
|    entropy_loss         | -0.688       |
|    explained_variance   | 0.774        |
|    learning_rate        | 0.000203     |
|    loss                 | -0.0566      |
|    n_updates            | 732          |
|    policy_gradient_loss | -0.00215     |
|    value_loss           | 0.00335      |
------------------------------------------
New best mean reward!
    📉 ent_coef → 0.07000  (step 1,000,000)
  ⏱  step 1,000,000  │  FPS     590  │  RSS   2938 MB
----------------------------------
| gold/              |           |
|    ent_coef        | 0.07      |
| hw/                |           |
|    fps             | 590       |
|    rss_mb          | 2.94e+03  |
| rollout/           |           |
|    ep_len_mean     | 8.64e+04  |
|    ep_rew_mean     | -1.34e+05 |
| time/              |           |
|    fps             | 1378      |
|    iterations      | 245       |
|    time_elapsed    | 728       |
|    total_timesteps | 1003520   |
----------------------------------
------------------------------------------
| rollout/                |              |
|    ep_len_mean          | 8.64e+04     |
|    ep_rew_mean          | -1.34e+05    |
| time/                   |              |
|    fps                  | 1383         |
|    iterations           | 246          |
|    time_elapsed         | 728          |
|    total_timesteps      | 1007616      |
| train/                  |              |
|    approx_kl            | 0.0007086351 |
|    clip_fraction        | 0.000977     |
|    clip_range           | 0.2          |
|    entropy_loss         | -0.599       |
|    explained_variance   | 0.481        |
|    learning_rate        | 0.000203     |
|    loss                 | -0.044       |
|    n_updates            | 735          |
|    policy_gradient_loss | -0.00141     |
|    value_loss           | 0.00638      |
------------------------------------------
------------------------------------------
| gold/                   |              |
|    entropy_magnitude    | 10.5         |
| rollout/                |              |
|    ep_len_mean          | 8.64e+04     |
|    ep_rew_mean          | -1.34e+05    |
| time/                   |              |
|    fps                  | 1388         |
|    iterations           | 247          |
|    time_elapsed         | 728          |
|    total_timesteps      | 1011712      |
| train/                  |              |
|    approx_kl            | 0.0029374612 |
|    clip_fraction        | 0.0142       |
|    clip_range           | 0.2          |
|    entropy_loss         | -0.733       |
|    explained_variance   | 0.718        |
|    learning_rate        | 0.000203     |
|    loss                 | -0.0673      |
|    n_updates            | 738          |
|    policy_gradient_loss | -0.0055      |
|    value_loss           | 0.00318      |
------------------------------------------
------------------------------------------
| rollout/                |              |
|    ep_len_mean          | 8.64e+04     |
|    ep_rew_mean          | -1.34e+05    |
| time/                   |              |
|    fps                  | 1393         |
|    iterations           | 248          |
|    time_elapsed         | 729          |
|    total_timesteps      | 1015808      |
| train/                  |              |
|    approx_kl            | 0.0012601365 |
|    clip_fraction        | 0.00578      |
|    clip_range           | 0.2          |
|    entropy_loss         | -0.679       |
|    explained_variance   | 0.741        |
|    learning_rate        | 0.000202     |
|    loss                 | -0.0517      |
|    n_updates            | 741          |
|    policy_gradient_loss | -0.00244     |
|    value_loss           | 0.007        |
------------------------------------------
------------------------------------------
| rollout/                |              |
|    ep_len_mean          | 8.64e+04     |
|    ep_rew_mean          | -1.34e+05    |
| time/                   |              |
|    fps                  | 1398         |
|    iterations           | 249          |
|    time_elapsed         | 729          |
|    total_timesteps      | 1019904      |
| train/                  |              |
|    approx_kl            | 0.0015059628 |
|    clip_fraction        | 0.00578      |
|    clip_range           | 0.2          |
|    entropy_loss         | -0.715       |
|    explained_variance   | 0.647        |
|    learning_rate        | 0.000202     |
|    loss                 | -0.0519      |
|    n_updates            | 744          |
|    policy_gradient_loss | -0.00278     |
|    value_loss           | 0.00371      |
------------------------------------------
  ⏱  step 1,020,000  │  FPS   11293  │  RSS   2938 MB
-----------------------------------------
| gold/                   |             |
|    entropy_magnitude    | 9.61        |
| hw/                     |             |
|    fps                  | 1.13e+04    |
|    rss_mb               | 2.94e+03    |
| rollout/                |             |
|    ep_len_mean          | 8.64e+04    |
|    ep_rew_mean          | -1.34e+05   |
| time/                   |             |
|    fps                  | 1403        |
|    iterations           | 250         |
|    time_elapsed         | 729         |
|    total_timesteps      | 1024000     |
| train/                  |             |
|    approx_kl            | 0.003153332 |
|    clip_fraction        | 0.0164      |
|    clip_range           | 0.2         |
|    entropy_loss         | -0.667      |
|    explained_variance   | 0.704       |
|    learning_rate        | 0.000201    |
|    loss                 | -0.0546     |
|    n_updates            | 747         |
|    policy_gradient_loss | -0.00629    |
|    value_loss           | 0.00321     |
-----------------------------------------
------------------------------------------
| rollout/                |              |
|    ep_len_mean          | 8.64e+04     |
|    ep_rew_mean          | -1.34e+05    |
| time/                   |              |
|    fps                  | 1408         |
|    iterations           | 251          |
|    time_elapsed         | 730          |
|    total_timesteps      | 1028096      |
| train/                  |              |
|    approx_kl            | 0.0016933869 |
|    clip_fraction        | 0.00651      |
|    clip_range           | 0.2          |
|    entropy_loss         | -0.67        |
|    explained_variance   | 0.663        |
|    learning_rate        | 0.000201     |
|    loss                 | -0.0483      |
|    n_updates            | 750          |
|    policy_gradient_loss | -0.00266     |
|    value_loss           | 0.00475      |
------------------------------------------
------------------------------------------
| gold/                   |              |
|    entropy_magnitude    | 9.57         |
| rollout/                |              |
|    ep_len_mean          | 8.64e+04     |
|    ep_rew_mean          | -1.34e+05    |
| time/                   |              |
|    fps                  | 1412         |
|    iterations           | 252          |
|    time_elapsed         | 730          |
|    total_timesteps      | 1032192      |
| train/                  |              |
|    approx_kl            | 0.0018910444 |
|    clip_fraction        | 0.00806      |
|    clip_range           | 0.2          |
|    entropy_loss         | -0.661       |
|    explained_variance   | 0.699        |
|    learning_rate        | 0.000201     |
|    loss                 | -0.0491      |
|    n_updates            | 753          |
|    policy_gradient_loss | -0.00273     |
|    value_loss           | 0.00391      |
------------------------------------------
------------------------------------------
| rollout/                |              |
|    ep_len_mean          | 8.64e+04     |
|    ep_rew_mean          | -1.34e+05    |
| time/                   |              |
|    fps                  | 1417         |
|    iterations           | 253          |
|    time_elapsed         | 730          |
|    total_timesteps      | 1036288      |
| train/                  |              |
|    approx_kl            | 0.0015083568 |
|    clip_fraction        | 0.00684      |
|    clip_range           | 0.2          |
|    entropy_loss         | -0.547       |
|    explained_variance   | 0.571        |
|    learning_rate        | 0.0002       |
|    loss                 | -0.0406      |
|    n_updates            | 756          |
|    policy_gradient_loss | -0.00328     |
|    value_loss           | 0.0071       |
------------------------------------------
  ⏱  step 1,040,000  │  FPS   11842  │  RSS   2938 MB
------------------------------------------
| gold/                   |              |
|    entropy_magnitude    | 8.91         |
| hw/                     |              |
|    fps                  | 1.18e+04     |
|    rss_mb               | 2.94e+03     |
| rollout/                |              |
|    ep_len_mean          | 8.64e+04     |
|    ep_rew_mean          | -1.09e+05    |
| time/                   |              |
|    fps                  | 1422         |
|    iterations           | 254          |
|    time_elapsed         | 731          |
|    total_timesteps      | 1040384      |
| train/                  |              |
|    approx_kl            | 0.0006439396 |
|    clip_fraction        | 0.00114      |
|    clip_range           | 0.2          |
|    entropy_loss         | -0.613       |
|    explained_variance   | 0.655        |
|    learning_rate        | 0.0002       |
|    loss                 | -0.0471      |
|    n_updates            | 759          |
|    policy_gradient_loss | -0.00191     |
|    value_loss           | 0.00327      |
------------------------------------------
-----------------------------------------
| rollout/                |             |
|    ep_len_mean          | 8.64e+04    |
|    ep_rew_mean          | -1.09e+05   |
| time/                   |             |
|    fps                  | 1427        |
|    iterations           | 255         |
|    time_elapsed         | 731         |
|    total_timesteps      | 1044480     |
| train/                  |             |
|    approx_kl            | 0.000933832 |
|    clip_fraction        | 0.00212     |
|    clip_range           | 0.2         |
|    entropy_loss         | -0.572      |
|    explained_variance   | 0.512       |
|    learning_rate        | 0.000199    |
|    loss                 | -0.0304     |
|    n_updates            | 762         |
|    policy_gradient_loss | -0.0023     |
|    value_loss           | 0.0109      |
-----------------------------------------
-----------------------------------------
| rollout/                |             |
|    ep_len_mean          | 8.64e+04    |
|    ep_rew_mean          | -1.09e+05   |
| time/                   |             |
|    fps                  | 1432        |
|    iterations           | 256         |
|    time_elapsed         | 731         |
|    total_timesteps      | 1048576     |
| train/                  |             |
|    approx_kl            | 0.001519535 |
|    clip_fraction        | 0.00578     |
|    clip_range           | 0.2         |
|    entropy_loss         | -0.599      |
|    explained_variance   | 0.357       |
|    learning_rate        | 0.000199    |
|    loss                 | -0.0443     |
|    n_updates            | 765         |
|    policy_gradient_loss | -0.00273    |
|    value_loss           | 0.00607     |
-----------------------------------------
Eval num_timesteps=1050000, episode_reward=-25494.16 +/- 1825.63
Episode length: 86400.00 +/- 0.00
------------------------------------------
| eval/                   |              |
|    mean_ep_length       | 8.64e+04     |
|    mean_reward          | -2.55e+04    |
| time/                   |              |
|    total_timesteps      | 1050000      |
| train/                  |              |
|    approx_kl            | 0.0014277538 |
|    clip_fraction        | 0.00618      |
|    clip_range           | 0.2          |
|    entropy_loss         | -0.631       |
|    explained_variance   | 0.369        |
|    learning_rate        | 0.000199     |
|    loss                 | -0.0444      |
|    n_updates            | 768          |
|    policy_gradient_loss | -0.00237     |
|    value_loss           | 0.0037       |
------------------------------------------
----------------------------------
| rollout/           |           |
|    ep_len_mean     | 8.64e+04  |
|    ep_rew_mean     | -1.09e+05 |
| time/              |           |
|    fps             | 1375      |
|    iterations      | 257       |
|    time_elapsed    | 765       |
|    total_timesteps | 1052672   |
----------------------------------
-------------------------------------------
| rollout/                |               |
|    ep_len_mean          | 8.64e+04      |
|    ep_rew_mean          | -1.09e+05     |
| time/                   |               |
|    fps                  | 1380          |
|    iterations           | 258           |
|    time_elapsed         | 765           |
|    total_timesteps      | 1056768       |
| train/                  |               |
|    approx_kl            | 0.00032423617 |
|    clip_fraction        | 0             |
|    clip_range           | 0.2           |
|    entropy_loss         | -0.622        |
|    explained_variance   | 0.602         |
|    learning_rate        | 0.000198      |
|    loss                 | -0.0443       |
|    n_updates            | 771           |
|    policy_gradient_loss | -0.00091      |
|    value_loss           | 0.00549       |
-------------------------------------------
  ⏱  step 1,060,000  │  FPS     578  │  RSS   2938 MB
------------------------------------------
| gold/                   |              |
|    entropy_magnitude    | 9.63         |
| hw/                     |              |
|    fps                  | 578          |
|    rss_mb               | 2.94e+03     |
| rollout/                |              |
|    ep_len_mean          | 8.64e+04     |
|    ep_rew_mean          | -1.09e+05    |
| time/                   |              |
|    fps                  | 1385         |
|    iterations           | 259          |
|    time_elapsed         | 765          |
|    total_timesteps      | 1060864      |
| train/                  |              |
|    approx_kl            | 0.0013078128 |
|    clip_fraction        | 0.0048       |
|    clip_range           | 0.2          |
|    entropy_loss         | -0.657       |
|    explained_variance   | 0.541        |
|    learning_rate        | 0.000198     |
|    loss                 | -0.0477      |
|    n_updates            | 774          |
|    policy_gradient_loss | -0.00188     |
|    value_loss           | 0.00533      |
------------------------------------------
------------------------------------------
| rollout/                |              |
|    ep_len_mean          | 8.64e+04     |
|    ep_rew_mean          | -1.09e+05    |
| time/                   |              |
|    fps                  | 1389         |
|    iterations           | 260          |
|    time_elapsed         | 766          |
|    total_timesteps      | 1064960      |
| train/                  |              |
|    approx_kl            | 0.0019570373 |
|    clip_fraction        | 0.00968      |
|    clip_range           | 0.2          |
|    entropy_loss         | -0.616       |
|    explained_variance   | 0.662        |
|    learning_rate        | 0.000197     |
|    loss                 | -0.05        |
|    n_updates            | 777          |
|    policy_gradient_loss | -0.00297     |
|    value_loss           | 0.00613      |
------------------------------------------
------------------------------------------
| rollout/                |              |
|    ep_len_mean          | 8.64e+04     |
|    ep_rew_mean          | -1.09e+05    |
| time/                   |              |
|    fps                  | 1394         |
|    iterations           | 261          |
|    time_elapsed         | 766          |
|    total_timesteps      | 1069056      |
| train/                  |              |
|    approx_kl            | 0.0014541509 |
|    clip_fraction        | 0.00423      |
|    clip_range           | 0.2          |
|    entropy_loss         | -0.668       |
|    explained_variance   | 0.664        |
|    learning_rate        | 0.000197     |
|    loss                 | -0.0546      |
|    n_updates            | 780          |
|    policy_gradient_loss | -0.00274     |
|    value_loss           | 0.00389      |
------------------------------------------
-----------------------------------------
| gold/                   |             |
|    entropy_magnitude    | 10.1        |
| rollout/                |             |
|    ep_len_mean          | 8.64e+04    |
|    ep_rew_mean          | -1.09e+05   |
| time/                   |             |
|    fps                  | 1399        |
|    iterations           | 262         |
|    time_elapsed         | 766         |
|    total_timesteps      | 1073152     |
| train/                  |             |
|    approx_kl            | 0.002021372 |
|    clip_fraction        | 0.00863     |
|    clip_range           | 0.2         |
|    entropy_loss         | -0.684      |
|    explained_variance   | 0.588       |
|    learning_rate        | 0.000197    |
|    loss                 | -0.0466     |
|    n_updates            | 783         |
|    policy_gradient_loss | -0.00256    |
|    value_loss           | 0.00505     |
-----------------------------------------
------------------------------------------
| rollout/                |              |
|    ep_len_mean          | 8.64e+04     |
|    ep_rew_mean          | -1.09e+05    |
| time/                   |              |
|    fps                  | 1403         |
|    iterations           | 263          |
|    time_elapsed         | 767          |
|    total_timesteps      | 1077248      |
| train/                  |              |
|    approx_kl            | 0.0012847974 |
|    clip_fraction        | 0.00464      |
|    clip_range           | 0.2          |
|    entropy_loss         | -0.667       |
|    explained_variance   | 0.457        |
|    learning_rate        | 0.000196     |
|    loss                 | -0.0473      |
|    n_updates            | 786          |
|    policy_gradient_loss | -0.0016      |
|    value_loss           | 0.00542      |
------------------------------------------
  ⏱  step 1,080,000  │  FPS   11560  │  RSS   2938 MB
------------------------------------------
| gold/                   |              |
|    entropy_magnitude    | 6.78         |
| hw/                     |              |
|    fps                  | 1.16e+04     |
|    rss_mb               | 2.94e+03     |
| rollout/                |              |
|    ep_len_mean          | 8.64e+04     |
|    ep_rew_mean          | -1.09e+05    |
| time/                   |              |
|    fps                  | 1408         |
|    iterations           | 264          |
|    time_elapsed         | 767          |
|    total_timesteps      | 1081344      |
| train/                  |              |
|    approx_kl            | 0.0014841382 |
|    clip_fraction        | 0.00635      |
|    clip_range           | 0.2          |
|    entropy_loss         | -0.458       |
|    explained_variance   | 0.586        |
|    learning_rate        | 0.000196     |
|    loss                 | -0.0361      |
|    n_updates            | 789          |
|    policy_gradient_loss | -0.0031      |
|    value_loss           | 0.00468      |
------------------------------------------
-----------------------------------------
| rollout/                |             |
|    ep_len_mean          | 8.64e+04    |
|    ep_rew_mean          | -1.09e+05   |
| time/                   |             |
|    fps                  | 1413        |
|    iterations           | 265         |
|    time_elapsed         | 768         |
|    total_timesteps      | 1085440     |
| train/                  |             |
|    approx_kl            | 0.001059274 |
|    clip_fraction        | 0.00317     |
|    clip_range           | 0.2         |
|    entropy_loss         | -0.527      |
|    explained_variance   | 0.495       |
|    learning_rate        | 0.000195    |
|    loss                 | -0.0394     |
|    n_updates            | 792         |
|    policy_gradient_loss | -0.00123    |
|    value_loss           | 0.00574     |
-----------------------------------------
----------------------------------------
| rollout/                |            |
|    ep_len_mean          | 8.64e+04   |
|    ep_rew_mean          | -1.09e+05  |
| time/                   |            |
|    fps                  | 1417       |
|    iterations           | 266        |
|    time_elapsed         | 768        |
|    total_timesteps      | 1089536    |
| train/                  |            |
|    approx_kl            | 0.00145562 |
|    clip_fraction        | 0.00635    |
|    clip_range           | 0.2        |
|    entropy_loss         | -0.657     |
|    explained_variance   | 0.674      |
|    learning_rate        | 0.000195   |
|    loss                 | -0.0432    |
|    n_updates            | 795        |
|    policy_gradient_loss | -0.00313   |
|    value_loss           | 0.00557    |
----------------------------------------
------------------------------------------
| gold/                   |              |
|    entropy_magnitude    | 9.64         |
| rollout/                |              |
|    ep_len_mean          | 8.64e+04     |
|    ep_rew_mean          | -1.09e+05    |
| time/                   |              |
|    fps                  | 1422         |
|    iterations           | 267          |
|    time_elapsed         | 768          |
|    total_timesteps      | 1093632      |
| train/                  |              |
|    approx_kl            | 0.0019078058 |
|    clip_fraction        | 0.00911      |
|    clip_range           | 0.2          |
|    entropy_loss         | -0.649       |
|    explained_variance   | 0.659        |
|    learning_rate        | 0.000195     |
|    loss                 | -0.0441      |
|    n_updates            | 798          |
|    policy_gradient_loss | -0.00333     |
|    value_loss           | 0.00567      |
------------------------------------------
------------------------------------------
| rollout/                |              |
|    ep_len_mean          | 8.64e+04     |
|    ep_rew_mean          | -1.09e+05    |
| time/                   |              |
|    fps                  | 1427         |
|    iterations           | 268          |
|    time_elapsed         | 769          |
|    total_timesteps      | 1097728      |
| train/                  |              |
|    approx_kl            | 0.0014637162 |
|    clip_fraction        | 0.00488      |
|    clip_range           | 0.2          |
|    entropy_loss         | -0.579       |
|    explained_variance   | 0.578        |
|    learning_rate        | 0.000194     |
|    loss                 | -0.0498      |
|    n_updates            | 801          |
|    policy_gradient_loss | -0.00344     |
|    value_loss           | 0.00554      |
------------------------------------------
Eval num_timesteps=1100000, episode_reward=-25048.97 +/- 846.10
Episode length: 86400.00 +/- 0.00
------------------------------------------
| eval/                   |              |
|    mean_ep_length       | 8.64e+04     |
|    mean_reward          | -2.5e+04     |
| time/                   |              |
|    total_timesteps      | 1100000      |
| train/                  |              |
|    approx_kl            | 0.0016394362 |
|    clip_fraction        | 0.00594      |
|    clip_range           | 0.2          |
|    entropy_loss         | -0.586       |
|    explained_variance   | 0.632        |
|    learning_rate        | 0.000194     |
|    loss                 | -0.0421      |
|    n_updates            | 804          |
|    policy_gradient_loss | -0.00244     |
|    value_loss           | 0.00504      |
------------------------------------------
    📉 ent_coef → 0.06700  (step 1,100,000)
  ⏱  step 1,100,000  │  FPS     586  │  RSS   2938 MB
----------------------------------
| gold/              |           |
|    ent_coef        | 0.067     |
| hw/                |           |
|    fps             | 586       |
|    rss_mb          | 2.94e+03  |
| rollout/           |           |
|    ep_len_mean     | 8.64e+04  |
|    ep_rew_mean     | -1.09e+05 |
| time/              |           |
|    fps             | 1374      |
|    iterations      | 269       |
|    time_elapsed    | 801       |
|    total_timesteps | 1101824   |
----------------------------------
------------------------------------------
| rollout/                |              |
|    ep_len_mean          | 8.64e+04     |
|    ep_rew_mean          | -1.09e+05    |
| time/                   |              |
|    fps                  | 1378         |
|    iterations           | 270          |
|    time_elapsed         | 802          |
|    total_timesteps      | 1105920      |
| train/                  |              |
|    approx_kl            | 0.0015211767 |
|    clip_fraction        | 0.00684      |
|    clip_range           | 0.2          |
|    entropy_loss         | -0.658       |
|    explained_variance   | 0.784        |
|    learning_rate        | 0.000193     |
|    loss                 | -0.0521      |
|    n_updates            | 807          |
|    policy_gradient_loss | -0.00275     |
|    value_loss           | 0.00383      |
------------------------------------------
-----------------------------------------
| gold/                   |             |
|    entropy_magnitude    | 9.48        |
| rollout/                |             |
|    ep_len_mean          | 8.64e+04    |
|    ep_rew_mean          | -1.09e+05   |
| time/                   |             |
|    fps                  | 1383        |
|    iterations           | 271         |
|    time_elapsed         | 802         |
|    total_timesteps      | 1110016     |
| train/                  |             |
|    approx_kl            | 0.001752455 |
|    clip_fraction        | 0.00773     |
|    clip_range           | 0.2         |
|    entropy_loss         | -0.632      |
|    explained_variance   | 0.212       |
|    learning_rate        | 0.000193    |
|    loss                 | 0.0257      |
|    n_updates            | 810         |
|    policy_gradient_loss | -0.00177    |
|    value_loss           | 0.0965      |
-----------------------------------------
-----------------------------------------
| rollout/                |             |
|    ep_len_mean          | 8.64e+04    |
|    ep_rew_mean          | -1.09e+05   |
| time/                   |             |
|    fps                  | 1387        |
|    iterations           | 272         |
|    time_elapsed         | 802         |
|    total_timesteps      | 1114112     |
| train/                  |             |
|    approx_kl            | 0.001328782 |
|    clip_fraction        | 0.0048      |
|    clip_range           | 0.2         |
|    entropy_loss         | -0.688      |
|    explained_variance   | 0.504       |
|    learning_rate        | 0.000193    |
|    loss                 | -0.0567     |
|    n_updates            | 813         |
|    policy_gradient_loss | -0.00169    |
|    value_loss           | 0.00994     |
-----------------------------------------
------------------------------------------
| rollout/                |              |
|    ep_len_mean          | 8.64e+04     |
|    ep_rew_mean          | -1.09e+05    |
| time/                   |              |
|    fps                  | 1392         |
|    iterations           | 273          |
|    time_elapsed         | 803          |
|    total_timesteps      | 1118208      |
| train/                  |              |
|    approx_kl            | 0.0012363384 |
|    clip_fraction        | 0.00692      |
|    clip_range           | 0.2          |
|    entropy_loss         | -0.594       |
|    explained_variance   | 0.695        |
|    learning_rate        | 0.000192     |
|    loss                 | -0.0352      |
|    n_updates            | 816          |
|    policy_gradient_loss | -0.00195     |
|    value_loss           | 0.0143       |
------------------------------------------
  ⏱  step 1,120,000  │  FPS   12319  │  RSS   2938 MB
------------------------------------------
| gold/                   |              |
|    entropy_magnitude    | 9.97         |
| hw/                     |              |
|    fps                  | 1.23e+04     |
|    rss_mb               | 2.94e+03     |
| rollout/                |              |
|    ep_len_mean          | 8.64e+04     |
|    ep_rew_mean          | -1.09e+05    |
| time/                   |              |
|    fps                  | 1396         |
|    iterations           | 274          |
|    time_elapsed         | 803          |
|    total_timesteps      | 1122304      |
| train/                  |              |
|    approx_kl            | 0.0010555225 |
|    clip_fraction        | 0.00244      |
|    clip_range           | 0.2          |
|    entropy_loss         | -0.662       |
|    explained_variance   | 0.656        |
|    learning_rate        | 0.000192     |
|    loss                 | -0.0384      |
|    n_updates            | 819          |
|    policy_gradient_loss | -0.00205     |
|    value_loss           | 0.00737      |
------------------------------------------
------------------------------------------
| rollout/                |              |
|    ep_len_mean          | 8.64e+04     |
|    ep_rew_mean          | -1.09e+05    |
| time/                   |              |
|    fps                  | 1401         |
|    iterations           | 275          |
|    time_elapsed         | 803          |
|    total_timesteps      | 1126400      |
| train/                  |              |
|    approx_kl            | 0.0009248938 |
|    clip_fraction        | 0.00163      |
|    clip_range           | 0.2          |
|    entropy_loss         | -0.603       |
|    explained_variance   | 0.701        |
|    learning_rate        | 0.000192     |
|    loss                 | -0.0382      |
|    n_updates            | 822          |
|    policy_gradient_loss | -0.00203     |
|    value_loss           | 0.00725      |
------------------------------------------
------------------------------------------
| gold/                   |              |
|    entropy_magnitude    | 9.14         |
| rollout/                |              |
|    ep_len_mean          | 8.64e+04     |
|    ep_rew_mean          | -1.09e+05    |
| time/                   |              |
|    fps                  | 1405         |
|    iterations           | 276          |
|    time_elapsed         | 804          |
|    total_timesteps      | 1130496      |
| train/                  |              |
|    approx_kl            | 0.0011676389 |
|    clip_fraction        | 0.00171      |
|    clip_range           | 0.2          |
|    entropy_loss         | -0.604       |
|    explained_variance   | 0.728        |
|    learning_rate        | 0.000191     |
|    loss                 | -0.0528      |
|    n_updates            | 825          |
|    policy_gradient_loss | -0.00213     |
|    value_loss           | 0.00567      |
------------------------------------------
------------------------------------------
| rollout/                |              |
|    ep_len_mean          | 8.64e+04     |
|    ep_rew_mean          | -1.09e+05    |
| time/                   |              |
|    fps                  | 1410         |
|    iterations           | 277          |
|    time_elapsed         | 804          |
|    total_timesteps      | 1134592      |
| train/                  |              |
|    approx_kl            | 0.0005837355 |
|    clip_fraction        | 8.14e-05     |
|    clip_range           | 0.2          |
|    entropy_loss         | -0.688       |
|    explained_variance   | 0.65         |
|    learning_rate        | 0.000191     |
|    loss                 | -0.0432      |
|    n_updates            | 828          |
|    policy_gradient_loss | -0.00181     |
|    value_loss           | 0.00703      |
------------------------------------------
------------------------------------------
| rollout/                |              |
|    ep_len_mean          | 8.64e+04     |
|    ep_rew_mean          | -1.09e+05    |
| time/                   |              |
|    fps                  | 1414         |
|    iterations           | 278          |
|    time_elapsed         | 804          |
|    total_timesteps      | 1138688      |
| train/                  |              |
|    approx_kl            | 0.0017812126 |
|    clip_fraction        | 0.012        |
|    clip_range           | 0.2          |
|    entropy_loss         | -0.531       |
|    explained_variance   | 0.709        |
|    learning_rate        | 0.00019      |
|    loss                 | -0.0429      |
|    n_updates            | 831          |
|    policy_gradient_loss | -0.00411     |
|    value_loss           | 0.00665      |
------------------------------------------
  ⏱  step 1,140,000  │  FPS   11760  │  RSS   2938 MB
----------------------------------------
| gold/                   |            |
|    entropy_magnitude    | 8.26       |
| hw/                     |            |
|    fps                  | 1.18e+04   |
|    rss_mb               | 2.94e+03   |
| rollout/                |            |
|    ep_len_mean          | 8.64e+04   |
|    ep_rew_mean          | -1.09e+05  |
| time/                   |            |
|    fps                  | 1419       |
|    iterations           | 279        |
|    time_elapsed         | 805        |
|    total_timesteps      | 1142784    |
| train/                  |            |
|    approx_kl            | 0.00140918 |
|    clip_fraction        | 0.00968    |
|    clip_range           | 0.2        |
|    entropy_loss         | -0.543     |
|    explained_variance   | 0.69       |
|    learning_rate        | 0.00019    |
|    loss                 | -0.0339    |
|    n_updates            | 834        |
|    policy_gradient_loss | -0.00318   |
|    value_loss           | 0.00872    |
----------------------------------------
------------------------------------------
| rollout/                |              |
|    ep_len_mean          | 8.64e+04     |
|    ep_rew_mean          | -1.09e+05    |
| time/                   |              |
|    fps                  | 1423         |
|    iterations           | 280          |
|    time_elapsed         | 805          |
|    total_timesteps      | 1146880      |
| train/                  |              |
|    approx_kl            | 0.0012675126 |
|    clip_fraction        | 0.00155      |
|    clip_range           | 0.2          |
|    entropy_loss         | -0.631       |
|    explained_variance   | 0.733        |
|    learning_rate        | 0.00019      |
|    loss                 | -0.0463      |
|    n_updates            | 837          |
|    policy_gradient_loss | -0.00268     |
|    value_loss           | 0.00548      |
------------------------------------------
Eval num_timesteps=1150000, episode_reward=-25524.01 +/- 1871.30
Episode length: 86400.00 +/- 0.00
------------------------------------------
| eval/                   |              |
|    mean_ep_length       | 8.64e+04     |
|    mean_reward          | -2.55e+04    |
| time/                   |              |
|    total_timesteps      | 1150000      |
| train/                  |              |
|    approx_kl            | 0.0015083423 |
|    clip_fraction        | 0.0048       |
|    clip_range           | 0.2          |
|    entropy_loss         | -0.687       |
|    explained_variance   | 0.701        |
|    learning_rate        | 0.000189     |
|    loss                 | -0.0587      |
|    n_updates            | 840          |
|    policy_gradient_loss | -0.00347     |
|    value_loss           | 0.00656      |
------------------------------------------
----------------------------------
| rollout/           |           |
|    ep_len_mean     | 8.64e+04  |
|    ep_rew_mean     | -1.09e+05 |
| time/              |           |
|    fps             | 1375      |
|    iterations      | 281       |
|    time_elapsed    | 837       |
|    total_timesteps | 1150976   |
----------------------------------
------------------------------------------
| rollout/                |              |
|    ep_len_mean          | 8.64e+04     |
|    ep_rew_mean          | -1.09e+05    |
| time/                   |              |
|    fps                  | 1379         |
|    iterations           | 282          |
|    time_elapsed         | 837          |
|    total_timesteps      | 1155072      |
| train/                  |              |
|    approx_kl            | 0.0008703825 |
|    clip_fraction        | 0.000732     |
|    clip_range           | 0.2          |
|    entropy_loss         | -0.632       |
|    explained_variance   | 0.587        |
|    learning_rate        | 0.000189     |
|    loss                 | -0.0462      |
|    n_updates            | 843          |
|    policy_gradient_loss | -0.00182     |
|    value_loss           | 0.00438      |
------------------------------------------
------------------------------------------
| rollout/                |              |
|    ep_len_mean          | 8.64e+04     |
|    ep_rew_mean          | -1.09e+05    |
| time/                   |              |
|    fps                  | 1383         |
|    iterations           | 283          |
|    time_elapsed         | 837          |
|    total_timesteps      | 1159168      |
| train/                  |              |
|    approx_kl            | 0.0011591616 |
|    clip_fraction        | 0.00334      |
|    clip_range           | 0.2          |
|    entropy_loss         | -0.59        |
|    explained_variance   | 0.725        |
|    learning_rate        | 0.000188     |
|    loss                 | -0.0431      |
|    n_updates            | 846          |
|    policy_gradient_loss | -0.0024      |
|    value_loss           | 0.0041       |
------------------------------------------
  ⏱  step 1,160,000  │  FPS     609  │  RSS   2938 MB
------------------------------------------
| gold/                   |              |
|    entropy_magnitude    | 10.8         |
| hw/                     |              |
|    fps                  | 609          |
|    rss_mb               | 2.94e+03     |
| rollout/                |              |
|    ep_len_mean          | 8.64e+04     |
|    ep_rew_mean          | -1.09e+05    |
| time/                   |              |
|    fps                  | 1388         |
|    iterations           | 284          |
|    time_elapsed         | 838          |
|    total_timesteps      | 1163264      |
| train/                  |              |
|    approx_kl            | 0.0018204898 |
|    clip_fraction        | 0.00708      |
|    clip_range           | 0.2          |
|    entropy_loss         | -0.701       |
|    explained_variance   | 0.651        |
|    learning_rate        | 0.000188     |
|    loss                 | -0.0544      |
|    n_updates            | 849          |
|    policy_gradient_loss | -0.00248     |
|    value_loss           | 0.00609      |
------------------------------------------
------------------------------------------
| rollout/                |              |
|    ep_len_mean          | 8.64e+04     |
|    ep_rew_mean          | -1.09e+05    |
| time/                   |              |
|    fps                  | 1392         |
|    iterations           | 285          |
|    time_elapsed         | 838          |
|    total_timesteps      | 1167360      |
| train/                  |              |
|    approx_kl            | 0.0010613604 |
|    clip_fraction        | 0.00309      |
|    clip_range           | 0.2          |
|    entropy_loss         | -0.663       |
|    explained_variance   | 0.551        |
|    learning_rate        | 0.000188     |
|    loss                 | -0.0469      |
|    n_updates            | 852          |
|    policy_gradient_loss | -0.00194     |
|    value_loss           | 0.00588      |
------------------------------------------
-----------------------------------------
| gold/                   |             |
|    entropy_magnitude    | 9.41        |
| rollout/                |             |
|    ep_len_mean          | 8.64e+04    |
|    ep_rew_mean          | -1.09e+05   |
| time/                   |             |
|    fps                  | 1396        |
|    iterations           | 286         |
|    time_elapsed         | 838         |
|    total_timesteps      | 1171456     |
| train/                  |             |
|    approx_kl            | 0.002022909 |
|    clip_fraction        | 0.00789     |
|    clip_range           | 0.2         |
|    entropy_loss         | -0.611      |
|    explained_variance   | 0.657       |
|    learning_rate        | 0.000187    |
|    loss                 | -0.0413     |
|    n_updates            | 855         |
|    policy_gradient_loss | -0.0024     |
|    value_loss           | 0.00877     |
-----------------------------------------
------------------------------------------
| rollout/                |              |
|    ep_len_mean          | 8.64e+04     |
|    ep_rew_mean          | -1.09e+05    |
| time/                   |              |
|    fps                  | 1401         |
|    iterations           | 287          |
|    time_elapsed         | 839          |
|    total_timesteps      | 1175552      |
| train/                  |              |
|    approx_kl            | 0.0018650901 |
|    clip_fraction        | 0.00936      |
|    clip_range           | 0.2          |
|    entropy_loss         | -0.671       |
|    explained_variance   | 0.664        |
|    learning_rate        | 0.000187     |
|    loss                 | -0.0424      |
|    n_updates            | 858          |
|    policy_gradient_loss | -0.00261     |
|    value_loss           | 0.00355      |
------------------------------------------
------------------------------------------
| rollout/                |              |
|    ep_len_mean          | 8.64e+04     |
|    ep_rew_mean          | -1.09e+05    |
| time/                   |              |
|    fps                  | 1405         |
|    iterations           | 288          |
|    time_elapsed         | 839          |
|    total_timesteps      | 1179648      |
| train/                  |              |
|    approx_kl            | 0.0023610287 |
|    clip_fraction        | 0.0105       |
|    clip_range           | 0.2          |
|    entropy_loss         | -0.664       |
|    explained_variance   | 0.664        |
|    learning_rate        | 0.000186     |
|    loss                 | -0.0439      |
|    n_updates            | 861          |
|    policy_gradient_loss | -0.00419     |
|    value_loss           | 0.00721      |
------------------------------------------
  ⏱  step 1,180,000  │  FPS   12025  │  RSS   2938 MB
------------------------------------------
| gold/                   |              |
|    entropy_magnitude    | 10.2         |
| hw/                     |              |
|    fps                  | 1.2e+04      |
|    rss_mb               | 2.94e+03     |
| rollout/                |              |
|    ep_len_mean          | 8.64e+04     |
|    ep_rew_mean          | -1.09e+05    |
| time/                   |              |
|    fps                  | 1409         |
|    iterations           | 289          |
|    time_elapsed         | 839          |
|    total_timesteps      | 1183744      |
| train/                  |              |
|    approx_kl            | 0.0012204112 |
|    clip_fraction        | 0.00342      |
|    clip_range           | 0.2          |
|    entropy_loss         | -0.659       |
|    explained_variance   | 0.728        |
|    learning_rate        | 0.000186     |
|    loss                 | -0.05        |
|    n_updates            | 864          |
|    policy_gradient_loss | -0.00239     |
|    value_loss           | 0.00632      |
------------------------------------------
------------------------------------------
| rollout/                |              |
|    ep_len_mean          | 8.64e+04     |
|    ep_rew_mean          | -1.09e+05    |
| time/                   |              |
|    fps                  | 1413         |
|    iterations           | 290          |
|    time_elapsed         | 840          |
|    total_timesteps      | 1187840      |
| train/                  |              |
|    approx_kl            | 0.0018907277 |
|    clip_fraction        | 0.0113       |
|    clip_range           | 0.2          |
|    entropy_loss         | -0.628       |
|    explained_variance   | 0.749        |
|    learning_rate        | 0.000186     |
|    loss                 | -0.0447      |
|    n_updates            | 867          |
|    policy_gradient_loss | -0.00459     |
|    value_loss           | 0.00725      |
------------------------------------------
------------------------------------------
| gold/                   |              |
|    entropy_magnitude    | 10.8         |
| rollout/                |              |
|    ep_len_mean          | 8.64e+04     |
|    ep_rew_mean          | -1.09e+05    |
| time/                   |              |
|    fps                  | 1418         |
|    iterations           | 291          |
|    time_elapsed         | 840          |
|    total_timesteps      | 1191936      |
| train/                  |              |
|    approx_kl            | 0.0007975557 |
|    clip_fraction        | 0.00155      |
|    clip_range           | 0.2          |
|    entropy_loss         | -0.698       |
|    explained_variance   | 0.715        |
|    learning_rate        | 0.000185     |
|    loss                 | -0.0504      |
|    n_updates            | 870          |
|    policy_gradient_loss | -0.002       |
|    value_loss           | 0.00541      |
------------------------------------------
------------------------------------------
| rollout/                |              |
|    ep_len_mean          | 8.64e+04     |
|    ep_rew_mean          | -1.09e+05    |
| time/                   |              |
|    fps                  | 1422         |
|    iterations           | 292          |
|    time_elapsed         | 840          |
|    total_timesteps      | 1196032      |
| train/                  |              |
|    approx_kl            | 0.0010075207 |
|    clip_fraction        | 0.00203      |
|    clip_range           | 0.2          |
|    entropy_loss         | -0.611       |
|    explained_variance   | 0.756        |
|    learning_rate        | 0.000185     |
|    loss                 | -0.0397      |
|    n_updates            | 873          |
|    policy_gradient_loss | -0.00233     |
|    value_loss           | 0.005        |
------------------------------------------
Eval num_timesteps=1200000, episode_reward=-25323.48 +/- 2132.47
Episode length: 86400.00 +/- 0.00
------------------------------------------
| eval/                   |              |
|    mean_ep_length       | 8.64e+04     |
|    mean_reward          | -2.53e+04    |
| time/                   |              |
|    total_timesteps      | 1200000      |
| train/                  |              |
|    approx_kl            | 0.0017252206 |
|    clip_fraction        | 0.00732      |
|    clip_range           | 0.2          |
|    entropy_loss         | -0.551       |
|    explained_variance   | 0.487        |
|    learning_rate        | 0.000184     |
|    loss                 | -0.0408      |
|    n_updates            | 876          |
|    policy_gradient_loss | -0.00302     |
|    value_loss           | 0.00579      |
------------------------------------------
    📉 ent_coef → 0.06400  (step 1,200,000)
  ⏱  step 1,200,000  │  FPS     611  │  RSS   2938 MB
----------------------------------
| gold/              |           |
|    ent_coef        | 0.064     |
| hw/                |           |
|    fps             | 611       |
|    rss_mb          | 2.94e+03  |
| rollout/           |           |
|    ep_len_mean     | 8.64e+04  |
|    ep_rew_mean     | -1.09e+05 |
| time/              |           |
|    fps             | 1375      |
|    iterations      | 293       |
|    time_elapsed    | 872       |
|    total_timesteps | 1200128   |
----------------------------------
------------------------------------------
| rollout/                |              |
|    ep_len_mean          | 8.64e+04     |
|    ep_rew_mean          | -1.09e+05    |
| time/                   |              |
|    fps                  | 1380         |
|    iterations           | 294          |
|    time_elapsed         | 872          |
|    total_timesteps      | 1204224      |
| train/                  |              |
|    approx_kl            | 0.0017278641 |
|    clip_fraction        | 0.00562      |
|    clip_range           | 0.2          |
|    entropy_loss         | -0.607       |
|    explained_variance   | 0.599        |
|    learning_rate        | 0.000184     |
|    loss                 | -0.0397      |
|    n_updates            | 879          |
|    policy_gradient_loss | -0.00248     |
|    value_loss           | 0.00543      |
------------------------------------------
-----------------------------------------
| rollout/                |             |
|    ep_len_mean          | 8.64e+04    |
|    ep_rew_mean          | -1.09e+05   |
| time/                   |             |
|    fps                  | 1384        |
|    iterations           | 295         |
|    time_elapsed         | 872         |
|    total_timesteps      | 1208320     |
| train/                  |             |
|    approx_kl            | 0.001282911 |
|    clip_fraction        | 0.00618     |
|    clip_range           | 0.2         |
|    entropy_loss         | -0.58       |
|    explained_variance   | 0.705       |
|    learning_rate        | 0.000184    |
|    loss                 | -0.0523     |
|    n_updates            | 882         |
|    policy_gradient_loss | -0.00328    |
|    value_loss           | 0.0038      |
-----------------------------------------
------------------------------------------
| gold/                   |              |
|    entropy_magnitude    | 9.79         |
| rollout/                |              |
|    ep_len_mean          | 8.64e+04     |
|    ep_rew_mean          | -1.09e+05    |
| time/                   |              |
|    fps                  | 1388         |
|    iterations           | 296          |
|    time_elapsed         | 873          |
|    total_timesteps      | 1212416      |
| train/                  |              |
|    approx_kl            | 0.0013441206 |
|    clip_fraction        | 0.00415      |
|    clip_range           | 0.2          |
|    entropy_loss         | -0.624       |
|    explained_variance   | 0.557        |
|    learning_rate        | 0.000183     |
|    loss                 | -0.0383      |
|    n_updates            | 885          |
|    policy_gradient_loss | -0.00273     |
|    value_loss           | 0.00579      |
------------------------------------------
------------------------------------------
| rollout/                |              |
|    ep_len_mean          | 8.64e+04     |
|    ep_rew_mean          | -1.09e+05    |
| time/                   |              |
|    fps                  | 1392         |
|    iterations           | 297          |
|    time_elapsed         | 873          |
|    total_timesteps      | 1216512      |
| train/                  |              |
|    approx_kl            | 0.0009563648 |
|    clip_fraction        | 0.0026       |
|    clip_range           | 0.2          |
|    entropy_loss         | -0.603       |
|    explained_variance   | 0.677        |
|    learning_rate        | 0.000183     |
|    loss                 | -0.0432      |
|    n_updates            | 888          |
|    policy_gradient_loss | -0.00222     |
|    value_loss           | 0.00448      |
------------------------------------------
  ⏱  step 1,220,000  │  FPS   11501  │  RSS   2938 MB
------------------------------------------
| gold/                   |              |
|    entropy_magnitude    | 9.26         |
| hw/                     |              |
|    fps                  | 1.15e+04     |
|    rss_mb               | 2.94e+03     |
| rollout/                |              |
|    ep_len_mean          | 8.64e+04     |
|    ep_rew_mean          | -1.09e+05    |
| time/                   |              |
|    fps                  | 1396         |
|    iterations           | 298          |
|    time_elapsed         | 873          |
|    total_timesteps      | 1220608      |
| train/                  |              |
|    approx_kl            | 0.0018736024 |
|    clip_fraction        | 0.00659      |
|    clip_range           | 0.2          |
|    entropy_loss         | -0.587       |
|    explained_variance   | 0.575        |
|    learning_rate        | 0.000182     |
|    loss                 | -0.0467      |
|    n_updates            | 891          |
|    policy_gradient_loss | -0.00319     |
|    value_loss           | 0.00451      |
------------------------------------------
-----------------------------------------
| rollout/                |             |
|    ep_len_mean          | 8.64e+04    |
|    ep_rew_mean          | -1.09e+05   |
| time/                   |             |
|    fps                  | 1400        |
|    iterations           | 299         |
|    time_elapsed         | 874         |
|    total_timesteps      | 1224704     |
| train/                  |             |
|    approx_kl            | 0.001006298 |
|    clip_fraction        | 0.00252     |
|    clip_range           | 0.2         |
|    entropy_loss         | -0.472      |
|    explained_variance   | 0.705       |
|    learning_rate        | 0.000182    |
|    loss                 | -0.0313     |
|    n_updates            | 894         |
|    policy_gradient_loss | -0.00268    |
|    value_loss           | 0.00543     |
-----------------------------------------
------------------------------------------
| rollout/                |              |
|    ep_len_mean          | 8.64e+04     |
|    ep_rew_mean          | -1.09e+05    |
| time/                   |              |
|    fps                  | 1404         |
|    iterations           | 300          |
|    time_elapsed         | 874          |
|    total_timesteps      | 1228800      |
| train/                  |              |
|    approx_kl            | 0.0014809032 |
|    clip_fraction        | 0.00545      |
|    clip_range           | 0.2          |
|    entropy_loss         | -0.559       |
|    explained_variance   | 0.657        |
|    learning_rate        | 0.000182     |
|    loss                 | -0.0488      |
|    n_updates            | 897          |
|    policy_gradient_loss | -0.00288     |
|    value_loss           | 0.00416      |
------------------------------------------
----------------------------------------
| gold/                   |            |
|    entropy_magnitude    | 8.27       |
| rollout/                |            |
|    ep_len_mean          | 8.64e+04   |
|    ep_rew_mean          | -1.09e+05  |
| time/                   |            |
|    fps                  | 1408       |
|    iterations           | 301        |
|    time_elapsed         | 875        |
|    total_timesteps      | 1232896    |
| train/                  |            |
|    approx_kl            | 0.00063621 |
|    clip_fraction        | 0.000977   |
|    clip_range           | 0.2        |
|    entropy_loss         | -0.522     |
|    explained_variance   | 0.626      |
|    learning_rate        | 0.000181   |
|    loss                 | -0.0346    |
|    n_updates            | 900        |
|    policy_gradient_loss | -0.00177   |
|    value_loss           | 0.00785    |
----------------------------------------
------------------------------------------
| rollout/                |              |
|    ep_len_mean          | 8.64e+04     |
|    ep_rew_mean          | -1.09e+05    |
| time/                   |              |
|    fps                  | 1413         |
|    iterations           | 302          |
|    time_elapsed         | 875          |
|    total_timesteps      | 1236992      |
| train/                  |              |
|    approx_kl            | 0.0017470722 |
|    clip_fraction        | 0.00871      |
|    clip_range           | 0.2          |
|    entropy_loss         | -0.533       |
|    explained_variance   | 0.534        |
|    learning_rate        | 0.000181     |
|    loss                 | -0.0429      |
|    n_updates            | 903          |
|    policy_gradient_loss | -0.002       |
|    value_loss           | 0.00618      |
------------------------------------------
  ⏱  step 1,240,000  │  FPS   11605  │  RSS   2938 MB
-----------------------------------------
| gold/                   |             |
|    entropy_magnitude    | 8.74        |
| hw/                     |             |
|    fps                  | 1.16e+04    |
|    rss_mb               | 2.94e+03    |
| rollout/                |             |
|    ep_len_mean          | 8.64e+04    |
|    ep_rew_mean          | -1.09e+05   |
| time/                   |             |
|    fps                  | 1417        |
|    iterations           | 303         |
|    time_elapsed         | 875         |
|    total_timesteps      | 1241088     |
| train/                  |             |
|    approx_kl            | 0.000940342 |
|    clip_fraction        | 0.00301     |
|    clip_range           | 0.2         |
|    entropy_loss         | -0.549      |
|    explained_variance   | 0.414       |
|    learning_rate        | 0.00018     |
|    loss                 | -0.0398     |
|    n_updates            | 906         |
|    policy_gradient_loss | -0.00241    |
|    value_loss           | 0.00662     |
-----------------------------------------
------------------------------------------
| rollout/                |              |
|    ep_len_mean          | 8.64e+04     |
|    ep_rew_mean          | -1.09e+05    |
| time/                   |              |
|    fps                  | 1421         |
|    iterations           | 304          |
|    time_elapsed         | 876          |
|    total_timesteps      | 1245184      |
| train/                  |              |
|    approx_kl            | 0.0011157799 |
|    clip_fraction        | 0.00464      |
|    clip_range           | 0.2          |
|    entropy_loss         | -0.5         |
|    explained_variance   | 0.722        |
|    learning_rate        | 0.00018      |
|    loss                 | -0.0491      |
|    n_updates            | 909          |
|    policy_gradient_loss | -0.00432     |
|    value_loss           | 0.00405      |
------------------------------------------
------------------------------------------
| rollout/                |              |
|    ep_len_mean          | 8.64e+04     |
|    ep_rew_mean          | -1.09e+05    |
| time/                   |              |
|    fps                  | 1425         |
|    iterations           | 305          |
|    time_elapsed         | 876          |
|    total_timesteps      | 1249280      |
| train/                  |              |
|    approx_kl            | 0.0012367321 |
|    clip_fraction        | 0.00529      |
|    clip_range           | 0.2          |
|    entropy_loss         | -0.536       |
|    explained_variance   | 0.684        |
|    learning_rate        | 0.00018      |
|    loss                 | -0.0393      |
|    n_updates            | 912          |
|    policy_gradient_loss | -0.00286     |
|    value_loss           | 0.00433      |
------------------------------------------
Eval num_timesteps=1250000, episode_reward=-26144.50 +/- 867.69
Episode length: 86400.00 +/- 0.00
-------------------------------------------
| eval/                   |               |
|    mean_ep_length       | 8.64e+04      |
|    mean_reward          | -2.61e+04     |
| time/                   |               |
|    total_timesteps      | 1250000       |
| train/                  |               |
|    approx_kl            | 0.00071462605 |
|    clip_fraction        | 0.00138       |
|    clip_range           | 0.2           |
|    entropy_loss         | -0.488        |
|    explained_variance   | 0.601         |
|    learning_rate        | 0.000179      |
|    loss                 | -0.0357       |
|    n_updates            | 915           |
|    policy_gradient_loss | -0.00234      |
|    value_loss           | 0.00319       |
-------------------------------------------
----------------------------------
| rollout/           |           |
|    ep_len_mean     | 8.64e+04  |
|    ep_rew_mean     | -1.09e+05 |
| time/              |           |
|    fps             | 1379      |
|    iterations      | 306       |
|    time_elapsed    | 908       |
|    total_timesteps | 1253376   |
----------------------------------
------------------------------------------
| rollout/                |              |
|    ep_len_mean          | 8.64e+04     |
|    ep_rew_mean          | -1.09e+05    |
| time/                   |              |
|    fps                  | 1383         |
|    iterations           | 307          |
|    time_elapsed         | 908          |
|    total_timesteps      | 1257472      |
| train/                  |              |
|    approx_kl            | 0.0012999894 |
|    clip_fraction        | 0.0048       |
|    clip_range           | 0.2          |
|    entropy_loss         | -0.499       |
|    explained_variance   | 0.425        |
|    learning_rate        | 0.000179     |
|    loss                 | -0.0376      |
|    n_updates            | 918          |
|    policy_gradient_loss | -0.00267     |
|    value_loss           | 0.00669      |
------------------------------------------
  ⏱  step 1,260,000  │  FPS     603  │  RSS   2938 MB
------------------------------------------
| gold/                   |              |
|    entropy_magnitude    | 8.74         |
| hw/                     |              |
|    fps                  | 603          |
|    rss_mb               | 2.94e+03     |
| rollout/                |              |
|    ep_len_mean          | 8.64e+04     |
|    ep_rew_mean          | -1.09e+05    |
| time/                   |              |
|    fps                  | 1387         |
|    iterations           | 308          |
|    time_elapsed         | 908          |
|    total_timesteps      | 1261568      |
| train/                  |              |
|    approx_kl            | 0.0018480227 |
|    clip_fraction        | 0.00846      |
|    clip_range           | 0.2          |
|    entropy_loss         | -0.543       |
|    explained_variance   | 0.484        |
|    learning_rate        | 0.000178     |
|    loss                 | -0.0396      |
|    n_updates            | 921          |
|    policy_gradient_loss | -0.00295     |
|    value_loss           | 0.00906      |
------------------------------------------
------------------------------------------
| rollout/                |              |
|    ep_len_mean          | 8.64e+04     |
|    ep_rew_mean          | -1.09e+05    |
| time/                   |              |
|    fps                  | 1391         |
|    iterations           | 309          |
|    time_elapsed         | 909          |
|    total_timesteps      | 1265664      |
| train/                  |              |
|    approx_kl            | 0.0011018474 |
|    clip_fraction        | 0.00415      |
|    clip_range           | 0.2          |
|    entropy_loss         | -0.549       |
|    explained_variance   | 0.652        |
|    learning_rate        | 0.000178     |
|    loss                 | -0.0371      |
|    n_updates            | 924          |
|    policy_gradient_loss | -0.00183     |
|    value_loss           | 0.00427      |
------------------------------------------
-----------------------------------------
| rollout/                |             |
|    ep_len_mean          | 8.64e+04    |
|    ep_rew_mean          | -1.09e+05   |
| time/                   |             |
|    fps                  | 1395        |
|    iterations           | 310         |
|    time_elapsed         | 909         |
|    total_timesteps      | 1269760     |
| train/                  |             |
|    approx_kl            | 0.001465554 |
|    clip_fraction        | 0.00586     |
|    clip_range           | 0.2         |
|    entropy_loss         | -0.503      |
|    explained_variance   | 0.648       |
|    learning_rate        | 0.000178    |
|    loss                 | -0.0323     |
|    n_updates            | 927         |
|    policy_gradient_loss | -0.00236    |
|    value_loss           | 0.00637     |
-----------------------------------------
------------------------------------------
| gold/                   |              |
|    entropy_magnitude    | 8.08         |
| rollout/                |              |
|    ep_len_mean          | 8.64e+04     |
|    ep_rew_mean          | -1.09e+05    |
| time/                   |              |
|    fps                  | 1399         |
|    iterations           | 311          |
|    time_elapsed         | 910          |
|    total_timesteps      | 1273856      |
| train/                  |              |
|    approx_kl            | 0.0014786553 |
|    clip_fraction        | 0.00732      |
|    clip_range           | 0.2          |
|    entropy_loss         | -0.5         |
|    explained_variance   | 0.546        |
|    learning_rate        | 0.000177     |
|    loss                 | -0.0314      |
|    n_updates            | 930          |
|    policy_gradient_loss | -0.00331     |
|    value_loss           | 0.00398      |
------------------------------------------
------------------------------------------
| rollout/                |              |
|    ep_len_mean          | 8.64e+04     |
|    ep_rew_mean          | -1.09e+05    |
| time/                   |              |
|    fps                  | 1403         |
|    iterations           | 312          |
|    time_elapsed         | 910          |
|    total_timesteps      | 1277952      |
| train/                  |              |
|    approx_kl            | 0.0014604386 |
|    clip_fraction        | 0.00863      |
|    clip_range           | 0.2          |
|    entropy_loss         | -0.476       |
|    explained_variance   | 0.61         |
|    learning_rate        | 0.000177     |
|    loss                 | -0.0346      |
|    n_updates            | 933          |
|    policy_gradient_loss | -0.00308     |
|    value_loss           | 0.00528      |
------------------------------------------
  ⏱  step 1,280,000  │  FPS   11509  │  RSS   2938 MB
------------------------------------------
| gold/                   |              |
|    entropy_magnitude    | 6.92         |
| hw/                     |              |
|    fps                  | 1.15e+04     |
|    rss_mb               | 2.94e+03     |
| rollout/                |              |
|    ep_len_mean          | 8.64e+04     |
|    ep_rew_mean          | -1.09e+05    |
| time/                   |              |
|    fps                  | 1407         |
|    iterations           | 313          |
|    time_elapsed         | 910          |
|    total_timesteps      | 1282048      |
| train/                  |              |
|    approx_kl            | 0.0010128766 |
|    clip_fraction        | 0.00366      |
|    clip_range           | 0.2          |
|    entropy_loss         | -0.426       |
|    explained_variance   | 0.657        |
|    learning_rate        | 0.000176     |
|    loss                 | -0.034       |
|    n_updates            | 936          |
|    policy_gradient_loss | -0.00245     |
|    value_loss           | 0.00679      |
------------------------------------------
------------------------------------------
| rollout/                |              |
|    ep_len_mean          | 8.64e+04     |
|    ep_rew_mean          | -1.09e+05    |
| time/                   |              |
|    fps                  | 1411         |
|    iterations           | 314          |
|    time_elapsed         | 911          |
|    total_timesteps      | 1286144      |
| train/                  |              |
|    approx_kl            | 0.0013978608 |
|    clip_fraction        | 0.00684      |
|    clip_range           | 0.2          |
|    entropy_loss         | -0.52        |
|    explained_variance   | 0.6          |
|    learning_rate        | 0.000176     |
|    loss                 | -0.0273      |
|    n_updates            | 939          |
|    policy_gradient_loss | -0.00226     |
|    value_loss           | 0.0205       |
------------------------------------------
------------------------------------------
| gold/                   |              |
|    entropy_magnitude    | 9.21         |
| rollout/                |              |
|    ep_len_mean          | 8.64e+04     |
|    ep_rew_mean          | -1.09e+05    |
| time/                   |              |
|    fps                  | 1415         |
|    iterations           | 315          |
|    time_elapsed         | 911          |
|    total_timesteps      | 1290240      |
| train/                  |              |
|    approx_kl            | 0.0014665646 |
|    clip_fraction        | 0.00773      |
|    clip_range           | 0.2          |
|    entropy_loss         | -0.565       |
|    explained_variance   | 0.683        |
|    learning_rate        | 0.000176     |
|    loss                 | -0.031       |
|    n_updates            | 942          |
|    policy_gradient_loss | -0.00276     |
|    value_loss           | 0.00876      |
------------------------------------------
-------------------------------------------
| rollout/                |               |
|    ep_len_mean          | 8.64e+04      |
|    ep_rew_mean          | -1.09e+05     |
| time/                   |               |
|    fps                  | 1419          |
|    iterations           | 316           |
|    time_elapsed         | 911           |
|    total_timesteps      | 1294336       |
| train/                  |               |
|    approx_kl            | 0.00081769086 |
|    clip_fraction        | 0.00212       |
|    clip_range           | 0.2           |
|    entropy_loss         | -0.451        |
|    explained_variance   | 0.553         |
|    learning_rate        | 0.000175      |
|    loss                 | -0.0248       |
|    n_updates            | 945           |
|    policy_gradient_loss | -0.00201      |
|    value_loss           | 0.00679       |
-------------------------------------------
-------------------------------------------
| rollout/                |               |
|    ep_len_mean          | 8.64e+04      |
|    ep_rew_mean          | -1.09e+05     |
| time/                   |               |
|    fps                  | 1423          |
|    iterations           | 317           |
|    time_elapsed         | 912           |
|    total_timesteps      | 1298432       |
| train/                  |               |
|    approx_kl            | 0.00079520553 |
|    clip_fraction        | 0.00285       |
|    clip_range           | 0.2           |
|    entropy_loss         | -0.361        |
|    explained_variance   | 0.644         |
|    learning_rate        | 0.000175      |
|    loss                 | -0.0222       |
|    n_updates            | 948           |
|    policy_gradient_loss | -0.00276      |
|    value_loss           | 0.00557       |
-------------------------------------------
Eval num_timesteps=1300000, episode_reward=-24307.27 +/- 1000.56
Episode length: 86400.00 +/- 0.00
------------------------------------------
| eval/                   |              |
|    mean_ep_length       | 8.64e+04     |
|    mean_reward          | -2.43e+04    |
| time/                   |              |
|    total_timesteps      | 1300000      |
| train/                  |              |
|    approx_kl            | 0.0019420157 |
|    clip_fraction        | 0.0107       |
|    clip_range           | 0.2          |
|    entropy_loss         | -0.489       |
|    explained_variance   | 0.333        |
|    learning_rate        | 0.000174     |
|    loss                 | -0.029       |
|    n_updates            | 951          |
|    policy_gradient_loss | -0.00267     |
|    value_loss           | 0.00504      |
------------------------------------------
New best mean reward!
    📉 ent_coef → 0.06100  (step 1,300,000)
  ⏱  step 1,300,000  │  FPS     612  │  RSS   2938 MB
----------------------------------
| gold/              |           |
|    ent_coef        | 0.061     |
| hw/                |           |
|    fps             | 612       |
|    rss_mb          | 2.94e+03  |
| rollout/           |           |
|    ep_len_mean     | 8.64e+04  |
|    ep_rew_mean     | -1.09e+05 |
| time/              |           |
|    fps             | 1380      |
|    iterations      | 318       |
|    time_elapsed    | 943       |
|    total_timesteps | 1302528   |
----------------------------------
------------------------------------------
| rollout/                |              |
|    ep_len_mean          | 8.64e+04     |
|    ep_rew_mean          | -1.09e+05    |
| time/                   |              |
|    fps                  | 1384         |
|    iterations           | 319          |
|    time_elapsed         | 943          |
|    total_timesteps      | 1306624      |
| train/                  |              |
|    approx_kl            | 0.0019836468 |
|    clip_fraction        | 0.0112       |
|    clip_range           | 0.2          |
|    entropy_loss         | -0.496       |
|    explained_variance   | 0.544        |
|    learning_rate        | 0.000174     |
|    loss                 | -0.0419      |
|    n_updates            | 954          |
|    policy_gradient_loss | -0.00322     |
|    value_loss           | 0.0073       |
------------------------------------------
------------------------------------------
| gold/                   |              |
|    entropy_magnitude    | 7.51         |
| rollout/                |              |
|    ep_len_mean          | 8.64e+04     |
|    ep_rew_mean          | -1.09e+05    |
| time/                   |              |
|    fps                  | 1388         |
|    iterations           | 320          |
|    time_elapsed         | 944          |
|    total_timesteps      | 1310720      |
| train/                  |              |
|    approx_kl            | 0.0003017126 |
|    clip_fraction        | 8.14e-05     |
|    clip_range           | 0.2          |
|    entropy_loss         | -0.456       |
|    explained_variance   | 0.458        |
|    learning_rate        | 0.000174     |
|    loss                 | -0.0283      |
|    n_updates            | 957          |
|    policy_gradient_loss | -0.00078     |
|    value_loss           | 0.0059       |
------------------------------------------
-----------------------------------------
| rollout/                |             |
|    ep_len_mean          | 8.64e+04    |
|    ep_rew_mean          | -1.09e+05   |
| time/                   |             |
|    fps                  | 1392        |
|    iterations           | 321         |
|    time_elapsed         | 944         |
|    total_timesteps      | 1314816     |
| train/                  |             |
|    approx_kl            | 0.001578099 |
|    clip_fraction        | 0.0092      |
|    clip_range           | 0.2         |
|    entropy_loss         | -0.627      |
|    explained_variance   | 0.699       |
|    learning_rate        | 0.000173    |
|    loss                 | -0.0461     |
|    n_updates            | 960         |
|    policy_gradient_loss | -0.00251    |
|    value_loss           | 0.0134      |
-----------------------------------------
------------------------------------------
| rollout/                |              |
|    ep_len_mean          | 8.64e+04     |
|    ep_rew_mean          | -1.09e+05    |
| time/                   |              |
|    fps                  | 1395         |
|    iterations           | 322          |
|    time_elapsed         | 944          |
|    total_timesteps      | 1318912      |
| train/                  |              |
|    approx_kl            | 0.0010299799 |
|    clip_fraction        | 0.00236      |
|    clip_range           | 0.2          |
|    entropy_loss         | -0.515       |
|    explained_variance   | 0.505        |
|    learning_rate        | 0.000173     |
|    loss                 | -0.0296      |
|    n_updates            | 963          |
|    policy_gradient_loss | -0.00177     |
|    value_loss           | 0.00753      |
------------------------------------------
  ⏱  step 1,320,000  │  FPS   11554  │  RSS   2938 MB
------------------------------------------
| gold/                   |              |
|    entropy_magnitude    | 7.71         |
| hw/                     |              |
|    fps                  | 1.16e+04     |
|    rss_mb               | 2.94e+03     |
| rollout/                |              |
|    ep_len_mean          | 8.64e+04     |
|    ep_rew_mean          | -1.09e+05    |
| time/                   |              |
|    fps                  | 1399         |
|    iterations           | 323          |
|    time_elapsed         | 945          |
|    total_timesteps      | 1323008      |
| train/                  |              |
|    approx_kl            | 0.0013392402 |
|    clip_fraction        | 0.00635      |
|    clip_range           | 0.2          |
|    entropy_loss         | -0.466       |
|    explained_variance   | 0.572        |
|    learning_rate        | 0.000173     |
|    loss                 | -0.0317      |
|    n_updates            | 966          |
|    policy_gradient_loss | -0.0027      |
|    value_loss           | 0.0051       |
------------------------------------------
-------------------------------------------
| rollout/                |               |
|    ep_len_mean          | 8.64e+04      |
|    ep_rew_mean          | -1.09e+05     |
| time/                   |               |
|    fps                  | 1403          |
|    iterations           | 324           |
|    time_elapsed         | 945           |
|    total_timesteps      | 1327104       |
| train/                  |               |
|    approx_kl            | 0.00090654904 |
|    clip_fraction        | 0.00195       |
|    clip_range           | 0.2           |
|    entropy_loss         | -0.492        |
|    explained_variance   | 0.71          |
|    learning_rate        | 0.000172      |
|    loss                 | -0.0287       |
|    n_updates            | 969           |
|    policy_gradient_loss | -0.00224      |
|    value_loss           | 0.00823       |
-------------------------------------------
-------------------------------------------
| gold/                   |               |
|    entropy_magnitude    | 6.39          |
| rollout/                |               |
|    ep_len_mean          | 8.64e+04      |
|    ep_rew_mean          | -1.09e+05     |
| time/                   |               |
|    fps                  | 1407          |
|    iterations           | 325           |
|    time_elapsed         | 945           |
|    total_timesteps      | 1331200       |
| train/                  |               |
|    approx_kl            | 0.00039284007 |
|    clip_fraction        | 0.000244      |
|    clip_range           | 0.2           |
|    entropy_loss         | -0.384        |
|    explained_variance   | 0.592         |
|    learning_rate        | 0.000172      |
|    loss                 | -0.0177       |
|    n_updates            | 972           |
|    policy_gradient_loss | -0.000956     |
|    value_loss           | 0.00869       |
-------------------------------------------
----------------------------------------
| rollout/                |            |
|    ep_len_mean          | 8.64e+04   |
|    ep_rew_mean          | -1.09e+05  |
| time/                   |            |
|    fps                  | 1411       |
|    iterations           | 326        |
|    time_elapsed         | 946        |
|    total_timesteps      | 1335296    |
| train/                  |            |
|    approx_kl            | 0.00168948 |
|    clip_fraction        | 0.00708    |
|    clip_range           | 0.2        |
|    entropy_loss         | -0.48      |
|    explained_variance   | 0.705      |
|    learning_rate        | 0.000171   |
|    loss                 | -0.0319    |
|    n_updates            | 975        |
|    policy_gradient_loss | -0.0034    |
|    value_loss           | 0.00724    |
----------------------------------------
------------------------------------------
| rollout/                |              |
|    ep_len_mean          | 8.64e+04     |
|    ep_rew_mean          | -1.09e+05    |
| time/                   |              |
|    fps                  | 1414         |
|    iterations           | 327          |
|    time_elapsed         | 946          |
|    total_timesteps      | 1339392      |
| train/                  |              |
|    approx_kl            | 0.0012540058 |
|    clip_fraction        | 0.0057       |
|    clip_range           | 0.2          |
|    entropy_loss         | -0.363       |
|    explained_variance   | 0.628        |
|    learning_rate        | 0.000171     |
|    loss                 | -0.0228      |
|    n_updates            | 978          |
|    policy_gradient_loss | -0.00223     |
|    value_loss           | 0.00728      |
------------------------------------------
  ⏱  step 1,340,000  │  FPS   11547  │  RSS   2938 MB
-------------------------------------------
| gold/                   |               |
|    entropy_magnitude    | 7.33          |
| hw/                     |               |
|    fps                  | 1.15e+04      |
|    rss_mb               | 2.94e+03      |
| rollout/                |               |
|    ep_len_mean          | 8.64e+04      |
|    ep_rew_mean          | -1.09e+05     |
| time/                   |               |
|    fps                  | 1418          |
|    iterations           | 328           |
|    time_elapsed         | 947           |
|    total_timesteps      | 1343488       |
| train/                  |               |
|    approx_kl            | 0.00034886302 |
|    clip_fraction        | 0.000244      |
|    clip_range           | 0.2           |
|    entropy_loss         | -0.439        |
|    explained_variance   | 0.592         |
|    learning_rate        | 0.000171      |
|    loss                 | -0.028        |
|    n_updates            | 981           |
|    policy_gradient_loss | -0.00137      |
|    value_loss           | 0.012         |
-------------------------------------------
------------------------------------------
| rollout/                |              |
|    ep_len_mean          | 8.64e+04     |
|    ep_rew_mean          | -1.09e+05    |
| time/                   |              |
|    fps                  | 1422         |
|    iterations           | 329          |
|    time_elapsed         | 947          |
|    total_timesteps      | 1347584      |
| train/                  |              |
|    approx_kl            | 0.0011006708 |
|    clip_fraction        | 0.00415      |
|    clip_range           | 0.2          |
|    entropy_loss         | -0.471       |
|    explained_variance   | 0.677        |
|    learning_rate        | 0.00017      |
|    loss                 | -0.0293      |
|    n_updates            | 984          |
|    policy_gradient_loss | -0.0018      |
|    value_loss           | 0.0123       |
------------------------------------------
Eval num_timesteps=1350000, episode_reward=-24434.33 +/- 716.00
Episode length: 86400.00 +/- 0.00
------------------------------------------
| eval/                   |              |
|    mean_ep_length       | 8.64e+04     |
|    mean_reward          | -2.44e+04    |
| time/                   |              |
|    total_timesteps      | 1350000      |
| train/                  |              |
|    approx_kl            | 0.0020253104 |
|    clip_fraction        | 0.0116       |
|    clip_range           | 0.2          |
|    entropy_loss         | -0.459       |
|    explained_variance   | 0.453        |
|    learning_rate        | 0.00017      |
|    loss                 | -0.0296      |
|    n_updates            | 987          |
|    policy_gradient_loss | -0.00262     |
|    value_loss           | 0.0102       |
------------------------------------------
----------------------------------
| rollout/           |           |
|    ep_len_mean     | 8.64e+04  |
|    ep_rew_mean     | -1.09e+05 |
| time/              |           |
|    fps             | 1380      |
|    iterations      | 330       |
|    time_elapsed    | 979       |
|    total_timesteps | 1351680   |
----------------------------------
------------------------------------------
| rollout/                |              |
|    ep_len_mean          | 8.64e+04     |
|    ep_rew_mean          | -1.09e+05    |
| time/                   |              |
|    fps                  | 1383         |
|    iterations           | 331          |
|    time_elapsed         | 979          |
|    total_timesteps      | 1355776      |
| train/                  |              |
|    approx_kl            | 0.0011933823 |
|    clip_fraction        | 0.00456      |
|    clip_range           | 0.2          |
|    entropy_loss         | -0.46        |
|    explained_variance   | 0.688        |
|    learning_rate        | 0.000169     |
|    loss                 | -0.0229      |
|    n_updates            | 990          |
|    policy_gradient_loss | -0.00134     |
|    value_loss           | 0.00794      |
------------------------------------------
------------------------------------------
| rollout/                |              |
|    ep_len_mean          | 8.64e+04     |
|    ep_rew_mean          | -1.09e+05    |
| time/                   |              |
|    fps                  | 1387         |
|    iterations           | 332          |
|    time_elapsed         | 980          |
|    total_timesteps      | 1359872      |
| train/                  |              |
|    approx_kl            | 0.0013518541 |
|    clip_fraction        | 0.00895      |
|    clip_range           | 0.2          |
|    entropy_loss         | -0.421       |
|    explained_variance   | 0.661        |
|    learning_rate        | 0.000169     |
|    loss                 | -0.0245      |
|    n_updates            | 993          |
|    policy_gradient_loss | -0.00239     |
|    value_loss           | 0.00478      |
------------------------------------------
  ⏱  step 1,360,000  │  FPS     599  │  RSS   2938 MB
------------------------------------------
| gold/                   |              |
|    entropy_magnitude    | 8.4          |
| hw/                     |              |
|    fps                  | 599          |
|    rss_mb               | 2.94e+03     |
| rollout/                |              |
|    ep_len_mean          | 8.64e+04     |
|    ep_rew_mean          | -1.09e+05    |
| time/                   |              |
|    fps                  | 1391         |
|    iterations           | 333          |
|    time_elapsed         | 980          |
|    total_timesteps      | 1363968      |
| train/                  |              |
|    approx_kl            | 0.0018729737 |
|    clip_fraction        | 0.00977      |
|    clip_range           | 0.2          |
|    entropy_loss         | -0.497       |
|    explained_variance   | 0.636        |
|    learning_rate        | 0.000169     |
|    loss                 | -0.0339      |
|    n_updates            | 996          |
|    policy_gradient_loss | -0.00316     |
|    value_loss           | 0.00509      |
------------------------------------------
------------------------------------------
| rollout/                |              |
|    ep_len_mean          | 8.64e+04     |
|    ep_rew_mean          | -1.09e+05    |
| time/                   |              |
|    fps                  | 1394         |
|    iterations           | 334          |
|    time_elapsed         | 980          |
|    total_timesteps      | 1368064      |
| train/                  |              |
|    approx_kl            | 0.0014308433 |
|    clip_fraction        | 0.00765      |
|    clip_range           | 0.2          |
|    entropy_loss         | -0.507       |
|    explained_variance   | 0.731        |
|    learning_rate        | 0.000168     |
|    loss                 | -0.0326      |
|    n_updates            | 999          |
|    policy_gradient_loss | -0.00246     |
|    value_loss           | 0.00704      |
------------------------------------------
-----------------------------------------
| gold/                   |             |
|    entropy_magnitude    | 7.42        |
| rollout/                |             |
|    ep_len_mean          | 8.64e+04    |
|    ep_rew_mean          | -1.09e+05   |
| time/                   |             |
|    fps                  | 1398        |
|    iterations           | 335         |
|    time_elapsed         | 981         |
|    total_timesteps      | 1372160     |
| train/                  |             |
|    approx_kl            | 0.001413024 |
|    clip_fraction        | 0.00789     |
|    clip_range           | 0.2         |
|    entropy_loss         | -0.437      |
|    explained_variance   | 0.458       |
|    learning_rate        | 0.000168    |
|    loss                 | -0.027      |
|    n_updates            | 1002        |
|    policy_gradient_loss | -0.00202    |
|    value_loss           | 0.00577     |
-----------------------------------------
------------------------------------------
| rollout/                |              |
|    ep_len_mean          | 8.64e+04     |
|    ep_rew_mean          | -1.09e+05    |
| time/                   |              |
|    fps                  | 1402         |
|    iterations           | 336          |
|    time_elapsed         | 981          |
|    total_timesteps      | 1376256      |
| train/                  |              |
|    approx_kl            | 0.0013872201 |
|    clip_fraction        | 0.00765      |
|    clip_range           | 0.2          |
|    entropy_loss         | -0.433       |
|    explained_variance   | 0.681        |
|    learning_rate        | 0.000167     |
|    loss                 | -0.0254      |
|    n_updates            | 1005         |
|    policy_gradient_loss | -0.00236     |
|    value_loss           | 0.0112       |
------------------------------------------
  ⏱  step 1,380,000  │  FPS   11880  │  RSS   2938 MB
------------------------------------------
| gold/                   |              |
|    entropy_magnitude    | 7.75         |
| hw/                     |              |
|    fps                  | 1.19e+04     |
|    rss_mb               | 2.94e+03     |
| rollout/                |              |
|    ep_len_mean          | 8.64e+04     |
|    ep_rew_mean          | -1.09e+05    |
| time/                   |              |
|    fps                  | 1405         |
|    iterations           | 337          |
|    time_elapsed         | 981          |
|    total_timesteps      | 1380352      |
| train/                  |              |
|    approx_kl            | 0.0013712472 |
|    clip_fraction        | 0.00635      |
|    clip_range           | 0.2          |
|    entropy_loss         | -0.454       |
|    explained_variance   | 0.675        |
|    learning_rate        | 0.000167     |
|    loss                 | -0.0243      |
|    n_updates            | 1008         |
|    policy_gradient_loss | -0.00314     |
|    value_loss           | 0.00687      |
------------------------------------------
------------------------------------------
| rollout/                |              |
|    ep_len_mean          | 8.64e+04     |
|    ep_rew_mean          | -9.33e+04    |
| time/                   |              |
|    fps                  | 1409         |
|    iterations           | 338          |
|    time_elapsed         | 982          |
|    total_timesteps      | 1384448      |
| train/                  |              |
|    approx_kl            | 0.0005514028 |
|    clip_fraction        | 0.00122      |
|    clip_range           | 0.2          |
|    entropy_loss         | -0.41        |
|    explained_variance   | 0.697        |
|    learning_rate        | 0.000167     |
|    loss                 | -0.0214      |
|    n_updates            | 1011         |
|    policy_gradient_loss | -0.00133     |
|    value_loss           | 0.0042       |
------------------------------------------
-------------------------------------------
| rollout/                |               |
|    ep_len_mean          | 8.64e+04      |
|    ep_rew_mean          | -9.33e+04     |
| time/                   |               |
|    fps                  | 1413          |
|    iterations           | 339           |
|    time_elapsed         | 982           |
|    total_timesteps      | 1388544       |
| train/                  |               |
|    approx_kl            | 0.00080757606 |
|    clip_fraction        | 0.00309       |
|    clip_range           | 0.2           |
|    entropy_loss         | -0.406        |
|    explained_variance   | 0.715         |
|    learning_rate        | 0.000166      |
|    loss                 | -0.0247       |
|    n_updates            | 1014          |
|    policy_gradient_loss | -0.00166      |
|    value_loss           | 0.00407       |
-------------------------------------------
------------------------------------------
| gold/                   |              |
|    entropy_magnitude    | 7.48         |
| rollout/                |              |
|    ep_len_mean          | 8.64e+04     |
|    ep_rew_mean          | -9.33e+04    |
| time/                   |              |
|    fps                  | 1416         |
|    iterations           | 340          |
|    time_elapsed         | 982          |
|    total_timesteps      | 1392640      |
| train/                  |              |
|    approx_kl            | 0.0015617346 |
|    clip_fraction        | 0.00806      |
|    clip_range           | 0.2          |
|    entropy_loss         | -0.436       |
|    explained_variance   | 0.58         |
|    learning_rate        | 0.000166     |
|    loss                 | -0.0244      |
|    n_updates            | 1017         |
|    policy_gradient_loss | -0.00282     |
|    value_loss           | 0.00536      |
------------------------------------------
------------------------------------------
| rollout/                |              |
|    ep_len_mean          | 8.64e+04     |
|    ep_rew_mean          | -9.33e+04    |
| time/                   |              |
|    fps                  | 1420         |
|    iterations           | 341          |
|    time_elapsed         | 983          |
|    total_timesteps      | 1396736      |
| train/                  |              |
|    approx_kl            | 0.0015594533 |
|    clip_fraction        | 0.00789      |
|    clip_range           | 0.2          |
|    entropy_loss         | -0.484       |
|    explained_variance   | 0.561        |
|    learning_rate        | 0.000165     |
|    loss                 | -0.0385      |
|    n_updates            | 1020         |
|    policy_gradient_loss | -0.00371     |
|    value_loss           | 0.00708      |
------------------------------------------
Eval num_timesteps=1400000, episode_reward=-24265.13 +/- 936.25
Episode length: 86400.00 +/- 0.00
------------------------------------------
| eval/                   |              |
|    mean_ep_length       | 8.64e+04     |
|    mean_reward          | -2.43e+04    |
| time/                   |              |
|    total_timesteps      | 1400000      |
| train/                  |              |
|    approx_kl            | 0.0008611312 |
|    clip_fraction        | 0.00301      |
|    clip_range           | 0.2          |
|    entropy_loss         | -0.397       |
|    explained_variance   | 0.636        |
|    learning_rate        | 0.000165     |
|    loss                 | -0.0211      |
|    n_updates            | 1023         |
|    policy_gradient_loss | -0.00253     |
|    value_loss           | 0.005        |
------------------------------------------
New best mean reward!
    📉 ent_coef → 0.05800  (step 1,400,000)
  ⏱  step 1,400,000  │  FPS     606  │  RSS   2938 MB
----------------------------------
| gold/              |           |
|    ent_coef        | 0.058     |
| hw/                |           |
|    fps             | 606       |
|    rss_mb          | 2.94e+03  |
| rollout/           |           |
|    ep_len_mean     | 8.64e+04  |
|    ep_rew_mean     | -9.33e+04 |
| time/              |           |
|    fps             | 1380      |
|    iterations      | 342       |
|    time_elapsed    | 1014      |
|    total_timesteps | 1400832   |
----------------------------------
------------------------------------------
| rollout/                |              |
|    ep_len_mean          | 8.64e+04     |
|    ep_rew_mean          | -9.33e+04    |
| time/                   |              |
|    fps                  | 1383         |
|    iterations           | 343          |
|    time_elapsed         | 1015         |
|    total_timesteps      | 1404928      |
| train/                  |              |
|    approx_kl            | 0.0005931225 |
|    clip_fraction        | 0.000814     |
|    clip_range           | 0.2          |
|    entropy_loss         | -0.426       |
|    explained_variance   | 0.547        |
|    learning_rate        | 0.000165     |
|    loss                 | -0.0307      |
|    n_updates            | 1026         |
|    policy_gradient_loss | -0.00148     |
|    value_loss           | 0.00279      |
------------------------------------------
------------------------------------------
| rollout/                |              |
|    ep_len_mean          | 8.64e+04     |
|    ep_rew_mean          | -9.33e+04    |
| time/                   |              |
|    fps                  | 1387         |
|    iterations           | 344          |
|    time_elapsed         | 1015         |
|    total_timesteps      | 1409024      |
| train/                  |              |
|    approx_kl            | 0.0005168312 |
|    clip_fraction        | 0.000651     |
|    clip_range           | 0.2          |
|    entropy_loss         | -0.363       |
|    explained_variance   | 0.586        |
|    learning_rate        | 0.000164     |
|    loss                 | -0.0221      |
|    n_updates            | 1029         |
|    policy_gradient_loss | -0.00126     |
|    value_loss           | 0.00535      |
------------------------------------------
------------------------------------------
| gold/                   |              |
|    entropy_magnitude    | 7.52         |
| rollout/                |              |
|    ep_len_mean          | 8.64e+04     |
|    ep_rew_mean          | -9.33e+04    |
| time/                   |              |
|    fps                  | 1391         |
|    iterations           | 345          |
|    time_elapsed         | 1015         |
|    total_timesteps      | 1413120      |
| train/                  |              |
|    approx_kl            | 0.0005439331 |
|    clip_fraction        | 0.00187      |
|    clip_range           | 0.2          |
|    entropy_loss         | -0.434       |
|    explained_variance   | 0.141        |
|    learning_rate        | 0.000164     |
|    loss                 | -0.0133      |
|    n_updates            | 1032         |
|    policy_gradient_loss | -0.00049     |
|    value_loss           | 0.0843       |
------------------------------------------
------------------------------------------
| rollout/                |              |
|    ep_len_mean          | 8.64e+04     |
|    ep_rew_mean          | -9.33e+04    |
| time/                   |              |
|    fps                  | 1394         |
|    iterations           | 346          |
|    time_elapsed         | 1016         |
|    total_timesteps      | 1417216      |
| train/                  |              |
|    approx_kl            | 0.0016997458 |
|    clip_fraction        | 0.0102       |
|    clip_range           | 0.2          |
|    entropy_loss         | -0.383       |
|    explained_variance   | 0.5          |
|    learning_rate        | 0.000163     |
|    loss                 | -0.021       |
|    n_updates            | 1035         |
|    policy_gradient_loss | -0.00271     |
|    value_loss           | 0.0248       |
------------------------------------------
  ⏱  step 1,420,000  │  FPS   12112  │  RSS   2938 MB
-------------------------------------------
| gold/                   |               |
|    entropy_magnitude    | 7.93          |
| hw/                     |               |
|    fps                  | 1.21e+04      |
|    rss_mb               | 2.94e+03      |
| rollout/                |               |
|    ep_len_mean          | 8.64e+04      |
|    ep_rew_mean          | -9.33e+04     |
| time/                   |               |
|    fps                  | 1398          |
|    iterations           | 347           |
|    time_elapsed         | 1016          |
|    total_timesteps      | 1421312       |
| train/                  |               |
|    approx_kl            | 0.00077143527 |
|    clip_fraction        | 0.00285       |
|    clip_range           | 0.2           |
|    entropy_loss         | -0.455        |
|    explained_variance   | 0.387         |
|    learning_rate        | 0.000163      |
|    loss                 | -0.0203       |
|    n_updates            | 1038          |
|    policy_gradient_loss | -0.00112      |
|    value_loss           | 0.0122        |
-------------------------------------------
-------------------------------------------
| rollout/                |               |
|    ep_len_mean          | 8.64e+04      |
|    ep_rew_mean          | -9.33e+04     |
| time/                   |               |
|    fps                  | 1401          |
|    iterations           | 348           |
|    time_elapsed         | 1016          |
|    total_timesteps      | 1425408       |
| train/                  |               |
|    approx_kl            | 0.00073049637 |
|    clip_fraction        | 0.0022        |
|    clip_range           | 0.2           |
|    entropy_loss         | -0.43         |
|    explained_variance   | 0.295         |
|    learning_rate        | 0.000163      |
|    loss                 | -0.0274       |
|    n_updates            | 1041          |
|    policy_gradient_loss | -0.00116      |
|    value_loss           | 0.00868       |
-------------------------------------------
------------------------------------------
| rollout/                |              |
|    ep_len_mean          | 8.64e+04     |
|    ep_rew_mean          | -9.33e+04    |
| time/                   |              |
|    fps                  | 1405         |
|    iterations           | 349          |
|    time_elapsed         | 1017         |
|    total_timesteps      | 1429504      |
| train/                  |              |
|    approx_kl            | 0.0011035368 |
|    clip_fraction        | 0.00431      |
|    clip_range           | 0.2          |
|    entropy_loss         | -0.446       |
|    explained_variance   | 0.743        |
|    learning_rate        | 0.000162     |
|    loss                 | -0.0285      |
|    n_updates            | 1044         |
|    policy_gradient_loss | -0.00251     |
|    value_loss           | 0.00685      |
------------------------------------------
-----------------------------------------
| gold/                   |             |
|    entropy_magnitude    | 7.05        |
| rollout/                |             |
|    ep_len_mean          | 8.64e+04    |
|    ep_rew_mean          | -9.33e+04   |
| time/                   |             |
|    fps                  | 1408        |
|    iterations           | 350         |
|    time_elapsed         | 1017        |
|    total_timesteps      | 1433600     |
| train/                  |             |
|    approx_kl            | 0.001086201 |
|    clip_fraction        | 0.00342     |
|    clip_range           | 0.2         |
|    entropy_loss         | -0.403      |
|    explained_variance   | 0.475       |
|    learning_rate        | 0.000162    |
|    loss                 | -0.0297     |
|    n_updates            | 1047        |
|    policy_gradient_loss | -0.00244    |
|    value_loss           | 0.00567     |
-----------------------------------------
-------------------------------------------
| rollout/                |               |
|    ep_len_mean          | 8.64e+04      |
|    ep_rew_mean          | -9.33e+04     |
| time/                   |               |
|    fps                  | 1412          |
|    iterations           | 351           |
|    time_elapsed         | 1017          |
|    total_timesteps      | 1437696       |
| train/                  |               |
|    approx_kl            | 0.00063426106 |
|    clip_fraction        | 0.00155       |
|    clip_range           | 0.2           |
|    entropy_loss         | -0.482        |
|    explained_variance   | 0.512         |
|    learning_rate        | 0.000161      |
|    loss                 | -0.0308       |
|    n_updates            | 1050          |
|    policy_gradient_loss | -0.00126      |
|    value_loss           | 0.0102        |
-------------------------------------------
  ⏱  step 1,440,000  │  FPS   11464  │  RSS   2938 MB
------------------------------------------
| gold/                   |              |
|    entropy_magnitude    | 9.51         |
| hw/                     |              |
|    fps                  | 1.15e+04     |
|    rss_mb               | 2.94e+03     |
| rollout/                |              |
|    ep_len_mean          | 8.64e+04     |
|    ep_rew_mean          | -9.33e+04    |
| time/                   |              |
|    fps                  | 1415         |
|    iterations           | 352          |
|    time_elapsed         | 1018         |
|    total_timesteps      | 1441792      |
| train/                  |              |
|    approx_kl            | 0.0019358759 |
|    clip_fraction        | 0.0111       |
|    clip_range           | 0.2          |
|    entropy_loss         | -0.54        |
|    explained_variance   | 0.596        |
|    learning_rate        | 0.000161     |
|    loss                 | -0.0242      |
|    n_updates            | 1053         |
|    policy_gradient_loss | -0.00268     |
|    value_loss           | 0.0126       |
------------------------------------------
------------------------------------------
| rollout/                |              |
|    ep_len_mean          | 8.64e+04     |
|    ep_rew_mean          | -9.33e+04    |
| time/                   |              |
|    fps                  | 1419         |
|    iterations           | 353          |
|    time_elapsed         | 1018         |
|    total_timesteps      | 1445888      |
| train/                  |              |
|    approx_kl            | 0.0009850455 |
|    clip_fraction        | 0.00317      |
|    clip_range           | 0.2          |
|    entropy_loss         | -0.453       |
|    explained_variance   | 0.64         |
|    learning_rate        | 0.000161     |
|    loss                 | -0.0269      |
|    n_updates            | 1056         |
|    policy_gradient_loss | -0.00242     |
|    value_loss           | 0.0153       |
------------------------------------------
------------------------------------------
| rollout/                |              |
|    ep_len_mean          | 8.64e+04     |
|    ep_rew_mean          | -9.33e+04    |
| time/                   |              |
|    fps                  | 1422         |
|    iterations           | 354          |
|    time_elapsed         | 1019         |
|    total_timesteps      | 1449984      |
| train/                  |              |
|    approx_kl            | 0.0014281695 |
|    clip_fraction        | 0.00651      |
|    clip_range           | 0.2          |
|    entropy_loss         | -0.362       |
|    explained_variance   | 0.733        |
|    learning_rate        | 0.00016      |
|    loss                 | -0.0264      |
|    n_updates            | 1059         |
|    policy_gradient_loss | -0.00358     |
|    value_loss           | 0.00535      |
------------------------------------------
Eval num_timesteps=1450000, episode_reward=-24915.11 +/- 608.88
Episode length: 86400.00 +/- 0.00
------------------------------------------
| eval/                   |              |
|    mean_ep_length       | 8.64e+04     |
|    mean_reward          | -2.49e+04    |
| time/                   |              |
|    total_timesteps      | 1450000      |
| train/                  |              |
|    approx_kl            | 0.0007531021 |
|    clip_fraction        | 0.00187      |
|    clip_range           | 0.2          |
|    entropy_loss         | -0.411       |
|    explained_variance   | 0.733        |
|    learning_rate        | 0.00016      |
|    loss                 | -0.0291      |
|    n_updates            | 1062         |
|    policy_gradient_loss | -0.00103     |
|    value_loss           | 0.00506      |
------------------------------------------
----------------------------------
| rollout/           |           |
|    ep_len_mean     | 8.64e+04  |
|    ep_rew_mean     | -9.33e+04 |
| time/              |           |
|    fps             | 1383      |
|    iterations      | 355       |
|    time_elapsed    | 1050      |
|    total_timesteps | 1454080   |
----------------------------------
------------------------------------------
| rollout/                |              |
|    ep_len_mean          | 8.64e+04     |
|    ep_rew_mean          | -9.33e+04    |
| time/                   |              |
|    fps                  | 1387         |
|    iterations           | 356          |
|    time_elapsed         | 1051         |
|    total_timesteps      | 1458176      |
| train/                  |              |
|    approx_kl            | 0.0011315204 |
|    clip_fraction        | 0.00285      |
|    clip_range           | 0.2          |
|    entropy_loss         | -0.503       |
|    explained_variance   | 0.711        |
|    learning_rate        | 0.000159     |
|    loss                 | -0.0328      |
|    n_updates            | 1065         |
|    policy_gradient_loss | -0.00187     |
|    value_loss           | 0.00593      |
------------------------------------------
  ⏱  step 1,460,000  │  FPS     604  │  RSS   2938 MB
------------------------------------------
| gold/                   |              |
|    entropy_magnitude    | 7.89         |
| hw/                     |              |
|    fps                  | 604          |
|    rss_mb               | 2.94e+03     |
| rollout/                |              |
|    ep_len_mean          | 8.64e+04     |
|    ep_rew_mean          | -9.33e+04    |
| time/                   |              |
|    fps                  | 1390         |
|    iterations           | 357          |
|    time_elapsed         | 1051         |
|    total_timesteps      | 1462272      |
| train/                  |              |
|    approx_kl            | 0.0014594332 |
|    clip_fraction        | 0.00684      |
|    clip_range           | 0.2          |
|    entropy_loss         | -0.443       |
|    explained_variance   | 0.656        |
|    learning_rate        | 0.000159     |
|    loss                 | -0.0243      |
|    n_updates            | 1068         |
|    policy_gradient_loss | -0.00273     |
|    value_loss           | 0.00536      |
------------------------------------------
------------------------------------------
| rollout/                |              |
|    ep_len_mean          | 8.64e+04     |
|    ep_rew_mean          | -9.33e+04    |
| time/                   |              |
|    fps                  | 1394         |
|    iterations           | 358          |
|    time_elapsed         | 1051         |
|    total_timesteps      | 1466368      |
| train/                  |              |
|    approx_kl            | 0.0010547227 |
|    clip_fraction        | 0.00301      |
|    clip_range           | 0.2          |
|    entropy_loss         | -0.476       |
|    explained_variance   | 0.683        |
|    learning_rate        | 0.000159     |
|    loss                 | -0.0305      |
|    n_updates            | 1071         |
|    policy_gradient_loss | -0.00276     |
|    value_loss           | 0.0054       |
------------------------------------------
------------------------------------------
| gold/                   |              |
|    entropy_magnitude    | 8.15         |
| rollout/                |              |
|    ep_len_mean          | 8.64e+04     |
|    ep_rew_mean          | -9.33e+04    |
| time/                   |              |
|    fps                  | 1397         |
|    iterations           | 359          |
|    time_elapsed         | 1052         |
|    total_timesteps      | 1470464      |
| train/                  |              |
|    approx_kl            | 0.0015430467 |
|    clip_fraction        | 0.00586      |
|    clip_range           | 0.2          |
|    entropy_loss         | -0.456       |
|    explained_variance   | 0.685        |
|    learning_rate        | 0.000158     |
|    loss                 | -0.0285      |
|    n_updates            | 1074         |
|    policy_gradient_loss | -0.00262     |
|    value_loss           | 0.00425      |
------------------------------------------
------------------------------------------
| rollout/                |              |
|    ep_len_mean          | 8.64e+04     |
|    ep_rew_mean          | -9.33e+04    |
| time/                   |              |
|    fps                  | 1400         |
|    iterations           | 360          |
|    time_elapsed         | 1052         |
|    total_timesteps      | 1474560      |
| train/                  |              |
|    approx_kl            | 0.0018593693 |
|    clip_fraction        | 0.0107       |
|    clip_range           | 0.2          |
|    entropy_loss         | -0.404       |
|    explained_variance   | 0.601        |
|    learning_rate        | 0.000158     |
|    loss                 | -0.0334      |
|    n_updates            | 1077         |
|    policy_gradient_loss | -0.00257     |
|    value_loss           | 0.00641      |
------------------------------------------
-------------------------------------------
| rollout/                |               |
|    ep_len_mean          | 8.64e+04      |
|    ep_rew_mean          | -9.33e+04     |
| time/                   |               |
|    fps                  | 1404          |
|    iterations           | 361           |
|    time_elapsed         | 1053          |
|    total_timesteps      | 1478656       |
| train/                  |               |
|    approx_kl            | 0.00080323534 |
|    clip_fraction        | 0.00236       |
|    clip_range           | 0.2           |
|    entropy_loss         | -0.45         |
|    explained_variance   | 0.616         |
|    learning_rate        | 0.000157      |
|    loss                 | -0.028        |
|    n_updates            | 1080          |
|    policy_gradient_loss | -0.00197      |
|    value_loss           | 0.00569       |
-------------------------------------------
  ⏱  step 1,480,000  │  FPS   10848  │  RSS   2938 MB
------------------------------------------
| gold/                   |              |
|    entropy_magnitude    | 6.07         |
| hw/                     |              |
|    fps                  | 1.08e+04     |
|    rss_mb               | 2.94e+03     |
| rollout/                |              |
|    ep_len_mean          | 8.64e+04     |
|    ep_rew_mean          | -9.33e+04    |
| time/                   |              |
|    fps                  | 1407         |
|    iterations           | 362          |
|    time_elapsed         | 1053         |
|    total_timesteps      | 1482752      |
| train/                  |              |
|    approx_kl            | 0.0006835944 |
|    clip_fraction        | 0.00171      |
|    clip_range           | 0.2          |
|    entropy_loss         | -0.338       |
|    explained_variance   | 0.585        |
|    learning_rate        | 0.000157     |
|    loss                 | -0.0184      |
|    n_updates            | 1083         |
|    policy_gradient_loss | -0.00266     |
|    value_loss           | 0.0109       |
------------------------------------------
-------------------------------------------
| rollout/                |               |
|    ep_len_mean          | 8.64e+04      |
|    ep_rew_mean          | -9.33e+04     |
| time/                   |               |
|    fps                  | 1410          |
|    iterations           | 363           |
|    time_elapsed         | 1053          |
|    total_timesteps      | 1486848       |
| train/                  |               |
|    approx_kl            | 0.00040425418 |
|    clip_fraction        | 0.0013        |
|    clip_range           | 0.2           |
|    entropy_loss         | -0.446        |
|    explained_variance   | 0.63          |
|    learning_rate        | 0.000157      |
|    loss                 | -0.0311       |
|    n_updates            | 1086          |
|    policy_gradient_loss | -0.00131      |
|    value_loss           | 0.00641       |
-------------------------------------------
-------------------------------------------
| gold/                   |               |
|    entropy_magnitude    | 7.29          |
| rollout/                |               |
|    ep_len_mean          | 8.64e+04      |
|    ep_rew_mean          | -9.33e+04     |
| time/                   |               |
|    fps                  | 1414          |
|    iterations           | 364           |
|    time_elapsed         | 1054          |
|    total_timesteps      | 1490944       |
| train/                  |               |
|    approx_kl            | 0.00091972214 |
|    clip_fraction        | 0.00317       |
|    clip_range           | 0.2           |
|    entropy_loss         | -0.403        |
|    explained_variance   | 0.628         |
|    learning_rate        | 0.000156      |
|    loss                 | -0.0297       |
|    n_updates            | 1089          |
|    policy_gradient_loss | -0.00149      |
|    value_loss           | 0.00751       |
-------------------------------------------
------------------------------------------
| rollout/                |              |
|    ep_len_mean          | 8.64e+04     |
|    ep_rew_mean          | -9.33e+04    |
| time/                   |              |
|    fps                  | 1417         |
|    iterations           | 365          |
|    time_elapsed         | 1054         |
|    total_timesteps      | 1495040      |
| train/                  |              |
|    approx_kl            | 0.0007143865 |
|    clip_fraction        | 0.00146      |
|    clip_range           | 0.2          |
|    entropy_loss         | -0.451       |
|    explained_variance   | 0.624        |
|    learning_rate        | 0.000156     |
|    loss                 | -0.019       |
|    n_updates            | 1092         |
|    policy_gradient_loss | -0.00178     |
|    value_loss           | 0.00845      |
------------------------------------------
------------------------------------------
| rollout/                |              |
|    ep_len_mean          | 8.64e+04     |
|    ep_rew_mean          | -9.33e+04    |
| time/                   |              |
|    fps                  | 1421         |
|    iterations           | 366          |
|    time_elapsed         | 1054         |
|    total_timesteps      | 1499136      |
| train/                  |              |
|    approx_kl            | 0.0013741166 |
|    clip_fraction        | 0.00724      |
|    clip_range           | 0.2          |
|    entropy_loss         | -0.542       |
|    explained_variance   | 0.52         |
|    learning_rate        | 0.000155     |
|    loss                 | -0.034       |
|    n_updates            | 1095         |
|    policy_gradient_loss | -0.00295     |
|    value_loss           | 0.00503      |
------------------------------------------
Eval num_timesteps=1500000, episode_reward=-24932.28 +/- 1813.35
Episode length: 86400.00 +/- 0.00
------------------------------------------
| eval/                   |              |
|    mean_ep_length       | 8.64e+04     |
|    mean_reward          | -2.49e+04    |
| time/                   |              |
|    total_timesteps      | 1500000      |
| train/                  |              |
|    approx_kl            | 0.0018535252 |
|    clip_fraction        | 0.00871      |
|    clip_range           | 0.2          |
|    entropy_loss         | -0.449       |
|    explained_variance   | 0.7          |
|    learning_rate        | 0.000155     |
|    loss                 | -0.0264      |
|    n_updates            | 1098         |
|    policy_gradient_loss | -0.00348     |
|    value_loss           | 0.00698      |
------------------------------------------
    📉 ent_coef → 0.05500  (step 1,500,000)
  ⏱  step 1,500,000  │  FPS     592  │  RSS   2938 MB
----------------------------------
| gold/              |           |
|    ent_coef        | 0.055     |
| hw/                |           |
|    fps             | 592       |
|    rss_mb          | 2.94e+03  |
| rollout/           |           |
|    ep_len_mean     | 8.64e+04  |
|    ep_rew_mean     | -9.33e+04 |
| time/              |           |
|    fps             | 1382      |
|    iterations      | 367       |
|    time_elapsed    | 1087      |
|    total_timesteps | 1503232   |
----------------------------------
------------------------------------------
| rollout/                |              |
|    ep_len_mean          | 8.64e+04     |
|    ep_rew_mean          | -9.33e+04    |
| time/                   |              |
|    fps                  | 1385         |
|    iterations           | 368          |
|    time_elapsed         | 1087         |
|    total_timesteps      | 1507328      |
| train/                  |              |
|    approx_kl            | 0.0011817337 |
|    clip_fraction        | 0.00578      |
|    clip_range           | 0.2          |
|    entropy_loss         | -0.406       |
|    explained_variance   | 0.64         |
|    learning_rate        | 0.000155     |
|    loss                 | -0.0237      |
|    n_updates            | 1101         |
|    policy_gradient_loss | -0.0028      |
|    value_loss           | 0.00478      |
------------------------------------------
-------------------------------------------
| gold/                   |               |
|    entropy_magnitude    | 6.67          |
| rollout/                |               |
|    ep_len_mean          | 8.64e+04      |
|    ep_rew_mean          | -9.33e+04     |
| time/                   |               |
|    fps                  | 1389          |
|    iterations           | 369           |
|    time_elapsed         | 1087          |
|    total_timesteps      | 1511424       |
| train/                  |               |
|    approx_kl            | 0.00033573998 |
|    clip_fraction        | 8.14e-05      |
|    clip_range           | 0.2           |
|    entropy_loss         | -0.365        |
|    explained_variance   | 0.596         |
|    learning_rate        | 0.000154      |
|    loss                 | -0.0189       |
|    n_updates            | 1104          |
|    policy_gradient_loss | -0.00125      |
|    value_loss           | 0.00611       |
-------------------------------------------
-----------------------------------------
| rollout/                |             |
|    ep_len_mean          | 8.64e+04    |
|    ep_rew_mean          | -9.33e+04   |
| time/                   |             |
|    fps                  | 1392        |
|    iterations           | 370         |
|    time_elapsed         | 1088        |
|    total_timesteps      | 1515520     |
| train/                  |             |
|    approx_kl            | 0.001582844 |
|    clip_fraction        | 0.00863     |
|    clip_range           | 0.2         |
|    entropy_loss         | -0.328      |
|    explained_variance   | 0.572       |
|    learning_rate        | 0.000154    |
|    loss                 | -0.0246     |
|    n_updates            | 1107        |
|    policy_gradient_loss | -0.00238    |
|    value_loss           | 0.00413     |
-----------------------------------------
-------------------------------------------
| rollout/                |               |
|    ep_len_mean          | 8.64e+04      |
|    ep_rew_mean          | -9.33e+04     |
| time/                   |               |
|    fps                  | 1395          |
|    iterations           | 371           |
|    time_elapsed         | 1088          |
|    total_timesteps      | 1519616       |
| train/                  |               |
|    approx_kl            | 0.00074509904 |
|    clip_fraction        | 0.00342       |
|    clip_range           | 0.2           |
|    entropy_loss         | -0.348        |
|    explained_variance   | 0.609         |
|    learning_rate        | 0.000153      |
|    loss                 | -0.0249       |
|    n_updates            | 1110          |
|    policy_gradient_loss | -0.00182      |
|    value_loss           | 0.00654       |
-------------------------------------------
  ⏱  step 1,520,000  │  FPS   11906  │  RSS   2938 MB
------------------------------------------
| gold/                   |              |
|    entropy_magnitude    | 5.77         |
| hw/                     |              |
|    fps                  | 1.19e+04     |
|    rss_mb               | 2.94e+03     |
| rollout/                |              |
|    ep_len_mean          | 8.64e+04     |
|    ep_rew_mean          | -9.33e+04    |
| time/                   |              |
|    fps                  | 1399         |
|    iterations           | 372          |
|    time_elapsed         | 1088         |
|    total_timesteps      | 1523712      |
| train/                  |              |
|    approx_kl            | 0.0009431731 |
|    clip_fraction        | 0.0048       |
|    clip_range           | 0.2          |
|    entropy_loss         | -0.314       |
|    explained_variance   | 0.811        |
|    learning_rate        | 0.000153     |
|    loss                 | -0.0208      |
|    n_updates            | 1113         |
|    policy_gradient_loss | -0.0025      |
|    value_loss           | 0.00367      |
------------------------------------------
-------------------------------------------
| rollout/                |               |
|    ep_len_mean          | 8.64e+04      |
|    ep_rew_mean          | -9.33e+04     |
| time/                   |               |
|    fps                  | 1402          |
|    iterations           | 373           |
|    time_elapsed         | 1089          |
|    total_timesteps      | 1527808       |
| train/                  |               |
|    approx_kl            | 0.00044813688 |
|    clip_fraction        | 0.000488      |
|    clip_range           | 0.2           |
|    entropy_loss         | -0.393        |
|    explained_variance   | 0.509         |
|    learning_rate        | 0.000153      |
|    loss                 | -0.0179       |
|    n_updates            | 1116          |
|    policy_gradient_loss | -0.00128      |
|    value_loss           | 0.00471       |
-------------------------------------------
-------------------------------------------
| gold/                   |               |
|    entropy_magnitude    | 6.45          |
| rollout/                |               |
|    ep_len_mean          | 8.64e+04      |
|    ep_rew_mean          | -9.33e+04     |
| time/                   |               |
|    fps                  | 1405          |
|    iterations           | 374           |
|    time_elapsed         | 1089          |
|    total_timesteps      | 1531904       |
| train/                  |               |
|    approx_kl            | 0.00051696884 |
|    clip_fraction        | 0.000814      |
|    clip_range           | 0.2           |
|    entropy_loss         | -0.349        |
|    explained_variance   | 0.595         |
|    learning_rate        | 0.000152      |
|    loss                 | -0.0207       |
|    n_updates            | 1119          |
|    policy_gradient_loss | -0.00217      |
|    value_loss           | 0.00485       |
-------------------------------------------
-------------------------------------------
| rollout/                |               |
|    ep_len_mean          | 8.64e+04      |
|    ep_rew_mean          | -9.33e+04     |
| time/                   |               |
|    fps                  | 1409          |
|    iterations           | 375           |
|    time_elapsed         | 1089          |
|    total_timesteps      | 1536000       |
| train/                  |               |
|    approx_kl            | 0.00039526366 |
|    clip_fraction        | 0.00155       |
|    clip_range           | 0.2           |
|    entropy_loss         | -0.345        |
|    explained_variance   | 0.751         |
|    learning_rate        | 0.000152      |
|    loss                 | -0.0226       |
|    n_updates            | 1122          |
|    policy_gradient_loss | -0.00103      |
|    value_loss           | 0.00405       |
-------------------------------------------
  ⏱  step 1,540,000  │  FPS   11773  │  RSS   2938 MB
------------------------------------------
| gold/                   |              |
|    entropy_magnitude    | 5.75         |
| hw/                     |              |
|    fps                  | 1.18e+04     |
|    rss_mb               | 2.94e+03     |
| rollout/                |              |
|    ep_len_mean          | 8.64e+04     |
|    ep_rew_mean          | -9.33e+04    |
| time/                   |              |
|    fps                  | 1412         |
|    iterations           | 376          |
|    time_elapsed         | 1090         |
|    total_timesteps      | 1540096      |
| train/                  |              |
|    approx_kl            | 0.0002940299 |
|    clip_fraction        | 0.000407     |
|    clip_range           | 0.2          |
|    entropy_loss         | -0.309       |
|    explained_variance   | 0.68         |
|    learning_rate        | 0.000152     |
|    loss                 | -0.0178      |
|    n_updates            | 1125         |
|    policy_gradient_loss | -0.000866    |
|    value_loss           | 0.00619      |
------------------------------------------
------------------------------------------
| rollout/                |              |
|    ep_len_mean          | 8.64e+04     |
|    ep_rew_mean          | -9.33e+04    |
| time/                   |              |
|    fps                  | 1415         |
|    iterations           | 377          |
|    time_elapsed         | 1090         |
|    total_timesteps      | 1544192      |
| train/                  |              |
|    approx_kl            | 0.0003961561 |
|    clip_fraction        | 0.000244     |
|    clip_range           | 0.2          |
|    entropy_loss         | -0.27        |
|    explained_variance   | 0.722        |
|    learning_rate        | 0.000151     |
|    loss                 | -0.0175      |
|    n_updates            | 1128         |
|    policy_gradient_loss | -0.00101     |
|    value_loss           | 0.0045       |
------------------------------------------
------------------------------------------
| rollout/                |              |
|    ep_len_mean          | 8.64e+04     |
|    ep_rew_mean          | -9.33e+04    |
| time/                   |              |
|    fps                  | 1419         |
|    iterations           | 378          |
|    time_elapsed         | 1091         |
|    total_timesteps      | 1548288      |
| train/                  |              |
|    approx_kl            | 0.0007350636 |
|    clip_fraction        | 0.00146      |
|    clip_range           | 0.2          |
|    entropy_loss         | -0.318       |
|    explained_variance   | 0.742        |
|    learning_rate        | 0.000151     |
|    loss                 | -0.0166      |
|    n_updates            | 1131         |
|    policy_gradient_loss | -0.00197     |
|    value_loss           | 0.00534      |
------------------------------------------
Eval num_timesteps=1550000, episode_reward=-24304.49 +/- 400.93
Episode length: 86400.00 +/- 0.00
------------------------------------------
| eval/                   |              |
|    mean_ep_length       | 8.64e+04     |
|    mean_reward          | -2.43e+04    |
| time/                   |              |
|    total_timesteps      | 1550000      |
| train/                  |              |
|    approx_kl            | 0.0004207606 |
|    clip_fraction        | 0.00212      |
|    clip_range           | 0.2          |
|    entropy_loss         | -0.259       |
|    explained_variance   | 0.455        |
|    learning_rate        | 0.00015      |
|    loss                 | -0.0123      |
|    n_updates            | 1134         |
|    policy_gradient_loss | -0.000879    |
|    value_loss           | 0.0058       |
------------------------------------------
----------------------------------
| rollout/           |           |
|    ep_len_mean     | 8.64e+04  |
|    ep_rew_mean     | -9.33e+04 |
| time/              |           |
|    fps             | 1382      |
|    iterations      | 379       |
|    time_elapsed    | 1122      |
|    total_timesteps | 1552384   |
----------------------------------
-------------------------------------------
| rollout/                |               |
|    ep_len_mean          | 8.64e+04      |
|    ep_rew_mean          | -9.33e+04     |
| time/                   |               |
|    fps                  | 1385          |
|    iterations           | 380           |
|    time_elapsed         | 1123          |
|    total_timesteps      | 1556480       |
| train/                  |               |
|    approx_kl            | 0.00059594214 |
|    clip_fraction        | 0.00057       |
|    clip_range           | 0.2           |
|    entropy_loss         | -0.405        |
|    explained_variance   | 0.664         |
|    learning_rate        | 0.00015       |
|    loss                 | -0.0185       |
|    n_updates            | 1137          |
|    policy_gradient_loss | -0.00113      |
|    value_loss           | 0.00565       |
-------------------------------------------
  ⏱  step 1,560,000  │  FPS     605  │  RSS   2938 MB
-------------------------------------------
| gold/                   |               |
|    entropy_magnitude    | 6.66          |
| hw/                     |               |
|    fps                  | 605           |
|    rss_mb               | 2.94e+03      |
| rollout/                |               |
|    ep_len_mean          | 8.64e+04      |
|    ep_rew_mean          | -9.33e+04     |
| time/                   |               |
|    fps                  | 1389          |
|    iterations           | 381           |
|    time_elapsed         | 1123          |
|    total_timesteps      | 1560576       |
| train/                  |               |
|    approx_kl            | 0.00064336567 |
|    clip_fraction        | 0.00317       |
|    clip_range           | 0.2           |
|    entropy_loss         | -0.354        |
|    explained_variance   | 0.615         |
|    learning_rate        | 0.00015       |
|    loss                 | -0.0188       |
|    n_updates            | 1140          |
|    policy_gradient_loss | -0.00138      |
|    value_loss           | 0.00778       |
-------------------------------------------
------------------------------------------
| rollout/                |              |
|    ep_len_mean          | 8.64e+04     |
|    ep_rew_mean          | -9.33e+04    |
| time/                   |              |
|    fps                  | 1392         |
|    iterations           | 382          |
|    time_elapsed         | 1123         |
|    total_timesteps      | 1564672      |
| train/                  |              |
|    approx_kl            | 0.0014390519 |
|    clip_fraction        | 0.00562      |
|    clip_range           | 0.2          |
|    entropy_loss         | -0.389       |
|    explained_variance   | 0.336        |
|    learning_rate        | 0.000149     |
|    loss                 | -0.0238      |
|    n_updates            | 1143         |
|    policy_gradient_loss | -0.00231     |
|    value_loss           | 0.00304      |
------------------------------------------
-----------------------------------------
| rollout/                |             |
|    ep_len_mean          | 8.64e+04    |
|    ep_rew_mean          | -9.33e+04   |
| time/                   |             |
|    fps                  | 1395        |
|    iterations           | 383         |
|    time_elapsed         | 1124        |
|    total_timesteps      | 1568768     |
| train/                  |             |
|    approx_kl            | 0.001136271 |
|    clip_fraction        | 0.00472     |
|    clip_range           | 0.2         |
|    entropy_loss         | -0.37       |
|    explained_variance   | 0.645       |
|    learning_rate        | 0.000149    |
|    loss                 | -0.0214     |
|    n_updates            | 1146        |
|    policy_gradient_loss | -0.00217    |
|    value_loss           | 0.00702     |
-----------------------------------------
------------------------------------------
| gold/                   |              |
|    entropy_magnitude    | 8.57         |
| rollout/                |              |
|    ep_len_mean          | 8.64e+04     |
|    ep_rew_mean          | -9.33e+04    |
| time/                   |              |
|    fps                  | 1398         |
|    iterations           | 384          |
|    time_elapsed         | 1124         |
|    total_timesteps      | 1572864      |
| train/                  |              |
|    approx_kl            | 0.0018945099 |
|    clip_fraction        | 0.016        |
|    clip_range           | 0.2          |
|    entropy_loss         | -0.454       |
|    explained_variance   | 0.708        |
|    learning_rate        | 0.000148     |
|    loss                 | -0.0299      |
|    n_updates            | 1149         |
|    policy_gradient_loss | -0.0037      |
|    value_loss           | 0.0184       |
------------------------------------------
------------------------------------------
| rollout/                |              |
|    ep_len_mean          | 8.64e+04     |
|    ep_rew_mean          | -9.33e+04    |
| time/                   |              |
|    fps                  | 1401         |
|    iterations           | 385          |
|    time_elapsed         | 1124         |
|    total_timesteps      | 1576960      |
| train/                  |              |
|    approx_kl            | 0.0008844175 |
|    clip_fraction        | 0.00431      |
|    clip_range           | 0.2          |
|    entropy_loss         | -0.385       |
|    explained_variance   | 0.548        |
|    learning_rate        | 0.000148     |
|    loss                 | -0.016       |
|    n_updates            | 1152         |
|    policy_gradient_loss | -0.00173     |
|    value_loss           | 0.0125       |
------------------------------------------
  ⏱  step 1,580,000  │  FPS   11683  │  RSS   2938 MB
------------------------------------------
| gold/                   |              |
|    entropy_magnitude    | 5.9          |
| hw/                     |              |
|    fps                  | 1.17e+04     |
|    rss_mb               | 2.94e+03     |
| rollout/                |              |
|    ep_len_mean          | 8.64e+04     |
|    ep_rew_mean          | -9.33e+04    |
| time/                   |              |
|    fps                  | 1405         |
|    iterations           | 386          |
|    time_elapsed         | 1125         |
|    total_timesteps      | 1581056      |
| train/                  |              |
|    approx_kl            | 0.0013182763 |
|    clip_fraction        | 0.00488      |
|    clip_range           | 0.2          |
|    entropy_loss         | -0.311       |
|    explained_variance   | 0.69         |
|    learning_rate        | 0.000148     |
|    loss                 | -0.0168      |
|    n_updates            | 1155         |
|    policy_gradient_loss | -0.00169     |
|    value_loss           | 0.00726      |
------------------------------------------
------------------------------------------
| rollout/                |              |
|    ep_len_mean          | 8.64e+04     |
|    ep_rew_mean          | -9.33e+04    |
| time/                   |              |
|    fps                  | 1408         |
|    iterations           | 387          |
|    time_elapsed         | 1125         |
|    total_timesteps      | 1585152      |
| train/                  |              |
|    approx_kl            | 0.0005542585 |
|    clip_fraction        | 0.00382      |
|    clip_range           | 0.2          |
|    entropy_loss         | -0.295       |
|    explained_variance   | 0.655        |
|    learning_rate        | 0.000147     |
|    loss                 | -0.0221      |
|    n_updates            | 1158         |
|    policy_gradient_loss | -0.00144     |
|    value_loss           | 0.00643      |
------------------------------------------
------------------------------------------
| rollout/                |              |
|    ep_len_mean          | 8.64e+04     |
|    ep_rew_mean          | -9.33e+04    |
| time/                   |              |
|    fps                  | 1411         |
|    iterations           | 388          |
|    time_elapsed         | 1125         |
|    total_timesteps      | 1589248      |
| train/                  |              |
|    approx_kl            | 0.0006639529 |
|    clip_fraction        | 0.00179      |
|    clip_range           | 0.2          |
|    entropy_loss         | -0.362       |
|    explained_variance   | 0.531        |
|    learning_rate        | 0.000147     |
|    loss                 | -0.0247      |
|    n_updates            | 1161         |
|    policy_gradient_loss | -0.00158     |
|    value_loss           | 0.00751      |
------------------------------------------
------------------------------------------
| gold/                   |              |
|    entropy_magnitude    | 6.97         |
| rollout/                |              |
|    ep_len_mean          | 8.64e+04     |
|    ep_rew_mean          | -9.33e+04    |
| time/                   |              |
|    fps                  | 1414         |
|    iterations           | 389          |
|    time_elapsed         | 1126         |
|    total_timesteps      | 1593344      |
| train/                  |              |
|    approx_kl            | 0.0005078106 |
|    clip_fraction        | 0.000977     |
|    clip_range           | 0.2          |
|    entropy_loss         | -0.365       |
|    explained_variance   | 0.218        |
|    learning_rate        | 0.000146     |
|    loss                 | -0.0203      |
|    n_updates            | 1164         |
|    policy_gradient_loss | -0.00129     |
|    value_loss           | 0.00654      |
------------------------------------------
-------------------------------------------
| rollout/                |               |
|    ep_len_mean          | 8.64e+04      |
|    ep_rew_mean          | -9.33e+04     |
| time/                   |               |
|    fps                  | 1417          |
|    iterations           | 390           |
|    time_elapsed         | 1126          |
|    total_timesteps      | 1597440       |
| train/                  |               |
|    approx_kl            | 0.00025477423 |
|    clip_fraction        | 0.000895      |
|    clip_range           | 0.2           |
|    entropy_loss         | -0.339        |
|    explained_variance   | 0.406         |
|    learning_rate        | 0.000146      |
|    loss                 | -0.0174       |
|    n_updates            | 1167          |
|    policy_gradient_loss | -0.000624     |
|    value_loss           | 0.0071        |
-------------------------------------------
Eval num_timesteps=1600000, episode_reward=-24618.71 +/- 1254.46
Episode length: 86400.00 +/- 0.00
------------------------------------------
| eval/                   |              |
|    mean_ep_length       | 8.64e+04     |
|    mean_reward          | -2.46e+04    |
| time/                   |              |
|    total_timesteps      | 1600000      |
| train/                  |              |
|    approx_kl            | 0.0009506097 |
|    clip_fraction        | 0.00562      |
|    clip_range           | 0.2          |
|    entropy_loss         | -0.333       |
|    explained_variance   | 0.544        |
|    learning_rate        | 0.000146     |
|    loss                 | -0.0208      |
|    n_updates            | 1170         |
|    policy_gradient_loss | -0.00172     |
|    value_loss           | 0.00795      |
------------------------------------------
    📉 ent_coef → 0.05200  (step 1,600,000)
  ⏱  step 1,600,000  │  FPS     597  │  RSS   2938 MB
----------------------------------
| gold/              |           |
|    ent_coef        | 0.052     |
| hw/                |           |
|    fps             | 597       |
|    rss_mb          | 2.94e+03  |
| rollout/           |           |
|    ep_len_mean     | 8.64e+04  |
|    ep_rew_mean     | -9.33e+04 |
| time/              |           |
|    fps             | 1382      |
|    iterations      | 391       |
|    time_elapsed    | 1158      |
|    total_timesteps | 1601536   |
----------------------------------
-------------------------------------------
| rollout/                |               |
|    ep_len_mean          | 8.64e+04      |
|    ep_rew_mean          | -9.33e+04     |
| time/                   |               |
|    fps                  | 1385          |
|    iterations           | 392           |
|    time_elapsed         | 1159          |
|    total_timesteps      | 1605632       |
| train/                  |               |
|    approx_kl            | 0.00045072028 |
|    clip_fraction        | 0.00138       |
|    clip_range           | 0.2           |
|    entropy_loss         | -0.365        |
|    explained_variance   | 0.679         |
|    learning_rate        | 0.000145      |
|    loss                 | -0.0237       |
|    n_updates            | 1173          |
|    policy_gradient_loss | -0.00268      |
|    value_loss           | 0.0111        |
-------------------------------------------
-----------------------------------------
| rollout/                |             |
|    ep_len_mean          | 8.64e+04    |
|    ep_rew_mean          | -9.33e+04   |
| time/                   |             |
|    fps                  | 1388        |
|    iterations           | 393         |
|    time_elapsed         | 1159        |
|    total_timesteps      | 1609728     |
| train/                  |             |
|    approx_kl            | 0.001133732 |
|    clip_fraction        | 0.00439     |
|    clip_range           | 0.2         |
|    entropy_loss         | -0.372      |
|    explained_variance   | 0.688       |
|    learning_rate        | 0.000145    |
|    loss                 | -0.0266     |
|    n_updates            | 1176        |
|    policy_gradient_loss | -0.00267    |
|    value_loss           | 0.00896     |
-----------------------------------------
------------------------------------------
| gold/                   |              |
|    entropy_magnitude    | 6.28         |
| rollout/                |              |
|    ep_len_mean          | 8.64e+04     |
|    ep_rew_mean          | -9.33e+04    |
| time/                   |              |
|    fps                  | 1391         |
|    iterations           | 394          |
|    time_elapsed         | 1159         |
|    total_timesteps      | 1613824      |
| train/                  |              |
|    approx_kl            | 0.0008160218 |
|    clip_fraction        | 0.00374      |
|    clip_range           | 0.2          |
|    entropy_loss         | -0.325       |
|    explained_variance   | 0.681        |
|    learning_rate        | 0.000144     |
|    loss                 | -0.0215      |
|    n_updates            | 1179         |
|    policy_gradient_loss | -0.00161     |
|    value_loss           | 0.00642      |
------------------------------------------
-------------------------------------------
| rollout/                |               |
|    ep_len_mean          | 8.64e+04      |
|    ep_rew_mean          | -9.33e+04     |
| time/                   |               |
|    fps                  | 1394          |
|    iterations           | 395           |
|    time_elapsed         | 1160          |
|    total_timesteps      | 1617920       |
| train/                  |               |
|    approx_kl            | 0.00037834432 |
|    clip_fraction        | 8.14e-05      |
|    clip_range           | 0.2           |
|    entropy_loss         | -0.305        |
|    explained_variance   | 0.52          |
|    learning_rate        | 0.000144      |
|    loss                 | -0.015        |
|    n_updates            | 1182          |
|    policy_gradient_loss | -0.00119      |
|    value_loss           | 0.00963       |
-------------------------------------------
  ⏱  step 1,620,000  │  FPS   12125  │  RSS   2938 MB
------------------------------------------
| gold/                   |              |
|    entropy_magnitude    | 5.71         |
| hw/                     |              |
|    fps                  | 1.21e+04     |
|    rss_mb               | 2.94e+03     |
| rollout/                |              |
|    ep_len_mean          | 8.64e+04     |
|    ep_rew_mean          | -9.33e+04    |
| time/                   |              |
|    fps                  | 1397         |
|    iterations           | 396          |
|    time_elapsed         | 1160         |
|    total_timesteps      | 1622016      |
| train/                  |              |
|    approx_kl            | 0.0003380882 |
|    clip_fraction        | 0.000651     |
|    clip_range           | 0.2          |
|    entropy_loss         | -0.293       |
|    explained_variance   | 0.554        |
|    learning_rate        | 0.000144     |
|    loss                 | -0.0145      |
|    n_updates            | 1185         |
|    policy_gradient_loss | -0.000823    |
|    value_loss           | 0.00787      |
------------------------------------------
-----------------------------------------
| rollout/                |             |
|    ep_len_mean          | 8.64e+04    |
|    ep_rew_mean          | -9.33e+04   |
| time/                   |             |
|    fps                  | 1400        |
|    iterations           | 397         |
|    time_elapsed         | 1160        |
|    total_timesteps      | 1626112     |
| train/                  |             |
|    approx_kl            | 0.001669561 |
|    clip_fraction        | 0.01        |
|    clip_range           | 0.2         |
|    entropy_loss         | -0.372      |
|    explained_variance   | 0.575       |
|    learning_rate        | 0.000143    |
|    loss                 | -0.0288     |
|    n_updates            | 1188        |
|    policy_gradient_loss | -0.00355    |
|    value_loss           | 0.00636     |
-----------------------------------------
------------------------------------------
| gold/                   |              |
|    entropy_magnitude    | 6.72         |
| rollout/                |              |
|    ep_len_mean          | 8.64e+04     |
|    ep_rew_mean          | -9.33e+04    |
| time/                   |              |
|    fps                  | 1404         |
|    iterations           | 398          |
|    time_elapsed         | 1161         |
|    total_timesteps      | 1630208      |
| train/                  |              |
|    approx_kl            | 0.0009992581 |
|    clip_fraction        | 0.00423      |
|    clip_range           | 0.2          |
|    entropy_loss         | -0.343       |
|    explained_variance   | 0.653        |
|    learning_rate        | 0.000143     |
|    loss                 | -0.0199      |
|    n_updates            | 1191         |
|    policy_gradient_loss | -0.00181     |
|    value_loss           | 0.00522      |
------------------------------------------
-------------------------------------------
| rollout/                |               |
|    ep_len_mean          | 8.64e+04      |
|    ep_rew_mean          | -9.33e+04     |
| time/                   |               |
|    fps                  | 1407          |
|    iterations           | 399           |
|    time_elapsed         | 1161          |
|    total_timesteps      | 1634304       |
| train/                  |               |
|    approx_kl            | 0.00044229202 |
|    clip_fraction        | 0.00146       |
|    clip_range           | 0.2           |
|    entropy_loss         | -0.305        |
|    explained_variance   | 0.613         |
|    learning_rate        | 0.000142      |
|    loss                 | -0.0232       |
|    n_updates            | 1194          |
|    policy_gradient_loss | -0.00165      |
|    value_loss           | 0.00339       |
-------------------------------------------
------------------------------------------
| rollout/                |              |
|    ep_len_mean          | 8.64e+04     |
|    ep_rew_mean          | -9.33e+04    |
| time/                   |              |
|    fps                  | 1410         |
|    iterations           | 400          |
|    time_elapsed         | 1161         |
|    total_timesteps      | 1638400      |
| train/                  |              |
|    approx_kl            | 0.0006999372 |
|    clip_fraction        | 0.00293      |
|    clip_range           | 0.2          |
|    entropy_loss         | -0.329       |
|    explained_variance   | 0.593        |
|    learning_rate        | 0.000142     |
|    loss                 | -0.0168      |
|    n_updates            | 1197         |
|    policy_gradient_loss | -0.000761    |
|    value_loss           | 0.00637      |
------------------------------------------
  ⏱  step 1,640,000  │  FPS   11625  │  RSS   2938 MB
-----------------------------------------
| gold/                   |             |
|    entropy_magnitude    | 5.36        |
| hw/                     |             |
|    fps                  | 1.16e+04    |
|    rss_mb               | 2.94e+03    |
| rollout/                |             |
|    ep_len_mean          | 8.64e+04    |
|    ep_rew_mean          | -9.33e+04   |
| time/                   |             |
|    fps                  | 1413        |
|    iterations           | 401         |
|    time_elapsed         | 1162        |
|    total_timesteps      | 1642496     |
| train/                  |             |
|    approx_kl            | 0.000552366 |
|    clip_fraction        | 0.00187     |
|    clip_range           | 0.2         |
|    entropy_loss         | -0.272      |
|    explained_variance   | 0.458       |
|    learning_rate        | 0.000142    |
|    loss                 | -0.0128     |
|    n_updates            | 1200        |
|    policy_gradient_loss | -0.00153    |
|    value_loss           | 0.00544     |
-----------------------------------------
------------------------------------------
| rollout/                |              |
|    ep_len_mean          | 8.64e+04     |
|    ep_rew_mean          | -9.33e+04    |
| time/                   |              |
|    fps                  | 1416         |
|    iterations           | 402          |
|    time_elapsed         | 1162         |
|    total_timesteps      | 1646592      |
| train/                  |              |
|    approx_kl            | 0.0008588389 |
|    clip_fraction        | 0.00228      |
|    clip_range           | 0.2          |
|    entropy_loss         | -0.367       |
|    explained_variance   | 0.702        |
|    learning_rate        | 0.000141     |
|    loss                 | -0.0219      |
|    n_updates            | 1203         |
|    policy_gradient_loss | -0.00196     |
|    value_loss           | 0.00412      |
------------------------------------------
Eval num_timesteps=1650000, episode_reward=-24606.04 +/- 1499.81
Episode length: 86400.00 +/- 0.00
------------------------------------------
| eval/                   |              |
|    mean_ep_length       | 8.64e+04     |
|    mean_reward          | -2.46e+04    |
| time/                   |              |
|    total_timesteps      | 1650000      |
| train/                  |              |
|    approx_kl            | 0.0005623301 |
|    clip_fraction        | 0.00212      |
|    clip_range           | 0.2          |
|    entropy_loss         | -0.322       |
|    explained_variance   | 0.688        |
|    learning_rate        | 0.000141     |
|    loss                 | -0.0154      |
|    n_updates            | 1206         |
|    policy_gradient_loss | -0.00141     |
|    value_loss           | 0.00286      |
------------------------------------------
----------------------------------
| rollout/           |           |
|    ep_len_mean     | 8.64e+04  |
|    ep_rew_mean     | -9.33e+04 |
| time/              |           |
|    fps             | 1382      |
|    iterations      | 403       |
|    time_elapsed    | 1193      |
|    total_timesteps | 1650688   |
----------------------------------
------------------------------------------
| rollout/                |              |
|    ep_len_mean          | 8.64e+04     |
|    ep_rew_mean          | -9.33e+04    |
| time/                   |              |
|    fps                  | 1385         |
|    iterations           | 404          |
|    time_elapsed         | 1194         |
|    total_timesteps      | 1654784      |
| train/                  |              |
|    approx_kl            | 0.0009407737 |
|    clip_fraction        | 0.00415      |
|    clip_range           | 0.2          |
|    entropy_loss         | -0.273       |
|    explained_variance   | 0.665        |
|    learning_rate        | 0.00014      |
|    loss                 | -0.0177      |
|    n_updates            | 1209         |
|    policy_gradient_loss | -0.00222     |
|    value_loss           | 0.00317      |
------------------------------------------
------------------------------------------
| rollout/                |              |
|    ep_len_mean          | 8.64e+04     |
|    ep_rew_mean          | -9.33e+04    |
| time/                   |              |
|    fps                  | 1388         |
|    iterations           | 405          |
|    time_elapsed         | 1194         |
|    total_timesteps      | 1658880      |
| train/                  |              |
|    approx_kl            | 0.0008977791 |
|    clip_fraction        | 0.00708      |
|    clip_range           | 0.2          |
|    entropy_loss         | -0.291       |
|    explained_variance   | 0.637        |
|    learning_rate        | 0.00014      |
|    loss                 | -0.0132      |
|    n_updates            | 1212         |
|    policy_gradient_loss | -0.00243     |
|    value_loss           | 0.00733      |
------------------------------------------
  ⏱  step 1,660,000  │  FPS     611  │  RSS   2938 MB
-------------------------------------------
| gold/                   |               |
|    entropy_magnitude    | 6.02          |
| hw/                     |               |
|    fps                  | 611           |
|    rss_mb               | 2.94e+03      |
| rollout/                |               |
|    ep_len_mean          | 8.64e+04      |
|    ep_rew_mean          | -9.33e+04     |
| time/                   |               |
|    fps                  | 1391          |
|    iterations           | 406           |
|    time_elapsed         | 1194          |
|    total_timesteps      | 1662976       |
| train/                  |               |
|    approx_kl            | 0.00023600702 |
|    clip_fraction        | 0.000244      |
|    clip_range           | 0.2           |
|    entropy_loss         | -0.302        |
|    explained_variance   | 0.578         |
|    learning_rate        | 0.00014       |
|    loss                 | -0.016        |
|    n_updates            | 1215          |
|    policy_gradient_loss | -0.000996     |
|    value_loss           | 0.00641       |
-------------------------------------------
------------------------------------------
| rollout/                |              |
|    ep_len_mean          | 8.64e+04     |
|    ep_rew_mean          | -9.33e+04    |
| time/                   |              |
|    fps                  | 1394         |
|    iterations           | 407          |
|    time_elapsed         | 1195         |
|    total_timesteps      | 1667072      |
| train/                  |              |
|    approx_kl            | 0.0009938118 |
|    clip_fraction        | 0.00529      |
|    clip_range           | 0.2          |
|    entropy_loss         | -0.282       |
|    explained_variance   | 0.563        |
|    learning_rate        | 0.000139     |
|    loss                 | -0.0265      |
|    n_updates            | 1218         |
|    policy_gradient_loss | -0.00299     |
|    value_loss           | 0.00995      |
------------------------------------------
-------------------------------------------
| gold/                   |               |
|    entropy_magnitude    | 6.8           |
| rollout/                |               |
|    ep_len_mean          | 8.64e+04      |
|    ep_rew_mean          | -9.33e+04     |
| time/                   |               |
|    fps                  | 1397          |
|    iterations           | 408           |
|    time_elapsed         | 1195          |
|    total_timesteps      | 1671168       |
| train/                  |               |
|    approx_kl            | 0.00070808816 |
|    clip_fraction        | 0.00326       |
|    clip_range           | 0.2           |
|    entropy_loss         | -0.339        |
|    explained_variance   | 0.733         |
|    learning_rate        | 0.000139      |
|    loss                 | -0.0214       |
|    n_updates            | 1221          |
|    policy_gradient_loss | -0.00258      |
|    value_loss           | 0.00689       |
-------------------------------------------
-------------------------------------------
| rollout/                |               |
|    ep_len_mean          | 8.64e+04      |
|    ep_rew_mean          | -9.33e+04     |
| time/                   |               |
|    fps                  | 1400          |
|    iterations           | 409           |
|    time_elapsed         | 1196          |
|    total_timesteps      | 1675264       |
| train/                  |               |
|    approx_kl            | 0.00032368558 |
|    clip_fraction        | 0.000163      |
|    clip_range           | 0.2           |
|    entropy_loss         | -0.267        |
|    explained_variance   | 0.644         |
|    learning_rate        | 0.000138      |
|    loss                 | -0.0173       |
|    n_updates            | 1224          |
|    policy_gradient_loss | -0.000853     |
|    value_loss           | 0.00501       |
-------------------------------------------
------------------------------------------
| rollout/                |              |
|    ep_len_mean          | 8.64e+04     |
|    ep_rew_mean          | -9.33e+04    |
| time/                   |              |
|    fps                  | 1403         |
|    iterations           | 410          |
|    time_elapsed         | 1196         |
|    total_timesteps      | 1679360      |
| train/                  |              |
|    approx_kl            | 0.0007164674 |
|    clip_fraction        | 0.00309      |
|    clip_range           | 0.2          |
|    entropy_loss         | -0.3         |
|    explained_variance   | 0.452        |
|    learning_rate        | 0.000138     |
|    loss                 | -0.0139      |
|    n_updates            | 1227         |
|    policy_gradient_loss | -0.00167     |
|    value_loss           | 0.00607      |
------------------------------------------
  ⏱  step 1,680,000  │  FPS   11533  │  RSS   2938 MB
-----------------------------------------
| gold/                   |             |
|    entropy_magnitude    | 6.36        |
| hw/                     |             |
|    fps                  | 1.15e+04    |
|    rss_mb               | 2.94e+03    |
| rollout/                |             |
|    ep_len_mean          | 8.64e+04    |
|    ep_rew_mean          | -9.33e+04   |
| time/                   |             |
|    fps                  | 1406        |
|    iterations           | 411         |
|    time_elapsed         | 1196        |
|    total_timesteps      | 1683456     |
| train/                  |             |
|    approx_kl            | 0.001379203 |
|    clip_fraction        | 0.00749     |
|    clip_range           | 0.2         |
|    entropy_loss         | -0.316      |
|    explained_variance   | 0.542       |
|    learning_rate        | 0.000138    |
|    loss                 | -0.0153     |
|    n_updates            | 1230        |
|    policy_gradient_loss | -0.00315    |
|    value_loss           | 0.0101      |
-----------------------------------------
-------------------------------------------
| rollout/                |               |
|    ep_len_mean          | 8.64e+04      |
|    ep_rew_mean          | -9.33e+04     |
| time/                   |               |
|    fps                  | 1409          |
|    iterations           | 412           |
|    time_elapsed         | 1197          |
|    total_timesteps      | 1687552       |
| train/                  |               |
|    approx_kl            | 0.00019928589 |
|    clip_fraction        | 0.000244      |
|    clip_range           | 0.2           |
|    entropy_loss         | -0.227        |
|    explained_variance   | 0.542         |
|    learning_rate        | 0.000137      |
|    loss                 | -0.0107       |
|    n_updates            | 1233          |
|    policy_gradient_loss | -0.000559     |
|    value_loss           | 0.0068        |
-------------------------------------------
------------------------------------------
| gold/                   |              |
|    entropy_magnitude    | 4.55         |
| rollout/                |              |
|    ep_len_mean          | 8.64e+04     |
|    ep_rew_mean          | -9.33e+04    |
| time/                   |              |
|    fps                  | 1412         |
|    iterations           | 413          |
|    time_elapsed         | 1197         |
|    total_timesteps      | 1691648      |
| train/                  |              |
|    approx_kl            | 0.0007038528 |
|    clip_fraction        | 0.00407      |
|    clip_range           | 0.2          |
|    entropy_loss         | -0.224       |
|    explained_variance   | 0.459        |
|    learning_rate        | 0.000137     |
|    loss                 | -0.0161      |
|    n_updates            | 1236         |
|    policy_gradient_loss | -0.00248     |
|    value_loss           | 0.00458      |
------------------------------------------
------------------------------------------
| rollout/                |              |
|    ep_len_mean          | 8.64e+04     |
|    ep_rew_mean          | -9.33e+04    |
| time/                   |              |
|    fps                  | 1415         |
|    iterations           | 414          |
|    time_elapsed         | 1197         |
|    total_timesteps      | 1695744      |
| train/                  |              |
|    approx_kl            | 0.0007992477 |
|    clip_fraction        | 0.00342      |
|    clip_range           | 0.2          |
|    entropy_loss         | -0.291       |
|    explained_variance   | 0.641        |
|    learning_rate        | 0.000136     |
|    loss                 | -0.0117      |
|    n_updates            | 1239         |
|    policy_gradient_loss | -0.00192     |
|    value_loss           | 0.00437      |
------------------------------------------
-------------------------------------------
| rollout/                |               |
|    ep_len_mean          | 8.64e+04      |
|    ep_rew_mean          | -9.33e+04     |
| time/                   |               |
|    fps                  | 1418          |
|    iterations           | 415           |
|    time_elapsed         | 1198          |
|    total_timesteps      | 1699840       |
| train/                  |               |
|    approx_kl            | 0.00032823815 |
|    clip_fraction        | 0.000326      |
|    clip_range           | 0.2           |
|    entropy_loss         | -0.296        |
|    explained_variance   | 0.612         |
|    learning_rate        | 0.000136      |
|    loss                 | -0.015        |
|    n_updates            | 1242          |
|    policy_gradient_loss | -0.00102      |
|    value_loss           | 0.00471       |
-------------------------------------------
Eval num_timesteps=1700000, episode_reward=-25532.99 +/- 1015.14
Episode length: 86400.00 +/- 0.00
----------------------------------------
| eval/                   |            |
|    mean_ep_length       | 8.64e+04   |
|    mean_reward          | -2.55e+04  |
| time/                   |            |
|    total_timesteps      | 1700000    |
| train/                  |            |
|    approx_kl            | 0.00225313 |
|    clip_fraction        | 0.0146     |
|    clip_range           | 0.2        |
|    entropy_loss         | -0.332     |
|    explained_variance   | 0.703      |
|    learning_rate        | 0.000136   |
|    loss                 | -0.00665   |
|    n_updates            | 1245       |
|    policy_gradient_loss | -0.00386   |
|    value_loss           | 0.0242     |
----------------------------------------
    📉 ent_coef → 0.04900  (step 1,700,000)
  ⏱  step 1,700,000  │  FPS     609  │  RSS   2938 MB
----------------------------------
| gold/              |           |
|    ent_coef        | 0.049     |
| hw/                |           |
|    fps             | 609       |
|    rss_mb          | 2.94e+03  |
| rollout/           |           |
|    ep_len_mean     | 8.64e+04  |
|    ep_rew_mean     | -9.33e+04 |
| time/              |           |
|    fps             | 1385      |
|    iterations      | 416       |
|    time_elapsed    | 1229      |
|    total_timesteps | 1703936   |
----------------------------------
------------------------------------------
| rollout/                |              |
|    ep_len_mean          | 8.64e+04     |
|    ep_rew_mean          | -9.33e+04    |
| time/                   |              |
|    fps                  | 1388         |
|    iterations           | 417          |
|    time_elapsed         | 1229         |
|    total_timesteps      | 1708032      |
| train/                  |              |
|    approx_kl            | 0.0005901685 |
|    clip_fraction        | 0.0035       |
|    clip_range           | 0.2          |
|    entropy_loss         | -0.297       |
|    explained_variance   | 0.568        |
|    learning_rate        | 0.000135     |
|    loss                 | -0.0186      |
|    n_updates            | 1248         |
|    policy_gradient_loss | -0.00149     |
|    value_loss           | 0.00738      |
------------------------------------------
-------------------------------------------
| gold/                   |               |
|    entropy_magnitude    | 5.69          |
| rollout/                |               |
|    ep_len_mean          | 8.64e+04      |
|    ep_rew_mean          | -9.33e+04     |
| time/                   |               |
|    fps                  | 1391          |
|    iterations           | 418           |
|    time_elapsed         | 1230          |
|    total_timesteps      | 1712128       |
| train/                  |               |
|    approx_kl            | 0.00086359214 |
|    clip_fraction        | 0.0022        |
|    clip_range           | 0.2           |
|    entropy_loss         | -0.277        |
|    explained_variance   | 0.595         |
|    learning_rate        | 0.000135      |
|    loss                 | -0.0131       |
|    n_updates            | 1251          |
|    policy_gradient_loss | -0.00193      |
|    value_loss           | 0.0133        |
-------------------------------------------
-------------------------------------------
| rollout/                |               |
|    ep_len_mean          | 8.64e+04      |
|    ep_rew_mean          | -9.33e+04     |
| time/                   |               |
|    fps                  | 1394          |
|    iterations           | 419           |
|    time_elapsed         | 1230          |
|    total_timesteps      | 1716224       |
| train/                  |               |
|    approx_kl            | 0.00053939846 |
|    clip_fraction        | 0.00163       |
|    clip_range           | 0.2           |
|    entropy_loss         | -0.344        |
|    explained_variance   | 0.615         |
|    learning_rate        | 0.000134      |
|    loss                 | -0.0194       |
|    n_updates            | 1254          |
|    policy_gradient_loss | -0.00205      |
|    value_loss           | 0.0072        |
-------------------------------------------
  ⏱  step 1,720,000  │  FPS   11766  │  RSS   2938 MB
-------------------------------------------
| gold/                   |               |
|    entropy_magnitude    | 6.11          |
| hw/                     |               |
|    fps                  | 1.18e+04      |
|    rss_mb               | 2.94e+03      |
| rollout/                |               |
|    ep_len_mean          | 8.64e+04      |
|    ep_rew_mean          | -9.33e+04     |
| time/                   |               |
|    fps                  | 1397          |
|    iterations           | 420           |
|    time_elapsed         | 1231          |
|    total_timesteps      | 1720320       |
| train/                  |               |
|    approx_kl            | 0.00089457334 |
|    clip_fraction        | 0.00448       |
|    clip_range           | 0.2           |
|    entropy_loss         | -0.296        |
|    explained_variance   | 0.538         |
|    learning_rate        | 0.000134      |
|    loss                 | -0.0147       |
|    n_updates            | 1257          |
|    policy_gradient_loss | -0.00342      |
|    value_loss           | 0.00491       |
-------------------------------------------
-------------------------------------------
| rollout/                |               |
|    ep_len_mean          | 8.64e+04      |
|    ep_rew_mean          | -9.33e+04     |
| time/                   |               |
|    fps                  | 1400          |
|    iterations           | 421           |
|    time_elapsed         | 1231          |
|    total_timesteps      | 1724416       |
| train/                  |               |
|    approx_kl            | 0.00056231406 |
|    clip_fraction        | 0.00155       |
|    clip_range           | 0.2           |
|    entropy_loss         | -0.224        |
|    explained_variance   | 0.789         |
|    learning_rate        | 0.000134      |
|    loss                 | -0.0152       |
|    n_updates            | 1260          |
|    policy_gradient_loss | -0.00223      |
|    value_loss           | 0.00476       |
-------------------------------------------
-------------------------------------------
| rollout/                |               |
|    ep_len_mean          | 8.64e+04      |
|    ep_rew_mean          | -8.18e+04     |
| time/                   |               |
|    fps                  | 1403          |
|    iterations           | 422           |
|    time_elapsed         | 1231          |
|    total_timesteps      | 1728512       |
| train/                  |               |
|    approx_kl            | 0.00082791614 |
|    clip_fraction        | 0.00399       |
|    clip_range           | 0.2           |
|    entropy_loss         | -0.278        |
|    explained_variance   | 0.607         |
|    learning_rate        | 0.000133      |
|    loss                 | -0.0142       |
|    n_updates            | 1263          |
|    policy_gradient_loss | -0.0025       |
|    value_loss           | 0.0108        |
-------------------------------------------
-------------------------------------------
| gold/                   |               |
|    entropy_magnitude    | 6.12          |
| rollout/                |               |
|    ep_len_mean          | 8.64e+04      |
|    ep_rew_mean          | -8.18e+04     |
| time/                   |               |
|    fps                  | 1406          |
|    iterations           | 423           |
|    time_elapsed         | 1232          |
|    total_timesteps      | 1732608       |
| train/                  |               |
|    approx_kl            | 0.00062136445 |
|    clip_fraction        | 0.00252       |
|    clip_range           | 0.2           |
|    entropy_loss         | -0.295        |
|    explained_variance   | 0.616         |
|    learning_rate        | 0.000133      |
|    loss                 | -0.0198       |
|    n_updates            | 1266          |
|    policy_gradient_loss | -0.00201      |
|    value_loss           | 0.00493       |
-------------------------------------------
-------------------------------------------
| rollout/                |               |
|    ep_len_mean          | 8.64e+04      |
|    ep_rew_mean          | -8.18e+04     |
| time/                   |               |
|    fps                  | 1409          |
|    iterations           | 424           |
|    time_elapsed         | 1232          |
|    total_timesteps      | 1736704       |
| train/                  |               |
|    approx_kl            | 0.00072381034 |
|    clip_fraction        | 0.00334       |
|    clip_range           | 0.2           |
|    entropy_loss         | -0.247        |
|    explained_variance   | 0.363         |
|    learning_rate        | 0.000133      |
|    loss                 | -0.00771      |
|    n_updates            | 1269          |
|    policy_gradient_loss | -0.00147      |
|    value_loss           | 0.00887       |
-------------------------------------------
  ⏱  step 1,740,000  │  FPS   11549  │  RSS   2938 MB
------------------------------------------
| gold/                   |              |
|    entropy_magnitude    | 4.92         |
| hw/                     |              |
|    fps                  | 1.15e+04     |
|    rss_mb               | 2.94e+03     |
| rollout/                |              |
|    ep_len_mean          | 8.64e+04     |
|    ep_rew_mean          | -8.18e+04    |
| time/                   |              |
|    fps                  | 1412         |
|    iterations           | 425          |
|    time_elapsed         | 1232         |
|    total_timesteps      | 1740800      |
| train/                  |              |
|    approx_kl            | 0.0008698418 |
|    clip_fraction        | 0.00439      |
|    clip_range           | 0.2          |
|    entropy_loss         | -0.235       |
|    explained_variance   | 0.753        |
|    learning_rate        | 0.000132     |
|    loss                 | -0.0119      |
|    n_updates            | 1272         |
|    policy_gradient_loss | -0.00176     |
|    value_loss           | 0.00387      |
------------------------------------------
------------------------------------------
| rollout/                |              |
|    ep_len_mean          | 8.64e+04     |
|    ep_rew_mean          | -8.18e+04    |
| time/                   |              |
|    fps                  | 1414         |
|    iterations           | 426          |
|    time_elapsed         | 1233         |
|    total_timesteps      | 1744896      |
| train/                  |              |
|    approx_kl            | 0.0007027964 |
|    clip_fraction        | 0.00431      |
|    clip_range           | 0.2          |
|    entropy_loss         | -0.279       |
|    explained_variance   | 0.558        |
|    learning_rate        | 0.000132     |
|    loss                 | -0.0159      |
|    n_updates            | 1275         |
|    policy_gradient_loss | -0.00168     |
|    value_loss           | 0.0069       |
------------------------------------------
-------------------------------------------
| rollout/                |               |
|    ep_len_mean          | 8.64e+04      |
|    ep_rew_mean          | -8.18e+04     |
| time/                   |               |
|    fps                  | 1417          |
|    iterations           | 427           |
|    time_elapsed         | 1233          |
|    total_timesteps      | 1748992       |
| train/                  |               |
|    approx_kl            | 0.00040437168 |
|    clip_fraction        | 0.00171       |
|    clip_range           | 0.2           |
|    entropy_loss         | -0.226        |
|    explained_variance   | 0.635         |
|    learning_rate        | 0.000131      |
|    loss                 | -0.00593      |
|    n_updates            | 1278          |
|    policy_gradient_loss | -0.00143      |
|    value_loss           | 0.00857       |
-------------------------------------------
Eval num_timesteps=1750000, episode_reward=-23602.31 +/- 554.41
Episode length: 86400.00 +/- 0.00
------------------------------------------
| eval/                   |              |
|    mean_ep_length       | 8.64e+04     |
|    mean_reward          | -2.36e+04    |
| time/                   |              |
|    total_timesteps      | 1750000      |
| train/                  |              |
|    approx_kl            | 0.0007762434 |
|    clip_fraction        | 0.00423      |
|    clip_range           | 0.2          |
|    entropy_loss         | -0.317       |
|    explained_variance   | 0.598        |
|    learning_rate        | 0.000131     |
|    loss                 | -0.0156      |
|    n_updates            | 1281         |
|    policy_gradient_loss | -0.00144     |
|    value_loss           | 0.0058       |
------------------------------------------
New best mean reward!
----------------------------------
| rollout/           |           |
|    ep_len_mean     | 8.64e+04  |
|    ep_rew_mean     | -8.18e+04 |
| time/              |           |
|    fps             | 1385      |
|    iterations      | 428       |
|    time_elapsed    | 1264      |
|    total_timesteps | 1753088   |
----------------------------------
------------------------------------------
| rollout/                |              |
|    ep_len_mean          | 8.64e+04     |
|    ep_rew_mean          | -8.18e+04    |
| time/                   |              |
|    fps                  | 1388         |
|    iterations           | 429          |
|    time_elapsed         | 1265         |
|    total_timesteps      | 1757184      |
| train/                  |              |
|    approx_kl            | 0.0017686782 |
|    clip_fraction        | 0.01         |
|    clip_range           | 0.2          |
|    entropy_loss         | -0.331       |
|    explained_variance   | 0.384        |
|    learning_rate        | 0.000131     |
|    loss                 | -0.0286      |
|    n_updates            | 1284         |
|    policy_gradient_loss | -0.0047      |
|    value_loss           | 0.00979      |
------------------------------------------
  ⏱  step 1,760,000  │  FPS     610  │  RSS   2938 MB
-------------------------------------------
| gold/                   |               |
|    entropy_magnitude    | 5.15          |
| hw/                     |               |
|    fps                  | 610           |
|    rss_mb               | 2.94e+03      |
| rollout/                |               |
|    ep_len_mean          | 8.64e+04      |
|    ep_rew_mean          | -8.18e+04     |
| time/                   |               |
|    fps                  | 1391          |
|    iterations           | 430           |
|    time_elapsed         | 1265          |
|    total_timesteps      | 1761280       |
| train/                  |               |
|    approx_kl            | 0.00023858754 |
|    clip_fraction        | 0             |
|    clip_range           | 0.2           |
|    entropy_loss         | -0.243        |
|    explained_variance   | 0.752         |
|    learning_rate        | 0.00013       |
|    loss                 | -0.00993      |
|    n_updates            | 1287          |
|    policy_gradient_loss | -0.000745     |
|    value_loss           | 0.00922       |
-------------------------------------------
-------------------------------------------
| rollout/                |               |
|    ep_len_mean          | 8.64e+04      |
|    ep_rew_mean          | -8.18e+04     |
| time/                   |               |
|    fps                  | 1394          |
|    iterations           | 431           |
|    time_elapsed         | 1265          |
|    total_timesteps      | 1765376       |
| train/                  |               |
|    approx_kl            | 0.00015684986 |
|    clip_fraction        | 0             |
|    clip_range           | 0.2           |
|    entropy_loss         | -0.257        |
|    explained_variance   | 0.233         |
|    learning_rate        | 0.00013       |
|    loss                 | -0.0146       |
|    n_updates            | 1290          |
|    policy_gradient_loss | -0.000538     |
|    value_loss           | 0.00621       |
-------------------------------------------
-----------------------------------------
| rollout/                |             |
|    ep_len_mean          | 8.64e+04    |
|    ep_rew_mean          | -8.18e+04   |
| time/                   |             |
|    fps                  | 1397        |
|    iterations           | 432         |
|    time_elapsed         | 1266        |
|    total_timesteps      | 1769472     |
| train/                  |             |
|    approx_kl            | 0.000569424 |
|    clip_fraction        | 0.00203     |
|    clip_range           | 0.2         |
|    entropy_loss         | -0.292      |
|    explained_variance   | 0.773       |
|    learning_rate        | 0.000129    |
|    loss                 | -0.0226     |
|    n_updates            | 1293        |
|    policy_gradient_loss | -0.00176    |
|    value_loss           | 0.00543     |
-----------------------------------------
------------------------------------------
| gold/                   |              |
|    entropy_magnitude    | 5.96         |
| rollout/                |              |
|    ep_len_mean          | 8.64e+04     |
|    ep_rew_mean          | -8.18e+04    |
| time/                   |              |
|    fps                  | 1400         |
|    iterations           | 433          |
|    time_elapsed         | 1266         |
|    total_timesteps      | 1773568      |
| train/                  |              |
|    approx_kl            | 0.0006747075 |
|    clip_fraction        | 0.00326      |
|    clip_range           | 0.2          |
|    entropy_loss         | -0.279       |
|    explained_variance   | 0.652        |
|    learning_rate        | 0.000129     |
|    loss                 | -0.0117      |
|    n_updates            | 1296         |
|    policy_gradient_loss | -0.00129     |
|    value_loss           | 0.00655      |
------------------------------------------
------------------------------------------
| rollout/                |              |
|    ep_len_mean          | 8.64e+04     |
|    ep_rew_mean          | -8.18e+04    |
| time/                   |              |
|    fps                  | 1403         |
|    iterations           | 434          |
|    time_elapsed         | 1267         |
|    total_timesteps      | 1777664      |
| train/                  |              |
|    approx_kl            | 0.0007354397 |
|    clip_fraction        | 0.00228      |
|    clip_range           | 0.2          |
|    entropy_loss         | -0.32        |
|    explained_variance   | 0.643        |
|    learning_rate        | 0.000129     |
|    loss                 | -0.0111      |
|    n_updates            | 1299         |
|    policy_gradient_loss | -0.00152     |
|    value_loss           | 0.00747      |
------------------------------------------
  ⏱  step 1,780,000  │  FPS   11547  │  RSS   2938 MB
------------------------------------------
| gold/                   |              |
|    entropy_magnitude    | 4.42         |
| hw/                     |              |
|    fps                  | 1.15e+04     |
|    rss_mb               | 2.94e+03     |
| rollout/                |              |
|    ep_len_mean          | 8.64e+04     |
|    ep_rew_mean          | -8.18e+04    |
| time/                   |              |
|    fps                  | 1405         |
|    iterations           | 435          |
|    time_elapsed         | 1267         |
|    total_timesteps      | 1781760      |
| train/                  |              |
|    approx_kl            | 0.0006831958 |
|    clip_fraction        | 0.00366      |
|    clip_range           | 0.2          |
|    entropy_loss         | -0.206       |
|    explained_variance   | 0.535        |
|    learning_rate        | 0.000128     |
|    loss                 | -0.0081      |
|    n_updates            | 1302         |
|    policy_gradient_loss | -0.00138     |
|    value_loss           | 0.00425      |
------------------------------------------
-----------------------------------------
| rollout/                |             |
|    ep_len_mean          | 8.64e+04    |
|    ep_rew_mean          | -8.18e+04   |
| time/                   |             |
|    fps                  | 1408        |
|    iterations           | 436         |
|    time_elapsed         | 1267        |
|    total_timesteps      | 1785856     |
| train/                  |             |
|    approx_kl            | 0.000385404 |
|    clip_fraction        | 0.000977    |
|    clip_range           | 0.2         |
|    entropy_loss         | -0.245      |
|    explained_variance   | 0.578       |
|    learning_rate        | 0.000128    |
|    loss                 | -0.0111     |
|    n_updates            | 1305        |
|    policy_gradient_loss | -0.00124    |
|    value_loss           | 0.00425     |
-----------------------------------------
------------------------------------------
| rollout/                |              |
|    ep_len_mean          | 8.64e+04     |
|    ep_rew_mean          | -8.18e+04    |
| time/                   |              |
|    fps                  | 1411         |
|    iterations           | 437          |
|    time_elapsed         | 1268         |
|    total_timesteps      | 1789952      |
| train/                  |              |
|    approx_kl            | 0.0010743733 |
|    clip_fraction        | 0.00814      |
|    clip_range           | 0.2          |
|    entropy_loss         | -0.26        |
|    explained_variance   | 0.69         |
|    learning_rate        | 0.000127     |
|    loss                 | -0.0174      |
|    n_updates            | 1308         |
|    policy_gradient_loss | -0.00178     |
|    value_loss           | 0.0037       |
------------------------------------------
-----------------------------------------
| gold/                   |             |
|    entropy_magnitude    | 6.7         |
| rollout/                |             |
|    ep_len_mean          | 8.64e+04    |
|    ep_rew_mean          | -8.18e+04   |
| time/                   |             |
|    fps                  | 1414        |
|    iterations           | 438         |
|    time_elapsed         | 1268        |
|    total_timesteps      | 1794048     |
| train/                  |             |
|    approx_kl            | 0.002558478 |
|    clip_fraction        | 0.011       |
|    clip_range           | 0.2         |
|    entropy_loss         | -0.31       |
|    explained_variance   | 0.561       |
|    learning_rate        | 0.000127    |
|    loss                 | -0.027      |
|    n_updates            | 1311        |
|    policy_gradient_loss | -0.00453    |
|    value_loss           | 0.0123      |
-----------------------------------------
------------------------------------------
| rollout/                |              |
|    ep_len_mean          | 8.64e+04     |
|    ep_rew_mean          | -8.18e+04    |
| time/                   |              |
|    fps                  | 1417         |
|    iterations           | 439          |
|    time_elapsed         | 1268         |
|    total_timesteps      | 1798144      |
| train/                  |              |
|    approx_kl            | 0.0006431305 |
|    clip_fraction        | 0.00269      |
|    clip_range           | 0.2          |
|    entropy_loss         | -0.247       |
|    explained_variance   | 0.405        |
|    learning_rate        | 0.000127     |
|    loss                 | -0.00488     |
|    n_updates            | 1314         |
|    policy_gradient_loss | -0.00139     |
|    value_loss           | 0.00887      |
------------------------------------------
Eval num_timesteps=1800000, episode_reward=-23687.59 +/- 2145.20
Episode length: 86400.00 +/- 0.00
------------------------------------------
| eval/                   |              |
|    mean_ep_length       | 8.64e+04     |
|    mean_reward          | -2.37e+04    |
| time/                   |              |
|    total_timesteps      | 1800000      |
| train/                  |              |
|    approx_kl            | 0.0005671166 |
|    clip_fraction        | 0.00456      |
|    clip_range           | 0.2          |
|    entropy_loss         | -0.225       |
|    explained_variance   | 0.754        |
|    learning_rate        | 0.000126     |
|    loss                 | -0.00905     |
|    n_updates            | 1317         |
|    policy_gradient_loss | -0.00198     |
|    value_loss           | 0.00655      |
------------------------------------------
    📉 ent_coef → 0.04600  (step 1,800,000)
  ⏱  step 1,800,000  │  FPS     607  │  RSS   2938 MB
----------------------------------
| gold/              |           |
|    ent_coef        | 0.046     |
| hw/                |           |
|    fps             | 607       |
|    rss_mb          | 2.94e+03  |
| rollout/           |           |
|    ep_len_mean     | 8.64e+04  |
|    ep_rew_mean     | -8.18e+04 |
| time/              |           |
|    fps             | 1385      |
|    iterations      | 440       |
|    time_elapsed    | 1300      |
|    total_timesteps | 1802240   |
----------------------------------
-------------------------------------------
| rollout/                |               |
|    ep_len_mean          | 8.64e+04      |
|    ep_rew_mean          | -8.18e+04     |
| time/                   |               |
|    fps                  | 1388          |
|    iterations           | 441           |
|    time_elapsed         | 1300          |
|    total_timesteps      | 1806336       |
| train/                  |               |
|    approx_kl            | 0.00061663904 |
|    clip_fraction        | 0.00269       |
|    clip_range           | 0.2           |
|    entropy_loss         | -0.267        |
|    explained_variance   | 0.776         |
|    learning_rate        | 0.000126      |
|    loss                 | -0.0124       |
|    n_updates            | 1320          |
|    policy_gradient_loss | -0.00139      |
|    value_loss           | 0.00668       |
-------------------------------------------
-------------------------------------------
| gold/                   |               |
|    entropy_magnitude    | 6.8           |
| rollout/                |               |
|    ep_len_mean          | 8.64e+04      |
|    ep_rew_mean          | -8.18e+04     |
| time/                   |               |
|    fps                  | 1391          |
|    iterations           | 442           |
|    time_elapsed         | 1301          |
|    total_timesteps      | 1810432       |
| train/                  |               |
|    approx_kl            | 0.00052310154 |
|    clip_fraction        | 0.00179       |
|    clip_range           | 0.2           |
|    entropy_loss         | -0.311        |
|    explained_variance   | 0.756         |
|    learning_rate        | 0.000125      |
|    loss                 | -0.0207       |
|    n_updates            | 1323          |
|    policy_gradient_loss | -0.00202      |
|    value_loss           | 0.0198        |
-------------------------------------------
-----------------------------------------
| rollout/                |             |
|    ep_len_mean          | 8.64e+04    |
|    ep_rew_mean          | -8.18e+04   |
| time/                   |             |
|    fps                  | 1394        |
|    iterations           | 443         |
|    time_elapsed         | 1301        |
|    total_timesteps      | 1814528     |
| train/                  |             |
|    approx_kl            | 0.000619669 |
|    clip_fraction        | 0.0035      |
|    clip_range           | 0.2         |
|    entropy_loss         | -0.292      |
|    explained_variance   | 0.665       |
|    learning_rate        | 0.000125    |
|    loss                 | -0.0159     |
|    n_updates            | 1326        |
|    policy_gradient_loss | -0.00205    |
|    value_loss           | 0.00975     |
-----------------------------------------
-------------------------------------------
| rollout/                |               |
|    ep_len_mean          | 8.64e+04      |
|    ep_rew_mean          | -8.18e+04     |
| time/                   |               |
|    fps                  | 1396          |
|    iterations           | 444           |
|    time_elapsed         | 1301          |
|    total_timesteps      | 1818624       |
| train/                  |               |
|    approx_kl            | 0.00074385724 |
|    clip_fraction        | 0.00334       |
|    clip_range           | 0.2           |
|    entropy_loss         | -0.253        |
|    explained_variance   | 0.634         |
|    learning_rate        | 0.000125      |
|    loss                 | -0.0134       |
|    n_updates            | 1329          |
|    policy_gradient_loss | -0.00208      |
|    value_loss           | 0.00535       |
-------------------------------------------
  ⏱  step 1,820,000  │  FPS   11402  │  RSS   2938 MB
-------------------------------------------
| gold/                   |               |
|    entropy_magnitude    | 6.01          |
| hw/                     |               |
|    fps                  | 1.14e+04      |
|    rss_mb               | 2.94e+03      |
| rollout/                |               |
|    ep_len_mean          | 8.64e+04      |
|    ep_rew_mean          | -8.18e+04     |
| time/                   |               |
|    fps                  | 1399          |
|    iterations           | 445           |
|    time_elapsed         | 1302          |
|    total_timesteps      | 1822720       |
| train/                  |               |
|    approx_kl            | 0.00060131896 |
|    clip_fraction        | 0.00171       |
|    clip_range           | 0.2           |
|    entropy_loss         | -0.273        |
|    explained_variance   | 0.618         |
|    learning_rate        | 0.000124      |
|    loss                 | -0.019        |
|    n_updates            | 1332          |
|    policy_gradient_loss | -0.00151      |
|    value_loss           | 0.00736       |
-------------------------------------------
-------------------------------------------
| rollout/                |               |
|    ep_len_mean          | 8.64e+04      |
|    ep_rew_mean          | -8.18e+04     |
| time/                   |               |
|    fps                  | 1402          |
|    iterations           | 446           |
|    time_elapsed         | 1302          |
|    total_timesteps      | 1826816       |
| train/                  |               |
|    approx_kl            | 0.00037426996 |
|    clip_fraction        | 0.00138       |
|    clip_range           | 0.2           |
|    entropy_loss         | -0.254        |
|    explained_variance   | 0.7           |
|    learning_rate        | 0.000124      |
|    loss                 | -0.0105       |
|    n_updates            | 1335          |
|    policy_gradient_loss | -0.0016       |
|    value_loss           | 0.00562       |
-------------------------------------------
-------------------------------------------
| gold/                   |               |
|    entropy_magnitude    | 4.07          |
| rollout/                |               |
|    ep_len_mean          | 8.64e+04      |
|    ep_rew_mean          | -8.18e+04     |
| time/                   |               |
|    fps                  | 1405          |
|    iterations           | 447           |
|    time_elapsed         | 1302          |
|    total_timesteps      | 1830912       |
| train/                  |               |
|    approx_kl            | 0.00025194717 |
|    clip_fraction        | 0.000651      |
|    clip_range           | 0.2           |
|    entropy_loss         | -0.183        |
|    explained_variance   | 0.521         |
|    learning_rate        | 0.000123      |
|    loss                 | -0.0109       |
|    n_updates            | 1338          |
|    policy_gradient_loss | -0.00114      |
|    value_loss           | 0.00691       |
-------------------------------------------
-------------------------------------------
| rollout/                |               |
|    ep_len_mean          | 8.64e+04      |
|    ep_rew_mean          | -8.18e+04     |
| time/                   |               |
|    fps                  | 1408          |
|    iterations           | 448           |
|    time_elapsed         | 1303          |
|    total_timesteps      | 1835008       |
| train/                  |               |
|    approx_kl            | 0.00039145182 |
|    clip_fraction        | 0.00106       |
|    clip_range           | 0.2           |
|    entropy_loss         | -0.236        |
|    explained_variance   | 0.71          |
|    learning_rate        | 0.000123      |
|    loss                 | -0.00869      |
|    n_updates            | 1341          |
|    policy_gradient_loss | -0.00145      |
|    value_loss           | 0.00886       |
-------------------------------------------
------------------------------------------
| rollout/                |              |
|    ep_len_mean          | 8.64e+04     |
|    ep_rew_mean          | -8.18e+04    |
| time/                   |              |
|    fps                  | 1410         |
|    iterations           | 449          |
|    time_elapsed         | 1303         |
|    total_timesteps      | 1839104      |
| train/                  |              |
|    approx_kl            | 0.0003088124 |
|    clip_fraction        | 0.000651     |
|    clip_range           | 0.2          |
|    entropy_loss         | -0.249       |
|    explained_variance   | 0.47         |
|    learning_rate        | 0.000123     |
|    loss                 | -0.00848     |
|    n_updates            | 1344         |
|    policy_gradient_loss | -0.000837    |
|    value_loss           | 0.00716      |
------------------------------------------
  ⏱  step 1,840,000  │  FPS   11468  │  RSS   2938 MB
------------------------------------------
| gold/                   |              |
|    entropy_magnitude    | 5.7          |
| hw/                     |              |
|    fps                  | 1.15e+04     |
|    rss_mb               | 2.94e+03     |
| rollout/                |              |
|    ep_len_mean          | 8.64e+04     |
|    ep_rew_mean          | -8.18e+04    |
| time/                   |              |
|    fps                  | 1413         |
|    iterations           | 450          |
|    time_elapsed         | 1303         |
|    total_timesteps      | 1843200      |
| train/                  |              |
|    approx_kl            | 0.0003224844 |
|    clip_fraction        | 0.00057      |
|    clip_range           | 0.2          |
|    entropy_loss         | -0.256       |
|    explained_variance   | 0.648        |
|    learning_rate        | 0.000122     |
|    loss                 | -0.0156      |
|    n_updates            | 1347         |
|    policy_gradient_loss | -0.00125     |
|    value_loss           | 0.00473      |
------------------------------------------
------------------------------------------
| rollout/                |              |
|    ep_len_mean          | 8.64e+04     |
|    ep_rew_mean          | -8.18e+04    |
| time/                   |              |
|    fps                  | 1416         |
|    iterations           | 451          |
|    time_elapsed         | 1304         |
|    total_timesteps      | 1847296      |
| train/                  |              |
|    approx_kl            | 0.0011745527 |
|    clip_fraction        | 0.00602      |
|    clip_range           | 0.2          |
|    entropy_loss         | -0.223       |
|    explained_variance   | 0.6          |
|    learning_rate        | 0.000122     |
|    loss                 | -0.00552     |
|    n_updates            | 1350         |
|    policy_gradient_loss | -0.002       |
|    value_loss           | 0.00905      |
------------------------------------------
Eval num_timesteps=1850000, episode_reward=-25036.27 +/- 1959.58
Episode length: 86400.00 +/- 0.00
------------------------------------------
| eval/                   |              |
|    mean_ep_length       | 8.64e+04     |
|    mean_reward          | -2.5e+04     |
| time/                   |              |
|    total_timesteps      | 1850000      |
| train/                  |              |
|    approx_kl            | 0.0003833137 |
|    clip_fraction        | 0.0013       |
|    clip_range           | 0.2          |
|    entropy_loss         | -0.186       |
|    explained_variance   | 0.738        |
|    learning_rate        | 0.000121     |
|    loss                 | -0.00429     |
|    n_updates            | 1353         |
|    policy_gradient_loss | -0.00101     |
|    value_loss           | 0.00378      |
------------------------------------------
----------------------------------
| rollout/           |           |
|    ep_len_mean     | 8.64e+04  |
|    ep_rew_mean     | -8.18e+04 |
| time/              |           |
|    fps             | 1385      |
|    iterations      | 452       |
|    time_elapsed    | 1336      |
|    total_timesteps | 1851392   |
----------------------------------
------------------------------------------
| rollout/                |              |
|    ep_len_mean          | 8.64e+04     |
|    ep_rew_mean          | -8.18e+04    |
| time/                   |              |
|    fps                  | 1387         |
|    iterations           | 453          |
|    time_elapsed         | 1336         |
|    total_timesteps      | 1855488      |
| train/                  |              |
|    approx_kl            | 0.0007516685 |
|    clip_fraction        | 0.00456      |
|    clip_range           | 0.2          |
|    entropy_loss         | -0.256       |
|    explained_variance   | 0.562        |
|    learning_rate        | 0.000121     |
|    loss                 | -0.0107      |
|    n_updates            | 1356         |
|    policy_gradient_loss | -0.00114     |
|    value_loss           | 0.00519      |
------------------------------------------
-------------------------------------------
| rollout/                |               |
|    ep_len_mean          | 8.64e+04      |
|    ep_rew_mean          | -8.18e+04     |
| time/                   |               |
|    fps                  | 1390          |
|    iterations           | 454           |
|    time_elapsed         | 1337          |
|    total_timesteps      | 1859584       |
| train/                  |               |
|    approx_kl            | 0.00027539578 |
|    clip_fraction        | 0.00146       |
|    clip_range           | 0.2           |
|    entropy_loss         | -0.202        |
|    explained_variance   | 0.628         |
|    learning_rate        | 0.000121      |
|    loss                 | -0.00775      |
|    n_updates            | 1359          |
|    policy_gradient_loss | -0.000658     |
|    value_loss           | 0.00599       |
-------------------------------------------
  ⏱  step 1,860,000  │  FPS     595  │  RSS   2938 MB
------------------------------------------
| gold/                   |              |
|    entropy_magnitude    | 4.94         |
| hw/                     |              |
|    fps                  | 595          |
|    rss_mb               | 2.94e+03     |
| rollout/                |              |
|    ep_len_mean          | 8.64e+04     |
|    ep_rew_mean          | -8.18e+04    |
| time/                   |              |
|    fps                  | 1393         |
|    iterations           | 455          |
|    time_elapsed         | 1337         |
|    total_timesteps      | 1863680      |
| train/                  |              |
|    approx_kl            | 0.0004130774 |
|    clip_fraction        | 0.00187      |
|    clip_range           | 0.2          |
|    entropy_loss         | -0.218       |
|    explained_variance   | 0.44         |
|    learning_rate        | 0.00012      |
|    loss                 | -0.0105      |
|    n_updates            | 1362         |
|    policy_gradient_loss | -0.00125     |
|    value_loss           | 0.00695      |
------------------------------------------
-------------------------------------------
| rollout/                |               |
|    ep_len_mean          | 8.64e+04      |
|    ep_rew_mean          | -8.18e+04     |
| time/                   |               |
|    fps                  | 1395          |
|    iterations           | 456           |
|    time_elapsed         | 1337          |
|    total_timesteps      | 1867776       |
| train/                  |               |
|    approx_kl            | 0.00068976125 |
|    clip_fraction        | 0.00391       |
|    clip_range           | 0.2           |
|    entropy_loss         | -0.255        |
|    explained_variance   | 0.678         |
|    learning_rate        | 0.00012       |
|    loss                 | -0.0169       |
|    n_updates            | 1365          |
|    policy_gradient_loss | -0.00206      |
|    value_loss           | 0.00512       |
-------------------------------------------
-------------------------------------------
| gold/                   |               |
|    entropy_magnitude    | 5.42          |
| rollout/                |               |
|    ep_len_mean          | 8.64e+04      |
|    ep_rew_mean          | -8.18e+04     |
| time/                   |               |
|    fps                  | 1398          |
|    iterations           | 457           |
|    time_elapsed         | 1338          |
|    total_timesteps      | 1871872       |
| train/                  |               |
|    approx_kl            | 0.00054441404 |
|    clip_fraction        | 0.00309       |
|    clip_range           | 0.2           |
|    entropy_loss         | -0.238        |
|    explained_variance   | 0.574         |
|    learning_rate        | 0.000119      |
|    loss                 | -0.00552      |
|    n_updates            | 1368          |
|    policy_gradient_loss | -0.000801     |
|    value_loss           | 0.0113        |
-------------------------------------------
------------------------------------------
| rollout/                |              |
|    ep_len_mean          | 8.64e+04     |
|    ep_rew_mean          | -8.18e+04    |
| time/                   |              |
|    fps                  | 1401         |
|    iterations           | 458          |
|    time_elapsed         | 1338         |
|    total_timesteps      | 1875968      |
| train/                  |              |
|    approx_kl            | 0.0007802792 |
|    clip_fraction        | 0.00431      |
|    clip_range           | 0.2          |
|    entropy_loss         | -0.191       |
|    explained_variance   | 0.68         |
|    learning_rate        | 0.000119     |
|    loss                 | -0.00896     |
|    n_updates            | 1371         |
|    policy_gradient_loss | -0.00329     |
|    value_loss           | 0.00901      |
------------------------------------------
  ⏱  step 1,880,000  │  FPS   11942  │  RSS   2938 MB
------------------------------------------
| gold/                   |              |
|    entropy_magnitude    | 5.26         |
| hw/                     |              |
|    fps                  | 1.19e+04     |
|    rss_mb               | 2.94e+03     |
| rollout/                |              |
|    ep_len_mean          | 8.64e+04     |
|    ep_rew_mean          | -8.18e+04    |
| time/                   |              |
|    fps                  | 1404         |
|    iterations           | 459          |
|    time_elapsed         | 1339         |
|    total_timesteps      | 1880064      |
| train/                  |              |
|    approx_kl            | 0.0005744519 |
|    clip_fraction        | 0.00212      |
|    clip_range           | 0.2          |
|    entropy_loss         | -0.229       |
|    explained_variance   | 0.57         |
|    learning_rate        | 0.000119     |
|    loss                 | -0.00997     |
|    n_updates            | 1374         |
|    policy_gradient_loss | -0.00226     |
|    value_loss           | 0.00609      |
------------------------------------------
-------------------------------------------
| rollout/                |               |
|    ep_len_mean          | 8.64e+04      |
|    ep_rew_mean          | -8.18e+04     |
| time/                   |               |
|    fps                  | 1406          |
|    iterations           | 460           |
|    time_elapsed         | 1339          |
|    total_timesteps      | 1884160       |
| train/                  |               |
|    approx_kl            | 0.00028635963 |
|    clip_fraction        | 0.000814      |
|    clip_range           | 0.2           |
|    entropy_loss         | -0.227        |
|    explained_variance   | 0.732         |
|    learning_rate        | 0.000118      |
|    loss                 | -0.00802      |
|    n_updates            | 1377          |
|    policy_gradient_loss | -0.000862     |
|    value_loss           | 0.00752       |
-------------------------------------------
-------------------------------------------
| rollout/                |               |
|    ep_len_mean          | 8.64e+04      |
|    ep_rew_mean          | -8.18e+04     |
| time/                   |               |
|    fps                  | 1409          |
|    iterations           | 461           |
|    time_elapsed         | 1339          |
|    total_timesteps      | 1888256       |
| train/                  |               |
|    approx_kl            | 0.00032369775 |
|    clip_fraction        | 0.00122       |
|    clip_range           | 0.2           |
|    entropy_loss         | -0.205        |
|    explained_variance   | 0.608         |
|    learning_rate        | 0.000118      |
|    loss                 | -0.011        |
|    n_updates            | 1380          |
|    policy_gradient_loss | -0.0012       |
|    value_loss           | 0.00622       |
-------------------------------------------
-------------------------------------------
| gold/                   |               |
|    entropy_magnitude    | 4.42          |
| rollout/                |               |
|    ep_len_mean          | 8.64e+04      |
|    ep_rew_mean          | -8.18e+04     |
| time/                   |               |
|    fps                  | 1412          |
|    iterations           | 462           |
|    time_elapsed         | 1340          |
|    total_timesteps      | 1892352       |
| train/                  |               |
|    approx_kl            | 0.00026168214 |
|    clip_fraction        | 0.000407      |
|    clip_range           | 0.2           |
|    entropy_loss         | -0.191        |
|    explained_variance   | 0.657         |
|    learning_rate        | 0.000117      |
|    loss                 | -0.00548      |
|    n_updates            | 1383          |
|    policy_gradient_loss | -0.000885     |
|    value_loss           | 0.0123        |
-------------------------------------------
-------------------------------------------
| rollout/                |               |
|    ep_len_mean          | 8.64e+04      |
|    ep_rew_mean          | -8.18e+04     |
| time/                   |               |
|    fps                  | 1414          |
|    iterations           | 463           |
|    time_elapsed         | 1340          |
|    total_timesteps      | 1896448       |
| train/                  |               |
|    approx_kl            | 0.00065265887 |
|    clip_fraction        | 0.00334       |
|    clip_range           | 0.2           |
|    entropy_loss         | -0.209        |
|    explained_variance   | 0.784         |
|    learning_rate        | 0.000117      |
|    loss                 | -0.00841      |
|    n_updates            | 1386          |
|    policy_gradient_loss | -0.00255      |
|    value_loss           | 0.0195        |
-------------------------------------------
Eval num_timesteps=1900000, episode_reward=-25118.91 +/- 670.34
Episode length: 86400.00 +/- 0.00
-------------------------------------------
| eval/                   |               |
|    mean_ep_length       | 8.64e+04      |
|    mean_reward          | -2.51e+04     |
| time/                   |               |
|    total_timesteps      | 1900000       |
| train/                  |               |
|    approx_kl            | 0.00024966116 |
|    clip_fraction        | 0.000732      |
|    clip_range           | 0.2           |
|    entropy_loss         | -0.175        |
|    explained_variance   | 0.332         |
|    learning_rate        | 0.000117      |
|    loss                 | -0.00538      |
|    n_updates            | 1389          |
|    policy_gradient_loss | -0.00101      |
|    value_loss           | 0.00604       |
-------------------------------------------
    📉 ent_coef → 0.04300  (step 1,900,000)
  ⏱  step 1,900,000  │  FPS     602  │  RSS   2938 MB
----------------------------------
| gold/              |           |
|    ent_coef        | 0.043     |
| hw/                |           |
|    fps             | 602       |
|    rss_mb          | 2.94e+03  |
| rollout/           |           |
|    ep_len_mean     | 8.64e+04  |
|    ep_rew_mean     | -8.18e+04 |
| time/              |           |
|    fps             | 1384      |
|    iterations      | 464       |
|    time_elapsed    | 1372      |
|    total_timesteps | 1900544   |
----------------------------------
-------------------------------------------
| rollout/                |               |
|    ep_len_mean          | 8.64e+04      |
|    ep_rew_mean          | -8.18e+04     |
| time/                   |               |
|    fps                  | 1387          |
|    iterations           | 465           |
|    time_elapsed         | 1372          |
|    total_timesteps      | 1904640       |
| train/                  |               |
|    approx_kl            | 0.00037731425 |
|    clip_fraction        | 0.00138       |
|    clip_range           | 0.2           |
|    entropy_loss         | -0.193        |
|    explained_variance   | 0.662         |
|    learning_rate        | 0.000116      |
|    loss                 | -0.00499      |
|    n_updates            | 1392          |
|    policy_gradient_loss | -0.000806     |
|    value_loss           | 0.00667       |
-------------------------------------------
-------------------------------------------
| rollout/                |               |
|    ep_len_mean          | 8.64e+04      |
|    ep_rew_mean          | -8.18e+04     |
| time/                   |               |
|    fps                  | 1390          |
|    iterations           | 466           |
|    time_elapsed         | 1373          |
|    total_timesteps      | 1908736       |
| train/                  |               |
|    approx_kl            | 0.00045689422 |
|    clip_fraction        | 0.00179       |
|    clip_range           | 0.2           |
|    entropy_loss         | -0.275        |
|    explained_variance   | 0.605         |
|    learning_rate        | 0.000116      |
|    loss                 | -0.0128       |
|    n_updates            | 1395          |
|    policy_gradient_loss | -0.00153      |
|    value_loss           | 0.00813       |
-------------------------------------------
-------------------------------------------
| gold/                   |               |
|    entropy_magnitude    | 4.81          |
| rollout/                |               |
|    ep_len_mean          | 8.64e+04      |
|    ep_rew_mean          | -8.18e+04     |
| time/                   |               |
|    fps                  | 1392          |
|    iterations           | 467           |
|    time_elapsed         | 1373          |
|    total_timesteps      | 1912832       |
| train/                  |               |
|    approx_kl            | 0.00043206644 |
|    clip_fraction        | 0.00212       |
|    clip_range           | 0.2           |
|    entropy_loss         | -0.205        |
|    explained_variance   | 0.503         |
|    learning_rate        | 0.000115      |
|    loss                 | -0.00807      |
|    n_updates            | 1398          |
|    policy_gradient_loss | -0.00163      |
|    value_loss           | 0.00554       |
-------------------------------------------
-------------------------------------------
| rollout/                |               |
|    ep_len_mean          | 8.64e+04      |
|    ep_rew_mean          | -8.18e+04     |
| time/                   |               |
|    fps                  | 1395          |
|    iterations           | 468           |
|    time_elapsed         | 1373          |
|    total_timesteps      | 1916928       |
| train/                  |               |
|    approx_kl            | 0.00028644444 |
|    clip_fraction        | 0.000488      |
|    clip_range           | 0.2           |
|    entropy_loss         | -0.218        |
|    explained_variance   | 0.635         |
|    learning_rate        | 0.000115      |
|    loss                 | -0.0105       |
|    n_updates            | 1401          |
|    policy_gradient_loss | -0.0013       |
|    value_loss           | 0.00539       |
-------------------------------------------
  ⏱  step 1,920,000  │  FPS   11628  │  RSS   2938 MB
------------------------------------------
| gold/                   |              |
|    entropy_magnitude    | 5.83         |
| hw/                     |              |
|    fps                  | 1.16e+04     |
|    rss_mb               | 2.94e+03     |
| rollout/                |              |
|    ep_len_mean          | 8.64e+04     |
|    ep_rew_mean          | -8.18e+04    |
| time/                   |              |
|    fps                  | 1398         |
|    iterations           | 469          |
|    time_elapsed         | 1374         |
|    total_timesteps      | 1921024      |
| train/                  |              |
|    approx_kl            | 0.0014350365 |
|    clip_fraction        | 0.0061       |
|    clip_range           | 0.2          |
|    entropy_loss         | -0.247       |
|    explained_variance   | 0.705        |
|    learning_rate        | 0.000115     |
|    loss                 | -0.0122      |
|    n_updates            | 1404         |
|    policy_gradient_loss | -0.00277     |
|    value_loss           | 0.00455      |
------------------------------------------
------------------------------------------
| rollout/                |              |
|    ep_len_mean          | 8.64e+04     |
|    ep_rew_mean          | -8.18e+04    |
| time/                   |              |
|    fps                  | 1400         |
|    iterations           | 470          |
|    time_elapsed         | 1374         |
|    total_timesteps      | 1925120      |
| train/                  |              |
|    approx_kl            | 0.0004177671 |
|    clip_fraction        | 0.00163      |
|    clip_range           | 0.2          |
|    entropy_loss         | -0.189       |
|    explained_variance   | 0.713        |
|    learning_rate        | 0.000114     |
|    loss                 | -0.0234      |
|    n_updates            | 1407         |
|    policy_gradient_loss | -0.00208     |
|    value_loss           | 0.00498      |
------------------------------------------
-------------------------------------------
| rollout/                |               |
|    ep_len_mean          | 8.64e+04      |
|    ep_rew_mean          | -8.18e+04     |
| time/                   |               |
|    fps                  | 1403          |
|    iterations           | 471           |
|    time_elapsed         | 1374          |
|    total_timesteps      | 1929216       |
| train/                  |               |
|    approx_kl            | 0.00045345642 |
|    clip_fraction        | 0.00285       |
|    clip_range           | 0.2           |
|    entropy_loss         | -0.212        |
|    explained_variance   | 0.509         |
|    learning_rate        | 0.000114      |
|    loss                 | -0.00721      |
|    n_updates            | 1410          |
|    policy_gradient_loss | -0.00106      |
|    value_loss           | 0.00535       |
-------------------------------------------
------------------------------------------
| gold/                   |              |
|    entropy_magnitude    | 4.58         |
| rollout/                |              |
|    ep_len_mean          | 8.64e+04     |
|    ep_rew_mean          | -8.18e+04    |
| time/                   |              |
|    fps                  | 1405         |
|    iterations           | 472          |
|    time_elapsed         | 1375         |
|    total_timesteps      | 1933312      |
| train/                  |              |
|    approx_kl            | 0.0008039823 |
|    clip_fraction        | 0.00675      |
|    clip_range           | 0.2          |
|    entropy_loss         | -0.193       |
|    explained_variance   | 0.633        |
|    learning_rate        | 0.000114     |
|    loss                 | -0.00989     |
|    n_updates            | 1413         |
|    policy_gradient_loss | -0.00172     |
|    value_loss           | 0.00334      |
------------------------------------------
------------------------------------------
| rollout/                |              |
|    ep_len_mean          | 8.64e+04     |
|    ep_rew_mean          | -8.18e+04    |
| time/                   |              |
|    fps                  | 1408         |
|    iterations           | 473          |
|    time_elapsed         | 1375         |
|    total_timesteps      | 1937408      |
| train/                  |              |
|    approx_kl            | 0.0003381411 |
|    clip_fraction        | 0.00138      |
|    clip_range           | 0.2          |
|    entropy_loss         | -0.221       |
|    explained_variance   | 0.756        |
|    learning_rate        | 0.000113     |
|    loss                 | -0.011       |
|    n_updates            | 1416         |
|    policy_gradient_loss | -0.00162     |
|    value_loss           | 0.00683      |
------------------------------------------
  ⏱  step 1,940,000  │  FPS   11308  │  RSS   2938 MB
------------------------------------------
| gold/                   |              |
|    entropy_magnitude    | 4.63         |
| hw/                     |              |
|    fps                  | 1.13e+04     |
|    rss_mb               | 2.94e+03     |
| rollout/                |              |
|    ep_len_mean          | 8.64e+04     |
|    ep_rew_mean          | -8.18e+04    |
| time/                   |              |
|    fps                  | 1411         |
|    iterations           | 474          |
|    time_elapsed         | 1375         |
|    total_timesteps      | 1941504      |
| train/                  |              |
|    approx_kl            | 0.0001662775 |
|    clip_fraction        | 0            |
|    clip_range           | 0.2          |
|    entropy_loss         | -0.194       |
|    explained_variance   | 0.538        |
|    learning_rate        | 0.000113     |
|    loss                 | -0.00493     |
|    n_updates            | 1419         |
|    policy_gradient_loss | -0.000473    |
|    value_loss           | 0.00856      |
------------------------------------------
-------------------------------------------
| rollout/                |               |
|    ep_len_mean          | 8.64e+04      |
|    ep_rew_mean          | -8.18e+04     |
| time/                   |               |
|    fps                  | 1413          |
|    iterations           | 475           |
|    time_elapsed         | 1376          |
|    total_timesteps      | 1945600       |
| train/                  |               |
|    approx_kl            | 0.00044341222 |
|    clip_fraction        | 0.00236       |
|    clip_range           | 0.2           |
|    entropy_loss         | -0.211        |
|    explained_variance   | 0.517         |
|    learning_rate        | 0.000112      |
|    loss                 | -0.00545      |
|    n_updates            | 1422          |
|    policy_gradient_loss | -0.00151      |
|    value_loss           | 0.00458       |
-------------------------------------------
------------------------------------------
| rollout/                |              |
|    ep_len_mean          | 8.64e+04     |
|    ep_rew_mean          | -8.18e+04    |
| time/                   |              |
|    fps                  | 1416         |
|    iterations           | 476          |
|    time_elapsed         | 1376         |
|    total_timesteps      | 1949696      |
| train/                  |              |
|    approx_kl            | 0.0005399748 |
|    clip_fraction        | 0.00236      |
|    clip_range           | 0.2          |
|    entropy_loss         | -0.224       |
|    explained_variance   | 0.446        |
|    learning_rate        | 0.000112     |
|    loss                 | -0.0199      |
|    n_updates            | 1425         |
|    policy_gradient_loss | -0.00246     |
|    value_loss           | 0.00833      |
------------------------------------------
Eval num_timesteps=1950000, episode_reward=-24197.85 +/- 823.22
Episode length: 86400.00 +/- 0.00
-------------------------------------------
| eval/                   |               |
|    mean_ep_length       | 8.64e+04      |
|    mean_reward          | -2.42e+04     |
| time/                   |               |
|    total_timesteps      | 1950000       |
| train/                  |               |
|    approx_kl            | 0.00038407225 |
|    clip_fraction        | 0.00228       |
|    clip_range           | 0.2           |
|    entropy_loss         | -0.171        |
|    explained_variance   | 0.632         |
|    learning_rate        | 0.000112      |
|    loss                 | -0.00765      |
|    n_updates            | 1428          |
|    policy_gradient_loss | -0.0011       |
|    value_loss           | 0.00609       |
-------------------------------------------
----------------------------------
| rollout/           |           |
|    ep_len_mean     | 8.64e+04  |
|    ep_rew_mean     | -8.18e+04 |
| time/              |           |
|    fps             | 1387      |
|    iterations      | 477       |
|    time_elapsed    | 1408      |
|    total_timesteps | 1953792   |
----------------------------------
-------------------------------------------
| rollout/                |               |
|    ep_len_mean          | 8.64e+04      |
|    ep_rew_mean          | -8.18e+04     |
| time/                   |               |
|    fps                  | 1389          |
|    iterations           | 478           |
|    time_elapsed         | 1408          |
|    total_timesteps      | 1957888       |
| train/                  |               |
|    approx_kl            | 0.00017118517 |
|    clip_fraction        | 0             |
|    clip_range           | 0.2           |
|    entropy_loss         | -0.188        |
|    explained_variance   | 0.553         |
|    learning_rate        | 0.000111      |
|    loss                 | -0.00771      |
|    n_updates            | 1431          |
|    policy_gradient_loss | -0.000562     |
|    value_loss           | 0.00531       |
-------------------------------------------
  ⏱  step 1,960,000  │  FPS     600  │  RSS   2938 MB
-------------------------------------------
| gold/                   |               |
|    entropy_magnitude    | 5.39          |
| hw/                     |               |
|    fps                  | 600           |
|    rss_mb               | 2.94e+03      |
| rollout/                |               |
|    ep_len_mean          | 8.64e+04      |
|    ep_rew_mean          | -8.18e+04     |
| time/                   |               |
|    fps                  | 1392          |
|    iterations           | 479           |
|    time_elapsed         | 1409          |
|    total_timesteps      | 1961984       |
| train/                  |               |
|    approx_kl            | 0.00039137856 |
|    clip_fraction        | 0.00057       |
|    clip_range           | 0.2           |
|    entropy_loss         | -0.222        |
|    explained_variance   | 0.574         |
|    learning_rate        | 0.000111      |
|    loss                 | -0.0102       |
|    n_updates            | 1434          |
|    policy_gradient_loss | -0.00135      |
|    value_loss           | 0.00674       |
-------------------------------------------
-------------------------------------------
| rollout/                |               |
|    ep_len_mean          | 8.64e+04      |
|    ep_rew_mean          | -8.18e+04     |
| time/                   |               |
|    fps                  | 1394          |
|    iterations           | 480           |
|    time_elapsed         | 1409          |
|    total_timesteps      | 1966080       |
| train/                  |               |
|    approx_kl            | 0.00050878886 |
|    clip_fraction        | 0.00171       |
|    clip_range           | 0.2           |
|    entropy_loss         | -0.247        |
|    explained_variance   | 0.667         |
|    learning_rate        | 0.00011       |
|    loss                 | -0.0106       |
|    n_updates            | 1437          |
|    policy_gradient_loss | -0.00201      |
|    value_loss           | 0.00397       |
-------------------------------------------
-------------------------------------------
| gold/                   |               |
|    entropy_magnitude    | 5.18          |
| rollout/                |               |
|    ep_len_mean          | 8.64e+04      |
|    ep_rew_mean          | -8.18e+04     |
| time/                   |               |
|    fps                  | 1397          |
|    iterations           | 481           |
|    time_elapsed         | 1409          |
|    total_timesteps      | 1970176       |
| train/                  |               |
|    approx_kl            | 0.00043498914 |
|    clip_fraction        | 0.00155       |
|    clip_range           | 0.2           |
|    entropy_loss         | -0.212        |
|    explained_variance   | 0.584         |
|    learning_rate        | 0.00011       |
|    loss                 | -0.00778      |
|    n_updates            | 1440          |
|    policy_gradient_loss | -0.00148      |
|    value_loss           | 0.00968       |
-------------------------------------------
------------------------------------------
| rollout/                |              |
|    ep_len_mean          | 8.64e+04     |
|    ep_rew_mean          | -8.18e+04    |
| time/                   |              |
|    fps                  | 1399         |
|    iterations           | 482          |
|    time_elapsed         | 1410         |
|    total_timesteps      | 1974272      |
| train/                  |              |
|    approx_kl            | 0.0003455467 |
|    clip_fraction        | 0.0013       |
|    clip_range           | 0.2          |
|    entropy_loss         | -0.21        |
|    explained_variance   | 0.522        |
|    learning_rate        | 0.00011      |
|    loss                 | -0.00907     |
|    n_updates            | 1443         |
|    policy_gradient_loss | -0.00108     |
|    value_loss           | 0.00725      |
------------------------------------------
-------------------------------------------
| rollout/                |               |
|    ep_len_mean          | 8.64e+04      |
|    ep_rew_mean          | -8.18e+04     |
| time/                   |               |
|    fps                  | 1402          |
|    iterations           | 483           |
|    time_elapsed         | 1410          |
|    total_timesteps      | 1978368       |
| train/                  |               |
|    approx_kl            | 0.00037107186 |
|    clip_fraction        | 0.000977      |
|    clip_range           | 0.2           |
|    entropy_loss         | -0.209        |
|    explained_variance   | 0.595         |
|    learning_rate        | 0.000109      |
|    loss                 | -0.0137       |
|    n_updates            | 1446          |
|    policy_gradient_loss | -0.00119      |
|    value_loss           | 0.00374       |
-------------------------------------------
  ⏱  step 1,980,000  │  FPS   11200  │  RSS   2938 MB
-------------------------------------------
| gold/                   |               |
|    entropy_magnitude    | 5.11          |
| hw/                     |               |
|    fps                  | 1.12e+04      |
|    rss_mb               | 2.94e+03      |
| rollout/                |               |
|    ep_len_mean          | 8.64e+04      |
|    ep_rew_mean          | -8.18e+04     |
| time/                   |               |
|    fps                  | 1404          |
|    iterations           | 484           |
|    time_elapsed         | 1411          |
|    total_timesteps      | 1982464       |
| train/                  |               |
|    approx_kl            | 0.00037227856 |
|    clip_fraction        | 0.00106       |
|    clip_range           | 0.2           |
|    entropy_loss         | -0.207        |
|    explained_variance   | 0.643         |
|    learning_rate        | 0.000109      |
|    loss                 | -0.00575      |
|    n_updates            | 1449          |
|    policy_gradient_loss | -0.00116      |
|    value_loss           | 0.00704       |
-------------------------------------------
-------------------------------------------
| rollout/                |               |
|    ep_len_mean          | 8.64e+04      |
|    ep_rew_mean          | -8.18e+04     |
| time/                   |               |
|    fps                  | 1407          |
|    iterations           | 485           |
|    time_elapsed         | 1411          |
|    total_timesteps      | 1986560       |
| train/                  |               |
|    approx_kl            | 0.00012455948 |
|    clip_fraction        | 0.000488      |
|    clip_range           | 0.2           |
|    entropy_loss         | -0.178        |
|    explained_variance   | 0.606         |
|    learning_rate        | 0.000108      |
|    loss                 | -0.00611      |
|    n_updates            | 1452          |
|    policy_gradient_loss | -0.000835     |
|    value_loss           | 0.00682       |
-------------------------------------------
-------------------------------------------
| gold/                   |               |
|    entropy_magnitude    | 4.52          |
| rollout/                |               |
|    ep_len_mean          | 8.64e+04      |
|    ep_rew_mean          | -8.18e+04     |
| time/                   |               |
|    fps                  | 1410          |
|    iterations           | 486           |
|    time_elapsed         | 1411          |
|    total_timesteps      | 1990656       |
| train/                  |               |
|    approx_kl            | 0.00038354786 |
|    clip_fraction        | 0.00195       |
|    clip_range           | 0.2           |
|    entropy_loss         | -0.182        |
|    explained_variance   | 0.61          |
|    learning_rate        | 0.000108      |
|    loss                 | -0.00964      |
|    n_updates            | 1455          |
|    policy_gradient_loss | -0.00115      |
|    value_loss           | 0.00493       |
-------------------------------------------
-------------------------------------------
| rollout/                |               |
|    ep_len_mean          | 8.64e+04      |
|    ep_rew_mean          | -8.18e+04     |
| time/                   |               |
|    fps                  | 1412          |
|    iterations           | 487           |
|    time_elapsed         | 1412          |
|    total_timesteps      | 1994752       |
| train/                  |               |
|    approx_kl            | 0.00041606836 |
|    clip_fraction        | 0.0026        |
|    clip_range           | 0.2           |
|    entropy_loss         | -0.158        |
|    explained_variance   | 0.62          |
|    learning_rate        | 0.000108      |
|    loss                 | -0.0105       |
|    n_updates            | 1458          |
|    policy_gradient_loss | -0.000871     |
|    value_loss           | 0.00368       |
-------------------------------------------
-------------------------------------------
| rollout/                |               |
|    ep_len_mean          | 8.64e+04      |
|    ep_rew_mean          | -8.18e+04     |
| time/                   |               |
|    fps                  | 1415          |
|    iterations           | 488           |
|    time_elapsed         | 1412          |
|    total_timesteps      | 1998848       |
| train/                  |               |
|    approx_kl            | 0.00010729789 |
|    clip_fraction        | 0             |
|    clip_range           | 0.2           |
|    entropy_loss         | -0.165        |
|    explained_variance   | 0.639         |
|    learning_rate        | 0.000107      |
|    loss                 | -0.0039       |
|    n_updates            | 1461          |
|    policy_gradient_loss | -0.000354     |
|    value_loss           | 0.00909       |
-------------------------------------------
Eval num_timesteps=2000000, episode_reward=-25779.96 +/- 206.08
Episode length: 86400.00 +/- 0.00
--------------------------------------------
| eval/                   |                |
|    mean_ep_length       | 8.64e+04       |
|    mean_reward          | -2.58e+04      |
| time/                   |                |
|    total_timesteps      | 2000000        |
| train/                  |                |
|    approx_kl            | 0.000113350165 |
|    clip_fraction        | 0              |
|    clip_range           | 0.2            |
|    entropy_loss         | -0.219         |
|    explained_variance   | 0.46           |
|    learning_rate        | 0.000107       |
|    loss                 | -0.00651       |
|    n_updates            | 1464           |
|    policy_gradient_loss | -0.000306      |
|    value_loss           | 0.0147         |
--------------------------------------------
    📉 ent_coef → 0.04000  (step 2,000,000)
  ⏱  step 2,000,000  │  FPS     600  │  RSS   2938 MB
----------------------------------
| gold/              |           |
|    ent_coef        | 0.04      |
| hw/                |           |
|    fps             | 600       |
|    rss_mb          | 2.94e+03  |
| rollout/           |           |
|    ep_len_mean     | 8.64e+04  |
|    ep_rew_mean     | -8.18e+04 |
| time/              |           |
|    fps             | 1386      |
|    iterations      | 489       |
|    time_elapsed    | 1444      |
|    total_timesteps | 2002944   |
----------------------------------
-------------------------------------------
| rollout/                |               |
|    ep_len_mean          | 8.64e+04      |
|    ep_rew_mean          | -8.18e+04     |
| time/                   |               |
|    fps                  | 1389          |
|    iterations           | 490           |
|    time_elapsed         | 1444          |
|    total_timesteps      | 2007040       |
| train/                  |               |
|    approx_kl            | 0.00015333071 |
|    clip_fraction        | 8.14e-05      |
|    clip_range           | 0.2           |
|    entropy_loss         | -0.196        |
|    explained_variance   | 0.607         |
|    learning_rate        | 0.000106      |
|    loss                 | -0.00889      |
|    n_updates            | 1467          |
|    policy_gradient_loss | -0.000567     |
|    value_loss           | 0.0052        |
-------------------------------------------
-------------------------------------------
| gold/                   |               |
|    entropy_magnitude    | 2.93          |
| rollout/                |               |
|    ep_len_mean          | 8.64e+04      |
|    ep_rew_mean          | -8.18e+04     |
| time/                   |               |
|    fps                  | 1391          |
|    iterations           | 491           |
|    time_elapsed         | 1445          |
|    total_timesteps      | 2011136       |
| train/                  |               |
|    approx_kl            | 0.00015913532 |
|    clip_fraction        | 0.000488      |
|    clip_range           | 0.2           |
|    entropy_loss         | -0.116        |
|    explained_variance   | 0.701         |
|    learning_rate        | 0.000106      |
|    loss                 | -0.00417      |
|    n_updates            | 1470          |
|    policy_gradient_loss | -0.000963     |
|    value_loss           | 0.00384       |
-------------------------------------------
------------------------------------------
| rollout/                |              |
|    ep_len_mean          | 8.64e+04     |
|    ep_rew_mean          | -8.18e+04    |
| time/                   |              |
|    fps                  | 1394         |
|    iterations           | 492          |
|    time_elapsed         | 1445         |
|    total_timesteps      | 2015232      |
| train/                  |              |
|    approx_kl            | 0.0006467986 |
|    clip_fraction        | 0.00456      |
|    clip_range           | 0.2          |
|    entropy_loss         | -0.171       |
|    explained_variance   | 0.668        |
|    learning_rate        | 0.000106     |
|    loss                 | -0.0067      |
|    n_updates            | 1473         |
|    policy_gradient_loss | -0.00257     |
|    value_loss           | 0.00551      |
------------------------------------------
------------------------------------------
| rollout/                |              |
|    ep_len_mean          | 8.64e+04     |
|    ep_rew_mean          | -8.18e+04    |
| time/                   |              |
|    fps                  | 1396         |
|    iterations           | 493          |
|    time_elapsed         | 1445         |
|    total_timesteps      | 2019328      |
| train/                  |              |
|    approx_kl            | 0.0001200845 |
|    clip_fraction        | 8.14e-05     |
|    clip_range           | 0.2          |
|    entropy_loss         | -0.168       |
|    explained_variance   | 0.616        |
|    learning_rate        | 0.000105     |
|    loss                 | -0.00433     |
|    n_updates            | 1476         |
|    policy_gradient_loss | -0.00049     |
|    value_loss           | 0.0074       |
------------------------------------------
  ⏱  step 2,020,000  │  FPS   12103  │  RSS   2938 MB
-------------------------------------------
| gold/                   |               |
|    entropy_magnitude    | 4.48          |
| hw/                     |               |
|    fps                  | 1.21e+04      |
|    rss_mb               | 2.94e+03      |
| rollout/                |               |
|    ep_len_mean          | 8.64e+04      |
|    ep_rew_mean          | -8.18e+04     |
| time/                   |               |
|    fps                  | 1399          |
|    iterations           | 494           |
|    time_elapsed         | 1446          |
|    total_timesteps      | 2023424       |
| train/                  |               |
|    approx_kl            | 0.00040718267 |
|    clip_fraction        | 0.00163       |
|    clip_range           | 0.2           |
|    entropy_loss         | -0.176        |
|    explained_variance   | 0.473         |
|    learning_rate        | 0.000105      |
|    loss                 | -0.012        |
|    n_updates            | 1479          |
|    policy_gradient_loss | -0.00156      |
|    value_loss           | 0.00575       |
-------------------------------------------
-------------------------------------------
| rollout/                |               |
|    ep_len_mean          | 8.64e+04      |
|    ep_rew_mean          | -8.18e+04     |
| time/                   |               |
|    fps                  | 1401          |
|    iterations           | 495           |
|    time_elapsed         | 1446          |
|    total_timesteps      | 2027520       |
| train/                  |               |
|    approx_kl            | 0.00022144687 |
|    clip_fraction        | 0.00114       |
|    clip_range           | 0.2           |
|    entropy_loss         | -0.149        |
|    explained_variance   | 0.581         |
|    learning_rate        | 0.000104      |
|    loss                 | -0.0052       |
|    n_updates            | 1482          |
|    policy_gradient_loss | -0.000868     |
|    value_loss           | 0.00593       |
-------------------------------------------
-------------------------------------------
| gold/                   |               |
|    entropy_magnitude    | 4.71          |
| rollout/                |               |
|    ep_len_mean          | 8.64e+04      |
|    ep_rew_mean          | -8.18e+04     |
| time/                   |               |
|    fps                  | 1404          |
|    iterations           | 496           |
|    time_elapsed         | 1446          |
|    total_timesteps      | 2031616       |
| train/                  |               |
|    approx_kl            | 0.00037225513 |
|    clip_fraction        | 0.00171       |
|    clip_range           | 0.2           |
|    entropy_loss         | -0.184        |
|    explained_variance   | 0.526         |
|    learning_rate        | 0.000104      |
|    loss                 | -0.00873      |
|    n_updates            | 1485          |
|    policy_gradient_loss | -0.000952     |
|    value_loss           | 0.00483       |
-------------------------------------------
-------------------------------------------
| rollout/                |               |
|    ep_len_mean          | 8.64e+04      |
|    ep_rew_mean          | -8.18e+04     |
| time/                   |               |
|    fps                  | 1406          |
|    iterations           | 497           |
|    time_elapsed         | 1447          |
|    total_timesteps      | 2035712       |
| train/                  |               |
|    approx_kl            | 0.00021264388 |
|    clip_fraction        | 0.000651      |
|    clip_range           | 0.2           |
|    entropy_loss         | -0.138        |
|    explained_variance   | 0.706         |
|    learning_rate        | 0.000104      |
|    loss                 | -0.00242      |
|    n_updates            | 1488          |
|    policy_gradient_loss | -0.00084      |
|    value_loss           | 0.0079        |
-------------------------------------------
------------------------------------------
| rollout/                |              |
|    ep_len_mean          | 8.64e+04     |
|    ep_rew_mean          | -8.18e+04    |
| time/                   |              |
|    fps                  | 1409         |
|    iterations           | 498          |
|    time_elapsed         | 1447         |
|    total_timesteps      | 2039808      |
| train/                  |              |
|    approx_kl            | 0.0005097536 |
|    clip_fraction        | 0.00334      |
|    clip_range           | 0.2          |
|    entropy_loss         | -0.196       |
|    explained_variance   | 0.636        |
|    learning_rate        | 0.000103     |
|    loss                 | -0.00244     |
|    n_updates            | 1491         |
|    policy_gradient_loss | -0.00145     |
|    value_loss           | 0.0157       |
------------------------------------------
  ⏱  step 2,040,000  │  FPS   11592  │  RSS   2938 MB
------------------------------------------
| gold/                   |              |
|    entropy_magnitude    | 5.26         |
| hw/                     |              |
|    fps                  | 1.16e+04     |
|    rss_mb               | 2.94e+03     |
| rollout/                |              |
|    ep_len_mean          | 8.64e+04     |
|    ep_rew_mean          | -8.18e+04    |
| time/                   |              |
|    fps                  | 1411         |
|    iterations           | 499          |
|    time_elapsed         | 1447         |
|    total_timesteps      | 2043904      |
| train/                  |              |
|    approx_kl            | 0.0007224528 |
|    clip_fraction        | 0.00464      |
|    clip_range           | 0.2          |
|    entropy_loss         | -0.204       |
|    explained_variance   | 0.641        |
|    learning_rate        | 0.000103     |
|    loss                 | -0.0063      |
|    n_updates            | 1494         |
|    policy_gradient_loss | -0.00185     |
|    value_loss           | 0.00842      |
------------------------------------------
------------------------------------------
| rollout/                |              |
|    ep_len_mean          | 8.64e+04     |
|    ep_rew_mean          | -8.18e+04    |
| time/                   |              |
|    fps                  | 1414         |
|    iterations           | 500          |
|    time_elapsed         | 1448         |
|    total_timesteps      | 2048000      |
| train/                  |              |
|    approx_kl            | 0.0002953388 |
|    clip_fraction        | 0.0013       |
|    clip_range           | 0.2          |
|    entropy_loss         | -0.14        |
|    explained_variance   | 0.46         |
|    learning_rate        | 0.000102     |
|    loss                 | 0.000426     |
|    n_updates            | 1497         |
|    policy_gradient_loss | -0.000716    |
|    value_loss           | 0.0183       |
------------------------------------------
Eval num_timesteps=2050000, episode_reward=-26128.92 +/- 2336.88
Episode length: 86400.00 +/- 0.00
-------------------------------------------
| eval/                   |               |
|    mean_ep_length       | 8.64e+04      |
|    mean_reward          | -2.61e+04     |
| time/                   |               |
|    total_timesteps      | 2050000       |
| train/                  |               |
|    approx_kl            | 0.00027880628 |
|    clip_fraction        | 0.000732      |
|    clip_range           | 0.2           |
|    entropy_loss         | -0.165        |
|    explained_variance   | 0.347         |
|    learning_rate        | 0.000102      |
|    loss                 | -0.00748      |
|    n_updates            | 1500          |
|    policy_gradient_loss | -0.00083      |
|    value_loss           | 0.00705       |
-------------------------------------------
----------------------------------
| rollout/           |           |
|    ep_len_mean     | 8.64e+04  |
|    ep_rew_mean     | -8.18e+04 |
| time/              |           |
|    fps             | 1386      |
|    iterations      | 501       |
|    time_elapsed    | 1479      |
|    total_timesteps | 2052096   |
----------------------------------
-------------------------------------------
| rollout/                |               |
|    ep_len_mean          | 8.64e+04      |
|    ep_rew_mean          | -8.18e+04     |
| time/                   |               |
|    fps                  | 1389          |
|    iterations           | 502           |
|    time_elapsed         | 1480          |
|    total_timesteps      | 2056192       |
| train/                  |               |
|    approx_kl            | 0.00033710722 |
|    clip_fraction        | 0.00187       |
|    clip_range           | 0.2           |
|    entropy_loss         | -0.169        |
|    explained_variance   | 0.621         |
|    learning_rate        | 0.000102      |
|    loss                 | -0.00615      |
|    n_updates            | 1503          |
|    policy_gradient_loss | -0.000835     |
|    value_loss           | 0.00734       |
-------------------------------------------
  ⏱  step 2,060,000  │  FPS     607  │  RSS   2938 MB
-------------------------------------------
| gold/                   |               |
|    entropy_magnitude    | 4.32          |
| hw/                     |               |
|    fps                  | 607           |
|    rss_mb               | 2.94e+03      |
| rollout/                |               |
|    ep_len_mean          | 8.64e+04      |
|    ep_rew_mean          | -8.18e+04     |
| time/                   |               |
|    fps                  | 1391          |
|    iterations           | 503           |
|    time_elapsed         | 1480          |
|    total_timesteps      | 2060288       |
| train/                  |               |
|    approx_kl            | 0.00030789437 |
|    clip_fraction        | 0.00146       |
|    clip_range           | 0.2           |
|    entropy_loss         | -0.165        |
|    explained_variance   | 0.581         |
|    learning_rate        | 0.000101      |
|    loss                 | -0.00746      |
|    n_updates            | 1506          |
|    policy_gradient_loss | -0.00126      |
|    value_loss           | 0.00706       |
-------------------------------------------
------------------------------------------
| rollout/                |              |
|    ep_len_mean          | 8.64e+04     |
|    ep_rew_mean          | -8.18e+04    |
| time/                   |              |
|    fps                  | 1394         |
|    iterations           | 504          |
|    time_elapsed         | 1480         |
|    total_timesteps      | 2064384      |
| train/                  |              |
|    approx_kl            | 4.896123e-05 |
|    clip_fraction        | 0            |
|    clip_range           | 0.2          |
|    entropy_loss         | -0.117       |
|    explained_variance   | 0.662        |
|    learning_rate        | 0.000101     |
|    loss                 | -0.00364     |
|    n_updates            | 1509         |
|    policy_gradient_loss | -0.000318    |
|    value_loss           | 0.00543      |
------------------------------------------
-------------------------------------------
| rollout/                |               |
|    ep_len_mean          | 8.64e+04      |
|    ep_rew_mean          | -8.18e+04     |
| time/                   |               |
|    fps                  | 1396          |
|    iterations           | 505           |
|    time_elapsed         | 1481          |
|    total_timesteps      | 2068480       |
| train/                  |               |
|    approx_kl            | 0.00015908429 |
|    clip_fraction        | 0.000326      |
|    clip_range           | 0.2           |
|    entropy_loss         | -0.173        |
|    explained_variance   | 0.755         |
|    learning_rate        | 0.0001        |
|    loss                 | -0.00825      |
|    n_updates            | 1512          |
|    policy_gradient_loss | -0.000618     |
|    value_loss           | 0.00678       |
-------------------------------------------
-------------------------------------------
| gold/                   |               |
|    entropy_magnitude    | 4.12          |
| rollout/                |               |
|    ep_len_mean          | 8.64e+04      |
|    ep_rew_mean          | -8.18e+04     |
| time/                   |               |
|    fps                  | 1398          |
|    iterations           | 506           |
|    time_elapsed         | 1481          |
|    total_timesteps      | 2072576       |
| train/                  |               |
|    approx_kl            | 0.00031199306 |
|    clip_fraction        | 0.00138       |
|    clip_range           | 0.2           |
|    entropy_loss         | -0.156        |
|    explained_variance   | 0.536         |
|    learning_rate        | 0.0001        |
|    loss                 | -0.00818      |
|    n_updates            | 1515          |
|    policy_gradient_loss | -0.00105      |
|    value_loss           | 0.00556       |
-------------------------------------------
-----------------------------------------
| rollout/                |             |
|    ep_len_mean          | 8.64e+04    |
|    ep_rew_mean          | -7.31e+04   |
| time/                   |             |
|    fps                  | 1401        |
|    iterations           | 507         |
|    time_elapsed         | 1481        |
|    total_timesteps      | 2076672     |
| train/                  |             |
|    approx_kl            | 0.000205593 |
|    clip_fraction        | 0.000488    |
|    clip_range           | 0.2         |
|    entropy_loss         | -0.138      |
|    explained_variance   | 0.573       |
|    learning_rate        | 9.97e-05    |
|    loss                 | -0.00421    |
|    n_updates            | 1518        |
|    policy_gradient_loss | -0.000799   |
|    value_loss           | 0.00667     |
-----------------------------------------
  ⏱  step 2,080,000  │  FPS   11542  │  RSS   2938 MB
-------------------------------------------
| gold/                   |               |
|    entropy_magnitude    | 4.69          |
| hw/                     |               |
|    fps                  | 1.15e+04      |
|    rss_mb               | 2.94e+03      |
| rollout/                |               |
|    ep_len_mean          | 8.64e+04      |
|    ep_rew_mean          | -7.31e+04     |
| time/                   |               |
|    fps                  | 1403          |
|    iterations           | 508           |
|    time_elapsed         | 1482          |
|    total_timesteps      | 2080768       |
| train/                  |               |
|    approx_kl            | 0.00035918367 |
|    clip_fraction        | 0.000732      |
|    clip_range           | 0.2           |
|    entropy_loss         | -0.176        |
|    explained_variance   | 0.444         |
|    learning_rate        | 9.93e-05      |
|    loss                 | -0.00556      |
|    n_updates            | 1521          |
|    policy_gradient_loss | -0.000815     |
|    value_loss           | 0.00823       |
-------------------------------------------
------------------------------------------
| rollout/                |              |
|    ep_len_mean          | 8.64e+04     |
|    ep_rew_mean          | -7.31e+04    |
| time/                   |              |
|    fps                  | 1406         |
|    iterations           | 509          |
|    time_elapsed         | 1482         |
|    total_timesteps      | 2084864      |
| train/                  |              |
|    approx_kl            | 0.0005327513 |
|    clip_fraction        | 0.00212      |
|    clip_range           | 0.2          |
|    entropy_loss         | -0.19        |
|    explained_variance   | 0.655        |
|    learning_rate        | 9.89e-05     |
|    loss                 | -0.00734     |
|    n_updates            | 1524         |
|    policy_gradient_loss | -0.00111     |
|    value_loss           | 0.00687      |
------------------------------------------
-------------------------------------------
| rollout/                |               |
|    ep_len_mean          | 8.64e+04      |
|    ep_rew_mean          | -7.31e+04     |
| time/                   |               |
|    fps                  | 1408          |
|    iterations           | 510           |
|    time_elapsed         | 1483          |
|    total_timesteps      | 2088960       |
| train/                  |               |
|    approx_kl            | 0.00035606875 |
|    clip_fraction        | 0.00155       |
|    clip_range           | 0.2           |
|    entropy_loss         | -0.134        |
|    explained_variance   | 0.703         |
|    learning_rate        | 9.85e-05      |
|    loss                 | -0.00587      |
|    n_updates            | 1527          |
|    policy_gradient_loss | -0.0012       |
|    value_loss           | 0.00449       |
-------------------------------------------
-------------------------------------------
| gold/                   |               |
|    entropy_magnitude    | 3.32          |
| rollout/                |               |
|    ep_len_mean          | 8.64e+04      |
|    ep_rew_mean          | -7.31e+04     |
| time/                   |               |
|    fps                  | 1410          |
|    iterations           | 511           |
|    time_elapsed         | 1483          |
|    total_timesteps      | 2093056       |
| train/                  |               |
|    approx_kl            | 0.00018465967 |
|    clip_fraction        | 0.000407      |
|    clip_range           | 0.2           |
|    entropy_loss         | -0.124        |
|    explained_variance   | 0.519         |
|    learning_rate        | 9.81e-05      |
|    loss                 | -0.00825      |
|    n_updates            | 1530          |
|    policy_gradient_loss | -0.000778     |
|    value_loss           | 0.00459       |
-------------------------------------------
-------------------------------------------
| rollout/                |               |
|    ep_len_mean          | 8.64e+04      |
|    ep_rew_mean          | -7.31e+04     |
| time/                   |               |
|    fps                  | 1413          |
|    iterations           | 512           |
|    time_elapsed         | 1483          |
|    total_timesteps      | 2097152       |
| train/                  |               |
|    approx_kl            | 0.00027216284 |
|    clip_fraction        | 0.000977      |
|    clip_range           | 0.2           |
|    entropy_loss         | -0.177        |
|    explained_variance   | 0.656         |
|    learning_rate        | 9.77e-05      |
|    loss                 | -0.0007       |
|    n_updates            | 1533          |
|    policy_gradient_loss | -0.000978     |
|    value_loss           | 0.00815       |
-------------------------------------------
Eval num_timesteps=2100000, episode_reward=-24311.88 +/- 1649.56
Episode length: 86400.00 +/- 0.00
-------------------------------------------
| eval/                   |               |
|    mean_ep_length       | 8.64e+04      |
|    mean_reward          | -2.43e+04     |
| time/                   |               |
|    total_timesteps      | 2100000       |
| train/                  |               |
|    approx_kl            | 0.00010140108 |
|    clip_fraction        | 0.000163      |
|    clip_range           | 0.2           |
|    entropy_loss         | -0.147        |
|    explained_variance   | 0.549         |
|    learning_rate        | 9.73e-05      |
|    loss                 | -0.00362      |
|    n_updates            | 1536          |
|    policy_gradient_loss | -0.000431     |
|    value_loss           | 0.00756       |
-------------------------------------------
    📉 ent_coef → 0.03700  (step 2,100,000)
  ⏱  step 2,100,000  │  FPS     600  │  RSS   2938 MB
----------------------------------
| gold/              |           |
|    ent_coef        | 0.037     |
| hw/                |           |
|    fps             | 600       |
|    rss_mb          | 2.94e+03  |
| rollout/           |           |
|    ep_len_mean     | 8.64e+04  |
|    ep_rew_mean     | -7.31e+04 |
| time/              |           |
|    fps             | 1386      |
|    iterations      | 513       |
|    time_elapsed    | 1515      |
|    total_timesteps | 2101248   |
----------------------------------
-------------------------------------------
| rollout/                |               |
|    ep_len_mean          | 8.64e+04      |
|    ep_rew_mean          | -7.31e+04     |
| time/                   |               |
|    fps                  | 1388          |
|    iterations           | 514           |
|    time_elapsed         | 1516          |
|    total_timesteps      | 2105344       |
| train/                  |               |
|    approx_kl            | 0.00038195626 |
|    clip_fraction        | 0.00195       |
|    clip_range           | 0.2           |
|    entropy_loss         | -0.131        |
|    explained_variance   | 0.623         |
|    learning_rate        | 9.69e-05      |
|    loss                 | -0.00696      |
|    n_updates            | 1539          |
|    policy_gradient_loss | -0.0016       |
|    value_loss           | 0.00897       |
-------------------------------------------
-------------------------------------------
| rollout/                |               |
|    ep_len_mean          | 8.64e+04      |
|    ep_rew_mean          | -7.31e+04     |
| time/                   |               |
|    fps                  | 1391          |
|    iterations           | 515           |
|    time_elapsed         | 1516          |
|    total_timesteps      | 2109440       |
| train/                  |               |
|    approx_kl            | 0.00038749236 |
|    clip_fraction        | 0.00155       |
|    clip_range           | 0.2           |
|    entropy_loss         | -0.168        |
|    explained_variance   | 0.682         |
|    learning_rate        | 9.65e-05      |
|    loss                 | -0.00785      |
|    n_updates            | 1542          |
|    policy_gradient_loss | -0.000878     |
|    value_loss           | 0.00718       |
-------------------------------------------
-------------------------------------------
| gold/                   |               |
|    entropy_magnitude    | 3.29          |
| rollout/                |               |
|    ep_len_mean          | 8.64e+04      |
|    ep_rew_mean          | -7.31e+04     |
| time/                   |               |
|    fps                  | 1393          |
|    iterations           | 516           |
|    time_elapsed         | 1516          |
|    total_timesteps      | 2113536       |
| train/                  |               |
|    approx_kl            | 0.00016212356 |
|    clip_fraction        | 0.000244      |
|    clip_range           | 0.2           |
|    entropy_loss         | -0.121        |
|    explained_variance   | 0.701         |
|    learning_rate        | 9.61e-05      |
|    loss                 | -0.00385      |
|    n_updates            | 1545          |
|    policy_gradient_loss | -0.000503     |
|    value_loss           | 0.00561       |
-------------------------------------------
------------------------------------------
| rollout/                |              |
|    ep_len_mean          | 8.64e+04     |
|    ep_rew_mean          | -7.31e+04    |
| time/                   |              |
|    fps                  | 1395         |
|    iterations           | 517          |
|    time_elapsed         | 1517         |
|    total_timesteps      | 2117632      |
| train/                  |              |
|    approx_kl            | 7.738356e-05 |
|    clip_fraction        | 0            |
|    clip_range           | 0.2          |
|    entropy_loss         | -0.15        |
|    explained_variance   | 0.73         |
|    learning_rate        | 9.57e-05     |
|    loss                 | -0.00403     |
|    n_updates            | 1548         |
|    policy_gradient_loss | -0.00049     |
|    value_loss           | 0.00769      |
------------------------------------------
  ⏱  step 2,120,000  │  FPS   12155  │  RSS   2938 MB
-------------------------------------------
| gold/                   |               |
|    entropy_magnitude    | 5.48          |
| hw/                     |               |
|    fps                  | 1.22e+04      |
|    rss_mb               | 2.94e+03      |
| rollout/                |               |
|    ep_len_mean          | 8.64e+04      |
|    ep_rew_mean          | -7.31e+04     |
| time/                   |               |
|    fps                  | 1398          |
|    iterations           | 518           |
|    time_elapsed         | 1517          |
|    total_timesteps      | 2121728       |
| train/                  |               |
|    approx_kl            | 0.00014462647 |
|    clip_fraction        | 0.000326      |
|    clip_range           | 0.2           |
|    entropy_loss         | -0.2          |
|    explained_variance   | 0.602         |
|    learning_rate        | 9.53e-05      |
|    loss                 | -0.00922      |
|    n_updates            | 1551          |
|    policy_gradient_loss | -0.000396     |
|    value_loss           | 0.00398       |
-------------------------------------------
-------------------------------------------
| rollout/                |               |
|    ep_len_mean          | 8.64e+04      |
|    ep_rew_mean          | -7.31e+04     |
| time/                   |               |
|    fps                  | 1400          |
|    iterations           | 519           |
|    time_elapsed         | 1517          |
|    total_timesteps      | 2125824       |
| train/                  |               |
|    approx_kl            | 0.00031714127 |
|    clip_fraction        | 0.00138       |
|    clip_range           | 0.2           |
|    entropy_loss         | -0.182        |
|    explained_variance   | 0.475         |
|    learning_rate        | 9.49e-05      |
|    loss                 | -0.00513      |
|    n_updates            | 1554          |
|    policy_gradient_loss | -0.00114      |
|    value_loss           | 0.00882       |
-------------------------------------------
-------------------------------------------
| rollout/                |               |
|    ep_len_mean          | 8.64e+04      |
|    ep_rew_mean          | -7.31e+04     |
| time/                   |               |
|    fps                  | 1403          |
|    iterations           | 520           |
|    time_elapsed         | 1518          |
|    total_timesteps      | 2129920       |
| train/                  |               |
|    approx_kl            | 0.00025161856 |
|    clip_fraction        | 0.00106       |
|    clip_range           | 0.2           |
|    entropy_loss         | -0.168        |
|    explained_variance   | 0.552         |
|    learning_rate        | 9.45e-05      |
|    loss                 | -0.00504      |
|    n_updates            | 1557          |
|    policy_gradient_loss | -0.000813     |
|    value_loss           | 0.00798       |
-------------------------------------------
-------------------------------------------
| gold/                   |               |
|    entropy_magnitude    | 4.86          |
| rollout/                |               |
|    ep_len_mean          | 8.64e+04      |
|    ep_rew_mean          | -7.31e+04     |
| time/                   |               |
|    fps                  | 1405          |
|    iterations           | 521           |
|    time_elapsed         | 1518          |
|    total_timesteps      | 2134016       |
| train/                  |               |
|    approx_kl            | 0.00015685897 |
|    clip_fraction        | 8.14e-05      |
|    clip_range           | 0.2           |
|    entropy_loss         | -0.176        |
|    explained_variance   | 0.685         |
|    learning_rate        | 9.41e-05      |
|    loss                 | -0.00617      |
|    n_updates            | 1560          |
|    policy_gradient_loss | -0.000574     |
|    value_loss           | 0.00746       |
-------------------------------------------
------------------------------------------
| rollout/                |              |
|    ep_len_mean          | 8.64e+04     |
|    ep_rew_mean          | -7.31e+04    |
| time/                   |              |
|    fps                  | 1407         |
|    iterations           | 522          |
|    time_elapsed         | 1518         |
|    total_timesteps      | 2138112      |
| train/                  |              |
|    approx_kl            | 0.0006417677 |
|    clip_fraction        | 0.00293      |
|    clip_range           | 0.2          |
|    entropy_loss         | -0.194       |
|    explained_variance   | 0.698        |
|    learning_rate        | 9.37e-05     |
|    loss                 | -0.0135      |
|    n_updates            | 1563         |
|    policy_gradient_loss | -0.00177     |
|    value_loss           | 0.00627      |
------------------------------------------
  ⏱  step 2,140,000  │  FPS   11598  │  RSS   2938 MB
------------------------------------------
| gold/                   |              |
|    entropy_magnitude    | 4.88         |
| hw/                     |              |
|    fps                  | 1.16e+04     |
|    rss_mb               | 2.94e+03     |
| rollout/                |              |
|    ep_len_mean          | 8.64e+04     |
|    ep_rew_mean          | -7.31e+04    |
| time/                   |              |
|    fps                  | 1410         |
|    iterations           | 523          |
|    time_elapsed         | 1519         |
|    total_timesteps      | 2142208      |
| train/                  |              |
|    approx_kl            | 0.0007895756 |
|    clip_fraction        | 0.00456      |
|    clip_range           | 0.2          |
|    entropy_loss         | -0.175       |
|    explained_variance   | 0.707        |
|    learning_rate        | 9.33e-05     |
|    loss                 | -0.000581    |
|    n_updates            | 1566         |
|    policy_gradient_loss | -0.0014      |
|    value_loss           | 0.0116       |
------------------------------------------
------------------------------------------
| rollout/                |              |
|    ep_len_mean          | 8.64e+04     |
|    ep_rew_mean          | -7.31e+04    |
| time/                   |              |
|    fps                  | 1412         |
|    iterations           | 524          |
|    time_elapsed         | 1519         |
|    total_timesteps      | 2146304      |
| train/                  |              |
|    approx_kl            | 0.0005129352 |
|    clip_fraction        | 0.0026       |
|    clip_range           | 0.2          |
|    entropy_loss         | -0.134       |
|    explained_variance   | 0.65         |
|    learning_rate        | 9.29e-05     |
|    loss                 | -0.00771     |
|    n_updates            | 1569         |
|    policy_gradient_loss | -0.00212     |
|    value_loss           | 0.00617      |
------------------------------------------
Eval num_timesteps=2150000, episode_reward=-24922.91 +/- 192.78
Episode length: 86400.00 +/- 0.00
------------------------------------------
| eval/                   |              |
|    mean_ep_length       | 8.64e+04     |
|    mean_reward          | -2.49e+04    |
| time/                   |              |
|    total_timesteps      | 2150000      |
| train/                  |              |
|    approx_kl            | 0.0003104873 |
|    clip_fraction        | 0.00228      |
|    clip_range           | 0.2          |
|    entropy_loss         | -0.11        |
|    explained_variance   | 0.618        |
|    learning_rate        | 9.25e-05     |
|    loss                 | -0.00149     |
|    n_updates            | 1572         |
|    policy_gradient_loss | -0.000469    |
|    value_loss           | 0.00742      |
------------------------------------------
----------------------------------
| rollout/           |           |
|    ep_len_mean     | 8.64e+04  |
|    ep_rew_mean     | -7.31e+04 |
| time/              |           |
|    fps             | 1386      |
|    iterations      | 525       |
|    time_elapsed    | 1551      |
|    total_timesteps | 2150400   |
----------------------------------
-------------------------------------------
| rollout/                |               |
|    ep_len_mean          | 8.64e+04      |
|    ep_rew_mean          | -7.31e+04     |
| time/                   |               |
|    fps                  | 1388          |
|    iterations           | 526           |
|    time_elapsed         | 1551          |
|    total_timesteps      | 2154496       |
| train/                  |               |
|    approx_kl            | 0.00022679513 |
|    clip_fraction        | 0.000895      |
|    clip_range           | 0.2           |
|    entropy_loss         | -0.13         |
|    explained_variance   | 0.449         |
|    learning_rate        | 9.21e-05      |
|    loss                 | 0.000381      |
|    n_updates            | 1575          |
|    policy_gradient_loss | -0.000685     |
|    value_loss           | 0.00817       |
-------------------------------------------
-------------------------------------------
| rollout/                |               |
|    ep_len_mean          | 8.64e+04      |
|    ep_rew_mean          | -7.31e+04     |
| time/                   |               |
|    fps                  | 1390          |
|    iterations           | 527           |
|    time_elapsed         | 1551          |
|    total_timesteps      | 2158592       |
| train/                  |               |
|    approx_kl            | 0.00037405582 |
|    clip_fraction        | 0.00146       |
|    clip_range           | 0.2           |
|    entropy_loss         | -0.162        |
|    explained_variance   | 0.684         |
|    learning_rate        | 9.17e-05      |
|    loss                 | -0.00603      |
|    n_updates            | 1578          |
|    policy_gradient_loss | -0.00164      |
|    value_loss           | 0.00866       |
-------------------------------------------
  ⏱  step 2,160,000  │  FPS     605  │  RSS   2938 MB
-------------------------------------------
| gold/                   |               |
|    entropy_magnitude    | 3.63          |
| hw/                     |               |
|    fps                  | 605           |
|    rss_mb               | 2.94e+03      |
| rollout/                |               |
|    ep_len_mean          | 8.64e+04      |
|    ep_rew_mean          | -7.31e+04     |
| time/                   |               |
|    fps                  | 1393          |
|    iterations           | 528           |
|    time_elapsed         | 1552          |
|    total_timesteps      | 2162688       |
| train/                  |               |
|    approx_kl            | 0.00021902462 |
|    clip_fraction        | 0.000977      |
|    clip_range           | 0.2           |
|    entropy_loss         | -0.128        |
|    explained_variance   | 0.736         |
|    learning_rate        | 9.13e-05      |
|    loss                 | 0.00357       |
|    n_updates            | 1581          |
|    policy_gradient_loss | -0.000603     |
|    value_loss           | 0.0134        |
-------------------------------------------
-------------------------------------------
| rollout/                |               |
|    ep_len_mean          | 8.64e+04      |
|    ep_rew_mean          | -7.31e+04     |
| time/                   |               |
|    fps                  | 1395          |
|    iterations           | 529           |
|    time_elapsed         | 1552          |
|    total_timesteps      | 2166784       |
| train/                  |               |
|    approx_kl            | 0.00024976517 |
|    clip_fraction        | 0.000407      |
|    clip_range           | 0.2           |
|    entropy_loss         | -0.172        |
|    explained_variance   | 0.69          |
|    learning_rate        | 9.09e-05      |
|    loss                 | -0.0105       |
|    n_updates            | 1584          |
|    policy_gradient_loss | -0.00126      |
|    value_loss           | 0.00663       |
-------------------------------------------
------------------------------------------
| gold/                   |              |
|    entropy_magnitude    | 4.38         |
| rollout/                |              |
|    ep_len_mean          | 8.64e+04     |
|    ep_rew_mean          | -7.31e+04    |
| time/                   |              |
|    fps                  | 1397         |
|    iterations           | 530          |
|    time_elapsed         | 1552         |
|    total_timesteps      | 2170880      |
| train/                  |              |
|    approx_kl            | 0.0003676206 |
|    clip_fraction        | 0.00146      |
|    clip_range           | 0.2          |
|    entropy_loss         | -0.153       |
|    explained_variance   | 0.591        |
|    learning_rate        | 9.05e-05     |
|    loss                 | -0.00399     |
|    n_updates            | 1587         |
|    policy_gradient_loss | -0.00154     |
|    value_loss           | 0.00775      |
------------------------------------------
-------------------------------------------
| rollout/                |               |
|    ep_len_mean          | 8.64e+04      |
|    ep_rew_mean          | -7.31e+04     |
| time/                   |               |
|    fps                  | 1400          |
|    iterations           | 531           |
|    time_elapsed         | 1553          |
|    total_timesteps      | 2174976       |
| train/                  |               |
|    approx_kl            | 0.00034773658 |
|    clip_fraction        | 0.000977      |
|    clip_range           | 0.2           |
|    entropy_loss         | -0.17         |
|    explained_variance   | 0.547         |
|    learning_rate        | 9.01e-05      |
|    loss                 | -0.0056       |
|    n_updates            | 1590          |
|    policy_gradient_loss | -0.00125      |
|    value_loss           | 0.00639       |
-------------------------------------------
-------------------------------------------
| rollout/                |               |
|    ep_len_mean          | 8.64e+04      |
|    ep_rew_mean          | -7.31e+04     |
| time/                   |               |
|    fps                  | 1402          |
|    iterations           | 532           |
|    time_elapsed         | 1553          |
|    total_timesteps      | 2179072       |
| train/                  |               |
|    approx_kl            | 0.00038456658 |
|    clip_fraction        | 0.00163       |
|    clip_range           | 0.2           |
|    entropy_loss         | -0.182        |
|    explained_variance   | 0.441         |
|    learning_rate        | 8.98e-05      |
|    loss                 | -0.00394      |
|    n_updates            | 1593          |
|    policy_gradient_loss | -0.00103      |
|    value_loss           | 0.00761       |
-------------------------------------------
  ⏱  step 2,180,000  │  FPS   11967  │  RSS   2938 MB
-------------------------------------------
| gold/                   |               |
|    entropy_magnitude    | 4.48          |
| hw/                     |               |
|    fps                  | 1.2e+04       |
|    rss_mb               | 2.94e+03      |
| rollout/                |               |
|    ep_len_mean          | 8.64e+04      |
|    ep_rew_mean          | -7.31e+04     |
| time/                   |               |
|    fps                  | 1404          |
|    iterations           | 533           |
|    time_elapsed         | 1553          |
|    total_timesteps      | 2183168       |
| train/                  |               |
|    approx_kl            | 0.00091332145 |
|    clip_fraction        | 0.007         |
|    clip_range           | 0.2           |
|    entropy_loss         | -0.155        |
|    explained_variance   | 0.553         |
|    learning_rate        | 8.94e-05      |
|    loss                 | 0.000945      |
|    n_updates            | 1596          |
|    policy_gradient_loss | -0.00228      |
|    value_loss           | 0.0122        |
-------------------------------------------
------------------------------------------
| rollout/                |              |
|    ep_len_mean          | 8.64e+04     |
|    ep_rew_mean          | -7.31e+04    |
| time/                   |              |
|    fps                  | 1407         |
|    iterations           | 534          |
|    time_elapsed         | 1554         |
|    total_timesteps      | 2187264      |
| train/                  |              |
|    approx_kl            | 0.0001376027 |
|    clip_fraction        | 0.000326     |
|    clip_range           | 0.2          |
|    entropy_loss         | -0.142       |
|    explained_variance   | 0.125        |
|    learning_rate        | 8.9e-05      |
|    loss                 | -0.00491     |
|    n_updates            | 1599         |
|    policy_gradient_loss | -0.00052     |
|    value_loss           | 0.00804      |
------------------------------------------
-------------------------------------------
| gold/                   |               |
|    entropy_magnitude    | 3.17          |
| rollout/                |               |
|    ep_len_mean          | 8.64e+04      |
|    ep_rew_mean          | -7.31e+04     |
| time/                   |               |
|    fps                  | 1409          |
|    iterations           | 535           |
|    time_elapsed         | 1554          |
|    total_timesteps      | 2191360       |
| train/                  |               |
|    approx_kl            | 0.00011952815 |
|    clip_fraction        | 0.000407      |
|    clip_range           | 0.2           |
|    entropy_loss         | -0.109        |
|    explained_variance   | 0.634         |
|    learning_rate        | 8.86e-05      |
|    loss                 | -0.00156      |
|    n_updates            | 1602          |
|    policy_gradient_loss | -0.000548     |
|    value_loss           | 0.00772       |
-------------------------------------------
-------------------------------------------
| rollout/                |               |
|    ep_len_mean          | 8.64e+04      |
|    ep_rew_mean          | -7.31e+04     |
| time/                   |               |
|    fps                  | 1411          |
|    iterations           | 536           |
|    time_elapsed         | 1555          |
|    total_timesteps      | 2195456       |
| train/                  |               |
|    approx_kl            | 0.00014676736 |
|    clip_fraction        | 0.000732      |
|    clip_range           | 0.2           |
|    entropy_loss         | -0.109        |
|    explained_variance   | 0.717         |
|    learning_rate        | 8.82e-05      |
|    loss                 | -0.00236      |
|    n_updates            | 1605          |
|    policy_gradient_loss | -0.000595     |
|    value_loss           | 0.00588       |
-------------------------------------------
-------------------------------------------
| rollout/                |               |
|    ep_len_mean          | 8.64e+04      |
|    ep_rew_mean          | -7.31e+04     |
| time/                   |               |
|    fps                  | 1414          |
|    iterations           | 537           |
|    time_elapsed         | 1555          |
|    total_timesteps      | 2199552       |
| train/                  |               |
|    approx_kl            | 0.00022222454 |
|    clip_fraction        | 0.00057       |
|    clip_range           | 0.2           |
|    entropy_loss         | -0.162        |
|    explained_variance   | 0.632         |
|    learning_rate        | 8.78e-05      |
|    loss                 | -0.00475      |
|    n_updates            | 1608          |
|    policy_gradient_loss | -0.0011       |
|    value_loss           | 0.0101        |
-------------------------------------------
Eval num_timesteps=2200000, episode_reward=-23301.56 +/- 641.65
Episode length: 86400.00 +/- 0.00
-------------------------------------------
| eval/                   |               |
|    mean_ep_length       | 8.64e+04      |
|    mean_reward          | -2.33e+04     |
| time/                   |               |
|    total_timesteps      | 2200000       |
| train/                  |               |
|    approx_kl            | 2.9729257e-05 |
|    clip_fraction        | 0             |
|    clip_range           | 0.2           |
|    entropy_loss         | -0.12         |
|    explained_variance   | 0.619         |
|    learning_rate        | 8.74e-05      |
|    loss                 | -0.00112      |
|    n_updates            | 1611          |
|    policy_gradient_loss | -0.000243     |
|    value_loss           | 0.00902       |
-------------------------------------------
New best mean reward!
    📉 ent_coef → 0.03400  (step 2,200,000)
  ⏱  step 2,200,000  │  FPS     606  │  RSS   2938 MB
----------------------------------
| gold/              |           |
|    ent_coef        | 0.034     |
| hw/                |           |
|    fps             | 606       |
|    rss_mb          | 2.94e+03  |
| rollout/           |           |
|    ep_len_mean     | 8.64e+04  |
|    ep_rew_mean     | -7.31e+04 |
| time/              |           |
|    fps             | 1388      |
|    iterations      | 538       |
|    time_elapsed    | 1587      |
|    total_timesteps | 2203648   |
----------------------------------
-------------------------------------------
| rollout/                |               |
|    ep_len_mean          | 8.64e+04      |
|    ep_rew_mean          | -7.31e+04     |
| time/                   |               |
|    fps                  | 1390          |
|    iterations           | 539           |
|    time_elapsed         | 1587          |
|    total_timesteps      | 2207744       |
| train/                  |               |
|    approx_kl            | 0.00065971655 |
|    clip_fraction        | 0.00326       |
|    clip_range           | 0.2           |
|    entropy_loss         | -0.158        |
|    explained_variance   | 0.776         |
|    learning_rate        | 8.7e-05       |
|    loss                 | -0.00477      |
|    n_updates            | 1614          |
|    policy_gradient_loss | -0.0014       |
|    value_loss           | 0.00862       |
-------------------------------------------
-------------------------------------------
| gold/                   |               |
|    entropy_magnitude    | 4.35          |
| rollout/                |               |
|    ep_len_mean          | 8.64e+04      |
|    ep_rew_mean          | -7.31e+04     |
| time/                   |               |
|    fps                  | 1393          |
|    iterations           | 540           |
|    time_elapsed         | 1587          |
|    total_timesteps      | 2211840       |
| train/                  |               |
|    approx_kl            | 0.00020724363 |
|    clip_fraction        | 0.00057       |
|    clip_range           | 0.2           |
|    entropy_loss         | -0.147        |
|    explained_variance   | 0.603         |
|    learning_rate        | 8.66e-05      |
|    loss                 | -0.00084      |
|    n_updates            | 1617          |
|    policy_gradient_loss | -0.00106      |
|    value_loss           | 0.00782       |
-------------------------------------------
-------------------------------------------
| rollout/                |               |
|    ep_len_mean          | 8.64e+04      |
|    ep_rew_mean          | -7.31e+04     |
| time/                   |               |
|    fps                  | 1395          |
|    iterations           | 541           |
|    time_elapsed         | 1588          |
|    total_timesteps      | 2215936       |
| train/                  |               |
|    approx_kl            | 0.00014027893 |
|    clip_fraction        | 0.000163      |
|    clip_range           | 0.2           |
|    entropy_loss         | -0.155        |
|    explained_variance   | 0.685         |
|    learning_rate        | 8.62e-05      |
|    loss                 | -0.00592      |
|    n_updates            | 1620          |
|    policy_gradient_loss | -0.000784     |
|    value_loss           | 0.0065        |
-------------------------------------------
  ⏱  step 2,220,000  │  FPS   11749  │  RSS   2938 MB
------------------------------------------
| gold/                   |              |
|    entropy_magnitude    | 4.46         |
| hw/                     |              |
|    fps                  | 1.17e+04     |
|    rss_mb               | 2.94e+03     |
| rollout/                |              |
|    ep_len_mean          | 8.64e+04     |
|    ep_rew_mean          | -7.31e+04    |
| time/                   |              |
|    fps                  | 1397         |
|    iterations           | 542          |
|    time_elapsed         | 1588         |
|    total_timesteps      | 2220032      |
| train/                  |              |
|    approx_kl            | 6.110122e-05 |
|    clip_fraction        | 8.14e-05     |
|    clip_range           | 0.2          |
|    entropy_loss         | -0.149       |
|    explained_variance   | 0.688        |
|    learning_rate        | 8.58e-05     |
|    loss                 | -0.000556    |
|    n_updates            | 1623         |
|    policy_gradient_loss | -0.000255    |
|    value_loss           | 0.0137       |
------------------------------------------
-------------------------------------------
| rollout/                |               |
|    ep_len_mean          | 8.64e+04      |
|    ep_rew_mean          | -7.31e+04     |
| time/                   |               |
|    fps                  | 1399          |
|    iterations           | 543           |
|    time_elapsed         | 1588          |
|    total_timesteps      | 2224128       |
| train/                  |               |
|    approx_kl            | 0.00028606714 |
|    clip_fraction        | 0.000977      |
|    clip_range           | 0.2           |
|    entropy_loss         | -0.135        |
|    explained_variance   | 0.688         |
|    learning_rate        | 8.54e-05      |
|    loss                 | -0.00321      |
|    n_updates            | 1626          |
|    policy_gradient_loss | -0.00105      |
|    value_loss           | 0.0118        |
-------------------------------------------
-------------------------------------------
| rollout/                |               |
|    ep_len_mean          | 8.64e+04      |
|    ep_rew_mean          | -7.31e+04     |
| time/                   |               |
|    fps                  | 1402          |
|    iterations           | 544           |
|    time_elapsed         | 1589          |
|    total_timesteps      | 2228224       |
| train/                  |               |
|    approx_kl            | 0.00031296082 |
|    clip_fraction        | 0.00155       |
|    clip_range           | 0.2           |
|    entropy_loss         | -0.121        |
|    explained_variance   | 0.779         |
|    learning_rate        | 8.5e-05       |
|    loss                 | 0.00168       |
|    n_updates            | 1629          |
|    policy_gradient_loss | -0.00107      |
|    value_loss           | 0.0157        |
-------------------------------------------
-------------------------------------------
| gold/                   |               |
|    entropy_magnitude    | 4.38          |
| rollout/                |               |
|    ep_len_mean          | 8.64e+04      |
|    ep_rew_mean          | -7.31e+04     |
| time/                   |               |
|    fps                  | 1404          |
|    iterations           | 545           |
|    time_elapsed         | 1589          |
|    total_timesteps      | 2232320       |
| train/                  |               |
|    approx_kl            | 0.00014158664 |
|    clip_fraction        | 0.000163      |
|    clip_range           | 0.2           |
|    entropy_loss         | -0.145        |
|    explained_variance   | 0.704         |
|    learning_rate        | 8.46e-05      |
|    loss                 | -0.0023       |
|    n_updates            | 1632          |
|    policy_gradient_loss | -0.000785     |
|    value_loss           | 0.00826       |
-------------------------------------------
-------------------------------------------
| rollout/                |               |
|    ep_len_mean          | 8.64e+04      |
|    ep_rew_mean          | -7.31e+04     |
| time/                   |               |
|    fps                  | 1406          |
|    iterations           | 546           |
|    time_elapsed         | 1589          |
|    total_timesteps      | 2236416       |
| train/                  |               |
|    approx_kl            | 5.6689998e-05 |
|    clip_fraction        | 0.000163      |
|    clip_range           | 0.2           |
|    entropy_loss         | -0.0636       |
|    explained_variance   | 0.645         |
|    learning_rate        | 8.42e-05      |
|    loss                 | 0.000821      |
|    n_updates            | 1635          |
|    policy_gradient_loss | -0.000298     |
|    value_loss           | 0.00672       |
-------------------------------------------
  ⏱  step 2,240,000  │  FPS   11462  │  RSS   2938 MB
------------------------------------------
| gold/                   |              |
|    entropy_magnitude    | 2.99         |
| hw/                     |              |
|    fps                  | 1.15e+04     |
|    rss_mb               | 2.94e+03     |
| rollout/                |              |
|    ep_len_mean          | 8.64e+04     |
|    ep_rew_mean          | -7.31e+04    |
| time/                   |              |
|    fps                  | 1408         |
|    iterations           | 547          |
|    time_elapsed         | 1590         |
|    total_timesteps      | 2240512      |
| train/                  |              |
|    approx_kl            | 8.589105e-05 |
|    clip_fraction        | 0.000163     |
|    clip_range           | 0.2          |
|    entropy_loss         | -0.0979      |
|    explained_variance   | 0.683        |
|    learning_rate        | 8.38e-05     |
|    loss                 | -0.00092     |
|    n_updates            | 1638         |
|    policy_gradient_loss | -0.000365    |
|    value_loss           | 0.00621      |
------------------------------------------
-------------------------------------------
| rollout/                |               |
|    ep_len_mean          | 8.64e+04      |
|    ep_rew_mean          | -7.31e+04     |
| time/                   |               |
|    fps                  | 1411          |
|    iterations           | 548           |
|    time_elapsed         | 1590          |
|    total_timesteps      | 2244608       |
| train/                  |               |
|    approx_kl            | 0.00036045935 |
|    clip_fraction        | 0.00187       |
|    clip_range           | 0.2           |
|    entropy_loss         | -0.162        |
|    explained_variance   | 0.653         |
|    learning_rate        | 8.34e-05      |
|    loss                 | -0.00408      |
|    n_updates            | 1641          |
|    policy_gradient_loss | -0.00124      |
|    value_loss           | 0.00658       |
-------------------------------------------
-------------------------------------------
| rollout/                |               |
|    ep_len_mean          | 8.64e+04      |
|    ep_rew_mean          | -7.31e+04     |
| time/                   |               |
|    fps                  | 1413          |
|    iterations           | 549           |
|    time_elapsed         | 1590          |
|    total_timesteps      | 2248704       |
| train/                  |               |
|    approx_kl            | 0.00016018255 |
|    clip_fraction        | 0.00057       |
|    clip_range           | 0.2           |
|    entropy_loss         | -0.124        |
|    explained_variance   | 0.731         |
|    learning_rate        | 8.3e-05       |
|    loss                 | -0.00694      |
|    n_updates            | 1644          |
|    policy_gradient_loss | -0.000627     |
|    value_loss           | 0.00687       |
-------------------------------------------
Eval num_timesteps=2250000, episode_reward=-25128.55 +/- 999.26
Episode length: 86400.00 +/- 0.00
-------------------------------------------
| eval/                   |               |
|    mean_ep_length       | 8.64e+04      |
|    mean_reward          | -2.51e+04     |
| time/                   |               |
|    total_timesteps      | 2250000       |
| train/                  |               |
|    approx_kl            | 0.00028346482 |
|    clip_fraction        | 0.00163       |
|    clip_range           | 0.2           |
|    entropy_loss         | -0.132        |
|    explained_variance   | 0.632         |
|    learning_rate        | 8.26e-05      |
|    loss                 | -0.00323      |
|    n_updates            | 1647          |
|    policy_gradient_loss | -0.000746     |
|    value_loss           | 0.00802       |
-------------------------------------------
----------------------------------
| rollout/           |           |
|    ep_len_mean     | 8.64e+04  |
|    ep_rew_mean     | -7.31e+04 |
| time/              |           |
|    fps             | 1388      |
|    iterations      | 550       |
|    time_elapsed    | 1621      |
|    total_timesteps | 2252800   |
----------------------------------
-------------------------------------------
| rollout/                |               |
|    ep_len_mean          | 8.64e+04      |
|    ep_rew_mean          | -7.31e+04     |
| time/                   |               |
|    fps                  | 1391          |
|    iterations           | 551           |
|    time_elapsed         | 1622          |
|    total_timesteps      | 2256896       |
| train/                  |               |
|    approx_kl            | 0.00011490018 |
|    clip_fraction        | 0.000895      |
|    clip_range           | 0.2           |
|    entropy_loss         | -0.13         |
|    explained_variance   | 0.653         |
|    learning_rate        | 8.22e-05      |
|    loss                 | -0.00203      |
|    n_updates            | 1650          |
|    policy_gradient_loss | -0.000494     |
|    value_loss           | 0.00765       |
-------------------------------------------
  ⏱  step 2,260,000  │  FPS     617  │  RSS   2938 MB
-------------------------------------------
| gold/                   |               |
|    entropy_magnitude    | 4.14          |
| hw/                     |               |
|    fps                  | 617           |
|    rss_mb               | 2.94e+03      |
| rollout/                |               |
|    ep_len_mean          | 8.64e+04      |
|    ep_rew_mean          | -7.31e+04     |
| time/                   |               |
|    fps                  | 1393          |
|    iterations           | 552           |
|    time_elapsed         | 1622          |
|    total_timesteps      | 2260992       |
| train/                  |               |
|    approx_kl            | 8.4702784e-05 |
|    clip_fraction        | 8.14e-05      |
|    clip_range           | 0.2           |
|    entropy_loss         | -0.133        |
|    explained_variance   | 0.577         |
|    learning_rate        | 8.18e-05      |
|    loss                 | -0.000575     |
|    n_updates            | 1653          |
|    policy_gradient_loss | -0.000651     |
|    value_loss           | 0.0088        |
-------------------------------------------
----------------------------------------
| rollout/                |            |
|    ep_len_mean          | 8.64e+04   |
|    ep_rew_mean          | -7.31e+04  |
| time/                   |            |
|    fps                  | 1395       |
|    iterations           | 553        |
|    time_elapsed         | 1623       |
|    total_timesteps      | 2265088    |
| train/                  |            |
|    approx_kl            | 0.00030795 |
|    clip_fraction        | 0.00138    |
|    clip_range           | 0.2        |
|    entropy_loss         | -0.137     |
|    explained_variance   | 0.807      |
|    learning_rate        | 8.14e-05   |
|    loss                 | -0.00422   |
|    n_updates            | 1656       |
|    policy_gradient_loss | -0.00119   |
|    value_loss           | 0.00534    |
----------------------------------------
-------------------------------------------
| rollout/                |               |
|    ep_len_mean          | 8.64e+04      |
|    ep_rew_mean          | -7.31e+04     |
| time/                   |               |
|    fps                  | 1397          |
|    iterations           | 554           |
|    time_elapsed         | 1623          |
|    total_timesteps      | 2269184       |
| train/                  |               |
|    approx_kl            | 0.00020168074 |
|    clip_fraction        | 0.000814      |
|    clip_range           | 0.2           |
|    entropy_loss         | -0.152        |
|    explained_variance   | 0.445         |
|    learning_rate        | 8.1e-05       |
|    loss                 | -0.00495      |
|    n_updates            | 1659          |
|    policy_gradient_loss | -0.00105      |
|    value_loss           | 0.00665       |
-------------------------------------------
-------------------------------------------
| gold/                   |               |
|    entropy_magnitude    | 5.02          |
| rollout/                |               |
|    ep_len_mean          | 8.64e+04      |
|    ep_rew_mean          | -7.31e+04     |
| time/                   |               |
|    fps                  | 1400          |
|    iterations           | 555           |
|    time_elapsed         | 1623          |
|    total_timesteps      | 2273280       |
| train/                  |               |
|    approx_kl            | 0.00018801492 |
|    clip_fraction        | 0.000326      |
|    clip_range           | 0.2           |
|    entropy_loss         | -0.16         |
|    explained_variance   | 0.441         |
|    learning_rate        | 8.06e-05      |
|    loss                 | -0.00305      |
|    n_updates            | 1662          |
|    policy_gradient_loss | -0.000972     |
|    value_loss           | 0.00756       |
-------------------------------------------
------------------------------------------
| rollout/                |              |
|    ep_len_mean          | 8.64e+04     |
|    ep_rew_mean          | -7.31e+04    |
| time/                   |              |
|    fps                  | 1402         |
|    iterations           | 556          |
|    time_elapsed         | 1624         |
|    total_timesteps      | 2277376      |
| train/                  |              |
|    approx_kl            | 0.0001107617 |
|    clip_fraction        | 0.000326     |
|    clip_range           | 0.2          |
|    entropy_loss         | -0.121       |
|    explained_variance   | 0.756        |
|    learning_rate        | 8.02e-05     |
|    loss                 | -0.00599     |
|    n_updates            | 1665         |
|    policy_gradient_loss | -0.000559    |
|    value_loss           | 0.00823      |
------------------------------------------
  ⏱  step 2,280,000  │  FPS   11449  │  RSS   2938 MB
------------------------------------------
| gold/                   |              |
|    entropy_magnitude    | 2.35         |
| hw/                     |              |
|    fps                  | 1.14e+04     |
|    rss_mb               | 2.94e+03     |
| rollout/                |              |
|    ep_len_mean          | 8.64e+04     |
|    ep_rew_mean          | -7.31e+04    |
| time/                   |              |
|    fps                  | 1404         |
|    iterations           | 557          |
|    time_elapsed         | 1624         |
|    total_timesteps      | 2281472      |
| train/                  |              |
|    approx_kl            | 8.268059e-05 |
|    clip_fraction        | 8.14e-05     |
|    clip_range           | 0.2          |
|    entropy_loss         | -0.0743      |
|    explained_variance   | 0.786        |
|    learning_rate        | 7.99e-05     |
|    loss                 | -0.000641    |
|    n_updates            | 1668         |
|    policy_gradient_loss | -0.000538    |
|    value_loss           | 0.00573      |
------------------------------------------
------------------------------------------
| rollout/                |              |
|    ep_len_mean          | 8.64e+04     |
|    ep_rew_mean          | -7.31e+04    |
| time/                   |              |
|    fps                  | 1406         |
|    iterations           | 558          |
|    time_elapsed         | 1624         |
|    total_timesteps      | 2285568      |
| train/                  |              |
|    approx_kl            | 6.628336e-05 |
|    clip_fraction        | 0.000244     |
|    clip_range           | 0.2          |
|    entropy_loss         | -0.11        |
|    explained_variance   | 0.625        |
|    learning_rate        | 7.95e-05     |
|    loss                 | -0.00365     |
|    n_updates            | 1671         |
|    policy_gradient_loss | -0.00082     |
|    value_loss           | 0.0132       |
------------------------------------------
------------------------------------------
| rollout/                |              |
|    ep_len_mean          | 8.64e+04     |
|    ep_rew_mean          | -7.31e+04    |
| time/                   |              |
|    fps                  | 1408         |
|    iterations           | 559          |
|    time_elapsed         | 1625         |
|    total_timesteps      | 2289664      |
| train/                  |              |
|    approx_kl            | 0.0002175205 |
|    clip_fraction        | 0.000488     |
|    clip_range           | 0.2          |
|    entropy_loss         | -0.161       |
|    explained_variance   | 0.722        |
|    learning_rate        | 7.91e-05     |
|    loss                 | -0.00695     |
|    n_updates            | 1674         |
|    policy_gradient_loss | -0.00107     |
|    value_loss           | 0.00351      |
------------------------------------------
------------------------------------------
| gold/                   |              |
|    entropy_magnitude    | 5.12         |
| rollout/                |              |
|    ep_len_mean          | 8.64e+04     |
|    ep_rew_mean          | -7.31e+04    |
| time/                   |              |
|    fps                  | 1411         |
|    iterations           | 560          |
|    time_elapsed         | 1625         |
|    total_timesteps      | 2293760      |
| train/                  |              |
|    approx_kl            | 0.0008828436 |
|    clip_fraction        | 0.00415      |
|    clip_range           | 0.2          |
|    entropy_loss         | -0.16        |
|    explained_variance   | 0.667        |
|    learning_rate        | 7.87e-05     |
|    loss                 | 0.0146       |
|    n_updates            | 1677         |
|    policy_gradient_loss | -0.00273     |
|    value_loss           | 0.0124       |
------------------------------------------
-------------------------------------------
| rollout/                |               |
|    ep_len_mean          | 8.64e+04      |
|    ep_rew_mean          | -7.31e+04     |
| time/                   |               |
|    fps                  | 1413          |
|    iterations           | 561           |
|    time_elapsed         | 1625          |
|    total_timesteps      | 2297856       |
| train/                  |               |
|    approx_kl            | 0.00037023547 |
|    clip_fraction        | 0.00163       |
|    clip_range           | 0.2           |
|    entropy_loss         | -0.13         |
|    explained_variance   | 0.671         |
|    learning_rate        | 7.83e-05      |
|    loss                 | -0.00228      |
|    n_updates            | 1680          |
|    policy_gradient_loss | -0.000719     |
|    value_loss           | 0.009         |
-------------------------------------------
Eval num_timesteps=2300000, episode_reward=-25053.62 +/- 1087.62
Episode length: 86400.00 +/- 0.00
------------------------------------------
| eval/                   |              |
|    mean_ep_length       | 8.64e+04     |
|    mean_reward          | -2.51e+04    |
| time/                   |              |
|    total_timesteps      | 2300000      |
| train/                  |              |
|    approx_kl            | 0.0001301013 |
|    clip_fraction        | 0.000488     |
|    clip_range           | 0.2          |
|    entropy_loss         | -0.121       |
|    explained_variance   | 0.342        |
|    learning_rate        | 7.79e-05     |
|    loss                 | -0.00126     |
|    n_updates            | 1683         |
|    policy_gradient_loss | -0.000567    |
|    value_loss           | 0.00806      |
------------------------------------------
    📉 ent_coef → 0.03100  (step 2,300,000)
  ⏱  step 2,300,000  │  FPS     604  │  RSS   2938 MB
----------------------------------
| gold/              |           |
|    ent_coef        | 0.031     |
| hw/                |           |
|    fps             | 604       |
|    rss_mb          | 2.94e+03  |
| rollout/           |           |
|    ep_len_mean     | 8.64e+04  |
|    ep_rew_mean     | -7.31e+04 |
| time/              |           |
|    fps             | 1388      |
|    iterations      | 562       |
|    time_elapsed    | 1657      |
|    total_timesteps | 2301952   |
----------------------------------
-------------------------------------------
| rollout/                |               |
|    ep_len_mean          | 8.64e+04      |
|    ep_rew_mean          | -7.31e+04     |
| time/                   |               |
|    fps                  | 1390          |
|    iterations           | 563           |
|    time_elapsed         | 1658          |
|    total_timesteps      | 2306048       |
| train/                  |               |
|    approx_kl            | 0.00024235151 |
|    clip_fraction        | 0.00106       |
|    clip_range           | 0.2           |
|    entropy_loss         | -0.108        |
|    explained_variance   | 0.701         |
|    learning_rate        | 7.75e-05      |
|    loss                 | -0.00145      |
|    n_updates            | 1686          |
|    policy_gradient_loss | -0.000969     |
|    value_loss           | 0.0126        |
-------------------------------------------
-------------------------------------------
| gold/                   |               |
|    entropy_magnitude    | 3.58          |
| rollout/                |               |
|    ep_len_mean          | 8.64e+04      |
|    ep_rew_mean          | -7.31e+04     |
| time/                   |               |
|    fps                  | 1393          |
|    iterations           | 564           |
|    time_elapsed         | 1658          |
|    total_timesteps      | 2310144       |
| train/                  |               |
|    approx_kl            | 0.00011129261 |
|    clip_fraction        | 0.0013        |
|    clip_range           | 0.2           |
|    entropy_loss         | -0.11         |
|    explained_variance   | 0.461         |
|    learning_rate        | 7.71e-05      |
|    loss                 | 0.000318      |
|    n_updates            | 1689          |
|    policy_gradient_loss | -0.000408     |
|    value_loss           | 0.0134        |
-------------------------------------------
-------------------------------------------
| rollout/                |               |
|    ep_len_mean          | 8.64e+04      |
|    ep_rew_mean          | -7.31e+04     |
| time/                   |               |
|    fps                  | 1395          |
|    iterations           | 565           |
|    time_elapsed         | 1658          |
|    total_timesteps      | 2314240       |
| train/                  |               |
|    approx_kl            | 0.00025965733 |
|    clip_fraction        | 0.000977      |
|    clip_range           | 0.2           |
|    entropy_loss         | -0.156        |
|    explained_variance   | 0.56          |
|    learning_rate        | 7.67e-05      |
|    loss                 | -0.00109      |
|    n_updates            | 1692          |
|    policy_gradient_loss | -0.000908     |
|    value_loss           | 0.00738       |
-------------------------------------------
------------------------------------------
| rollout/                |              |
|    ep_len_mean          | 8.64e+04     |
|    ep_rew_mean          | -7.31e+04    |
| time/                   |              |
|    fps                  | 1397         |
|    iterations           | 566          |
|    time_elapsed         | 1659         |
|    total_timesteps      | 2318336      |
| train/                  |              |
|    approx_kl            | 7.527451e-05 |
|    clip_fraction        | 0            |
|    clip_range           | 0.2          |
|    entropy_loss         | -0.147       |
|    explained_variance   | 0.598        |
|    learning_rate        | 7.63e-05     |
|    loss                 | -0.00299     |
|    n_updates            | 1695         |
|    policy_gradient_loss | -0.000484    |
|    value_loss           | 0.00771      |
------------------------------------------
  ⏱  step 2,320,000  │  FPS   11458  │  RSS   2938 MB
-------------------------------------------
| gold/                   |               |
|    entropy_magnitude    | 3.9           |
| hw/                     |               |
|    fps                  | 1.15e+04      |
|    rss_mb               | 2.94e+03      |
| rollout/                |               |
|    ep_len_mean          | 8.64e+04      |
|    ep_rew_mean          | -7.31e+04     |
| time/                   |               |
|    fps                  | 1399          |
|    iterations           | 567           |
|    time_elapsed         | 1659          |
|    total_timesteps      | 2322432       |
| train/                  |               |
|    approx_kl            | 0.00012464261 |
|    clip_fraction        | 0.000407      |
|    clip_range           | 0.2           |
|    entropy_loss         | -0.119        |
|    explained_variance   | 0.678         |
|    learning_rate        | 7.59e-05      |
|    loss                 | -0.00487      |
|    n_updates            | 1698          |
|    policy_gradient_loss | -0.000659     |
|    value_loss           | 0.00695       |
-------------------------------------------
------------------------------------------
| rollout/                |              |
|    ep_len_mean          | 8.64e+04     |
|    ep_rew_mean          | -7.31e+04    |
| time/                   |              |
|    fps                  | 1401         |
|    iterations           | 568          |
|    time_elapsed         | 1659         |
|    total_timesteps      | 2326528      |
| train/                  |              |
|    approx_kl            | 9.941115e-05 |
|    clip_fraction        | 8.14e-05     |
|    clip_range           | 0.2          |
|    entropy_loss         | -0.131       |
|    explained_variance   | 0.472        |
|    learning_rate        | 7.55e-05     |
|    loss                 | -0.00362     |
|    n_updates            | 1701         |
|    policy_gradient_loss | -0.000774    |
|    value_loss           | 0.00647      |
------------------------------------------
--------------------------------------------
| gold/                   |                |
|    entropy_magnitude    | 3.82           |
| rollout/                |                |
|    ep_len_mean          | 8.64e+04       |
|    ep_rew_mean          | -7.31e+04      |
| time/                   |                |
|    fps                  | 1403           |
|    iterations           | 569            |
|    time_elapsed         | 1660           |
|    total_timesteps      | 2330624        |
| train/                  |                |
|    approx_kl            | 0.000117471805 |
|    clip_fraction        | 0              |
|    clip_range           | 0.2            |
|    entropy_loss         | -0.115         |
|    explained_variance   | 0.726          |
|    learning_rate        | 7.51e-05       |
|    loss                 | -0.00408       |
|    n_updates            | 1704           |
|    policy_gradient_loss | -0.000556      |
|    value_loss           | 0.00401        |
--------------------------------------------
-------------------------------------------
| rollout/                |               |
|    ep_len_mean          | 8.64e+04      |
|    ep_rew_mean          | -7.31e+04     |
| time/                   |               |
|    fps                  | 1406          |
|    iterations           | 570           |
|    time_elapsed         | 1660          |
|    total_timesteps      | 2334720       |
| train/                  |               |
|    approx_kl            | 0.00037277662 |
|    clip_fraction        | 0.00203       |
|    clip_range           | 0.2           |
|    entropy_loss         | -0.165        |
|    explained_variance   | 0.663         |
|    learning_rate        | 7.47e-05      |
|    loss                 | -0.00359      |
|    n_updates            | 1707          |
|    policy_gradient_loss | -0.00136      |
|    value_loss           | 0.00836       |
-------------------------------------------
-------------------------------------------
| rollout/                |               |
|    ep_len_mean          | 8.64e+04      |
|    ep_rew_mean          | -7.31e+04     |
| time/                   |               |
|    fps                  | 1408          |
|    iterations           | 571           |
|    time_elapsed         | 1660          |
|    total_timesteps      | 2338816       |
| train/                  |               |
|    approx_kl            | 0.00036746077 |
|    clip_fraction        | 0.00252       |
|    clip_range           | 0.2           |
|    entropy_loss         | -0.138        |
|    explained_variance   | 0.583         |
|    learning_rate        | 7.43e-05      |
|    loss                 | -0.002        |
|    n_updates            | 1710          |
|    policy_gradient_loss | -0.000998     |
|    value_loss           | 0.00545       |
-------------------------------------------
  ⏱  step 2,340,000  │  FPS   11482  │  RSS   2938 MB
------------------------------------------
| gold/                   |              |
|    entropy_magnitude    | 3.42         |
| hw/                     |              |
|    fps                  | 1.15e+04     |
|    rss_mb               | 2.94e+03     |
| rollout/                |              |
|    ep_len_mean          | 8.64e+04     |
|    ep_rew_mean          | -7.31e+04    |
| time/                   |              |
|    fps                  | 1410         |
|    iterations           | 572          |
|    time_elapsed         | 1661         |
|    total_timesteps      | 2342912      |
| train/                  |              |
|    approx_kl            | 0.0001325321 |
|    clip_fraction        | 0            |
|    clip_range           | 0.2          |
|    entropy_loss         | -0.102       |
|    explained_variance   | 0.806        |
|    learning_rate        | 7.39e-05     |
|    loss                 | -0.0031      |
|    n_updates            | 1713         |
|    policy_gradient_loss | -0.000422    |
|    value_loss           | 0.00333      |
------------------------------------------
-------------------------------------------
| rollout/                |               |
|    ep_len_mean          | 8.64e+04      |
|    ep_rew_mean          | -7.31e+04     |
| time/                   |               |
|    fps                  | 1412          |
|    iterations           | 573           |
|    time_elapsed         | 1661          |
|    total_timesteps      | 2347008       |
| train/                  |               |
|    approx_kl            | 0.00015621328 |
|    clip_fraction        | 0.000488      |
|    clip_range           | 0.2           |
|    entropy_loss         | -0.138        |
|    explained_variance   | 0.694         |
|    learning_rate        | 7.35e-05      |
|    loss                 | -0.0037       |
|    n_updates            | 1716          |
|    policy_gradient_loss | -0.000592     |
|    value_loss           | 0.00441       |
-------------------------------------------
Eval num_timesteps=2350000, episode_reward=-26495.15 +/- 827.45
Episode length: 86400.00 +/- 0.00
-------------------------------------------
| eval/                   |               |
|    mean_ep_length       | 8.64e+04      |
|    mean_reward          | -2.65e+04     |
| time/                   |               |
|    total_timesteps      | 2350000       |
| train/                  |               |
|    approx_kl            | 0.00051829824 |
|    clip_fraction        | 0.00342       |
|    clip_range           | 0.2           |
|    entropy_loss         | -0.113        |
|    explained_variance   | 0.778         |
|    learning_rate        | 7.31e-05      |
|    loss                 | -0.00306      |
|    n_updates            | 1719          |
|    policy_gradient_loss | -0.00134      |
|    value_loss           | 0.00352       |
-------------------------------------------
----------------------------------
| rollout/           |           |
|    ep_len_mean     | 8.64e+04  |
|    ep_rew_mean     | -7.31e+04 |
| time/              |           |
|    fps             | 1388      |
|    iterations      | 574       |
|    time_elapsed    | 1692      |
|    total_timesteps | 2351104   |
----------------------------------
--------------------------------------------
| rollout/                |                |
|    ep_len_mean          | 8.64e+04       |
|    ep_rew_mean          | -7.31e+04      |
| time/                   |                |
|    fps                  | 1390           |
|    iterations           | 575            |
|    time_elapsed         | 1693           |
|    total_timesteps      | 2355200        |
| train/                  |                |
|    approx_kl            | 0.000119173594 |
|    clip_fraction        | 0.000326       |
|    clip_range           | 0.2            |
|    entropy_loss         | -0.091         |
|    explained_variance   | 0.682          |
|    learning_rate        | 7.27e-05       |
|    loss                 | -0.000389      |
|    n_updates            | 1722           |
|    policy_gradient_loss | -0.000631      |
|    value_loss           | 0.00961        |
--------------------------------------------
------------------------------------------
| rollout/                |              |
|    ep_len_mean          | 8.64e+04     |
|    ep_rew_mean          | -7.31e+04    |
| time/                   |              |
|    fps                  | 1392         |
|    iterations           | 576          |
|    time_elapsed         | 1693         |
|    total_timesteps      | 2359296      |
| train/                  |              |
|    approx_kl            | 0.0003880977 |
|    clip_fraction        | 0.0022       |
|    clip_range           | 0.2          |
|    entropy_loss         | -0.12        |
|    explained_variance   | 0.685        |
|    learning_rate        | 7.23e-05     |
|    loss                 | -0.00516     |
|    n_updates            | 1725         |
|    policy_gradient_loss | -0.00173     |
|    value_loss           | 0.00892      |
------------------------------------------
  ⏱  step 2,360,000  │  FPS     609  │  RSS   2938 MB
-------------------------------------------
| gold/                   |               |
|    entropy_magnitude    | 4.55          |
| hw/                     |               |
|    fps                  | 609           |
|    rss_mb               | 2.94e+03      |
| rollout/                |               |
|    ep_len_mean          | 8.64e+04      |
|    ep_rew_mean          | -7.31e+04     |
| time/                   |               |
|    fps                  | 1395          |
|    iterations           | 577           |
|    time_elapsed         | 1694          |
|    total_timesteps      | 2363392       |
| train/                  |               |
|    approx_kl            | 0.00014647312 |
|    clip_fraction        | 0.000244      |
|    clip_range           | 0.2           |
|    entropy_loss         | -0.133        |
|    explained_variance   | 0.375         |
|    learning_rate        | 7.19e-05      |
|    loss                 | -0.00251      |
|    n_updates            | 1728          |
|    policy_gradient_loss | -0.000433     |
|    value_loss           | 0.00574       |
-------------------------------------------
------------------------------------------
| rollout/                |              |
|    ep_len_mean          | 8.64e+04     |
|    ep_rew_mean          | -7.31e+04    |
| time/                   |              |
|    fps                  | 1397         |
|    iterations           | 578          |
|    time_elapsed         | 1694         |
|    total_timesteps      | 2367488      |
| train/                  |              |
|    approx_kl            | 0.0006400485 |
|    clip_fraction        | 0.00342      |
|    clip_range           | 0.2          |
|    entropy_loss         | -0.165       |
|    explained_variance   | 0.498        |
|    learning_rate        | 7.15e-05     |
|    loss                 | -0.00413     |
|    n_updates            | 1731         |
|    policy_gradient_loss | -0.0015      |
|    value_loss           | 0.0119       |
------------------------------------------
-------------------------------------------
| gold/                   |               |
|    entropy_magnitude    | 3.5           |
| rollout/                |               |
|    ep_len_mean          | 8.64e+04      |
|    ep_rew_mean          | -7.31e+04     |
| time/                   |               |
|    fps                  | 1399          |
|    iterations           | 579           |
|    time_elapsed         | 1694          |
|    total_timesteps      | 2371584       |
| train/                  |               |
|    approx_kl            | 4.5126377e-05 |
|    clip_fraction        | 0             |
|    clip_range           | 0.2           |
|    entropy_loss         | -0.101        |
|    explained_variance   | 0.63          |
|    learning_rate        | 7.11e-05      |
|    loss                 | 0.00048       |
|    n_updates            | 1734          |
|    policy_gradient_loss | -0.000165     |
|    value_loss           | 0.00651       |
-------------------------------------------
------------------------------------------
| rollout/                |              |
|    ep_len_mean          | 8.64e+04     |
|    ep_rew_mean          | -7.31e+04    |
| time/                   |              |
|    fps                  | 1401         |
|    iterations           | 580          |
|    time_elapsed         | 1695         |
|    total_timesteps      | 2375680      |
| train/                  |              |
|    approx_kl            | 8.906126e-05 |
|    clip_fraction        | 8.14e-05     |
|    clip_range           | 0.2          |
|    entropy_loss         | -0.113       |
|    explained_variance   | 0.557        |
|    learning_rate        | 7.07e-05     |
|    loss                 | 0.0038       |
|    n_updates            | 1737         |
|    policy_gradient_loss | -0.000549    |
|    value_loss           | 0.0152       |
------------------------------------------
------------------------------------------
| rollout/                |              |
|    ep_len_mean          | 8.64e+04     |
|    ep_rew_mean          | -7.31e+04    |
| time/                   |              |
|    fps                  | 1403         |
|    iterations           | 581          |
|    time_elapsed         | 1695         |
|    total_timesteps      | 2379776      |
| train/                  |              |
|    approx_kl            | 0.0002577632 |
|    clip_fraction        | 0.000895     |
|    clip_range           | 0.2          |
|    entropy_loss         | -0.133       |
|    explained_variance   | 0.631        |
|    learning_rate        | 7.04e-05     |
|    loss                 | -0.00274     |
|    n_updates            | 1740         |
|    policy_gradient_loss | -0.000716    |
|    value_loss           | 0.0086       |
------------------------------------------
  ⏱  step 2,380,000  │  FPS   11561  │  RSS   2938 MB
-------------------------------------------
| gold/                   |               |
|    entropy_magnitude    | 5.85          |
| hw/                     |               |
|    fps                  | 1.16e+04      |
|    rss_mb               | 2.94e+03      |
| rollout/                |               |
|    ep_len_mean          | 8.64e+04      |
|    ep_rew_mean          | -7.31e+04     |
| time/                   |               |
|    fps                  | 1405          |
|    iterations           | 582           |
|    time_elapsed         | 1695          |
|    total_timesteps      | 2383872       |
| train/                  |               |
|    approx_kl            | 0.00031026138 |
|    clip_fraction        | 0.000814      |
|    clip_range           | 0.2           |
|    entropy_loss         | -0.167        |
|    explained_variance   | 0.598         |
|    learning_rate        | 7e-05         |
|    loss                 | -0.00218      |
|    n_updates            | 1743          |
|    policy_gradient_loss | -0.00138      |
|    value_loss           | 0.0212        |
-------------------------------------------
-------------------------------------------
| rollout/                |               |
|    ep_len_mean          | 8.64e+04      |
|    ep_rew_mean          | -7.31e+04     |
| time/                   |               |
|    fps                  | 1407          |
|    iterations           | 583           |
|    time_elapsed         | 1696          |
|    total_timesteps      | 2387968       |
| train/                  |               |
|    approx_kl            | 0.00012616371 |
|    clip_fraction        | 0.000651      |
|    clip_range           | 0.2           |
|    entropy_loss         | -0.105        |
|    explained_variance   | 0.555         |
|    learning_rate        | 6.96e-05      |
|    loss                 | 0.000461      |
|    n_updates            | 1746          |
|    policy_gradient_loss | -0.000912     |
|    value_loss           | 0.0151        |
-------------------------------------------
-------------------------------------------
| gold/                   |               |
|    entropy_magnitude    | 5.72          |
| rollout/                |               |
|    ep_len_mean          | 8.64e+04      |
|    ep_rew_mean          | -7.31e+04     |
| time/                   |               |
|    fps                  | 1409          |
|    iterations           | 584           |
|    time_elapsed         | 1696          |
|    total_timesteps      | 2392064       |
| train/                  |               |
|    approx_kl            | 0.00029577932 |
|    clip_fraction        | 0.00106       |
|    clip_range           | 0.2           |
|    entropy_loss         | -0.162        |
|    explained_variance   | 0.488         |
|    learning_rate        | 6.92e-05      |
|    loss                 | -0.00581      |
|    n_updates            | 1749          |
|    policy_gradient_loss | -0.0012       |
|    value_loss           | 0.00966       |
-------------------------------------------
-------------------------------------------
| rollout/                |               |
|    ep_len_mean          | 8.64e+04      |
|    ep_rew_mean          | -7.31e+04     |
| time/                   |               |
|    fps                  | 1412          |
|    iterations           | 585           |
|    time_elapsed         | 1696          |
|    total_timesteps      | 2396160       |
| train/                  |               |
|    approx_kl            | 0.00017688893 |
|    clip_fraction        | 0.000326      |
|    clip_range           | 0.2           |
|    entropy_loss         | -0.131        |
|    explained_variance   | 0.647         |
|    learning_rate        | 6.88e-05      |
|    loss                 | -0.00361      |
|    n_updates            | 1752          |
|    policy_gradient_loss | -0.000817     |
|    value_loss           | 0.00601       |
-------------------------------------------
Eval num_timesteps=2400000, episode_reward=-25076.92 +/- 786.37
Episode length: 86400.00 +/- 0.00
-------------------------------------------
| eval/                   |               |
|    mean_ep_length       | 8.64e+04      |
|    mean_reward          | -2.51e+04     |
| time/                   |               |
|    total_timesteps      | 2400000       |
| train/                  |               |
|    approx_kl            | 0.00018089291 |
|    clip_fraction        | 0.000814      |
|    clip_range           | 0.2           |
|    entropy_loss         | -0.128        |
|    explained_variance   | 0.721         |
|    learning_rate        | 6.84e-05      |
|    loss                 | -0.00575      |
|    n_updates            | 1755          |
|    policy_gradient_loss | -0.0013       |
|    value_loss           | 0.0114        |
-------------------------------------------
    📉 ent_coef → 0.02800  (step 2,400,000)
  ⏱  step 2,400,000  │  FPS     595  │  RSS   2938 MB
----------------------------------
| gold/              |           |
|    ent_coef        | 0.028     |
| hw/                |           |
|    fps             | 595       |
|    rss_mb          | 2.94e+03  |
| rollout/           |           |
|    ep_len_mean     | 8.64e+04  |
|    ep_rew_mean     | -7.31e+04 |
| time/              |           |
|    fps             | 1388      |
|    iterations      | 586       |
|    time_elapsed    | 1729      |
|    total_timesteps | 2400256   |
----------------------------------
-------------------------------------------
| rollout/                |               |
|    ep_len_mean          | 8.64e+04      |
|    ep_rew_mean          | -7.31e+04     |
| time/                   |               |
|    fps                  | 1390          |
|    iterations           | 587           |
|    time_elapsed         | 1729          |
|    total_timesteps      | 2404352       |
| train/                  |               |
|    approx_kl            | 0.00014279966 |
|    clip_fraction        | 0.00057       |
|    clip_range           | 0.2           |
|    entropy_loss         | -0.129        |
|    explained_variance   | 0.496         |
|    learning_rate        | 6.8e-05       |
|    loss                 | -0.000468     |
|    n_updates            | 1758          |
|    policy_gradient_loss | -0.000673     |
|    value_loss           | 0.00731       |
-------------------------------------------
-------------------------------------------
| rollout/                |               |
|    ep_len_mean          | 8.64e+04      |
|    ep_rew_mean          | -7.31e+04     |
| time/                   |               |
|    fps                  | 1392          |
|    iterations           | 588           |
|    time_elapsed         | 1730          |
|    total_timesteps      | 2408448       |
| train/                  |               |
|    approx_kl            | 0.00028768068 |
|    clip_fraction        | 0.000977      |
|    clip_range           | 0.2           |
|    entropy_loss         | -0.179        |
|    explained_variance   | 0.752         |
|    learning_rate        | 6.76e-05      |
|    loss                 | 0.00646       |
|    n_updates            | 1761          |
|    policy_gradient_loss | -0.00121      |
|    value_loss           | 0.0204        |
-------------------------------------------
-------------------------------------------
| gold/                   |               |
|    entropy_magnitude    | 3.9           |
| rollout/                |               |
|    ep_len_mean          | 8.64e+04      |
|    ep_rew_mean          | -7.31e+04     |
| time/                   |               |
|    fps                  | 1394          |
|    iterations           | 589           |
|    time_elapsed         | 1730          |
|    total_timesteps      | 2412544       |
| train/                  |               |
|    approx_kl            | 4.6518835e-05 |
|    clip_fraction        | 0.000163      |
|    clip_range           | 0.2           |
|    entropy_loss         | -0.108        |
|    explained_variance   | 0.693         |
|    learning_rate        | 6.72e-05      |
|    loss                 | -0.00135      |
|    n_updates            | 1764          |
|    policy_gradient_loss | -0.000311     |
|    value_loss           | 0.0055        |
-------------------------------------------
------------------------------------------
| rollout/                |              |
|    ep_len_mean          | 8.64e+04     |
|    ep_rew_mean          | -7.31e+04    |
| time/                   |              |
|    fps                  | 1396         |
|    iterations           | 590          |
|    time_elapsed         | 1730         |
|    total_timesteps      | 2416640      |
| train/                  |              |
|    approx_kl            | 0.0002073507 |
|    clip_fraction        | 0.00122      |
|    clip_range           | 0.2          |
|    entropy_loss         | -0.106       |
|    explained_variance   | 0.688        |
|    learning_rate        | 6.68e-05     |
|    loss                 | -0.000344    |
|    n_updates            | 1767         |
|    policy_gradient_loss | -0.000822    |
|    value_loss           | 0.00782      |
------------------------------------------
  ⏱  step 2,420,000  │  FPS   10757  │  RSS   2938 MB
-------------------------------------------
| gold/                   |               |
|    entropy_magnitude    | 3.94          |
| hw/                     |               |
|    fps                  | 1.08e+04      |
|    rss_mb               | 2.94e+03      |
| rollout/                |               |
|    ep_len_mean          | 8.64e+04      |
|    ep_rew_mean          | -6.66e+04     |
| time/                   |               |
|    fps                  | 1398          |
|    iterations           | 591           |
|    time_elapsed         | 1731          |
|    total_timesteps      | 2420736       |
| train/                  |               |
|    approx_kl            | 0.00019687989 |
|    clip_fraction        | 0.000895      |
|    clip_range           | 0.2           |
|    entropy_loss         | -0.108        |
|    explained_variance   | 0.71          |
|    learning_rate        | 6.64e-05      |
|    loss                 | 0.000311      |
|    n_updates            | 1770          |
|    policy_gradient_loss | -0.000697     |
|    value_loss           | 0.0117        |
-------------------------------------------
------------------------------------------
| rollout/                |              |
|    ep_len_mean          | 8.64e+04     |
|    ep_rew_mean          | -6.66e+04    |
| time/                   |              |
|    fps                  | 1400         |
|    iterations           | 592          |
|    time_elapsed         | 1731         |
|    total_timesteps      | 2424832      |
| train/                  |              |
|    approx_kl            | 5.416677e-05 |
|    clip_fraction        | 0            |
|    clip_range           | 0.2          |
|    entropy_loss         | -0.0855      |
|    explained_variance   | 0.71         |
|    learning_rate        | 6.6e-05      |
|    loss                 | -0.00125     |
|    n_updates            | 1773         |
|    policy_gradient_loss | -0.000318    |
|    value_loss           | 0.00458      |
------------------------------------------
-------------------------------------------
| rollout/                |               |
|    ep_len_mean          | 8.64e+04      |
|    ep_rew_mean          | -6.66e+04     |
| time/                   |               |
|    fps                  | 1402          |
|    iterations           | 593           |
|    time_elapsed         | 1731          |
|    total_timesteps      | 2428928       |
| train/                  |               |
|    approx_kl            | 0.00010428495 |
|    clip_fraction        | 0.000326      |
|    clip_range           | 0.2           |
|    entropy_loss         | -0.142        |
|    explained_variance   | 0.64          |
|    learning_rate        | 6.56e-05      |
|    loss                 | 0.00724       |
|    n_updates            | 1776          |
|    policy_gradient_loss | -0.000567     |
|    value_loss           | 0.00932       |
-------------------------------------------
-------------------------------------------
| gold/                   |               |
|    entropy_magnitude    | 3.35          |
| rollout/                |               |
|    ep_len_mean          | 8.64e+04      |
|    ep_rew_mean          | -6.66e+04     |
| time/                   |               |
|    fps                  | 1404          |
|    iterations           | 594           |
|    time_elapsed         | 1732          |
|    total_timesteps      | 2433024       |
| train/                  |               |
|    approx_kl            | 2.7630507e-05 |
|    clip_fraction        | 0             |
|    clip_range           | 0.2           |
|    entropy_loss         | -0.0907       |
|    explained_variance   | 0.718         |
|    learning_rate        | 6.52e-05      |
|    loss                 | 0.00183       |
|    n_updates            | 1779          |
|    policy_gradient_loss | -0.000219     |
|    value_loss           | 0.0079        |
-------------------------------------------
-------------------------------------------
| rollout/                |               |
|    ep_len_mean          | 8.64e+04      |
|    ep_rew_mean          | -6.66e+04     |
| time/                   |               |
|    fps                  | 1406          |
|    iterations           | 595           |
|    time_elapsed         | 1732          |
|    total_timesteps      | 2437120       |
| train/                  |               |
|    approx_kl            | 0.00014936726 |
|    clip_fraction        | 0.000651      |
|    clip_range           | 0.2           |
|    entropy_loss         | -0.113        |
|    explained_variance   | 0.707         |
|    learning_rate        | 6.48e-05      |
|    loss                 | -0.000201     |
|    n_updates            | 1782          |
|    policy_gradient_loss | -0.000645     |
|    value_loss           | 0.00919       |
-------------------------------------------
  ⏱  step 2,440,000  │  FPS   11846  │  RSS   2938 MB
------------------------------------------
| gold/                   |              |
|    entropy_magnitude    | 4.58         |
| hw/                     |              |
|    fps                  | 1.18e+04     |
|    rss_mb               | 2.94e+03     |
| rollout/                |              |
|    ep_len_mean          | 8.64e+04     |
|    ep_rew_mean          | -6.66e+04    |
| time/                   |              |
|    fps                  | 1408         |
|    iterations           | 596          |
|    time_elapsed         | 1732         |
|    total_timesteps      | 2441216      |
| train/                  |              |
|    approx_kl            | 5.281171e-05 |
|    clip_fraction        | 0            |
|    clip_range           | 0.2          |
|    entropy_loss         | -0.123       |
|    explained_variance   | 0.629        |
|    learning_rate        | 6.44e-05     |
|    loss                 | -0.00168     |
|    n_updates            | 1785         |
|    policy_gradient_loss | -0.00026     |
|    value_loss           | 0.00703      |
------------------------------------------
-------------------------------------------
| rollout/                |               |
|    ep_len_mean          | 8.64e+04      |
|    ep_rew_mean          | -6.66e+04     |
| time/                   |               |
|    fps                  | 1410          |
|    iterations           | 597           |
|    time_elapsed         | 1733          |
|    total_timesteps      | 2445312       |
| train/                  |               |
|    approx_kl            | 0.00012306751 |
|    clip_fraction        | 0.000407      |
|    clip_range           | 0.2           |
|    entropy_loss         | -0.122        |
|    explained_variance   | 0.492         |
|    learning_rate        | 6.4e-05       |
|    loss                 | -7.3e-05      |
|    n_updates            | 1788          |
|    policy_gradient_loss | -0.000862     |
|    value_loss           | 0.01          |
-------------------------------------------
------------------------------------------
| rollout/                |              |
|    ep_len_mean          | 8.64e+04     |
|    ep_rew_mean          | -6.66e+04    |
| time/                   |              |
|    fps                  | 1412         |
|    iterations           | 598          |
|    time_elapsed         | 1733         |
|    total_timesteps      | 2449408      |
| train/                  |              |
|    approx_kl            | 8.512949e-05 |
|    clip_fraction        | 8.14e-05     |
|    clip_range           | 0.2          |
|    entropy_loss         | -0.145       |
|    explained_variance   | 0.529        |
|    learning_rate        | 6.36e-05     |
|    loss                 | -0.00148     |
|    n_updates            | 1791         |
|    policy_gradient_loss | -0.000352    |
|    value_loss           | 0.00873      |
------------------------------------------
Eval num_timesteps=2450000, episode_reward=-26329.84 +/- 1153.51
Episode length: 86400.00 +/- 0.00
-------------------------------------------
| eval/                   |               |
|    mean_ep_length       | 8.64e+04      |
|    mean_reward          | -2.63e+04     |
| time/                   |               |
|    total_timesteps      | 2450000       |
| train/                  |               |
|    approx_kl            | 0.00017951995 |
|    clip_fraction        | 0.000651      |
|    clip_range           | 0.2           |
|    entropy_loss         | -0.131        |
|    explained_variance   | 0.641         |
|    learning_rate        | 6.32e-05      |
|    loss                 | 0.00494       |
|    n_updates            | 1794          |
|    policy_gradient_loss | -0.000858     |
|    value_loss           | 0.0159        |
-------------------------------------------
----------------------------------
| rollout/           |           |
|    ep_len_mean     | 8.64e+04  |
|    ep_rew_mean     | -6.66e+04 |
| time/              |           |
|    fps             | 1390      |
|    iterations      | 599       |
|    time_elapsed    | 1764      |
|    total_timesteps | 2453504   |
----------------------------------
-------------------------------------------
| rollout/                |               |
|    ep_len_mean          | 8.64e+04      |
|    ep_rew_mean          | -6.66e+04     |
| time/                   |               |
|    fps                  | 1392          |
|    iterations           | 600           |
|    time_elapsed         | 1765          |
|    total_timesteps      | 2457600       |
| train/                  |               |
|    approx_kl            | 0.00045835777 |
|    clip_fraction        | 0.00252       |
|    clip_range           | 0.2           |
|    entropy_loss         | -0.146        |
|    explained_variance   | 0.586         |
|    learning_rate        | 6.28e-05      |
|    loss                 | 0.00351       |
|    n_updates            | 1797          |
|    policy_gradient_loss | -0.0013       |
|    value_loss           | 0.0164        |
-------------------------------------------
  ⏱  step 2,460,000  │  FPS     613  │  RSS   2938 MB
-------------------------------------------
| gold/                   |               |
|    entropy_magnitude    | 4.71          |
| hw/                     |               |
|    fps                  | 613           |
|    rss_mb               | 2.94e+03      |
| rollout/                |               |
|    ep_len_mean          | 8.64e+04      |
|    ep_rew_mean          | -6.66e+04     |
| time/                   |               |
|    fps                  | 1394          |
|    iterations           | 601           |
|    time_elapsed         | 1765          |
|    total_timesteps      | 2461696       |
| train/                  |               |
|    approx_kl            | 0.00011870661 |
|    clip_fraction        | 0.000163      |
|    clip_range           | 0.2           |
|    entropy_loss         | -0.123        |
|    explained_variance   | 0.718         |
|    learning_rate        | 6.24e-05      |
|    loss                 | -0.00258      |
|    n_updates            | 1800          |
|    policy_gradient_loss | -0.000536     |
|    value_loss           | 0.00697       |
-------------------------------------------
------------------------------------------
| rollout/                |              |
|    ep_len_mean          | 8.64e+04     |
|    ep_rew_mean          | -6.66e+04    |
| time/                   |              |
|    fps                  | 1396         |
|    iterations           | 602          |
|    time_elapsed         | 1765         |
|    total_timesteps      | 2465792      |
| train/                  |              |
|    approx_kl            | 0.0001543116 |
|    clip_fraction        | 0.000732     |
|    clip_range           | 0.2          |
|    entropy_loss         | -0.129       |
|    explained_variance   | 0.489        |
|    learning_rate        | 6.2e-05      |
|    loss                 | 0.00419      |
|    n_updates            | 1803         |
|    policy_gradient_loss | -0.00126     |
|    value_loss           | 0.0194       |
------------------------------------------
------------------------------------------
| rollout/                |              |
|    ep_len_mean          | 8.64e+04     |
|    ep_rew_mean          | -6.66e+04    |
| time/                   |              |
|    fps                  | 1398         |
|    iterations           | 603          |
|    time_elapsed         | 1766         |
|    total_timesteps      | 2469888      |
| train/                  |              |
|    approx_kl            | 0.0006112593 |
|    clip_fraction        | 0.00391      |
|    clip_range           | 0.2          |
|    entropy_loss         | -0.146       |
|    explained_variance   | 0.544        |
|    learning_rate        | 6.16e-05     |
|    loss                 | -0.00261     |
|    n_updates            | 1806         |
|    policy_gradient_loss | -0.00272     |
|    value_loss           | 0.0107       |
------------------------------------------
------------------------------------------
| gold/                   |              |
|    entropy_magnitude    | 6.36         |
| rollout/                |              |
|    ep_len_mean          | 8.64e+04     |
|    ep_rew_mean          | -6.66e+04    |
| time/                   |              |
|    fps                  | 1400         |
|    iterations           | 604          |
|    time_elapsed         | 1766         |
|    total_timesteps      | 2473984      |
| train/                  |              |
|    approx_kl            | 0.0003600199 |
|    clip_fraction        | 0.00228      |
|    clip_range           | 0.2          |
|    entropy_loss         | -0.165       |
|    explained_variance   | 0.543        |
|    learning_rate        | 6.12e-05     |
|    loss                 | -0.00342     |
|    n_updates            | 1809         |
|    policy_gradient_loss | -0.000936    |
|    value_loss           | 0.008        |
------------------------------------------
-------------------------------------------
| rollout/                |               |
|    ep_len_mean          | 8.64e+04      |
|    ep_rew_mean          | -6.66e+04     |
| time/                   |               |
|    fps                  | 1402          |
|    iterations           | 605           |
|    time_elapsed         | 1766          |
|    total_timesteps      | 2478080       |
| train/                  |               |
|    approx_kl            | 0.00034444686 |
|    clip_fraction        | 0.00146       |
|    clip_range           | 0.2           |
|    entropy_loss         | -0.138        |
|    explained_variance   | 0.604         |
|    learning_rate        | 6.08e-05      |
|    loss                 | -0.0046       |
|    n_updates            | 1812          |
|    policy_gradient_loss | -0.00096      |
|    value_loss           | 0.00379       |
-------------------------------------------
  ⏱  step 2,480,000  │  FPS   11813  │  RSS   2938 MB
-------------------------------------------
| gold/                   |               |
|    entropy_magnitude    | 4.62          |
| hw/                     |               |
|    fps                  | 1.18e+04      |
|    rss_mb               | 2.94e+03      |
| rollout/                |               |
|    ep_len_mean          | 8.64e+04      |
|    ep_rew_mean          | -6.66e+04     |
| time/                   |               |
|    fps                  | 1404          |
|    iterations           | 606           |
|    time_elapsed         | 1767          |
|    total_timesteps      | 2482176       |
| train/                  |               |
|    approx_kl            | 0.00044165133 |
|    clip_fraction        | 0.00163       |
|    clip_range           | 0.2           |
|    entropy_loss         | -0.118        |
|    explained_variance   | 0.712         |
|    learning_rate        | 6.05e-05      |
|    loss                 | -0.00271      |
|    n_updates            | 1815          |
|    policy_gradient_loss | -0.00118      |
|    value_loss           | 0.00483       |
-------------------------------------------
-------------------------------------------
| rollout/                |               |
|    ep_len_mean          | 8.64e+04      |
|    ep_rew_mean          | -6.66e+04     |
| time/                   |               |
|    fps                  | 1406          |
|    iterations           | 607           |
|    time_elapsed         | 1767          |
|    total_timesteps      | 2486272       |
| train/                  |               |
|    approx_kl            | 5.2589385e-05 |
|    clip_fraction        | 0             |
|    clip_range           | 0.2           |
|    entropy_loss         | -0.115        |
|    explained_variance   | 0.64          |
|    learning_rate        | 6.01e-05      |
|    loss                 | -0.00181      |
|    n_updates            | 1818          |
|    policy_gradient_loss | -0.000297     |
|    value_loss           | 0.00332       |
-------------------------------------------
----------------------------------------
| gold/                   |            |
|    entropy_magnitude    | 6.21       |
| rollout/                |            |
|    ep_len_mean          | 8.64e+04   |
|    ep_rew_mean          | -6.66e+04  |
| time/                   |            |
|    fps                  | 1408       |
|    iterations           | 608        |
|    time_elapsed         | 1767       |
|    total_timesteps      | 2490368    |
| train/                  |            |
|    approx_kl            | 0.00105574 |
|    clip_fraction        | 0.00456    |
|    clip_range           | 0.2        |
|    entropy_loss         | -0.157     |
|    explained_variance   | 0.596      |
|    learning_rate        | 5.97e-05   |
|    loss                 | 0.000223   |
|    n_updates            | 1821       |
|    policy_gradient_loss | -0.00206   |
|    value_loss           | 0.0263     |
----------------------------------------
-------------------------------------------
| rollout/                |               |
|    ep_len_mean          | 8.64e+04      |
|    ep_rew_mean          | -6.66e+04     |
| time/                   |               |
|    fps                  | 1410          |
|    iterations           | 609           |
|    time_elapsed         | 1768          |
|    total_timesteps      | 2494464       |
| train/                  |               |
|    approx_kl            | 0.00015181012 |
|    clip_fraction        | 8.14e-05      |
|    clip_range           | 0.2           |
|    entropy_loss         | -0.13         |
|    explained_variance   | 0.664         |
|    learning_rate        | 5.93e-05      |
|    loss                 | -0.00178      |
|    n_updates            | 1824          |
|    policy_gradient_loss | -0.000821     |
|    value_loss           | 0.00928       |
-------------------------------------------
------------------------------------------
| rollout/                |              |
|    ep_len_mean          | 8.64e+04     |
|    ep_rew_mean          | -6.66e+04    |
| time/                   |              |
|    fps                  | 1412         |
|    iterations           | 610          |
|    time_elapsed         | 1768         |
|    total_timesteps      | 2498560      |
| train/                  |              |
|    approx_kl            | 7.823274e-05 |
|    clip_fraction        | 0            |
|    clip_range           | 0.2          |
|    entropy_loss         | -0.102       |
|    explained_variance   | 0.588        |
|    learning_rate        | 5.89e-05     |
|    loss                 | 0.000877     |
|    n_updates            | 1827         |
|    policy_gradient_loss | -0.000421    |
|    value_loss           | 0.00967      |
------------------------------------------
Eval num_timesteps=2500000, episode_reward=-25262.67 +/- 838.98
Episode length: 86400.00 +/- 0.00
------------------------------------------
| eval/                   |              |
|    mean_ep_length       | 8.64e+04     |
|    mean_reward          | -2.53e+04    |
| time/                   |              |
|    total_timesteps      | 2500000      |
| train/                  |              |
|    approx_kl            | 6.487605e-05 |
|    clip_fraction        | 0            |
|    clip_range           | 0.2          |
|    entropy_loss         | -0.17        |
|    explained_variance   | 0.664        |
|    learning_rate        | 5.85e-05     |
|    loss                 | 0.000108     |
|    n_updates            | 1830         |
|    policy_gradient_loss | -0.000346    |
|    value_loss           | 0.0105       |
------------------------------------------
    📉 ent_coef → 0.02500  (step 2,500,000)
  ⏱  step 2,500,000  │  FPS     606  │  RSS   2938 MB
----------------------------------
| gold/              |           |
|    ent_coef        | 0.025     |
| hw/                |           |
|    fps             | 606       |
|    rss_mb          | 2.94e+03  |
| rollout/           |           |
|    ep_len_mean     | 8.64e+04  |
|    ep_rew_mean     | -6.66e+04 |
| time/              |           |
|    fps             | 1390      |
|    iterations      | 611       |
|    time_elapsed    | 1800      |
|    total_timesteps | 2502656   |
----------------------------------
-------------------------------------------
| rollout/                |               |
|    ep_len_mean          | 8.64e+04      |
|    ep_rew_mean          | -6.66e+04     |
| time/                   |               |
|    fps                  | 1392          |
|    iterations           | 612           |
|    time_elapsed         | 1800          |
|    total_timesteps      | 2506752       |
| train/                  |               |
|    approx_kl            | 0.00036938273 |
|    clip_fraction        | 0.00187       |
|    clip_range           | 0.2           |
|    entropy_loss         | -0.166        |
|    explained_variance   | 0.514         |
|    learning_rate        | 5.81e-05      |
|    loss                 | -0.00275      |
|    n_updates            | 1833          |
|    policy_gradient_loss | -0.0013       |
|    value_loss           | 0.00681       |
-------------------------------------------
------------------------------------------
| gold/                   |              |
|    entropy_magnitude    | 3.63         |
| rollout/                |              |
|    ep_len_mean          | 8.64e+04     |
|    ep_rew_mean          | -6.66e+04    |
| time/                   |              |
|    fps                  | 1394         |
|    iterations           | 613          |
|    time_elapsed         | 1800         |
|    total_timesteps      | 2510848      |
| train/                  |              |
|    approx_kl            | 0.0001321832 |
|    clip_fraction        | 0.000814     |
|    clip_range           | 0.2          |
|    entropy_loss         | -0.0896      |
|    explained_variance   | 0.596        |
|    learning_rate        | 5.77e-05     |
|    loss                 | 0.000472     |
|    n_updates            | 1836         |
|    policy_gradient_loss | -0.0005      |
|    value_loss           | 0.0101       |
------------------------------------------
-------------------------------------------
| rollout/                |               |
|    ep_len_mean          | 8.64e+04      |
|    ep_rew_mean          | -6.66e+04     |
| time/                   |               |
|    fps                  | 1396          |
|    iterations           | 614           |
|    time_elapsed         | 1801          |
|    total_timesteps      | 2514944       |
| train/                  |               |
|    approx_kl            | 0.00013825209 |
|    clip_fraction        | 0.00057       |
|    clip_range           | 0.2           |
|    entropy_loss         | -0.12         |
|    explained_variance   | 0.722         |
|    learning_rate        | 5.73e-05      |
|    loss                 | -0.0012       |
|    n_updates            | 1839          |
|    policy_gradient_loss | -0.000536     |
|    value_loss           | 0.00651       |
-------------------------------------------
------------------------------------------
| rollout/                |              |
|    ep_len_mean          | 8.64e+04     |
|    ep_rew_mean          | -6.66e+04    |
| time/                   |              |
|    fps                  | 1398         |
|    iterations           | 615          |
|    time_elapsed         | 1801         |
|    total_timesteps      | 2519040      |
| train/                  |              |
|    approx_kl            | 7.349219e-05 |
|    clip_fraction        | 8.14e-05     |
|    clip_range           | 0.2          |
|    entropy_loss         | -0.111       |
|    explained_variance   | 0.663        |
|    learning_rate        | 5.69e-05     |
|    loss                 | -0.00215     |
|    n_updates            | 1842         |
|    policy_gradient_loss | -0.000381    |
|    value_loss           | 0.00538      |
------------------------------------------
  ⏱  step 2,520,000  │  FPS   11532  │  RSS   2938 MB
-------------------------------------------
| gold/                   |               |
|    entropy_magnitude    | 4.03          |
| hw/                     |               |
|    fps                  | 1.15e+04      |
|    rss_mb               | 2.94e+03      |
| rollout/                |               |
|    ep_len_mean          | 8.64e+04      |
|    ep_rew_mean          | -6.66e+04     |
| time/                   |               |
|    fps                  | 1400          |
|    iterations           | 616           |
|    time_elapsed         | 1802          |
|    total_timesteps      | 2523136       |
| train/                  |               |
|    approx_kl            | 3.3366916e-05 |
|    clip_fraction        | 0             |
|    clip_range           | 0.2           |
|    entropy_loss         | -0.0984       |
|    explained_variance   | 0.706         |
|    learning_rate        | 5.65e-05      |
|    loss                 | -0.00153      |
|    n_updates            | 1845          |
|    policy_gradient_loss | -0.000221     |
|    value_loss           | 0.00446       |
-------------------------------------------
--------------------------------------------
| rollout/                |                |
|    ep_len_mean          | 8.64e+04       |
|    ep_rew_mean          | -6.66e+04      |
| time/                   |                |
|    fps                  | 1402           |
|    iterations           | 617            |
|    time_elapsed         | 1802           |
|    total_timesteps      | 2527232        |
| train/                  |                |
|    approx_kl            | 0.000107203785 |
|    clip_fraction        | 8.14e-05       |
|    clip_range           | 0.2            |
|    entropy_loss         | -0.115         |
|    explained_variance   | 0.646          |
|    learning_rate        | 5.61e-05       |
|    loss                 | -0.00145       |
|    n_updates            | 1848           |
|    policy_gradient_loss | -0.000593      |
|    value_loss           | 0.00585        |
--------------------------------------------
-------------------------------------------
| gold/                   |               |
|    entropy_magnitude    | 3.83          |
| rollout/                |               |
|    ep_len_mean          | 8.64e+04      |
|    ep_rew_mean          | -6.66e+04     |
| time/                   |               |
|    fps                  | 1404          |
|    iterations           | 618           |
|    time_elapsed         | 1802          |
|    total_timesteps      | 2531328       |
| train/                  |               |
|    approx_kl            | 3.5187273e-05 |
|    clip_fraction        | 0             |
|    clip_range           | 0.2           |
|    entropy_loss         | -0.0922       |
|    explained_variance   | 0.58          |
|    learning_rate        | 5.57e-05      |
|    loss                 | -0.000124     |
|    n_updates            | 1851          |
|    policy_gradient_loss | -0.000431     |
|    value_loss           | 0.00563       |
-------------------------------------------
------------------------------------------
| rollout/                |              |
|    ep_len_mean          | 8.64e+04     |
|    ep_rew_mean          | -6.66e+04    |
| time/                   |              |
|    fps                  | 1406         |
|    iterations           | 619          |
|    time_elapsed         | 1803         |
|    total_timesteps      | 2535424      |
| train/                  |              |
|    approx_kl            | 6.534332e-05 |
|    clip_fraction        | 8.14e-05     |
|    clip_range           | 0.2          |
|    entropy_loss         | -0.0972      |
|    explained_variance   | 0.656        |
|    learning_rate        | 5.53e-05     |
|    loss                 | -0.00296     |
|    n_updates            | 1854         |
|    policy_gradient_loss | -0.00048     |
|    value_loss           | 0.00466      |
------------------------------------------
------------------------------------------
| rollout/                |              |
|    ep_len_mean          | 8.64e+04     |
|    ep_rew_mean          | -6.66e+04    |
| time/                   |              |
|    fps                  | 1408         |
|    iterations           | 620          |
|    time_elapsed         | 1803         |
|    total_timesteps      | 2539520      |
| train/                  |              |
|    approx_kl            | 7.487023e-05 |
|    clip_fraction        | 8.14e-05     |
|    clip_range           | 0.2          |
|    entropy_loss         | -0.125       |
|    explained_variance   | 0.656        |
|    learning_rate        | 5.49e-05     |
|    loss                 | 0.00367      |
|    n_updates            | 1857         |
|    policy_gradient_loss | -0.000635    |
|    value_loss           | 0.0164       |
------------------------------------------
  ⏱  step 2,540,000  │  FPS   11600  │  RSS   2938 MB
-------------------------------------------
| gold/                   |               |
|    entropy_magnitude    | 5.12          |
| hw/                     |               |
|    fps                  | 1.16e+04      |
|    rss_mb               | 2.94e+03      |
| rollout/                |               |
|    ep_len_mean          | 8.64e+04      |
|    ep_rew_mean          | -6.66e+04     |
| time/                   |               |
|    fps                  | 1410          |
|    iterations           | 621           |
|    time_elapsed         | 1803          |
|    total_timesteps      | 2543616       |
| train/                  |               |
|    approx_kl            | 0.00014114463 |
|    clip_fraction        | 0.000244      |
|    clip_range           | 0.2           |
|    entropy_loss         | -0.122        |
|    explained_variance   | 0.729         |
|    learning_rate        | 5.45e-05      |
|    loss                 | -0.000656     |
|    n_updates            | 1860          |
|    policy_gradient_loss | -0.000654     |
|    value_loss           | 0.00624       |
-------------------------------------------
-------------------------------------------
| rollout/                |               |
|    ep_len_mean          | 8.64e+04      |
|    ep_rew_mean          | -6.66e+04     |
| time/                   |               |
|    fps                  | 1412          |
|    iterations           | 622           |
|    time_elapsed         | 1804          |
|    total_timesteps      | 2547712       |
| train/                  |               |
|    approx_kl            | 0.00015390234 |
|    clip_fraction        | 0.000326      |
|    clip_range           | 0.2           |
|    entropy_loss         | -0.167        |
|    explained_variance   | 0.538         |
|    learning_rate        | 5.41e-05      |
|    loss                 | -0.00567      |
|    n_updates            | 1863          |
|    policy_gradient_loss | -0.00124      |
|    value_loss           | 0.0109        |
-------------------------------------------
Eval num_timesteps=2550000, episode_reward=-25399.21 +/- 1262.21
Episode length: 86400.00 +/- 0.00
-------------------------------------------
| eval/                   |               |
|    mean_ep_length       | 8.64e+04      |
|    mean_reward          | -2.54e+04     |
| time/                   |               |
|    total_timesteps      | 2550000       |
| train/                  |               |
|    approx_kl            | 0.00010198148 |
|    clip_fraction        | 8.14e-05      |
|    clip_range           | 0.2           |
|    entropy_loss         | -0.0981       |
|    explained_variance   | 0.543         |
|    learning_rate        | 5.37e-05      |
|    loss                 | -0.000882     |
|    n_updates            | 1866          |
|    policy_gradient_loss | -0.000464     |
|    value_loss           | 0.00772       |
-------------------------------------------
----------------------------------
| rollout/           |           |
|    ep_len_mean     | 8.64e+04  |
|    ep_rew_mean     | -6.66e+04 |
| time/              |           |
|    fps             | 1389      |
|    iterations      | 623       |
|    time_elapsed    | 1835      |
|    total_timesteps | 2551808   |
----------------------------------
-----------------------------------------
| rollout/                |             |
|    ep_len_mean          | 8.64e+04    |
|    ep_rew_mean          | -6.66e+04   |
| time/                   |             |
|    fps                  | 1391        |
|    iterations           | 624         |
|    time_elapsed         | 1836        |
|    total_timesteps      | 2555904     |
| train/                  |             |
|    approx_kl            | 0.000114326 |
|    clip_fraction        | 0           |
|    clip_range           | 0.2         |
|    entropy_loss         | -0.117      |
|    explained_variance   | 0.6         |
|    learning_rate        | 5.33e-05    |
|    loss                 | -0.00111    |
|    n_updates            | 1869        |
|    policy_gradient_loss | -0.000491   |
|    value_loss           | 0.00403     |
-----------------------------------------
  ⏱  step 2,560,000  │  FPS     605  │  RSS   2938 MB
-------------------------------------------
| gold/                   |               |
|    entropy_magnitude    | 7.04          |
| hw/                     |               |
|    fps                  | 605           |
|    rss_mb               | 2.94e+03      |
| rollout/                |               |
|    ep_len_mean          | 8.64e+04      |
|    ep_rew_mean          | -6.66e+04     |
| time/                   |               |
|    fps                  | 1393          |
|    iterations           | 625           |
|    time_elapsed         | 1836          |
|    total_timesteps      | 2560000       |
| train/                  |               |
|    approx_kl            | 0.00018272975 |
|    clip_fraction        | 0.000651      |
|    clip_range           | 0.2           |
|    entropy_loss         | -0.163        |
|    explained_variance   | 0.632         |
|    learning_rate        | 5.29e-05      |
|    loss                 | 0.000269      |
|    n_updates            | 1872          |
|    policy_gradient_loss | -0.000621     |
|    value_loss           | 0.00691       |
-------------------------------------------
------------------------------------------
| rollout/                |              |
|    ep_len_mean          | 8.64e+04     |
|    ep_rew_mean          | -6.66e+04    |
| time/                   |              |
|    fps                  | 1395         |
|    iterations           | 626          |
|    time_elapsed         | 1836         |
|    total_timesteps      | 2564096      |
| train/                  |              |
|    approx_kl            | 3.930123e-05 |
|    clip_fraction        | 0            |
|    clip_range           | 0.2          |
|    entropy_loss         | -0.137       |
|    explained_variance   | 0.566        |
|    learning_rate        | 5.25e-05     |
|    loss                 | -0.00107     |
|    n_updates            | 1875         |
|    policy_gradient_loss | -0.000225    |
|    value_loss           | 0.0112       |
------------------------------------------
-------------------------------------------
| rollout/                |               |
|    ep_len_mean          | 8.64e+04      |
|    ep_rew_mean          | -6.66e+04     |
| time/                   |               |
|    fps                  | 1397          |
|    iterations           | 627           |
|    time_elapsed         | 1837          |
|    total_timesteps      | 2568192       |
| train/                  |               |
|    approx_kl            | 5.6526915e-05 |
|    clip_fraction        | 0             |
|    clip_range           | 0.2           |
|    entropy_loss         | -0.116        |
|    explained_variance   | 0.722         |
|    learning_rate        | 5.21e-05      |
|    loss                 | -0.000882     |
|    n_updates            | 1878          |
|    policy_gradient_loss | -0.000301     |
|    value_loss           | 0.0058        |
-------------------------------------------
------------------------------------------
| gold/                   |              |
|    entropy_magnitude    | 3.92         |
| rollout/                |              |
|    ep_len_mean          | 8.64e+04     |
|    ep_rew_mean          | -6.66e+04    |
| time/                   |              |
|    fps                  | 1399         |
|    iterations           | 628          |
|    time_elapsed         | 1837         |
|    total_timesteps      | 2572288      |
| train/                  |              |
|    approx_kl            | 2.746514e-05 |
|    clip_fraction        | 0            |
|    clip_range           | 0.2          |
|    entropy_loss         | -0.0898      |
|    explained_variance   | 0.784        |
|    learning_rate        | 5.17e-05     |
|    loss                 | -0.000584    |
|    n_updates            | 1881         |
|    policy_gradient_loss | -0.00042     |
|    value_loss           | 0.00419      |
------------------------------------------
-------------------------------------------
| rollout/                |               |
|    ep_len_mean          | 8.64e+04      |
|    ep_rew_mean          | -6.66e+04     |
| time/                   |               |
|    fps                  | 1401          |
|    iterations           | 629           |
|    time_elapsed         | 1837          |
|    total_timesteps      | 2576384       |
| train/                  |               |
|    approx_kl            | 8.5534586e-05 |
|    clip_fraction        | 8.14e-05      |
|    clip_range           | 0.2           |
|    entropy_loss         | -0.0977       |
|    explained_variance   | 0.801         |
|    learning_rate        | 5.13e-05      |
|    loss                 | -0.00161      |
|    n_updates            | 1884          |
|    policy_gradient_loss | -0.000561     |
|    value_loss           | 0.00408       |
-------------------------------------------
  ⏱  step 2,580,000  │  FPS   11722  │  RSS   2938 MB
-------------------------------------------
| gold/                   |               |
|    entropy_magnitude    | 3.73          |
| hw/                     |               |
|    fps                  | 1.17e+04      |
|    rss_mb               | 2.94e+03      |
| rollout/                |               |
|    ep_len_mean          | 8.64e+04      |
|    ep_rew_mean          | -6.66e+04     |
| time/                   |               |
|    fps                  | 1403          |
|    iterations           | 630           |
|    time_elapsed         | 1838          |
|    total_timesteps      | 2580480       |
| train/                  |               |
|    approx_kl            | 2.0438762e-05 |
|    clip_fraction        | 0             |
|    clip_range           | 0.2           |
|    entropy_loss         | -0.0842       |
|    explained_variance   | 0.736         |
|    learning_rate        | 5.09e-05      |
|    loss                 | 0.00108       |
|    n_updates            | 1887          |
|    policy_gradient_loss | -0.000199     |
|    value_loss           | 0.0077        |
-------------------------------------------
-------------------------------------------
| rollout/                |               |
|    ep_len_mean          | 8.64e+04      |
|    ep_rew_mean          | -6.66e+04     |
| time/                   |               |
|    fps                  | 1405          |
|    iterations           | 631           |
|    time_elapsed         | 1838          |
|    total_timesteps      | 2584576       |
| train/                  |               |
|    approx_kl            | 5.6729637e-05 |
|    clip_fraction        | 0             |
|    clip_range           | 0.2           |
|    entropy_loss         | -0.0971       |
|    explained_variance   | 0.628         |
|    learning_rate        | 5.06e-05      |
|    loss                 | -0.000188     |
|    n_updates            | 1890          |
|    policy_gradient_loss | -0.000297     |
|    value_loss           | 0.00776       |
-------------------------------------------
-------------------------------------------
| rollout/                |               |
|    ep_len_mean          | 8.64e+04      |
|    ep_rew_mean          | -6.66e+04     |
| time/                   |               |
|    fps                  | 1407          |
|    iterations           | 632           |
|    time_elapsed         | 1838          |
|    total_timesteps      | 2588672       |
| train/                  |               |
|    approx_kl            | 3.3851873e-05 |
|    clip_fraction        | 0             |
|    clip_range           | 0.2           |
|    entropy_loss         | -0.12         |
|    explained_variance   | 0.367         |
|    learning_rate        | 5.02e-05      |
|    loss                 | -0.00129      |
|    n_updates            | 1893          |
|    policy_gradient_loss | -0.000386     |
|    value_loss           | 0.0108        |
-------------------------------------------
-------------------------------------------
| gold/                   |               |
|    entropy_magnitude    | 6.69          |
| rollout/                |               |
|    ep_len_mean          | 8.64e+04      |
|    ep_rew_mean          | -6.66e+04     |
| time/                   |               |
|    fps                  | 1409          |
|    iterations           | 633           |
|    time_elapsed         | 1839          |
|    total_timesteps      | 2592768       |
| train/                  |               |
|    approx_kl            | 3.1524964e-05 |
|    clip_fraction        | 0             |
|    clip_range           | 0.2           |
|    entropy_loss         | -0.149        |
|    explained_variance   | 0.539         |
|    learning_rate        | 4.98e-05      |
|    loss                 | 6.75e-05      |
|    n_updates            | 1896          |
|    policy_gradient_loss | -0.000243     |
|    value_loss           | 0.0115        |
-------------------------------------------
-------------------------------------------
| rollout/                |               |
|    ep_len_mean          | 8.64e+04      |
|    ep_rew_mean          | -6.66e+04     |
| time/                   |               |
|    fps                  | 1411          |
|    iterations           | 634           |
|    time_elapsed         | 1839          |
|    total_timesteps      | 2596864       |
| train/                  |               |
|    approx_kl            | 3.4910467e-05 |
|    clip_fraction        | 8.14e-05      |
|    clip_range           | 0.2           |
|    entropy_loss         | -0.0757       |
|    explained_variance   | 0.759         |
|    learning_rate        | 4.94e-05      |
|    loss                 | 0.00122       |
|    n_updates            | 1899          |
|    policy_gradient_loss | -0.000335     |
|    value_loss           | 0.00882       |
-------------------------------------------
Eval num_timesteps=2600000, episode_reward=-24648.80 +/- 531.65
Episode length: 86400.00 +/- 0.00
------------------------------------------
| eval/                   |              |
|    mean_ep_length       | 8.64e+04     |
|    mean_reward          | -2.46e+04    |
| time/                   |              |
|    total_timesteps      | 2600000      |
| train/                  |              |
|    approx_kl            | 0.0003630733 |
|    clip_fraction        | 0.00203      |
|    clip_range           | 0.2          |
|    entropy_loss         | -0.109       |
|    explained_variance   | 0.655        |
|    learning_rate        | 4.9e-05      |
|    loss                 | 0.000655     |
|    n_updates            | 1902         |
|    policy_gradient_loss | -0.00218     |
|    value_loss           | 0.0139       |
------------------------------------------
    📉 ent_coef → 0.02200  (step 2,600,000)
  ⏱  step 2,600,000  │  FPS     606  │  RSS   2938 MB
----------------------------------
| gold/              |           |
|    ent_coef        | 0.022     |
| hw/                |           |
|    fps             | 606       |
|    rss_mb          | 2.94e+03  |
| rollout/           |           |
|    ep_len_mean     | 8.64e+04  |
|    ep_rew_mean     | -6.66e+04 |
| time/              |           |
|    fps             | 1389      |
|    iterations      | 635       |
|    time_elapsed    | 1871      |
|    total_timesteps | 2600960   |
----------------------------------
-------------------------------------------
| rollout/                |               |
|    ep_len_mean          | 8.64e+04      |
|    ep_rew_mean          | -6.66e+04     |
| time/                   |               |
|    fps                  | 1391          |
|    iterations           | 636           |
|    time_elapsed         | 1871          |
|    total_timesteps      | 2605056       |
| train/                  |               |
|    approx_kl            | 0.00015937863 |
|    clip_fraction        | 0.000407      |
|    clip_range           | 0.2           |
|    entropy_loss         | -0.128        |
|    explained_variance   | 0.605         |
|    learning_rate        | 4.86e-05      |
|    loss                 | -0.00145      |
|    n_updates            | 1905          |
|    policy_gradient_loss | -0.000769     |
|    value_loss           | 0.00762       |
-------------------------------------------
-------------------------------------------
| rollout/                |               |
|    ep_len_mean          | 8.64e+04      |
|    ep_rew_mean          | -6.66e+04     |
| time/                   |               |
|    fps                  | 1393          |
|    iterations           | 637           |
|    time_elapsed         | 1871          |
|    total_timesteps      | 2609152       |
| train/                  |               |
|    approx_kl            | 3.6297555e-05 |
|    clip_fraction        | 0             |
|    clip_range           | 0.2           |
|    entropy_loss         | -0.0987       |
|    explained_variance   | 0.731         |
|    learning_rate        | 4.82e-05      |
|    loss                 | 0.00112       |
|    n_updates            | 1908          |
|    policy_gradient_loss | -0.000232     |
|    value_loss           | 0.00739       |
-------------------------------------------
-------------------------------------------
| gold/                   |               |
|    entropy_magnitude    | 4.41          |
| rollout/                |               |
|    ep_len_mean          | 8.64e+04      |
|    ep_rew_mean          | -6.66e+04     |
| time/                   |               |
|    fps                  | 1395          |
|    iterations           | 638           |
|    time_elapsed         | 1872          |
|    total_timesteps      | 2613248       |
| train/                  |               |
|    approx_kl            | 3.3031058e-05 |
|    clip_fraction        | 0             |
|    clip_range           | 0.2           |
|    entropy_loss         | -0.0957       |
|    explained_variance   | 0.54          |
|    learning_rate        | 4.78e-05      |
|    loss                 | 0.000284      |
|    n_updates            | 1911          |
|    policy_gradient_loss | -0.000586     |
|    value_loss           | 0.0102        |
-------------------------------------------
------------------------------------------
| rollout/                |              |
|    ep_len_mean          | 8.64e+04     |
|    ep_rew_mean          | -6.66e+04    |
| time/                   |              |
|    fps                  | 1397         |
|    iterations           | 639          |
|    time_elapsed         | 1872         |
|    total_timesteps      | 2617344      |
| train/                  |              |
|    approx_kl            | 3.700239e-05 |
|    clip_fraction        | 0            |
|    clip_range           | 0.2          |
|    entropy_loss         | -0.0854      |
|    explained_variance   | 0.773        |
|    learning_rate        | 4.74e-05     |
|    loss                 | -0.000314    |
|    n_updates            | 1914         |
|    policy_gradient_loss | -0.000278    |
|    value_loss           | 0.00487      |
------------------------------------------
  ⏱  step 2,620,000  │  FPS   11548  │  RSS   2938 MB
-------------------------------------------
| gold/                   |               |
|    entropy_magnitude    | 5.16          |
| hw/                     |               |
|    fps                  | 1.15e+04      |
|    rss_mb               | 2.94e+03      |
| rollout/                |               |
|    ep_len_mean          | 8.64e+04      |
|    ep_rew_mean          | -6.66e+04     |
| time/                   |               |
|    fps                  | 1399          |
|    iterations           | 640           |
|    time_elapsed         | 1873          |
|    total_timesteps      | 2621440       |
| train/                  |               |
|    approx_kl            | 4.7104273e-05 |
|    clip_fraction        | 0             |
|    clip_range           | 0.2           |
|    entropy_loss         | -0.11         |
|    explained_variance   | 0.761         |
|    learning_rate        | 4.7e-05       |
|    loss                 | -0.00131      |
|    n_updates            | 1917          |
|    policy_gradient_loss | -0.000427     |
|    value_loss           | 0.00681       |
-------------------------------------------
--------------------------------------------
| rollout/                |                |
|    ep_len_mean          | 8.64e+04       |
|    ep_rew_mean          | -6.66e+04      |
| time/                   |                |
|    fps                  | 1401           |
|    iterations           | 641            |
|    time_elapsed         | 1873           |
|    total_timesteps      | 2625536        |
| train/                  |                |
|    approx_kl            | 0.000117609234 |
|    clip_fraction        | 0.000244       |
|    clip_range           | 0.2            |
|    entropy_loss         | -0.114         |
|    explained_variance   | 0.824          |
|    learning_rate        | 4.66e-05       |
|    loss                 | -0.00288       |
|    n_updates            | 1920           |
|    policy_gradient_loss | -0.00144       |
|    value_loss           | 0.0116         |
--------------------------------------------
-------------------------------------------
| rollout/                |               |
|    ep_len_mean          | 8.64e+04      |
|    ep_rew_mean          | -6.66e+04     |
| time/                   |               |
|    fps                  | 1403          |
|    iterations           | 642           |
|    time_elapsed         | 1873          |
|    total_timesteps      | 2629632       |
| train/                  |               |
|    approx_kl            | 4.0480634e-05 |
|    clip_fraction        | 0             |
|    clip_range           | 0.2           |
|    entropy_loss         | -0.105        |
|    explained_variance   | 0.687         |
|    learning_rate        | 4.62e-05      |
|    loss                 | -0.000991     |
|    n_updates            | 1923          |
|    policy_gradient_loss | -0.000226     |
|    value_loss           | 0.00716       |
-------------------------------------------
-------------------------------------------
| gold/                   |               |
|    entropy_magnitude    | 4.61          |
| rollout/                |               |
|    ep_len_mean          | 8.64e+04      |
|    ep_rew_mean          | -6.66e+04     |
| time/                   |               |
|    fps                  | 1405          |
|    iterations           | 643           |
|    time_elapsed         | 1874          |
|    total_timesteps      | 2633728       |
| train/                  |               |
|    approx_kl            | 3.1975622e-05 |
|    clip_fraction        | 0             |
|    clip_range           | 0.2           |
|    entropy_loss         | -0.0972       |
|    explained_variance   | 0.765         |
|    learning_rate        | 4.58e-05      |
|    loss                 | 0.000847      |
|    n_updates            | 1926          |
|    policy_gradient_loss | -0.000266     |
|    value_loss           | 0.00763       |
-------------------------------------------
------------------------------------------
| rollout/                |              |
|    ep_len_mean          | 8.64e+04     |
|    ep_rew_mean          | -6.66e+04    |
| time/                   |              |
|    fps                  | 1407         |
|    iterations           | 644          |
|    time_elapsed         | 1874         |
|    total_timesteps      | 2637824      |
| train/                  |              |
|    approx_kl            | 9.417694e-05 |
|    clip_fraction        | 0            |
|    clip_range           | 0.2          |
|    entropy_loss         | -0.138       |
|    explained_variance   | 0.603        |
|    learning_rate        | 4.54e-05     |
|    loss                 | -0.00136     |
|    n_updates            | 1929         |
|    policy_gradient_loss | -0.000533    |
|    value_loss           | 0.00556      |
------------------------------------------
  ⏱  step 2,640,000  │  FPS   11588  │  RSS   2938 MB
-------------------------------------------
| gold/                   |               |
|    entropy_magnitude    | 5.18          |
| hw/                     |               |
|    fps                  | 1.16e+04      |
|    rss_mb               | 2.94e+03      |
| rollout/                |               |
|    ep_len_mean          | 8.64e+04      |
|    ep_rew_mean          | -6.66e+04     |
| time/                   |               |
|    fps                  | 1409          |
|    iterations           | 645           |
|    time_elapsed         | 1874          |
|    total_timesteps      | 2641920       |
| train/                  |               |
|    approx_kl            | 0.00012220403 |
|    clip_fraction        | 0.000407      |
|    clip_range           | 0.2           |
|    entropy_loss         | -0.108        |
|    explained_variance   | 0.825         |
|    learning_rate        | 4.5e-05       |
|    loss                 | -0.00597      |
|    n_updates            | 1932          |
|    policy_gradient_loss | -0.000733     |
|    value_loss           | 0.00278       |
-------------------------------------------
-------------------------------------------
| rollout/                |               |
|    ep_len_mean          | 8.64e+04      |
|    ep_rew_mean          | -6.66e+04     |
| time/                   |               |
|    fps                  | 1411          |
|    iterations           | 646           |
|    time_elapsed         | 1875          |
|    total_timesteps      | 2646016       |
| train/                  |               |
|    approx_kl            | 0.00019096071 |
|    clip_fraction        | 0.000651      |
|    clip_range           | 0.2           |
|    entropy_loss         | -0.123        |
|    explained_variance   | 0.625         |
|    learning_rate        | 4.46e-05      |
|    loss                 | -0.00375      |
|    n_updates            | 1935          |
|    policy_gradient_loss | -0.000948     |
|    value_loss           | 0.00508       |
-------------------------------------------
Eval num_timesteps=2650000, episode_reward=-23939.64 +/- 2011.26
Episode length: 86400.00 +/- 0.00
-------------------------------------------
| eval/                   |               |
|    mean_ep_length       | 8.64e+04      |
|    mean_reward          | -2.39e+04     |
| time/                   |               |
|    total_timesteps      | 2650000       |
| train/                  |               |
|    approx_kl            | 6.0890277e-05 |
|    clip_fraction        | 8.14e-05      |
|    clip_range           | 0.2           |
|    entropy_loss         | -0.128        |
|    explained_variance   | 0.604         |
|    learning_rate        | 4.42e-05      |
|    loss                 | -0.000182     |
|    n_updates            | 1938          |
|    policy_gradient_loss | -0.000683     |
|    value_loss           | 0.0076        |
-------------------------------------------
----------------------------------
| rollout/           |           |
|    ep_len_mean     | 8.64e+04  |
|    ep_rew_mean     | -6.66e+04 |
| time/              |           |
|    fps             | 1389      |
|    iterations      | 647       |
|    time_elapsed    | 1906      |
|    total_timesteps | 2650112   |
----------------------------------
-------------------------------------------
| rollout/                |               |
|    ep_len_mean          | 8.64e+04      |
|    ep_rew_mean          | -6.66e+04     |
| time/                   |               |
|    fps                  | 1391          |
|    iterations           | 648           |
|    time_elapsed         | 1907          |
|    total_timesteps      | 2654208       |
| train/                  |               |
|    approx_kl            | 3.0294803e-05 |
|    clip_fraction        | 0             |
|    clip_range           | 0.2           |
|    entropy_loss         | -0.0778       |
|    explained_variance   | 0.517         |
|    learning_rate        | 4.38e-05      |
|    loss                 | 0.00126       |
|    n_updates            | 1941          |
|    policy_gradient_loss | -0.000219     |
|    value_loss           | 0.00842       |
-------------------------------------------
-------------------------------------------
| rollout/                |               |
|    ep_len_mean          | 8.64e+04      |
|    ep_rew_mean          | -6.66e+04     |
| time/                   |               |
|    fps                  | 1393          |
|    iterations           | 649           |
|    time_elapsed         | 1907          |
|    total_timesteps      | 2658304       |
| train/                  |               |
|    approx_kl            | 2.0237741e-05 |
|    clip_fraction        | 8.14e-05      |
|    clip_range           | 0.2           |
|    entropy_loss         | -0.0755       |
|    explained_variance   | 0.562         |
|    learning_rate        | 4.34e-05      |
|    loss                 | -0.000333     |
|    n_updates            | 1944          |
|    policy_gradient_loss | -0.000177     |
|    value_loss           | 0.00694       |
-------------------------------------------
  ⏱  step 2,660,000  │  FPS     607  │  RSS   2938 MB
-------------------------------------------
| gold/                   |               |
|    entropy_magnitude    | 5.24          |
| hw/                     |               |
|    fps                  | 607           |
|    rss_mb               | 2.94e+03      |
| rollout/                |               |
|    ep_len_mean          | 8.64e+04      |
|    ep_rew_mean          | -6.66e+04     |
| time/                   |               |
|    fps                  | 1395          |
|    iterations           | 650           |
|    time_elapsed         | 1907          |
|    total_timesteps      | 2662400       |
| train/                  |               |
|    approx_kl            | 1.6333142e-05 |
|    clip_fraction        | 0             |
|    clip_range           | 0.2           |
|    entropy_loss         | -0.106        |
|    explained_variance   | 0.662         |
|    learning_rate        | 4.3e-05       |
|    loss                 | 0.00111       |
|    n_updates            | 1947          |
|    policy_gradient_loss | -0.000131     |
|    value_loss           | 0.00824       |
-------------------------------------------
-------------------------------------------
| rollout/                |               |
|    ep_len_mean          | 8.64e+04      |
|    ep_rew_mean          | -6.66e+04     |
| time/                   |               |
|    fps                  | 1397          |
|    iterations           | 651           |
|    time_elapsed         | 1908          |
|    total_timesteps      | 2666496       |
| train/                  |               |
|    approx_kl            | 7.6638215e-05 |
|    clip_fraction        | 0             |
|    clip_range           | 0.2           |
|    entropy_loss         | -0.105        |
|    explained_variance   | 0.461         |
|    learning_rate        | 4.26e-05      |
|    loss                 | 0.000132      |
|    n_updates            | 1950          |
|    policy_gradient_loss | -0.000493     |
|    value_loss           | 0.00668       |
-------------------------------------------
-------------------------------------------
| gold/                   |               |
|    entropy_magnitude    | 4.76          |
| rollout/                |               |
|    ep_len_mean          | 8.64e+04      |
|    ep_rew_mean          | -6.66e+04     |
| time/                   |               |
|    fps                  | 1399          |
|    iterations           | 652           |
|    time_elapsed         | 1908          |
|    total_timesteps      | 2670592       |
| train/                  |               |
|    approx_kl            | 5.2181247e-05 |
|    clip_fraction        | 0             |
|    clip_range           | 0.2           |
|    entropy_loss         | -0.0948       |
|    explained_variance   | 0.644         |
|    learning_rate        | 4.22e-05      |
|    loss                 | 0.00156       |
|    n_updates            | 1953          |
|    policy_gradient_loss | -0.000326     |
|    value_loss           | 0.0076        |
-------------------------------------------
-------------------------------------------
| rollout/                |               |
|    ep_len_mean          | 8.64e+04      |
|    ep_rew_mean          | -6.66e+04     |
| time/                   |               |
|    fps                  | 1401          |
|    iterations           | 653           |
|    time_elapsed         | 1908          |
|    total_timesteps      | 2674688       |
| train/                  |               |
|    approx_kl            | 3.7591497e-05 |
|    clip_fraction        | 0             |
|    clip_range           | 0.2           |
|    entropy_loss         | -0.101        |
|    explained_variance   | 0.669         |
|    learning_rate        | 4.18e-05      |
|    loss                 | -0.000799     |
|    n_updates            | 1956          |
|    policy_gradient_loss | -0.000305     |
|    value_loss           | 0.007         |
-------------------------------------------
------------------------------------------
| rollout/                |              |
|    ep_len_mean          | 8.64e+04     |
|    ep_rew_mean          | -6.66e+04    |
| time/                   |              |
|    fps                  | 1403         |
|    iterations           | 654          |
|    time_elapsed         | 1909         |
|    total_timesteps      | 2678784      |
| train/                  |              |
|    approx_kl            | 9.290429e-05 |
|    clip_fraction        | 8.14e-05     |
|    clip_range           | 0.2          |
|    entropy_loss         | -0.111       |
|    explained_variance   | 0.584        |
|    learning_rate        | 4.14e-05     |
|    loss                 | 0.00164      |
|    n_updates            | 1959         |
|    policy_gradient_loss | -0.000463    |
|    value_loss           | 0.0122       |
------------------------------------------
  ⏱  step 2,680,000  │  FPS   11675  │  RSS   2938 MB
------------------------------------------
| gold/                   |              |
|    entropy_magnitude    | 3.4          |
| hw/                     |              |
|    fps                  | 1.17e+04     |
|    rss_mb               | 2.94e+03     |
| rollout/                |              |
|    ep_len_mean          | 8.64e+04     |
|    ep_rew_mean          | -6.66e+04    |
| time/                   |              |
|    fps                  | 1404         |
|    iterations           | 655          |
|    time_elapsed         | 1909         |
|    total_timesteps      | 2682880      |
| train/                  |              |
|    approx_kl            | 8.355753e-06 |
|    clip_fraction        | 0            |
|    clip_range           | 0.2          |
|    entropy_loss         | -0.0666      |
|    explained_variance   | 0.633        |
|    learning_rate        | 4.11e-05     |
|    loss                 | 0.00211      |
|    n_updates            | 1962         |
|    policy_gradient_loss | -0.000121    |
|    value_loss           | 0.00795      |
------------------------------------------
-------------------------------------------
| rollout/                |               |
|    ep_len_mean          | 8.64e+04      |
|    ep_rew_mean          | -6.66e+04     |
| time/                   |               |
|    fps                  | 1406          |
|    iterations           | 656           |
|    time_elapsed         | 1909          |
|    total_timesteps      | 2686976       |
| train/                  |               |
|    approx_kl            | 1.8290855e-05 |
|    clip_fraction        | 0             |
|    clip_range           | 0.2           |
|    entropy_loss         | -0.084        |
|    explained_variance   | 0.572         |
|    learning_rate        | 4.07e-05      |
|    loss                 | 0.000827      |
|    n_updates            | 1965          |
|    policy_gradient_loss | -0.000215     |
|    value_loss           | 0.00905       |
-------------------------------------------
-------------------------------------------
| gold/                   |               |
|    entropy_magnitude    | 4.59          |
| rollout/                |               |
|    ep_len_mean          | 8.64e+04      |
|    ep_rew_mean          | -6.66e+04     |
| time/                   |               |
|    fps                  | 1408          |
|    iterations           | 657           |
|    time_elapsed         | 1910          |
|    total_timesteps      | 2691072       |
| train/                  |               |
|    approx_kl            | 4.2285392e-05 |
|    clip_fraction        | 0             |
|    clip_range           | 0.2           |
|    entropy_loss         | -0.0887       |
|    explained_variance   | 0.595         |
|    learning_rate        | 4.03e-05      |
|    loss                 | 4.92e-05      |
|    n_updates            | 1968          |
|    policy_gradient_loss | -0.0003       |
|    value_loss           | 0.00483       |
-------------------------------------------
-------------------------------------------
| rollout/                |               |
|    ep_len_mean          | 8.64e+04      |
|    ep_rew_mean          | -6.66e+04     |
| time/                   |               |
|    fps                  | 1410          |
|    iterations           | 658           |
|    time_elapsed         | 1910          |
|    total_timesteps      | 2695168       |
| train/                  |               |
|    approx_kl            | 1.8931518e-05 |
|    clip_fraction        | 0             |
|    clip_range           | 0.2           |
|    entropy_loss         | -0.102        |
|    explained_variance   | 0.76          |
|    learning_rate        | 3.99e-05      |
|    loss                 | 0.000132      |
|    n_updates            | 1971          |
|    policy_gradient_loss | -0.000195     |
|    value_loss           | 0.00875       |
-------------------------------------------
-------------------------------------------
| rollout/                |               |
|    ep_len_mean          | 8.64e+04      |
|    ep_rew_mean          | -6.66e+04     |
| time/                   |               |
|    fps                  | 1412          |
|    iterations           | 659           |
|    time_elapsed         | 1910          |
|    total_timesteps      | 2699264       |
| train/                  |               |
|    approx_kl            | 4.9630515e-05 |
|    clip_fraction        | 0             |
|    clip_range           | 0.2           |
|    entropy_loss         | -0.121        |
|    explained_variance   | 0.614         |
|    learning_rate        | 3.95e-05      |
|    loss                 | 8.34e-05      |
|    n_updates            | 1974          |
|    policy_gradient_loss | -0.000377     |
|    value_loss           | 0.0102        |
-------------------------------------------
Eval num_timesteps=2700000, episode_reward=-24711.16 +/- 1242.83
Episode length: 86400.00 +/- 0.00
-------------------------------------------
| eval/                   |               |
|    mean_ep_length       | 8.64e+04      |
|    mean_reward          | -2.47e+04     |
| time/                   |               |
|    total_timesteps      | 2700000       |
| train/                  |               |
|    approx_kl            | 2.5644098e-05 |
|    clip_fraction        | 0             |
|    clip_range           | 0.2           |
|    entropy_loss         | -0.107        |
|    explained_variance   | 0.546         |
|    learning_rate        | 3.91e-05      |
|    loss                 | 0.00171       |
|    n_updates            | 1977          |
|    policy_gradient_loss | -0.000288     |
|    value_loss           | 0.0117        |
-------------------------------------------
    📉 ent_coef → 0.01900  (step 2,700,000)
  ⏱  step 2,700,000  │  FPS     603  │  RSS   2938 MB
----------------------------------
| gold/              |           |
|    ent_coef        | 0.019     |
| hw/                |           |
|    fps             | 603       |
|    rss_mb          | 2.94e+03  |
| rollout/           |           |
|    ep_len_mean     | 8.64e+04  |
|    ep_rew_mean     | -6.66e+04 |
| time/              |           |
|    fps             | 1391      |
|    iterations      | 660       |
|    time_elapsed    | 1942      |
|    total_timesteps | 2703360   |
----------------------------------
-------------------------------------------
| rollout/                |               |
|    ep_len_mean          | 8.64e+04      |
|    ep_rew_mean          | -6.66e+04     |
| time/                   |               |
|    fps                  | 1393          |
|    iterations           | 661           |
|    time_elapsed         | 1943          |
|    total_timesteps      | 2707456       |
| train/                  |               |
|    approx_kl            | 0.00010661925 |
|    clip_fraction        | 0.000244      |
|    clip_range           | 0.2           |
|    entropy_loss         | -0.1          |
|    explained_variance   | 0.637         |
|    learning_rate        | 3.87e-05      |
|    loss                 | -0.00165      |
|    n_updates            | 1980          |
|    policy_gradient_loss | -0.000796     |
|    value_loss           | 0.006         |
-------------------------------------------
-------------------------------------------
| gold/                   |               |
|    entropy_magnitude    | 7.1           |
| rollout/                |               |
|    ep_len_mean          | 8.64e+04      |
|    ep_rew_mean          | -6.66e+04     |
| time/                   |               |
|    fps                  | 1395          |
|    iterations           | 662           |
|    time_elapsed         | 1943          |
|    total_timesteps      | 2711552       |
| train/                  |               |
|    approx_kl            | 3.4688434e-05 |
|    clip_fraction        | 0             |
|    clip_range           | 0.2           |
|    entropy_loss         | -0.133        |
|    explained_variance   | 0.566         |
|    learning_rate        | 3.83e-05      |
|    loss                 | 0.00304       |
|    n_updates            | 1983          |
|    policy_gradient_loss | -0.000341     |
|    value_loss           | 0.0208        |
-------------------------------------------
-------------------------------------------
| rollout/                |               |
|    ep_len_mean          | 8.64e+04      |
|    ep_rew_mean          | -6.66e+04     |
| time/                   |               |
|    fps                  | 1397          |
|    iterations           | 663           |
|    time_elapsed         | 1943          |
|    total_timesteps      | 2715648       |
| train/                  |               |
|    approx_kl            | 6.9718706e-05 |
|    clip_fraction        | 0.000651      |
|    clip_range           | 0.2           |
|    entropy_loss         | -0.135        |
|    explained_variance   | 0.735         |
|    learning_rate        | 3.79e-05      |
|    loss                 | 0.00055       |
|    n_updates            | 1986          |
|    policy_gradient_loss | -0.000207     |
|    value_loss           | 0.0123        |
-------------------------------------------
-------------------------------------------
| rollout/                |               |
|    ep_len_mean          | 8.64e+04      |
|    ep_rew_mean          | -6.66e+04     |
| time/                   |               |
|    fps                  | 1398          |
|    iterations           | 664           |
|    time_elapsed         | 1944          |
|    total_timesteps      | 2719744       |
| train/                  |               |
|    approx_kl            | 6.3912434e-05 |
|    clip_fraction        | 0             |
|    clip_range           | 0.2           |
|    entropy_loss         | -0.123        |
|    explained_variance   | 0.602         |
|    learning_rate        | 3.75e-05      |
|    loss                 | 0.00126       |
|    n_updates            | 1989          |
|    policy_gradient_loss | -0.00041      |
|    value_loss           | 0.0148        |
-------------------------------------------
  ⏱  step 2,720,000  │  FPS   11999  │  RSS   2938 MB
-------------------------------------------
| gold/                   |               |
|    entropy_magnitude    | 5.95          |
| hw/                     |               |
|    fps                  | 1.2e+04       |
|    rss_mb               | 2.94e+03      |
| rollout/                |               |
|    ep_len_mean          | 8.64e+04      |
|    ep_rew_mean          | -6.66e+04     |
| time/                   |               |
|    fps                  | 1400          |
|    iterations           | 665           |
|    time_elapsed         | 1944          |
|    total_timesteps      | 2723840       |
| train/                  |               |
|    approx_kl            | 9.1924434e-05 |
|    clip_fraction        | 0.000326      |
|    clip_range           | 0.2           |
|    entropy_loss         | -0.109        |
|    explained_variance   | 0.8           |
|    learning_rate        | 3.71e-05      |
|    loss                 | 0.0071        |
|    n_updates            | 1992          |
|    policy_gradient_loss | -0.000465     |
|    value_loss           | 0.0247        |
-------------------------------------------
------------------------------------------
| rollout/                |              |
|    ep_len_mean          | 8.64e+04     |
|    ep_rew_mean          | -6.66e+04    |
| time/                   |              |
|    fps                  | 1402         |
|    iterations           | 666          |
|    time_elapsed         | 1944         |
|    total_timesteps      | 2727936      |
| train/                  |              |
|    approx_kl            | 0.0003441402 |
|    clip_fraction        | 0.00163      |
|    clip_range           | 0.2          |
|    entropy_loss         | -0.149       |
|    explained_variance   | 0.674        |
|    learning_rate        | 3.67e-05     |
|    loss                 | -0.0011      |
|    n_updates            | 1995         |
|    policy_gradient_loss | -0.00314     |
|    value_loss           | 0.0138       |
------------------------------------------
-------------------------------------------
| gold/                   |               |
|    entropy_magnitude    | 5.86          |
| rollout/                |               |
|    ep_len_mean          | 8.64e+04      |
|    ep_rew_mean          | -6.66e+04     |
| time/                   |               |
|    fps                  | 1404          |
|    iterations           | 667           |
|    time_elapsed         | 1945          |
|    total_timesteps      | 2732032       |
| train/                  |               |
|    approx_kl            | 2.1940054e-05 |
|    clip_fraction        | 0             |
|    clip_range           | 0.2           |
|    entropy_loss         | -0.106        |
|    explained_variance   | 0.784         |
|    learning_rate        | 3.63e-05      |
|    loss                 | 0.00425       |
|    n_updates            | 1998          |
|    policy_gradient_loss | -0.000187     |
|    value_loss           | 0.0174        |
-------------------------------------------
-------------------------------------------
| rollout/                |               |
|    ep_len_mean          | 8.64e+04      |
|    ep_rew_mean          | -6.66e+04     |
| time/                   |               |
|    fps                  | 1406          |
|    iterations           | 668           |
|    time_elapsed         | 1945          |
|    total_timesteps      | 2736128       |
| train/                  |               |
|    approx_kl            | 0.00016377543 |
|    clip_fraction        | 0.00057       |
|    clip_range           | 0.2           |
|    entropy_loss         | -0.147        |
|    explained_variance   | 0.872         |
|    learning_rate        | 3.59e-05      |
|    loss                 | 0.00208       |
|    n_updates            | 2001          |
|    policy_gradient_loss | -0.000987     |
|    value_loss           | 0.0146        |
-------------------------------------------
  ⏱  step 2,740,000  │  FPS   11970  │  RSS   2938 MB
------------------------------------------
| gold/                   |              |
|    entropy_magnitude    | 5.76         |
| hw/                     |              |
|    fps                  | 1.2e+04      |
|    rss_mb               | 2.94e+03     |
| rollout/                |              |
|    ep_len_mean          | 8.64e+04     |
|    ep_rew_mean          | -6.66e+04    |
| time/                   |              |
|    fps                  | 1408         |
|    iterations           | 669          |
|    time_elapsed         | 1945         |
|    total_timesteps      | 2740224      |
| train/                  |              |
|    approx_kl            | 1.955955e-05 |
|    clip_fraction        | 0            |
|    clip_range           | 0.2          |
|    entropy_loss         | -0.103       |
|    explained_variance   | 0.483        |
|    learning_rate        | 3.55e-05     |
|    loss                 | 0.00308      |
|    n_updates            | 2004         |
|    policy_gradient_loss | -0.000288    |
|    value_loss           | 0.0122       |
------------------------------------------
-------------------------------------------
| rollout/                |               |
|    ep_len_mean          | 8.64e+04      |
|    ep_rew_mean          | -6.66e+04     |
| time/                   |               |
|    fps                  | 1410          |
|    iterations           | 670           |
|    time_elapsed         | 1946          |
|    total_timesteps      | 2744320       |
| train/                  |               |
|    approx_kl            | 9.3311784e-05 |
|    clip_fraction        | 0             |
|    clip_range           | 0.2           |
|    entropy_loss         | -0.158        |
|    explained_variance   | 0.774         |
|    learning_rate        | 3.51e-05      |
|    loss                 | 0.00524       |
|    n_updates            | 2007          |
|    policy_gradient_loss | -0.000575     |
|    value_loss           | 0.0254        |
-------------------------------------------
-------------------------------------------
| rollout/                |               |
|    ep_len_mean          | 8.64e+04      |
|    ep_rew_mean          | -6.66e+04     |
| time/                   |               |
|    fps                  | 1411          |
|    iterations           | 671           |
|    time_elapsed         | 1946          |
|    total_timesteps      | 2748416       |
| train/                  |               |
|    approx_kl            | 3.4977245e-05 |
|    clip_fraction        | 0             |
|    clip_range           | 0.2           |
|    entropy_loss         | -0.102        |
|    explained_variance   | 0.582         |
|    learning_rate        | 3.47e-05      |
|    loss                 | -8.27e-05     |
|    n_updates            | 2010          |
|    policy_gradient_loss | -0.0003       |
|    value_loss           | 0.00925       |
-------------------------------------------
Eval num_timesteps=2750000, episode_reward=-24760.98 +/- 477.80
Episode length: 86400.00 +/- 0.00
-------------------------------------------
| eval/                   |               |
|    mean_ep_length       | 8.64e+04      |
|    mean_reward          | -2.48e+04     |
| time/                   |               |
|    total_timesteps      | 2750000       |
| train/                  |               |
|    approx_kl            | 1.4544115e-05 |
|    clip_fraction        | 0             |
|    clip_range           | 0.2           |
|    entropy_loss         | -0.0993       |
|    explained_variance   | 0.73          |
|    learning_rate        | 3.43e-05      |
|    loss                 | 0.000666      |
|    n_updates            | 2013          |
|    policy_gradient_loss | -0.000263     |
|    value_loss           | 0.00711       |
-------------------------------------------
----------------------------------
| rollout/           |           |
|    ep_len_mean     | 8.64e+04  |
|    ep_rew_mean     | -6.66e+04 |
| time/              |           |
|    fps             | 1391      |
|    iterations      | 672       |
|    time_elapsed    | 1978      |
|    total_timesteps | 2752512   |
----------------------------------
-------------------------------------------
| rollout/                |               |
|    ep_len_mean          | 8.64e+04      |
|    ep_rew_mean          | -6.66e+04     |
| time/                   |               |
|    fps                  | 1393          |
|    iterations           | 673           |
|    time_elapsed         | 1978          |
|    total_timesteps      | 2756608       |
| train/                  |               |
|    approx_kl            | 6.9646165e-05 |
|    clip_fraction        | 8.14e-05      |
|    clip_range           | 0.2           |
|    entropy_loss         | -0.0921       |
|    explained_variance   | 0.763         |
|    learning_rate        | 3.39e-05      |
|    loss                 | 0.00147       |
|    n_updates            | 2016          |
|    policy_gradient_loss | -0.000541     |
|    value_loss           | 0.00789       |
-------------------------------------------
  ⏱  step 2,760,000  │  FPS     603  │  RSS   2938 MB
-------------------------------------------
| gold/                   |               |
|    entropy_magnitude    | 5.84          |
| hw/                     |               |
|    fps                  | 603           |
|    rss_mb               | 2.94e+03      |
| rollout/                |               |
|    ep_len_mean          | 8.64e+04      |
|    ep_rew_mean          | -6.66e+04     |
| time/                   |               |
|    fps                  | 1394          |
|    iterations           | 674           |
|    time_elapsed         | 1979          |
|    total_timesteps      | 2760704       |
| train/                  |               |
|    approx_kl            | 1.4871621e-05 |
|    clip_fraction        | 0             |
|    clip_range           | 0.2           |
|    entropy_loss         | -0.1          |
|    explained_variance   | 0.522         |
|    learning_rate        | 3.35e-05      |
|    loss                 | 0.00091       |
|    n_updates            | 2019          |
|    policy_gradient_loss | -0.00013      |
|    value_loss           | 0.00762       |
-------------------------------------------
------------------------------------------
| rollout/                |              |
|    ep_len_mean          | 8.64e+04     |
|    ep_rew_mean          | -6.17e+04    |
| time/                   |              |
|    fps                  | 1396         |
|    iterations           | 675          |
|    time_elapsed         | 1979         |
|    total_timesteps      | 2764800      |
| train/                  |              |
|    approx_kl            | 7.295571e-05 |
|    clip_fraction        | 0.000163     |
|    clip_range           | 0.2          |
|    entropy_loss         | -0.137       |
|    explained_variance   | 0.747        |
|    learning_rate        | 3.31e-05     |
|    loss                 | -0.00163     |
|    n_updates            | 2022         |
|    policy_gradient_loss | -0.000537    |
|    value_loss           | 0.00411      |
------------------------------------------
-------------------------------------------
| rollout/                |               |
|    ep_len_mean          | 8.64e+04      |
|    ep_rew_mean          | -6.17e+04     |
| time/                   |               |
|    fps                  | 1398          |
|    iterations           | 676           |
|    time_elapsed         | 1979          |
|    total_timesteps      | 2768896       |
| train/                  |               |
|    approx_kl            | 4.7668276e-05 |
|    clip_fraction        | 0             |
|    clip_range           | 0.2           |
|    entropy_loss         | -0.102        |
|    explained_variance   | 0.637         |
|    learning_rate        | 3.27e-05      |
|    loss                 | 0.00324       |
|    n_updates            | 2025          |
|    policy_gradient_loss | -0.00022      |
|    value_loss           | 0.0112        |
-------------------------------------------
-------------------------------------------
| gold/                   |               |
|    entropy_magnitude    | 4.05          |
| rollout/                |               |
|    ep_len_mean          | 8.64e+04      |
|    ep_rew_mean          | -6.17e+04     |
| time/                   |               |
|    fps                  | 1400          |
|    iterations           | 677           |
|    time_elapsed         | 1980          |
|    total_timesteps      | 2772992       |
| train/                  |               |
|    approx_kl            | 2.1545653e-05 |
|    clip_fraction        | 0             |
|    clip_range           | 0.2           |
|    entropy_loss         | -0.0684       |
|    explained_variance   | 0.621         |
|    learning_rate        | 3.23e-05      |
|    loss                 | 0.000761      |
|    n_updates            | 2028          |
|    policy_gradient_loss | -0.00024      |
|    value_loss           | 0.00483       |
-------------------------------------------
-------------------------------------------
| rollout/                |               |
|    ep_len_mean          | 8.64e+04      |
|    ep_rew_mean          | -6.17e+04     |
| time/                   |               |
|    fps                  | 1402          |
|    iterations           | 678           |
|    time_elapsed         | 1980          |
|    total_timesteps      | 2777088       |
| train/                  |               |
|    approx_kl            | 4.5954803e-05 |
|    clip_fraction        | 0             |
|    clip_range           | 0.2           |
|    entropy_loss         | -0.0883       |
|    explained_variance   | 0.717         |
|    learning_rate        | 3.19e-05      |
|    loss                 | 0.00165       |
|    n_updates            | 2031          |
|    policy_gradient_loss | -0.000357     |
|    value_loss           | 0.0127        |
-------------------------------------------
  ⏱  step 2,780,000  │  FPS   11785  │  RSS   2938 MB
-------------------------------------------
| gold/                   |               |
|    entropy_magnitude    | 6.31          |
| hw/                     |               |
|    fps                  | 1.18e+04      |
|    rss_mb               | 2.94e+03      |
| rollout/                |               |
|    ep_len_mean          | 8.64e+04      |
|    ep_rew_mean          | -6.17e+04     |
| time/                   |               |
|    fps                  | 1404          |
|    iterations           | 679           |
|    time_elapsed         | 1980          |
|    total_timesteps      | 2781184       |
| train/                  |               |
|    approx_kl            | 1.9110637e-05 |
|    clip_fraction        | 0             |
|    clip_range           | 0.2           |
|    entropy_loss         | -0.105        |
|    explained_variance   | 0.55          |
|    learning_rate        | 3.15e-05      |
|    loss                 | 0.00169       |
|    n_updates            | 2034          |
|    policy_gradient_loss | -0.000431     |
|    value_loss           | 0.00859       |
-------------------------------------------
------------------------------------------
| rollout/                |              |
|    ep_len_mean          | 8.64e+04     |
|    ep_rew_mean          | -6.17e+04    |
| time/                   |              |
|    fps                  | 1405         |
|    iterations           | 680          |
|    time_elapsed         | 1981         |
|    total_timesteps      | 2785280      |
| train/                  |              |
|    approx_kl            | 3.435419e-05 |
|    clip_fraction        | 0            |
|    clip_range           | 0.2          |
|    entropy_loss         | -0.116       |
|    explained_variance   | 0.809        |
|    learning_rate        | 3.12e-05     |
|    loss                 | -0.000419    |
|    n_updates            | 2037         |
|    policy_gradient_loss | -0.000409    |
|    value_loss           | 0.00502      |
------------------------------------------
------------------------------------------
| rollout/                |              |
|    ep_len_mean          | 8.64e+04     |
|    ep_rew_mean          | -6.17e+04    |
| time/                   |              |
|    fps                  | 1407         |
|    iterations           | 681          |
|    time_elapsed         | 1981         |
|    total_timesteps      | 2789376      |
| train/                  |              |
|    approx_kl            | 3.825719e-05 |
|    clip_fraction        | 0            |
|    clip_range           | 0.2          |
|    entropy_loss         | -0.0911      |
|    explained_variance   | 0.769        |
|    learning_rate        | 3.08e-05     |
|    loss                 | 0.00147      |
|    n_updates            | 2040         |
|    policy_gradient_loss | -0.000384    |
|    value_loss           | 0.0111       |
------------------------------------------
-------------------------------------------
| gold/                   |               |
|    entropy_magnitude    | 4.66          |
| rollout/                |               |
|    ep_len_mean          | 8.64e+04      |
|    ep_rew_mean          | -6.17e+04     |
| time/                   |               |
|    fps                  | 1409          |
|    iterations           | 682           |
|    time_elapsed         | 1981          |
|    total_timesteps      | 2793472       |
| train/                  |               |
|    approx_kl            | 5.7102443e-06 |
|    clip_fraction        | 0             |
|    clip_range           | 0.2           |
|    entropy_loss         | -0.076        |
|    explained_variance   | 0.673         |
|    learning_rate        | 3.04e-05      |
|    loss                 | 0.000813      |
|    n_updates            | 2043          |
|    policy_gradient_loss | -8.36e-05     |
|    value_loss           | 0.00663       |
-------------------------------------------
-------------------------------------------
| rollout/                |               |
|    ep_len_mean          | 8.64e+04      |
|    ep_rew_mean          | -6.17e+04     |
| time/                   |               |
|    fps                  | 1411          |
|    iterations           | 683           |
|    time_elapsed         | 1982          |
|    total_timesteps      | 2797568       |
| train/                  |               |
|    approx_kl            | 1.0579708e-05 |
|    clip_fraction        | 0             |
|    clip_range           | 0.2           |
|    entropy_loss         | -0.108        |
|    explained_variance   | 0.598         |
|    learning_rate        | 3e-05         |
|    loss                 | 0.00198       |
|    n_updates            | 2046          |
|    policy_gradient_loss | -0.000133     |
|    value_loss           | 0.00885       |
-------------------------------------------
Eval num_timesteps=2800000, episode_reward=-24971.48 +/- 396.67
Episode length: 86400.00 +/- 0.00
-------------------------------------------
| eval/                   |               |
|    mean_ep_length       | 8.64e+04      |
|    mean_reward          | -2.5e+04      |
| time/                   |               |
|    total_timesteps      | 2800000       |
| train/                  |               |
|    approx_kl            | 1.8044157e-05 |
|    clip_fraction        | 0             |
|    clip_range           | 0.2           |
|    entropy_loss         | -0.104        |
|    explained_variance   | 0.714         |
|    learning_rate        | 2.96e-05      |
|    loss                 | 0.000819      |
|    n_updates            | 2049          |
|    policy_gradient_loss | -0.000193     |
|    value_loss           | 0.00893       |
-------------------------------------------
    📉 ent_coef → 0.01600  (step 2,800,000)
  ⏱  step 2,800,000  │  FPS     605  │  RSS   2938 MB
----------------------------------
| gold/              |           |
|    ent_coef        | 0.016     |
| hw/                |           |
|    fps             | 605       |
|    rss_mb          | 2.94e+03  |
| rollout/           |           |
|    ep_len_mean     | 8.64e+04  |
|    ep_rew_mean     | -6.17e+04 |
| time/              |           |
|    fps             | 1391      |
|    iterations      | 684       |
|    time_elapsed    | 2013      |
|    total_timesteps | 2801664   |
----------------------------------
-------------------------------------------
| rollout/                |               |
|    ep_len_mean          | 8.64e+04      |
|    ep_rew_mean          | -6.17e+04     |
| time/                   |               |
|    fps                  | 1392          |
|    iterations           | 685           |
|    time_elapsed         | 2014          |
|    total_timesteps      | 2805760       |
| train/                  |               |
|    approx_kl            | 3.5521167e-05 |
|    clip_fraction        | 0             |
|    clip_range           | 0.2           |
|    entropy_loss         | -0.0945       |
|    explained_variance   | 0.824         |
|    learning_rate        | 2.92e-05      |
|    loss                 | -0.000952     |
|    n_updates            | 2052          |
|    policy_gradient_loss | -0.00039      |
|    value_loss           | 0.0046        |
-------------------------------------------
-------------------------------------------
| rollout/                |               |
|    ep_len_mean          | 8.64e+04      |
|    ep_rew_mean          | -6.17e+04     |
| time/                   |               |
|    fps                  | 1394          |
|    iterations           | 686           |
|    time_elapsed         | 2014          |
|    total_timesteps      | 2809856       |
| train/                  |               |
|    approx_kl            | 2.3595014e-05 |
|    clip_fraction        | 0             |
|    clip_range           | 0.2           |
|    entropy_loss         | -0.103        |
|    explained_variance   | 0.796         |
|    learning_rate        | 2.88e-05      |
|    loss                 | 0.00385       |
|    n_updates            | 2055          |
|    policy_gradient_loss | -0.000262     |
|    value_loss           | 0.0136        |
-------------------------------------------
------------------------------------------
| gold/                   |              |
|    entropy_magnitude    | 6.96         |
| rollout/                |              |
|    ep_len_mean          | 8.64e+04     |
|    ep_rew_mean          | -6.17e+04    |
| time/                   |              |
|    fps                  | 1396         |
|    iterations           | 687          |
|    time_elapsed         | 2014         |
|    total_timesteps      | 2813952      |
| train/                  |              |
|    approx_kl            | 1.791933e-05 |
|    clip_fraction        | 0            |
|    clip_range           | 0.2          |
|    entropy_loss         | -0.109       |
|    explained_variance   | 0.768        |
|    learning_rate        | 2.84e-05     |
|    loss                 | -0.000917    |
|    n_updates            | 2058         |
|    policy_gradient_loss | -0.000228    |
|    value_loss           | 0.00307      |
------------------------------------------
------------------------------------------
| rollout/                |              |
|    ep_len_mean          | 8.64e+04     |
|    ep_rew_mean          | -6.17e+04    |
| time/                   |              |
|    fps                  | 1398         |
|    iterations           | 688          |
|    time_elapsed         | 2015         |
|    total_timesteps      | 2818048      |
| train/                  |              |
|    approx_kl            | 2.652948e-05 |
|    clip_fraction        | 0            |
|    clip_range           | 0.2          |
|    entropy_loss         | -0.0975      |
|    explained_variance   | 0.694        |
|    learning_rate        | 2.8e-05      |
|    loss                 | 0.000922     |
|    n_updates            | 2061         |
|    policy_gradient_loss | -0.000332    |
|    value_loss           | 0.00728      |
------------------------------------------
  ⏱  step 2,820,000  │  FPS   11618  │  RSS   2938 MB
-------------------------------------------
| gold/                   |               |
|    entropy_magnitude    | 7.71          |
| hw/                     |               |
|    fps                  | 1.16e+04      |
|    rss_mb               | 2.94e+03      |
| rollout/                |               |
|    ep_len_mean          | 8.64e+04      |
|    ep_rew_mean          | -6.17e+04     |
| time/                   |               |
|    fps                  | 1400          |
|    iterations           | 689           |
|    time_elapsed         | 2015          |
|    total_timesteps      | 2822144       |
| train/                  |               |
|    approx_kl            | 1.0581556e-05 |
|    clip_fraction        | 0             |
|    clip_range           | 0.2           |
|    entropy_loss         | -0.119        |
|    explained_variance   | 0.815         |
|    learning_rate        | 2.76e-05      |
|    loss                 | -0.00043      |
|    n_updates            | 2064          |
|    policy_gradient_loss | -0.000171     |
|    value_loss           | 0.00497       |
-------------------------------------------
------------------------------------------
| rollout/                |              |
|    ep_len_mean          | 8.64e+04     |
|    ep_rew_mean          | -6.17e+04    |
| time/                   |              |
|    fps                  | 1401         |
|    iterations           | 690          |
|    time_elapsed         | 2016         |
|    total_timesteps      | 2826240      |
| train/                  |              |
|    approx_kl            | 8.662129e-06 |
|    clip_fraction        | 0            |
|    clip_range           | 0.2          |
|    entropy_loss         | -0.108       |
|    explained_variance   | 0.628        |
|    learning_rate        | 2.72e-05     |
|    loss                 | 0.00224      |
|    n_updates            | 2067         |
|    policy_gradient_loss | -0.000132    |
|    value_loss           | 0.0087       |
------------------------------------------
-------------------------------------------
| gold/                   |               |
|    entropy_magnitude    | 7.6           |
| rollout/                |               |
|    ep_len_mean          | 8.64e+04      |
|    ep_rew_mean          | -6.17e+04     |
| time/                   |               |
|    fps                  | 1403          |
|    iterations           | 691           |
|    time_elapsed         | 2016          |
|    total_timesteps      | 2830336       |
| train/                  |               |
|    approx_kl            | 1.7613027e-05 |
|    clip_fraction        | 0             |
|    clip_range           | 0.2           |
|    entropy_loss         | -0.115        |
|    explained_variance   | 0.481         |
|    learning_rate        | 2.68e-05      |
|    loss                 | 0.00641       |
|    n_updates            | 2070          |
|    policy_gradient_loss | -0.000206     |
|    value_loss           | 0.0197        |
-------------------------------------------
------------------------------------------
| rollout/                |              |
|    ep_len_mean          | 8.64e+04     |
|    ep_rew_mean          | -6.17e+04    |
| time/                   |              |
|    fps                  | 1405         |
|    iterations           | 692          |
|    time_elapsed         | 2016         |
|    total_timesteps      | 2834432      |
| train/                  |              |
|    approx_kl            | 3.093091e-05 |
|    clip_fraction        | 8.14e-05     |
|    clip_range           | 0.2          |
|    entropy_loss         | -0.081       |
|    explained_variance   | 0.846        |
|    learning_rate        | 2.64e-05     |
|    loss                 | 0.000496     |
|    n_updates            | 2073         |
|    policy_gradient_loss | -0.000394    |
|    value_loss           | 0.00444      |
------------------------------------------
-------------------------------------------
| rollout/                |               |
|    ep_len_mean          | 8.64e+04      |
|    ep_rew_mean          | -6.17e+04     |
| time/                   |               |
|    fps                  | 1407          |
|    iterations           | 693           |
|    time_elapsed         | 2017          |
|    total_timesteps      | 2838528       |
| train/                  |               |
|    approx_kl            | 2.7672839e-05 |
|    clip_fraction        | 0             |
|    clip_range           | 0.2           |
|    entropy_loss         | -0.118        |
|    explained_variance   | 0.642         |
|    learning_rate        | 2.6e-05       |
|    loss                 | 0.00791       |
|    n_updates            | 2076          |
|    policy_gradient_loss | -0.000359     |
|    value_loss           | 0.0225        |
-------------------------------------------
  ⏱  step 2,840,000  │  FPS   11438  │  RSS   2938 MB
------------------------------------------
| gold/                   |              |
|    entropy_magnitude    | 5.06         |
| hw/                     |              |
|    fps                  | 1.14e+04     |
|    rss_mb               | 2.94e+03     |
| rollout/                |              |
|    ep_len_mean          | 8.64e+04     |
|    ep_rew_mean          | -6.17e+04    |
| time/                   |              |
|    fps                  | 1409         |
|    iterations           | 694          |
|    time_elapsed         | 2017         |
|    total_timesteps      | 2842624      |
| train/                  |              |
|    approx_kl            | 9.993062e-06 |
|    clip_fraction        | 0            |
|    clip_range           | 0.2          |
|    entropy_loss         | -0.0749      |
|    explained_variance   | 0.6          |
|    learning_rate        | 2.56e-05     |
|    loss                 | 0.00739      |
|    n_updates            | 2079         |
|    policy_gradient_loss | -0.000152    |
|    value_loss           | 0.0218       |
------------------------------------------
------------------------------------------
| rollout/                |              |
|    ep_len_mean          | 8.64e+04     |
|    ep_rew_mean          | -6.17e+04    |
| time/                   |              |
|    fps                  | 1410         |
|    iterations           | 695          |
|    time_elapsed         | 2017         |
|    total_timesteps      | 2846720      |
| train/                  |              |
|    approx_kl            | 9.063311e-06 |
|    clip_fraction        | 0            |
|    clip_range           | 0.2          |
|    entropy_loss         | -0.0941      |
|    explained_variance   | 0.729        |
|    learning_rate        | 2.52e-05     |
|    loss                 | 0.00186      |
|    n_updates            | 2082         |
|    policy_gradient_loss | -0.00014     |
|    value_loss           | 0.00952      |
------------------------------------------
Eval num_timesteps=2850000, episode_reward=-23940.87 +/- 183.45
Episode length: 86400.00 +/- 0.00
------------------------------------------
| eval/                   |              |
|    mean_ep_length       | 8.64e+04     |
|    mean_reward          | -2.39e+04    |
| time/                   |              |
|    total_timesteps      | 2850000      |
| train/                  |              |
|    approx_kl            | 9.791969e-06 |
|    clip_fraction        | 0            |
|    clip_range           | 0.2          |
|    entropy_loss         | -0.118       |
|    explained_variance   | 0.622        |
|    learning_rate        | 2.48e-05     |
|    loss                 | 0.00116      |
|    n_updates            | 2085         |
|    policy_gradient_loss | -0.000208    |
|    value_loss           | 0.00875      |
------------------------------------------
----------------------------------
| rollout/           |           |
|    ep_len_mean     | 8.64e+04  |
|    ep_rew_mean     | -6.17e+04 |
| time/              |           |
|    fps             | 1391      |
|    iterations      | 696       |
|    time_elapsed    | 2049      |
|    total_timesteps | 2850816   |
----------------------------------
-------------------------------------------
| rollout/                |               |
|    ep_len_mean          | 8.64e+04      |
|    ep_rew_mean          | -6.17e+04     |
| time/                   |               |
|    fps                  | 1393          |
|    iterations           | 697           |
|    time_elapsed         | 2049          |
|    total_timesteps      | 2854912       |
| train/                  |               |
|    approx_kl            | 3.1792122e-05 |
|    clip_fraction        | 0             |
|    clip_range           | 0.2           |
|    entropy_loss         | -0.166        |
|    explained_variance   | 0.424         |
|    learning_rate        | 2.44e-05      |
|    loss                 | 0.00307       |
|    n_updates            | 2088          |
|    policy_gradient_loss | -0.000408     |
|    value_loss           | 0.0126        |
-------------------------------------------
------------------------------------------
| rollout/                |              |
|    ep_len_mean          | 8.64e+04     |
|    ep_rew_mean          | -6.17e+04    |
| time/                   |              |
|    fps                  | 1394         |
|    iterations           | 698          |
|    time_elapsed         | 2049         |
|    total_timesteps      | 2859008      |
| train/                  |              |
|    approx_kl            | 8.652918e-06 |
|    clip_fraction        | 0            |
|    clip_range           | 0.2          |
|    entropy_loss         | -0.0958      |
|    explained_variance   | 0.666        |
|    learning_rate        | 2.4e-05      |
|    loss                 | 0.00318      |
|    n_updates            | 2091         |
|    policy_gradient_loss | -0.000176    |
|    value_loss           | 0.0109       |
------------------------------------------
  ⏱  step 2,860,000  │  FPS     613  │  RSS   2938 MB
------------------------------------------
| gold/                   |              |
|    entropy_magnitude    | 6.53         |
| hw/                     |              |
|    fps                  | 613          |
|    rss_mb               | 2.94e+03     |
| rollout/                |              |
|    ep_len_mean          | 8.64e+04     |
|    ep_rew_mean          | -6.17e+04    |
| time/                   |              |
|    fps                  | 1396         |
|    iterations           | 699          |
|    time_elapsed         | 2050         |
|    total_timesteps      | 2863104      |
| train/                  |              |
|    approx_kl            | 1.935802e-05 |
|    clip_fraction        | 0            |
|    clip_range           | 0.2          |
|    entropy_loss         | -0.0928      |
|    explained_variance   | 0.715        |
|    learning_rate        | 2.36e-05     |
|    loss                 | 0.00191      |
|    n_updates            | 2094         |
|    policy_gradient_loss | -0.000182    |
|    value_loss           | 0.00589      |
------------------------------------------
------------------------------------------
| rollout/                |              |
|    ep_len_mean          | 8.64e+04     |
|    ep_rew_mean          | -6.17e+04    |
| time/                   |              |
|    fps                  | 1398         |
|    iterations           | 700          |
|    time_elapsed         | 2050         |
|    total_timesteps      | 2867200      |
| train/                  |              |
|    approx_kl            | 9.599069e-06 |
|    clip_fraction        | 0            |
|    clip_range           | 0.2          |
|    entropy_loss         | -0.119       |
|    explained_variance   | 0.708        |
|    learning_rate        | 2.32e-05     |
|    loss                 | 0.00587      |
|    n_updates            | 2097         |
|    policy_gradient_loss | -0.000156    |
|    value_loss           | 0.0187       |
------------------------------------------
-------------------------------------------
| gold/                   |               |
|    entropy_magnitude    | 8.07          |
| rollout/                |               |
|    ep_len_mean          | 8.64e+04      |
|    ep_rew_mean          | -6.17e+04     |
| time/                   |               |
|    fps                  | 1400          |
|    iterations           | 701           |
|    time_elapsed         | 2050          |
|    total_timesteps      | 2871296       |
| train/                  |               |
|    approx_kl            | 1.7728875e-05 |
|    clip_fraction        | 0             |
|    clip_range           | 0.2           |
|    entropy_loss         | -0.112        |
|    explained_variance   | 0.553         |
|    learning_rate        | 2.28e-05      |
|    loss                 | 0.00121       |
|    n_updates            | 2100          |
|    policy_gradient_loss | -0.000198     |
|    value_loss           | 0.00866       |
-------------------------------------------
-------------------------------------------
| rollout/                |               |
|    ep_len_mean          | 8.64e+04      |
|    ep_rew_mean          | -6.17e+04     |
| time/                   |               |
|    fps                  | 1401          |
|    iterations           | 702           |
|    time_elapsed         | 2051          |
|    total_timesteps      | 2875392       |
| train/                  |               |
|    approx_kl            | 2.4603563e-05 |
|    clip_fraction        | 0             |
|    clip_range           | 0.2           |
|    entropy_loss         | -0.127        |
|    explained_variance   | 0.616         |
|    learning_rate        | 2.24e-05      |
|    loss                 | 0.00226       |
|    n_updates            | 2103          |
|    policy_gradient_loss | -0.000319     |
|    value_loss           | 0.0125        |
-------------------------------------------
------------------------------------------
| rollout/                |              |
|    ep_len_mean          | 8.64e+04     |
|    ep_rew_mean          | -6.17e+04    |
| time/                   |              |
|    fps                  | 1403         |
|    iterations           | 703          |
|    time_elapsed         | 2051         |
|    total_timesteps      | 2879488      |
| train/                  |              |
|    approx_kl            | 7.304056e-05 |
|    clip_fraction        | 0.000163     |
|    clip_range           | 0.2          |
|    entropy_loss         | -0.14        |
|    explained_variance   | 0.782        |
|    learning_rate        | 2.2e-05      |
|    loss                 | -0.000948    |
|    n_updates            | 2106         |
|    policy_gradient_loss | -0.00154     |
|    value_loss           | 0.0101       |
------------------------------------------
  ⏱  step 2,880,000  │  FPS   11766  │  RSS   2938 MB
------------------------------------------
| gold/                   |              |
|    entropy_magnitude    | 7.29         |
| hw/                     |              |
|    fps                  | 1.18e+04     |
|    rss_mb               | 2.94e+03     |
| rollout/                |              |
|    ep_len_mean          | 8.64e+04     |
|    ep_rew_mean          | -6.17e+04    |
| time/                   |              |
|    fps                  | 1405         |
|    iterations           | 704          |
|    time_elapsed         | 2051         |
|    total_timesteps      | 2883584      |
| train/                  |              |
|    approx_kl            | 6.851001e-05 |
|    clip_fraction        | 0.000163     |
|    clip_range           | 0.2          |
|    entropy_loss         | -0.0991      |
|    explained_variance   | 0.535        |
|    learning_rate        | 2.16e-05     |
|    loss                 | 0.00212      |
|    n_updates            | 2109         |
|    policy_gradient_loss | -0.000358    |
|    value_loss           | 0.00785      |
------------------------------------------
-------------------------------------------
| rollout/                |               |
|    ep_len_mean          | 8.64e+04      |
|    ep_rew_mean          | -6.17e+04     |
| time/                   |               |
|    fps                  | 1407          |
|    iterations           | 705           |
|    time_elapsed         | 2052          |
|    total_timesteps      | 2887680       |
| train/                  |               |
|    approx_kl            | 2.0189196e-05 |
|    clip_fraction        | 0             |
|    clip_range           | 0.2           |
|    entropy_loss         | -0.0967       |
|    explained_variance   | 0.466         |
|    learning_rate        | 2.13e-05      |
|    loss                 | 0.000534      |
|    n_updates            | 2112          |
|    policy_gradient_loss | -0.000226     |
|    value_loss           | 0.00766       |
-------------------------------------------
-----------------------------------------
| gold/                   |             |
|    entropy_magnitude    | 7.89        |
| rollout/                |             |
|    ep_len_mean          | 8.64e+04    |
|    ep_rew_mean          | -6.17e+04   |
| time/                   |             |
|    fps                  | 1408        |
|    iterations           | 706         |
|    time_elapsed         | 2052        |
|    total_timesteps      | 2891776     |
| train/                  |             |
|    approx_kl            | 4.47566e-06 |
|    clip_fraction        | 0           |
|    clip_range           | 0.2         |
|    entropy_loss         | -0.105      |
|    explained_variance   | 0.717       |
|    learning_rate        | 2.09e-05    |
|    loss                 | 0.00794     |
|    n_updates            | 2115        |
|    policy_gradient_loss | -7.9e-05    |
|    value_loss           | 0.0229      |
-----------------------------------------
-------------------------------------------
| rollout/                |               |
|    ep_len_mean          | 8.64e+04      |
|    ep_rew_mean          | -6.17e+04     |
| time/                   |               |
|    fps                  | 1410          |
|    iterations           | 707           |
|    time_elapsed         | 2052          |
|    total_timesteps      | 2895872       |
| train/                  |               |
|    approx_kl            | 2.0927298e-05 |
|    clip_fraction        | 0             |
|    clip_range           | 0.2           |
|    entropy_loss         | -0.12         |
|    explained_variance   | 0.734         |
|    learning_rate        | 2.05e-05      |
|    loss                 | 0.0052        |
|    n_updates            | 2118          |
|    policy_gradient_loss | -0.000479     |
|    value_loss           | 0.0169        |
-------------------------------------------
------------------------------------------
| rollout/                |              |
|    ep_len_mean          | 8.64e+04     |
|    ep_rew_mean          | -6.17e+04    |
| time/                   |              |
|    fps                  | 1412         |
|    iterations           | 708          |
|    time_elapsed         | 2053         |
|    total_timesteps      | 2899968      |
| train/                  |              |
|    approx_kl            | 8.135429e-05 |
|    clip_fraction        | 0.000163     |
|    clip_range           | 0.2          |
|    entropy_loss         | -0.128       |
|    explained_variance   | 0.842        |
|    learning_rate        | 2.01e-05     |
|    loss                 | 0.00198      |
|    n_updates            | 2121         |
|    policy_gradient_loss | -0.000512    |
|    value_loss           | 0.0109       |
------------------------------------------
Eval num_timesteps=2900000, episode_reward=-25727.56 +/- 1335.46
Episode length: 86400.00 +/- 0.00
------------------------------------------
| eval/                   |              |
|    mean_ep_length       | 8.64e+04     |
|    mean_reward          | -2.57e+04    |
| time/                   |              |
|    total_timesteps      | 2900000      |
| train/                  |              |
|    approx_kl            | 6.615577e-06 |
|    clip_fraction        | 0            |
|    clip_range           | 0.2          |
|    entropy_loss         | -0.116       |
|    explained_variance   | 0.684        |
|    learning_rate        | 1.97e-05     |
|    loss                 | 0.00329      |
|    n_updates            | 2124         |
|    policy_gradient_loss | -9.82e-05    |
|    value_loss           | 0.0113       |
------------------------------------------
    📉 ent_coef → 0.01300  (step 2,900,000)
  ⏱  step 2,900,000  │  FPS     600  │  RSS   2938 MB
----------------------------------
| gold/              |           |
|    ent_coef        | 0.013     |
| hw/                |           |
|    fps             | 600       |
|    rss_mb          | 2.94e+03  |
| rollout/           |           |
|    ep_len_mean     | 8.64e+04  |
|    ep_rew_mean     | -6.17e+04 |
| time/              |           |
|    fps             | 1392      |
|    iterations      | 709       |
|    time_elapsed    | 2085      |
|    total_timesteps | 2904064   |
----------------------------------
------------------------------------------
| rollout/                |              |
|    ep_len_mean          | 8.64e+04     |
|    ep_rew_mean          | -6.17e+04    |
| time/                   |              |
|    fps                  | 1394         |
|    iterations           | 710          |
|    time_elapsed         | 2085         |
|    total_timesteps      | 2908160      |
| train/                  |              |
|    approx_kl            | 5.809896e-06 |
|    clip_fraction        | 0            |
|    clip_range           | 0.2          |
|    entropy_loss         | -0.116       |
|    explained_variance   | 0.441        |
|    learning_rate        | 1.93e-05     |
|    loss                 | 0.00281      |
|    n_updates            | 2127         |
|    policy_gradient_loss | -0.000116    |
|    value_loss           | 0.0112       |
------------------------------------------
-------------------------------------------
| gold/                   |               |
|    entropy_magnitude    | 11.4          |
| rollout/                |               |
|    ep_len_mean          | 8.64e+04      |
|    ep_rew_mean          | -6.17e+04     |
| time/                   |               |
|    fps                  | 1396          |
|    iterations           | 711           |
|    time_elapsed         | 2086          |
|    total_timesteps      | 2912256       |
| train/                  |               |
|    approx_kl            | 2.0587395e-05 |
|    clip_fraction        | 0             |
|    clip_range           | 0.2           |
|    entropy_loss         | -0.145        |
|    explained_variance   | 0.654         |
|    learning_rate        | 1.89e-05      |
|    loss                 | 0.00687       |
|    n_updates            | 2130          |
|    policy_gradient_loss | -0.00017      |
|    value_loss           | 0.0134        |
-------------------------------------------
-----------------------------------------
| rollout/                |             |
|    ep_len_mean          | 8.64e+04    |
|    ep_rew_mean          | -6.17e+04   |
| time/                   |             |
|    fps                  | 1397        |
|    iterations           | 712         |
|    time_elapsed         | 2086        |
|    total_timesteps      | 2916352     |
| train/                  |             |
|    approx_kl            | 3.84709e-06 |
|    clip_fraction        | 0           |
|    clip_range           | 0.2         |
|    entropy_loss         | -0.107      |
|    explained_variance   | 0.638       |
|    learning_rate        | 1.85e-05    |
|    loss                 | 0.00373     |
|    n_updates            | 2133        |
|    policy_gradient_loss | -7.87e-05   |
|    value_loss           | 0.0132      |
-----------------------------------------
  ⏱  step 2,920,000  │  FPS   11514  │  RSS   2938 MB
-------------------------------------------
| gold/                   |               |
|    entropy_magnitude    | 4.58          |
| hw/                     |               |
|    fps                  | 1.15e+04      |
|    rss_mb               | 2.94e+03      |
| rollout/                |               |
|    ep_len_mean          | 8.64e+04      |
|    ep_rew_mean          | -6.17e+04     |
| time/                   |               |
|    fps                  | 1399          |
|    iterations           | 713           |
|    time_elapsed         | 2086          |
|    total_timesteps      | 2920448       |
| train/                  |               |
|    approx_kl            | 2.4594192e-06 |
|    clip_fraction        | 0             |
|    clip_range           | 0.2           |
|    entropy_loss         | -0.0567       |
|    explained_variance   | 0.82          |
|    learning_rate        | 1.81e-05      |
|    loss                 | 0.0012        |
|    n_updates            | 2136          |
|    policy_gradient_loss | -6.23e-05     |
|    value_loss           | 0.00535       |
-------------------------------------------
-------------------------------------------
| rollout/                |               |
|    ep_len_mean          | 8.64e+04      |
|    ep_rew_mean          | -6.17e+04     |
| time/                   |               |
|    fps                  | 1401          |
|    iterations           | 714           |
|    time_elapsed         | 2087          |
|    total_timesteps      | 2924544       |
| train/                  |               |
|    approx_kl            | 2.3052387e-05 |
|    clip_fraction        | 0             |
|    clip_range           | 0.2           |
|    entropy_loss         | -0.126        |
|    explained_variance   | 0.717         |
|    learning_rate        | 1.77e-05      |
|    loss                 | 0.011         |
|    n_updates            | 2139          |
|    policy_gradient_loss | -0.000411     |
|    value_loss           | 0.0351        |
-------------------------------------------
-------------------------------------------
| rollout/                |               |
|    ep_len_mean          | 8.64e+04      |
|    ep_rew_mean          | -6.17e+04     |
| time/                   |               |
|    fps                  | 1403          |
|    iterations           | 715           |
|    time_elapsed         | 2087          |
|    total_timesteps      | 2928640       |
| train/                  |               |
|    approx_kl            | 6.5573986e-06 |
|    clip_fraction        | 0             |
|    clip_range           | 0.2           |
|    entropy_loss         | -0.0936       |
|    explained_variance   | 0.674         |
|    learning_rate        | 1.73e-05      |
|    loss                 | 0.00337       |
|    n_updates            | 2142          |
|    policy_gradient_loss | -0.000125     |
|    value_loss           | 0.00975       |
-------------------------------------------
-------------------------------------------
| gold/                   |               |
|    entropy_magnitude    | 7.75          |
| rollout/                |               |
|    ep_len_mean          | 8.64e+04      |
|    ep_rew_mean          | -6.17e+04     |
| time/                   |               |
|    fps                  | 1404          |
|    iterations           | 716           |
|    time_elapsed         | 2087          |
|    total_timesteps      | 2932736       |
| train/                  |               |
|    approx_kl            | 3.1987438e-06 |
|    clip_fraction        | 0             |
|    clip_range           | 0.2           |
|    entropy_loss         | -0.0938       |
|    explained_variance   | 0.391         |
|    learning_rate        | 1.69e-05      |
|    loss                 | 0.00206       |
|    n_updates            | 2145          |
|    policy_gradient_loss | -4.46e-05     |
|    value_loss           | 0.00939       |
-------------------------------------------
-------------------------------------------
| rollout/                |               |
|    ep_len_mean          | 8.64e+04      |
|    ep_rew_mean          | -6.17e+04     |
| time/                   |               |
|    fps                  | 1406          |
|    iterations           | 717           |
|    time_elapsed         | 2088          |
|    total_timesteps      | 2936832       |
| train/                  |               |
|    approx_kl            | 1.3600744e-05 |
|    clip_fraction        | 0             |
|    clip_range           | 0.2           |
|    entropy_loss         | -0.103        |
|    explained_variance   | 0.458         |
|    learning_rate        | 1.65e-05      |
|    loss                 | 0.00754       |
|    n_updates            | 2148          |
|    policy_gradient_loss | -0.00024      |
|    value_loss           | 0.0209        |
-------------------------------------------
  ⏱  step 2,940,000  │  FPS   11825  │  RSS   2938 MB
-------------------------------------------
| gold/                   |               |
|    entropy_magnitude    | 10.5          |
| hw/                     |               |
|    fps                  | 1.18e+04      |
|    rss_mb               | 2.94e+03      |
| rollout/                |               |
|    ep_len_mean          | 8.64e+04      |
|    ep_rew_mean          | -6.17e+04     |
| time/                   |               |
|    fps                  | 1408          |
|    iterations           | 718           |
|    time_elapsed         | 2088          |
|    total_timesteps      | 2940928       |
| train/                  |               |
|    approx_kl            | 1.6614998e-05 |
|    clip_fraction        | 0             |
|    clip_range           | 0.2           |
|    entropy_loss         | -0.124        |
|    explained_variance   | 0.654         |
|    learning_rate        | 1.61e-05      |
|    loss                 | -0.00132      |
|    n_updates            | 2151          |
|    policy_gradient_loss | -0.000307     |
|    value_loss           | 0.00632       |
-------------------------------------------
-------------------------------------------
| rollout/                |               |
|    ep_len_mean          | 8.64e+04      |
|    ep_rew_mean          | -6.17e+04     |
| time/                   |               |
|    fps                  | 1409          |
|    iterations           | 719           |
|    time_elapsed         | 2088          |
|    total_timesteps      | 2945024       |
| train/                  |               |
|    approx_kl            | 1.9366475e-05 |
|    clip_fraction        | 0             |
|    clip_range           | 0.2           |
|    entropy_loss         | -0.0992       |
|    explained_variance   | 0.428         |
|    learning_rate        | 1.57e-05      |
|    loss                 | 0.012         |
|    n_updates            | 2154          |
|    policy_gradient_loss | -0.000395     |
|    value_loss           | 0.0295        |
-------------------------------------------
-----------------------------------------
| rollout/                |             |
|    ep_len_mean          | 8.64e+04    |
|    ep_rew_mean          | -6.17e+04   |
| time/                   |             |
|    fps                  | 1411        |
|    iterations           | 720         |
|    time_elapsed         | 2089        |
|    total_timesteps      | 2949120     |
| train/                  |             |
|    approx_kl            | 6.25712e-06 |
|    clip_fraction        | 0           |
|    clip_range           | 0.2         |
|    entropy_loss         | -0.095      |
|    explained_variance   | 0.805       |
|    learning_rate        | 1.53e-05    |
|    loss                 | 0.0159      |
|    n_updates            | 2157        |
|    policy_gradient_loss | -0.000132   |
|    value_loss           | 0.0301      |
-----------------------------------------
Eval num_timesteps=2950000, episode_reward=-23860.57 +/- 1812.39
Episode length: 86400.00 +/- 0.00
------------------------------------------
| eval/                   |              |
|    mean_ep_length       | 8.64e+04     |
|    mean_reward          | -2.39e+04    |
| time/                   |              |
|    total_timesteps      | 2950000      |
| train/                  |              |
|    approx_kl            | 9.632538e-06 |
|    clip_fraction        | 0            |
|    clip_range           | 0.2          |
|    entropy_loss         | -0.0978      |
|    explained_variance   | 0.68         |
|    learning_rate        | 1.49e-05     |
|    loss                 | 0.00163      |
|    n_updates            | 2160         |
|    policy_gradient_loss | -0.000236    |
|    value_loss           | 0.00646      |
------------------------------------------
----------------------------------
| rollout/           |           |
|    ep_len_mean     | 8.64e+04  |
|    ep_rew_mean     | -6.17e+04 |
| time/              |           |
|    fps             | 1392      |
|    iterations      | 721       |
|    time_elapsed    | 2121      |
|    total_timesteps | 2953216   |
----------------------------------
-------------------------------------------
| rollout/                |               |
|    ep_len_mean          | 8.64e+04      |
|    ep_rew_mean          | -6.17e+04     |
| time/                   |               |
|    fps                  | 1393          |
|    iterations           | 722           |
|    time_elapsed         | 2121          |
|    total_timesteps      | 2957312       |
| train/                  |               |
|    approx_kl            | 7.9808815e-06 |
|    clip_fraction        | 0             |
|    clip_range           | 0.2           |
|    entropy_loss         | -0.125        |
|    explained_variance   | 0.818         |
|    learning_rate        | 1.45e-05      |
|    loss                 | 0.0054        |
|    n_updates            | 2163          |
|    policy_gradient_loss | -0.000117     |
|    value_loss           | 0.0202        |
-------------------------------------------
  ⏱  step 2,960,000  │  FPS     593  │  RSS   2938 MB
-------------------------------------------
| gold/                   |               |
|    entropy_magnitude    | 7.53          |
| hw/                     |               |
|    fps                  | 593           |
|    rss_mb               | 2.94e+03      |
| rollout/                |               |
|    ep_len_mean          | 8.64e+04      |
|    ep_rew_mean          | -6.17e+04     |
| time/                   |               |
|    fps                  | 1395          |
|    iterations           | 723           |
|    time_elapsed         | 2122          |
|    total_timesteps      | 2961408       |
| train/                  |               |
|    approx_kl            | 2.8533686e-06 |
|    clip_fraction        | 0             |
|    clip_range           | 0.2           |
|    entropy_loss         | -0.0844       |
|    explained_variance   | 0.655         |
|    learning_rate        | 1.41e-05      |
|    loss                 | 0.00313       |
|    n_updates            | 2166          |
|    policy_gradient_loss | -7.9e-05      |
|    value_loss           | 0.00963       |
-------------------------------------------
-------------------------------------------
| rollout/                |               |
|    ep_len_mean          | 8.64e+04      |
|    ep_rew_mean          | -6.17e+04     |
| time/                   |               |
|    fps                  | 1397          |
|    iterations           | 724           |
|    time_elapsed         | 2122          |
|    total_timesteps      | 2965504       |
| train/                  |               |
|    approx_kl            | 4.3936743e-06 |
|    clip_fraction        | 0             |
|    clip_range           | 0.2           |
|    entropy_loss         | -0.0924       |
|    explained_variance   | 0.761         |
|    learning_rate        | 1.37e-05      |
|    loss                 | 0.00149       |
|    n_updates            | 2169          |
|    policy_gradient_loss | -0.000149     |
|    value_loss           | 0.00644       |
-------------------------------------------
------------------------------------------
| rollout/                |              |
|    ep_len_mean          | 8.64e+04     |
|    ep_rew_mean          | -6.17e+04    |
| time/                   |              |
|    fps                  | 1398         |
|    iterations           | 725          |
|    time_elapsed         | 2122         |
|    total_timesteps      | 2969600      |
| train/                  |              |
|    approx_kl            | 9.786323e-06 |
|    clip_fraction        | 0            |
|    clip_range           | 0.2          |
|    entropy_loss         | -0.132       |
|    explained_variance   | 0.511        |
|    learning_rate        | 1.33e-05     |
|    loss                 | 0.000431     |
|    n_updates            | 2172         |
|    policy_gradient_loss | -0.000192    |
|    value_loss           | 0.00666      |
------------------------------------------
------------------------------------------
| gold/                   |              |
|    entropy_magnitude    | 12           |
| rollout/                |              |
|    ep_len_mean          | 8.64e+04     |
|    ep_rew_mean          | -6.17e+04    |
| time/                   |              |
|    fps                  | 1400         |
|    iterations           | 726          |
|    time_elapsed         | 2123         |
|    total_timesteps      | 2973696      |
| train/                  |              |
|    approx_kl            | 3.857087e-06 |
|    clip_fraction        | 0            |
|    clip_range           | 0.2          |
|    entropy_loss         | -0.131       |
|    explained_variance   | 0.673        |
|    learning_rate        | 1.29e-05     |
|    loss                 | 0.00137      |
|    n_updates            | 2175         |
|    policy_gradient_loss | -0.000104    |
|    value_loss           | 0.00788      |
------------------------------------------
-------------------------------------------
| rollout/                |               |
|    ep_len_mean          | 8.64e+04      |
|    ep_rew_mean          | -6.17e+04     |
| time/                   |               |
|    fps                  | 1402          |
|    iterations           | 727           |
|    time_elapsed         | 2123          |
|    total_timesteps      | 2977792       |
| train/                  |               |
|    approx_kl            | 1.8619903e-06 |
|    clip_fraction        | 0             |
|    clip_range           | 0.2           |
|    entropy_loss         | -0.11         |
|    explained_variance   | 0.544         |
|    learning_rate        | 1.25e-05      |
|    loss                 | 0.00235       |
|    n_updates            | 2178          |
|    policy_gradient_loss | -9.59e-05     |
|    value_loss           | 0.00963       |
-------------------------------------------
  ⏱  step 2,980,000  │  FPS   11641  │  RSS   2938 MB
-------------------------------------------
| gold/                   |               |
|    entropy_magnitude    | 11.1          |
| hw/                     |               |
|    fps                  | 1.16e+04      |
|    rss_mb               | 2.94e+03      |
| rollout/                |               |
|    ep_len_mean          | 8.64e+04      |
|    ep_rew_mean          | -6.17e+04     |
| time/                   |               |
|    fps                  | 1403          |
|    iterations           | 728           |
|    time_elapsed         | 2123          |
|    total_timesteps      | 2981888       |
| train/                  |               |
|    approx_kl            | 7.4098643e-06 |
|    clip_fraction        | 0             |
|    clip_range           | 0.2           |
|    entropy_loss         | -0.118        |
|    explained_variance   | 0.718         |
|    learning_rate        | 1.21e-05      |
|    loss                 | 0.00106       |
|    n_updates            | 2181          |
|    policy_gradient_loss | -0.000232     |
|    value_loss           | 0.00637       |
-------------------------------------------
-------------------------------------------
| rollout/                |               |
|    ep_len_mean          | 8.64e+04      |
|    ep_rew_mean          | -6.17e+04     |
| time/                   |               |
|    fps                  | 1405          |
|    iterations           | 729           |
|    time_elapsed         | 2124          |
|    total_timesteps      | 2985984       |
| train/                  |               |
|    approx_kl            | 2.4875917e-06 |
|    clip_fraction        | 0             |
|    clip_range           | 0.2           |
|    entropy_loss         | -0.0937       |
|    explained_variance   | 0.786         |
|    learning_rate        | 1.18e-05      |
|    loss                 | 0.00199       |
|    n_updates            | 2184          |
|    policy_gradient_loss | -4.58e-05     |
|    value_loss           | 0.00669       |
-------------------------------------------
-------------------------------------------
| gold/                   |               |
|    entropy_magnitude    | 8.53          |
| rollout/                |               |
|    ep_len_mean          | 8.64e+04      |
|    ep_rew_mean          | -6.17e+04     |
| time/                   |               |
|    fps                  | 1407          |
|    iterations           | 730           |
|    time_elapsed         | 2124          |
|    total_timesteps      | 2990080       |
| train/                  |               |
|    approx_kl            | 1.5925034e-06 |
|    clip_fraction        | 0             |
|    clip_range           | 0.2           |
|    entropy_loss         | -0.0878       |
|    explained_variance   | 0.783         |
|    learning_rate        | 1.14e-05      |
|    loss                 | 0.00298       |
|    n_updates            | 2187          |
|    policy_gradient_loss | -9.14e-05     |
|    value_loss           | 0.00924       |
-------------------------------------------
------------------------------------------
| rollout/                |              |
|    ep_len_mean          | 8.64e+04     |
|    ep_rew_mean          | -6.17e+04    |
| time/                   |              |
|    fps                  | 1409         |
|    iterations           | 731          |
|    time_elapsed         | 2124         |
|    total_timesteps      | 2994176      |
| train/                  |              |
|    approx_kl            | 9.154508e-06 |
|    clip_fraction        | 0            |
|    clip_range           | 0.2          |
|    entropy_loss         | -0.117       |
|    explained_variance   | 0.77         |
|    learning_rate        | 1.1e-05      |
|    loss                 | 0.000822     |
|    n_updates            | 2190         |
|    policy_gradient_loss | -0.00012     |
|    value_loss           | 0.0069       |
------------------------------------------
-------------------------------------------
| rollout/                |               |
|    ep_len_mean          | 8.64e+04      |
|    ep_rew_mean          | -6.17e+04     |
| time/                   |               |
|    fps                  | 1410          |
|    iterations           | 732           |
|    time_elapsed         | 2125          |
|    total_timesteps      | 2998272       |
| train/                  |               |
|    approx_kl            | 1.0166754e-05 |
|    clip_fraction        | 0             |
|    clip_range           | 0.2           |
|    entropy_loss         | -0.101        |
|    explained_variance   | 0.581         |
|    learning_rate        | 1.06e-05      |
|    loss                 | 0.00791       |
|    n_updates            | 2193          |
|    policy_gradient_loss | -0.000187     |
|    value_loss           | 0.0173        |
-------------------------------------------
Eval num_timesteps=3000000, episode_reward=-23628.92 +/- 193.88
Episode length: 86400.00 +/- 0.00
-------------------------------------------
| eval/                   |               |
|    mean_ep_length       | 8.64e+04      |
|    mean_reward          | -2.36e+04     |
| time/                   |               |
|    total_timesteps      | 3000000       |
| train/                  |               |
|    approx_kl            | 2.1355663e-06 |
|    clip_fraction        | 0             |
|    clip_range           | 0.2           |
|    entropy_loss         | -0.0716       |
|    explained_variance   | 0.75          |
|    learning_rate        | 1.02e-05      |
|    loss                 | 0.00478       |
|    n_updates            | 2196          |
|    policy_gradient_loss | -9.34e-05     |
|    value_loss           | 0.0118        |
-------------------------------------------
    📉 ent_coef → 0.01000  (step 3,000,000)
  ⏱  step 3,000,000  │  FPS     606  │  RSS   2938 MB
----------------------------------
| gold/              |           |
|    ent_coef        | 0.01      |
| hw/                |           |
|    fps             | 606       |
|    rss_mb          | 2.94e+03  |
| rollout/           |           |
|    ep_len_mean     | 8.64e+04  |
|    ep_rew_mean     | -6.17e+04 |
| time/              |           |
|    fps             | 1391      |
|    iterations      | 733       |
|    time_elapsed    | 2156      |
|    total_timesteps | 3002368   |
----------------------------------

  Training complete — 2157.0 s  (1,392 steps/s)
  Timesteps completed: 3,002,368 / 3,000,000
  ✓ Final model       → /Users/aishwarya/satellite-project/models/phase3.6_run/stability_ppo_m4.zip
  ✓ VecNormalize      → /Users/aishwarya/satellite-project/models/phase3.6_run/vec_normalize.pkl

────────────────────────────────────────────────────────────────────────
  Post-Training Evaluation — 5 × 86,400-step episodes
────────────────────────────────────────────────────────────────────────
  [Phase 2] Loading topology: topology_dataset.npz … done.  T=86400 steps, N=60 sats, 24 ground stations, ISL threshold=3941 km, peak RAM≈2488 MB
  ✓ Loaded VecNormalize stats from /Users/aishwarya/satellite-project/models/phase3.6_run/vec_normalize.pkl
    Ep 1/5  sat_-1  │  HO:   275  │  Lat: 11.780 ms  │  GS:  16.2%  │  Return:  -23702.62  │  Deaths:    0  │  Invalid:    0
    Ep 2/5  sat_-1  │  HO:   329  │  Lat: 11.734 ms  │  GS:  14.9%  │  Return:  -24716.36  │  Deaths:    0  │  Invalid:    0
    Ep 3/5  sat_-1  │  HO:   386  │  Lat: 12.915 ms  │  GS:  16.0%  │  Return:  -26952.32  │  Deaths:    0  │  Invalid:    0
    Ep 4/5  sat_-1  │  HO:   305  │  Lat: 12.167 ms  │  GS:  16.6%  │  Return:  -23462.36  │  Deaths:    0  │  Invalid:    0
    Ep 5/5  sat_-1  │  HO:   297  │  Lat: 12.333 ms  │  GS:  15.5%  │  Return:  -23496.37  │  Deaths:    0  │  Invalid:    0

========================================================================
  EVALUATION RESULTS  —  Research Metrics for IEEE Submission
========================================================================
  Handover Jitter (switches/ep)                 318.4 ± 38.0
  Mean Propagation Delay [ms]                 12.1858 ± 0.4294
  GS Network Availability [%]                   15.85 ± 0.58
  Mean Episode Return                       -24466.01 ± 1324.74
  LRL Death Events / episode                      0.0
  Invalid Actions / episode                       0.0
========================================================================

  🗺️  Trajectory log saved → /Users/aishwarya/satellite-project/docs/eval_trajectories.json

========================================================================
  STANDARDIZED METRICS  —  IEEE Publication-Grade
========================================================================
  System Survival Rate (%)                        100.00%     ✅ Perfect
  Routing Stability Score (%)                      99.63%   ✅ Excellent
  Avg. Link Hold Duration (s)                      271.4s
  Latency Optimality Index (%)                      82.1%  ⚠️  Needs work
  Latency Consistency — CV (%)                      3.52%        ✅ Good
  GS Contact Utilisation (%)                       15.85%    ⬜ Geometry
========================================================================

  📝 Training log finalized → /Users/aishwarya/satellite-project/docs/TRAINING_LOG.md

  Final Hardware State
    Peak RSS       : 4502.7 MB
    Training FPS   : 1,392 steps/s
    Wall-clock     : 2157.0 s  (36.0 min)
    Finished       : 2026-03-03 21:23:23

done.  T=86400 steps, N=60 sats, 24 ground stations, ISL threshold=3941 km, peak RAM≈2488 MB
done.  T=86400 steps, N=60 sats, 24 ground stations, ISL threshold=3941 km, peak RAM≈2488 MB
done.  T=86400 steps, N=60 sats, 24 ground stations, ISL threshold=3941 km, peak RAM≈2488 MB
done.  T=86400 steps, N=60 sats, 24 ground stations, ISL threshold=3941 km, peak RAM≈2488 MB
  ☕ caffeinate terminated — system sleep re-enabled
  Log saved → /Users/aishwarya/satellite-project/logs/phase3.6_run/training_output.log

