
────────────────────────────────────────────────────────────────────────
  ABLATION STUDY — FACEIT-2026 · Springer LNNS
────────────────────────────────────────────────────────────────────────
  Date      : 2026-03-08 13:51:00
  PyTorch   : 2.10.0
  Dataset   : /Users/aishwarya/satellite-project/data/topology_dataset.npz
  Output    : /Users/aishwarya/satellite-project/models/ablations
  Steps     : 500,000 per ablation
  Mode      : TRAIN + EVAL
  ✅ No-overwrite protection confirmed.
     Protected path : /Users/aishwarya/satellite-project/models/phase3.6_run
     Ablation root  : /Users/aishwarya/satellite-project/models/ablations


────────────────────────────────────────────────────────────────────────
  ABLATION A: No Handover Penalty
────────────────────────────────────────────────────────────────────────
  Patches: {'W2': 0.0, 'ETA_S': 0.0}


────────────────────────────────────────────────────────────────────────
  MONKEY-PATCH: applying reward overrides
────────────────────────────────────────────────────────────────────────
    W2                           1.0  →  0.0
    ETA_S                        1.0  →  0.0


────────────────────────────────────────────────────────────────────────
  TRAINING  Ablation A: No Handover Penalty
────────────────────────────────────────────────────────────────────────
  Description : Sets w2 = 0.0 and η_s = 0.0, removing all cost for switching ISL links.  The agent can thrash between satellites at zero cost.
  Patches     : {'W2': 0.0, 'ETA_S': 0.0}
  Output dir  : /Users/aishwarya/satellite-project/models/ablations/ablation_A
  Steps       : 500,000
  n_envs      : 4  (SubprocVecEnv)

  ✓ Patch verification passed — env module globals confirmed.

  [Phase 2] Loading topology: topology_dataset.npz …   [Phase 2] Loading topology: topology_dataset.npz …   [Phase 2] Loading topology: topology_dataset.npz …   [Phase 2] Loading topology: topology_dataset.npz …   [Phase 2] Loading topology: topology_dataset.npz … done.  T=86400 steps, N=60 sats, 24 ground stations, ISL threshold=3941 km, peak RAM≈2488 MB
Using cpu device
Logging to /Users/aishwarya/satellite-project/models/ablations/ablation_A/ppo_ablation_A_3
  ⏱        4 / 500,000  (  0.0%)  │  FPS   3332  │  RSS   1879 MB  │  00:00:00
---------------------------------
| ablation/          |          |
|    ent_coef        | 0.1      |
| time/              |          |
|    fps             | 9250     |
|    iterations      | 1        |
|    time_elapsed    | 0        |
|    total_timesteps | 4096     |
---------------------------------
-------------------------------------------
| time/                   |               |
|    fps                  | 9156          |
|    iterations           | 2             |
|    time_elapsed         | 0             |
|    total_timesteps      | 8192          |
| train/                  |               |
|    approx_kl            | 0.00047068764 |
|    clip_fraction        | 0             |
|    clip_range           | 0.2           |
|    entropy_loss         | -2.08         |
|    explained_variance   | -0.329        |
|    learning_rate        | 0.000298      |
|    loss                 | 0.406         |
|    n_updates            | 3             |
|    policy_gradient_loss | -0.00195      |
|    value_loss           | 1.38          |
-------------------------------------------
-------------------------------------------
| time/                   |               |
|    fps                  | 9436          |
|    iterations           | 3             |
|    time_elapsed         | 1             |
|    total_timesteps      | 12288         |
| train/                  |               |
|    approx_kl            | 0.00079292094 |
|    clip_fraction        | 0             |
|    clip_range           | 0.2           |
|    entropy_loss         | -2.08         |
|    explained_variance   | 0.324         |
|    learning_rate        | 0.000295      |
|    loss                 | 0.0417        |
|    n_updates            | 6             |
|    policy_gradient_loss | -0.00251      |
|    value_loss           | 0.817         |
-------------------------------------------
------------------------------------------
| time/                   |              |
|    fps                  | 9572         |
|    iterations           | 4            |
|    time_elapsed         | 1            |
|    total_timesteps      | 16384        |
| train/                  |              |
|    approx_kl            | 0.0006786544 |
|    clip_fraction        | 0            |
|    clip_range           | 0.2          |
|    entropy_loss         | -2.08        |
|    explained_variance   | 0.0599       |
|    learning_rate        | 0.000293     |
|    loss                 | 0.058        |
|    n_updates            | 9            |
|    policy_gradient_loss | -0.00227     |
|    value_loss           | 1.13         |
------------------------------------------
-------------------------------------------
| time/                   |               |
|    fps                  | 9611          |
|    iterations           | 5             |
|    time_elapsed         | 2             |
|    total_timesteps      | 20480         |
| train/                  |               |
|    approx_kl            | 0.00051514455 |
|    clip_fraction        | 0             |
|    clip_range           | 0.2           |
|    entropy_loss         | -2.07         |
|    explained_variance   | 0.363         |
|    learning_rate        | 0.00029       |
|    loss                 | 0.00117       |
|    n_updates            | 12            |
|    policy_gradient_loss | -0.00136      |
|    value_loss           | 0.861         |
-------------------------------------------
-------------------------------------------
| time/                   |               |
|    fps                  | 9699          |
|    iterations           | 6             |
|    time_elapsed         | 2             |
|    total_timesteps      | 24576         |
| train/                  |               |
|    approx_kl            | 0.00064922863 |
|    clip_fraction        | 0             |
|    clip_range           | 0.2           |
|    entropy_loss         | -2.07         |
|    explained_variance   | 0.481         |
|    learning_rate        | 0.000288      |
|    loss                 | -0.111        |
|    n_updates            | 15            |
|    policy_gradient_loss | -0.00159      |
|    value_loss           | 0.593         |
-------------------------------------------
------------------------------------------
| time/                   |              |
|    fps                  | 9758         |
|    iterations           | 7            |
|    time_elapsed         | 2            |
|    total_timesteps      | 28672        |
| train/                  |              |
|    approx_kl            | 0.0011540153 |
|    clip_fraction        | 0            |
|    clip_range           | 0.2          |
|    entropy_loss         | -2.07        |
|    explained_variance   | 0.278        |
|    learning_rate        | 0.000286     |
|    loss                 | -0.0585      |
|    n_updates            | 18           |
|    policy_gradient_loss | -0.00264     |
|    value_loss           | 0.691        |
------------------------------------------
-----------------------------------------
| time/                   |             |
|    fps                  | 9819        |
|    iterations           | 8           |
|    time_elapsed         | 3           |
|    total_timesteps      | 32768       |
| train/                  |             |
|    approx_kl            | 0.002156164 |
|    clip_fraction        | 0           |
|    clip_range           | 0.2         |
|    entropy_loss         | -2.06       |
|    explained_variance   | 0.399       |
|    learning_rate        | 0.000283    |
|    loss                 | -0.164      |
|    n_updates            | 21          |
|    policy_gradient_loss | -0.00354    |
|    value_loss           | 0.155       |
-----------------------------------------
------------------------------------------
| time/                   |              |
|    fps                  | 9812         |
|    iterations           | 9            |
|    time_elapsed         | 3            |
|    total_timesteps      | 36864        |
| train/                  |              |
|    approx_kl            | 0.0035831393 |
|    clip_fraction        | 0.0142       |
|    clip_range           | 0.2          |
|    entropy_loss         | -2.05        |
|    explained_variance   | 0.286        |
|    learning_rate        | 0.000281     |
|    loss                 | -0.173       |
|    n_updates            | 24           |
|    policy_gradient_loss | -0.00633     |
|    value_loss           | 0.161        |
------------------------------------------
-----------------------------------------
| time/                   |             |
|    fps                  | 9815        |
|    iterations           | 10          |
|    time_elapsed         | 4           |
|    total_timesteps      | 40960       |
| train/                  |             |
|    approx_kl            | 0.003585765 |
|    clip_fraction        | 0.00806     |
|    clip_range           | 0.2         |
|    entropy_loss         | -2.04       |
|    explained_variance   | 0.505       |
|    learning_rate        | 0.000279    |
|    loss                 | -0.159      |
|    n_updates            | 27          |
|    policy_gradient_loss | -0.00491    |
|    value_loss           | 0.109       |
-----------------------------------------
-----------------------------------------
| time/                   |             |
|    fps                  | 9827        |
|    iterations           | 11          |
|    time_elapsed         | 4           |
|    total_timesteps      | 45056       |
| train/                  |             |
|    approx_kl            | 0.002835757 |
|    clip_fraction        | 0.0022      |
|    clip_range           | 0.2         |
|    entropy_loss         | -2.03       |
|    explained_variance   | 0.347       |
|    learning_rate        | 0.000276    |
|    loss                 | -0.173      |
|    n_updates            | 30          |
|    policy_gradient_loss | -0.00553    |
|    value_loss           | 0.0792      |
-----------------------------------------
----------------------------------------
| time/                   |            |
|    fps                  | 9769       |
|    iterations           | 12         |
|    time_elapsed         | 5          |
|    total_timesteps      | 49152      |
| train/                  |            |
|    approx_kl            | 0.00611283 |
|    clip_fraction        | 0.0174     |
|    clip_range           | 0.2        |
|    entropy_loss         | -2         |
|    explained_variance   | 0.526      |
|    learning_rate        | 0.000274   |
|    loss                 | -0.163     |
|    n_updates            | 33         |
|    policy_gradient_loss | -0.00953   |
|    value_loss           | 0.0667     |
----------------------------------------
Eval num_timesteps=50000, episode_reward=-61341.47 +/- 1261.45
Episode length: 86400.00 +/- 0.00
-----------------------------------------
| eval/                   |             |
|    mean_ep_length       | 8.64e+04    |
|    mean_reward          | -6.13e+04   |
| time/                   |             |
|    total_timesteps      | 50000       |
| train/                  |             |
|    approx_kl            | 0.006217926 |
|    clip_fraction        | 0.0187      |
|    clip_range           | 0.2         |
|    entropy_loss         | -1.95       |
|    explained_variance   | 0.488       |
|    learning_rate        | 0.000271    |
|    loss                 | -0.147      |
|    n_updates            | 36          |
|    policy_gradient_loss | -0.00713    |
|    value_loss           | 0.0562      |
-----------------------------------------
New best mean reward!
  ⏱   50,000 / 500,000  ( 10.0%)  │  FPS   1172  │  RSS   1879 MB  │  00:00:42
------------------------------
| time/              |       |
|    fps             | 1238  |
|    iterations      | 13    |
|    time_elapsed    | 43    |
|    total_timesteps | 53248 |
------------------------------
------------------------------------------
| time/                   |              |
|    fps                  | 1319         |
|    iterations           | 14           |
|    time_elapsed         | 43           |
|    total_timesteps      | 57344        |
| train/                  |              |
|    approx_kl            | 0.0020663673 |
|    clip_fraction        | 0.00138      |
|    clip_range           | 0.2          |
|    entropy_loss         | -1.93        |
|    explained_variance   | 0.29         |
|    learning_rate        | 0.000269     |
|    loss                 | -0.14        |
|    n_updates            | 39           |
|    policy_gradient_loss | -0.00457     |
|    value_loss           | 0.112        |
------------------------------------------
------------------------------------------
| time/                   |              |
|    fps                  | 1400         |
|    iterations           | 15           |
|    time_elapsed         | 43           |
|    total_timesteps      | 61440        |
| train/                  |              |
|    approx_kl            | 0.0033451105 |
|    clip_fraction        | 0.00635      |
|    clip_range           | 0.2          |
|    entropy_loss         | -1.93        |
|    explained_variance   | 0.387        |
|    learning_rate        | 0.000267     |
|    loss                 | -0.167       |
|    n_updates            | 42           |
|    policy_gradient_loss | -0.00524     |
|    value_loss           | 0.0476       |
------------------------------------------
-----------------------------------------
| time/                   |             |
|    fps                  | 1479        |
|    iterations           | 16          |
|    time_elapsed         | 44          |
|    total_timesteps      | 65536       |
| train/                  |             |
|    approx_kl            | 0.005063548 |
|    clip_fraction        | 0.0155      |
|    clip_range           | 0.2         |
|    entropy_loss         | -1.89       |
|    explained_variance   | 0.0986      |
|    learning_rate        | 0.000264    |
|    loss                 | -0.16       |
|    n_updates            | 45          |
|    policy_gradient_loss | -0.00653    |
|    value_loss           | 0.104       |
-----------------------------------------
------------------------------------------
| time/                   |              |
|    fps                  | 1557         |
|    iterations           | 17           |
|    time_elapsed         | 44           |
|    total_timesteps      | 69632        |
| train/                  |              |
|    approx_kl            | 0.0017720505 |
|    clip_fraction        | 0.000651     |
|    clip_range           | 0.2          |
|    entropy_loss         | -1.91        |
|    explained_variance   | -0.846       |
|    learning_rate        | 0.000262     |
|    loss                 | -0.159       |
|    n_updates            | 48           |
|    policy_gradient_loss | -0.00332     |
|    value_loss           | 0.0624       |
------------------------------------------
------------------------------------------
| time/                   |              |
|    fps                  | 1633         |
|    iterations           | 18           |
|    time_elapsed         | 45           |
|    total_timesteps      | 73728        |
| train/                  |              |
|    approx_kl            | 0.0052176947 |
|    clip_fraction        | 0.011        |
|    clip_range           | 0.2          |
|    entropy_loss         | -1.84        |
|    explained_variance   | 0.513        |
|    learning_rate        | 0.00026      |
|    loss                 | -0.155       |
|    n_updates            | 51           |
|    policy_gradient_loss | -0.0066      |
|    value_loss           | 0.0387       |
------------------------------------------
------------------------------------------
| time/                   |              |
|    fps                  | 1707         |
|    iterations           | 19           |
|    time_elapsed         | 45           |
|    total_timesteps      | 77824        |
| train/                  |              |
|    approx_kl            | 0.0038449797 |
|    clip_fraction        | 0.00928      |
|    clip_range           | 0.2          |
|    entropy_loss         | -1.83        |
|    explained_variance   | -0.0647      |
|    learning_rate        | 0.000257     |
|    loss                 | -0.159       |
|    n_updates            | 54           |
|    policy_gradient_loss | -0.00586     |
|    value_loss           | 0.0308       |
------------------------------------------
------------------------------------------
| time/                   |              |
|    fps                  | 1781         |
|    iterations           | 20           |
|    time_elapsed         | 45           |
|    total_timesteps      | 81920        |
| train/                  |              |
|    approx_kl            | 0.0018594244 |
|    clip_fraction        | 8.14e-05     |
|    clip_range           | 0.2          |
|    entropy_loss         | -1.83        |
|    explained_variance   | 0.056        |
|    learning_rate        | 0.000255     |
|    loss                 | -0.0962      |
|    n_updates            | 57           |
|    policy_gradient_loss | -0.00195     |
|    value_loss           | 0.244        |
------------------------------------------
------------------------------------------
| time/                   |              |
|    fps                  | 1852         |
|    iterations           | 21           |
|    time_elapsed         | 46           |
|    total_timesteps      | 86016        |
| train/                  |              |
|    approx_kl            | 0.0030676513 |
|    clip_fraction        | 0.000814     |
|    clip_range           | 0.2          |
|    entropy_loss         | -1.8         |
|    explained_variance   | 0.19         |
|    learning_rate        | 0.000252     |
|    loss                 | -0.144       |
|    n_updates            | 60           |
|    policy_gradient_loss | -0.00282     |
|    value_loss           | 0.0654       |
------------------------------------------
------------------------------------------
| time/                   |              |
|    fps                  | 1922         |
|    iterations           | 22           |
|    time_elapsed         | 46           |
|    total_timesteps      | 90112        |
| train/                  |              |
|    approx_kl            | 0.0028653168 |
|    clip_fraction        | 0.00138      |
|    clip_range           | 0.2          |
|    entropy_loss         | -1.84        |
|    explained_variance   | -0.173       |
|    learning_rate        | 0.00025      |
|    loss                 | -0.146       |
|    n_updates            | 63           |
|    policy_gradient_loss | -0.00281     |
|    value_loss           | 0.0546       |
------------------------------------------
------------------------------------------
| time/                   |              |
|    fps                  | 1991         |
|    iterations           | 23           |
|    time_elapsed         | 47           |
|    total_timesteps      | 94208        |
| train/                  |              |
|    approx_kl            | 0.0017965597 |
|    clip_fraction        | 0.000732     |
|    clip_range           | 0.2          |
|    entropy_loss         | -1.81        |
|    explained_variance   | 0.131        |
|    learning_rate        | 0.000248     |
|    loss                 | -0.109       |
|    n_updates            | 66           |
|    policy_gradient_loss | -0.00401     |
|    value_loss           | 0.15         |
------------------------------------------
------------------------------------------
| time/                   |              |
|    fps                  | 2059         |
|    iterations           | 24           |
|    time_elapsed         | 47           |
|    total_timesteps      | 98304        |
| train/                  |              |
|    approx_kl            | 0.0009022505 |
|    clip_fraction        | 0.00106      |
|    clip_range           | 0.2          |
|    entropy_loss         | -1.81        |
|    explained_variance   | 0.377        |
|    learning_rate        | 0.000245     |
|    loss                 | -0.136       |
|    n_updates            | 69           |
|    policy_gradient_loss | -0.00285     |
|    value_loss           | 0.0742       |
------------------------------------------
Eval num_timesteps=100000, episode_reward=-58326.78 +/- 3846.26
Episode length: 86400.00 +/- 0.00
------------------------------------------
| eval/                   |              |
|    mean_ep_length       | 8.64e+04     |
|    mean_reward          | -5.83e+04    |
| time/                   |              |
|    total_timesteps      | 100000       |
| train/                  |              |
|    approx_kl            | 0.0012299477 |
|    clip_fraction        | 0.00138      |
|    clip_range           | 0.2          |
|    entropy_loss         | -1.84        |
|    explained_variance   | 0.259        |
|    learning_rate        | 0.000243     |
|    loss                 | -0.144       |
|    n_updates            | 72           |
|    policy_gradient_loss | -0.00346     |
|    value_loss           | 0.0447       |
------------------------------------------
New best mean reward!
  ⏱  100,000 / 500,000  ( 20.0%)  │  FPS   1170  │  RSS   1879 MB  │  00:01:25
---------------------------------
| ablation/          |          |
|    ent_coef        | 0.082    |
| time/              |          |
|    fps             | 1195     |
|    iterations      | 25       |
|    time_elapsed    | 85       |
|    total_timesteps | 102400   |
---------------------------------
------------------------------------------
| time/                   |              |
|    fps                  | 1236         |
|    iterations           | 26           |
|    time_elapsed         | 86           |
|    total_timesteps      | 106496       |
| train/                  |              |
|    approx_kl            | 0.0033887886 |
|    clip_fraction        | 0.00366      |
|    clip_range           | 0.2          |
|    entropy_loss         | -1.81        |
|    explained_variance   | 0.301        |
|    learning_rate        | 0.000241     |
|    loss                 | -0.139       |
|    n_updates            | 75           |
|    policy_gradient_loss | -0.00433     |
|    value_loss           | 0.034        |
------------------------------------------
----------------------------------------
| time/                   |            |
|    fps                  | 1277       |
|    iterations           | 27         |
|    time_elapsed         | 86         |
|    total_timesteps      | 110592     |
| train/                  |            |
|    approx_kl            | 0.00191713 |
|    clip_fraction        | 0.00122    |
|    clip_range           | 0.2        |
|    entropy_loss         | -1.77      |
|    explained_variance   | 0.0764     |
|    learning_rate        | 0.000238   |
|    loss                 | -0.0839    |
|    n_updates            | 78         |
|    policy_gradient_loss | -0.0031    |
|    value_loss           | 0.0867     |
----------------------------------------
------------------------------------------
| time/                   |              |
|    fps                  | 1318         |
|    iterations           | 28           |
|    time_elapsed         | 87           |
|    total_timesteps      | 114688       |
| train/                  |              |
|    approx_kl            | 0.0042963764 |
|    clip_fraction        | 0.00692      |
|    clip_range           | 0.2          |
|    entropy_loss         | -1.79        |
|    explained_variance   | 0.548        |
|    learning_rate        | 0.000236     |
|    loss                 | -0.15        |
|    n_updates            | 81           |
|    policy_gradient_loss | -0.00488     |
|    value_loss           | 0.0286       |
------------------------------------------
------------------------------------------
| time/                   |              |
|    fps                  | 1358         |
|    iterations           | 29           |
|    time_elapsed         | 87           |
|    total_timesteps      | 118784       |
| train/                  |              |
|    approx_kl            | 0.0032635133 |
|    clip_fraction        | 0.000814     |
|    clip_range           | 0.2          |
|    entropy_loss         | -1.77        |
|    explained_variance   | 0.339        |
|    learning_rate        | 0.000233     |
|    loss                 | -0.135       |
|    n_updates            | 84           |
|    policy_gradient_loss | -0.00467     |
|    value_loss           | 0.0224       |
------------------------------------------
------------------------------------------
| time/                   |              |
|    fps                  | 1398         |
|    iterations           | 30           |
|    time_elapsed         | 87           |
|    total_timesteps      | 122880       |
| train/                  |              |
|    approx_kl            | 0.0019936236 |
|    clip_fraction        | 8.14e-05     |
|    clip_range           | 0.2          |
|    entropy_loss         | -1.73        |
|    explained_variance   | 0.355        |
|    learning_rate        | 0.000231     |
|    loss                 | -0.134       |
|    n_updates            | 87           |
|    policy_gradient_loss | -0.00361     |
|    value_loss           | 0.0208       |
------------------------------------------
------------------------------------------
| time/                   |              |
|    fps                  | 1438         |
|    iterations           | 31           |
|    time_elapsed         | 88           |
|    total_timesteps      | 126976       |
| train/                  |              |
|    approx_kl            | 0.0021282935 |
|    clip_fraction        | 0.00114      |
|    clip_range           | 0.2          |
|    entropy_loss         | -1.77        |
|    explained_variance   | 0.367        |
|    learning_rate        | 0.000229     |
|    loss                 | -0.14        |
|    n_updates            | 90           |
|    policy_gradient_loss | -0.00342     |
|    value_loss           | 0.0183       |
------------------------------------------
------------------------------------------
| time/                   |              |
|    fps                  | 1477         |
|    iterations           | 32           |
|    time_elapsed         | 88           |
|    total_timesteps      | 131072       |
| train/                  |              |
|    approx_kl            | 0.0028847354 |
|    clip_fraction        | 0.00277      |
|    clip_range           | 0.2          |
|    entropy_loss         | -1.72        |
|    explained_variance   | 0.493        |
|    learning_rate        | 0.000226     |
|    loss                 | -0.141       |
|    n_updates            | 93           |
|    policy_gradient_loss | -0.00363     |
|    value_loss           | 0.0197       |
------------------------------------------
----------------------------------------
| time/                   |            |
|    fps                  | 1516       |
|    iterations           | 33         |
|    time_elapsed         | 89         |
|    total_timesteps      | 135168     |
| train/                  |            |
|    approx_kl            | 0.00196215 |
|    clip_fraction        | 0.00057    |
|    clip_range           | 0.2        |
|    entropy_loss         | -1.71      |
|    explained_variance   | 0.0126     |
|    learning_rate        | 0.000224   |
|    loss                 | -0.129     |
|    n_updates            | 96         |
|    policy_gradient_loss | -0.00345   |
|    value_loss           | 0.0145     |
----------------------------------------
------------------------------------------
| time/                   |              |
|    fps                  | 1555         |
|    iterations           | 34           |
|    time_elapsed         | 89           |
|    total_timesteps      | 139264       |
| train/                  |              |
|    approx_kl            | 0.0022066417 |
|    clip_fraction        | 0.000732     |
|    clip_range           | 0.2          |
|    entropy_loss         | -1.7         |
|    explained_variance   | 0.453        |
|    learning_rate        | 0.000222     |
|    loss                 | -0.137       |
|    n_updates            | 99           |
|    policy_gradient_loss | -0.00418     |
|    value_loss           | 0.0116       |
------------------------------------------
------------------------------------------
| time/                   |              |
|    fps                  | 1593         |
|    iterations           | 35           |
|    time_elapsed         | 89           |
|    total_timesteps      | 143360       |
| train/                  |              |
|    approx_kl            | 0.0017515852 |
|    clip_fraction        | 0.000326     |
|    clip_range           | 0.2          |
|    entropy_loss         | -1.67        |
|    explained_variance   | 0.365        |
|    learning_rate        | 0.000219     |
|    loss                 | -0.123       |
|    n_updates            | 102          |
|    policy_gradient_loss | -0.00212     |
|    value_loss           | 0.0133       |
------------------------------------------
------------------------------------------
| time/                   |              |
|    fps                  | 1631         |
|    iterations           | 36           |
|    time_elapsed         | 90           |
|    total_timesteps      | 147456       |
| train/                  |              |
|    approx_kl            | 0.0022088639 |
|    clip_fraction        | 0.000732     |
|    clip_range           | 0.2          |
|    entropy_loss         | -1.72        |
|    explained_variance   | 0.453        |
|    learning_rate        | 0.000217     |
|    loss                 | -0.133       |
|    n_updates            | 105          |
|    policy_gradient_loss | -0.00278     |
|    value_loss           | 0.015        |
------------------------------------------
Eval num_timesteps=150000, episode_reward=-52132.55 +/- 3054.10
Episode length: 86400.00 +/- 0.00
------------------------------------------
| eval/                   |              |
|    mean_ep_length       | 8.64e+04     |
|    mean_reward          | -5.21e+04    |
| time/                   |              |
|    total_timesteps      | 150000       |
| train/                  |              |
|    approx_kl            | 0.0035065087 |
|    clip_fraction        | 0.00977      |
|    clip_range           | 0.2          |
|    entropy_loss         | -1.67        |
|    explained_variance   | 0.376        |
|    learning_rate        | 0.000214     |
|    loss                 | -0.124       |
|    n_updates            | 108          |
|    policy_gradient_loss | -0.00544     |
|    value_loss           | 0.0142       |
------------------------------------------
New best mean reward!
  ⏱  150,000 / 500,000  ( 30.0%)  │  FPS   1169  │  RSS   1968 MB  │  00:02:08
-------------------------------
| time/              |        |
|    fps             | 1180   |
|    iterations      | 37     |
|    time_elapsed    | 128    |
|    total_timesteps | 151552 |
-------------------------------
------------------------------------------
| time/                   |              |
|    fps                  | 1208         |
|    iterations           | 38           |
|    time_elapsed         | 128          |
|    total_timesteps      | 155648       |
| train/                  |              |
|    approx_kl            | 0.0022206518 |
|    clip_fraction        | 0.00057      |
|    clip_range           | 0.2          |
|    entropy_loss         | -1.67        |
|    explained_variance   | 0.176        |
|    learning_rate        | 0.000212     |
|    loss                 | -0.115       |
|    n_updates            | 111          |
|    policy_gradient_loss | -0.00267     |
|    value_loss           | 0.013        |
------------------------------------------
-----------------------------------------
| time/                   |             |
|    fps                  | 1236        |
|    iterations           | 39          |
|    time_elapsed         | 129         |
|    total_timesteps      | 159744      |
| train/                  |             |
|    approx_kl            | 0.005410631 |
|    clip_fraction        | 0.023       |
|    clip_range           | 0.2         |
|    entropy_loss         | -1.67       |
|    explained_variance   | 0.452       |
|    learning_rate        | 0.00021     |
|    loss                 | -0.131      |
|    n_updates            | 114         |
|    policy_gradient_loss | -0.00579    |
|    value_loss           | 0.0165      |
-----------------------------------------
------------------------------------------
| time/                   |              |
|    fps                  | 1263         |
|    iterations           | 40           |
|    time_elapsed         | 129          |
|    total_timesteps      | 163840       |
| train/                  |              |
|    approx_kl            | 0.0021816175 |
|    clip_fraction        | 0.000244     |
|    clip_range           | 0.2          |
|    entropy_loss         | -1.64        |
|    explained_variance   | 0.469        |
|    learning_rate        | 0.000207     |
|    loss                 | -0.118       |
|    n_updates            | 117          |
|    policy_gradient_loss | -0.00307     |
|    value_loss           | 0.0106       |
------------------------------------------
-------------------------------------------
| time/                   |               |
|    fps                  | 1290          |
|    iterations           | 41            |
|    time_elapsed         | 130           |
|    total_timesteps      | 167936        |
| train/                  |               |
|    approx_kl            | 0.00048178103 |
|    clip_fraction        | 0.000244      |
|    clip_range           | 0.2           |
|    entropy_loss         | -1.63         |
|    explained_variance   | 0.674         |
|    learning_rate        | 0.000205      |
|    loss                 | -0.115        |
|    n_updates            | 120           |
|    policy_gradient_loss | -0.00229      |
|    value_loss           | 0.0125        |
-------------------------------------------
-----------------------------------------
| time/                   |             |
|    fps                  | 1317        |
|    iterations           | 42          |
|    time_elapsed         | 130         |
|    total_timesteps      | 172032      |
| train/                  |             |
|    approx_kl            | 0.002402567 |
|    clip_fraction        | 0.00334     |
|    clip_range           | 0.2         |
|    entropy_loss         | -1.66       |
|    explained_variance   | 0.57        |
|    learning_rate        | 0.000203    |
|    loss                 | -0.118      |
|    n_updates            | 123         |
|    policy_gradient_loss | -0.00268    |
|    value_loss           | 0.0102      |
-----------------------------------------
------------------------------------------
| time/                   |              |
|    fps                  | 1344         |
|    iterations           | 43           |
|    time_elapsed         | 130          |
|    total_timesteps      | 176128       |
| train/                  |              |
|    approx_kl            | 0.0037138038 |
|    clip_fraction        | 0.00163      |
|    clip_range           | 0.2          |
|    entropy_loss         | -1.64        |
|    explained_variance   | 0.552        |
|    learning_rate        | 0.0002       |
|    loss                 | -0.126       |
|    n_updates            | 126          |
|    policy_gradient_loss | -0.00419     |
|    value_loss           | 0.0125       |
------------------------------------------
------------------------------------------
| time/                   |              |
|    fps                  | 1371         |
|    iterations           | 44           |
|    time_elapsed         | 131          |
|    total_timesteps      | 180224       |
| train/                  |              |
|    approx_kl            | 0.0013346572 |
|    clip_fraction        | 0            |
|    clip_range           | 0.2          |
|    entropy_loss         | -1.57        |
|    explained_variance   | 0.415        |
|    learning_rate        | 0.000198     |
|    loss                 | -0.102       |
|    n_updates            | 129          |
|    policy_gradient_loss | -0.0019      |
|    value_loss           | 0.00999      |
------------------------------------------
-----------------------------------------
| time/                   |             |
|    fps                  | 1397        |
|    iterations           | 45          |
|    time_elapsed         | 131         |
|    total_timesteps      | 184320      |
| train/                  |             |
|    approx_kl            | 0.001190979 |
|    clip_fraction        | 8.14e-05    |
|    clip_range           | 0.2         |
|    entropy_loss         | -1.68       |
|    explained_variance   | 0.489       |
|    learning_rate        | 0.000195    |
|    loss                 | -0.115      |
|    n_updates            | 132         |
|    policy_gradient_loss | -0.00245    |
|    value_loss           | 0.0117      |
-----------------------------------------
------------------------------------------
| time/                   |              |
|    fps                  | 1424         |
|    iterations           | 46           |
|    time_elapsed         | 132          |
|    total_timesteps      | 188416       |
| train/                  |              |
|    approx_kl            | 0.0013311589 |
|    clip_fraction        | 0            |
|    clip_range           | 0.2          |
|    entropy_loss         | -1.59        |
|    explained_variance   | 0.79         |
|    learning_rate        | 0.000193     |
|    loss                 | -0.11        |
|    n_updates            | 135          |
|    policy_gradient_loss | -0.00197     |
|    value_loss           | 0.0125       |
------------------------------------------
------------------------------------------
| time/                   |              |
|    fps                  | 1450         |
|    iterations           | 47           |
|    time_elapsed         | 132          |
|    total_timesteps      | 192512       |
| train/                  |              |
|    approx_kl            | 0.0029827617 |
|    clip_fraction        | 0.00488      |
|    clip_range           | 0.2          |
|    entropy_loss         | -1.6         |
|    explained_variance   | 0.441        |
|    learning_rate        | 0.000191     |
|    loss                 | -0.0965      |
|    n_updates            | 138          |
|    policy_gradient_loss | -0.00329     |
|    value_loss           | 0.0127       |
------------------------------------------
------------------------------------------
| time/                   |              |
|    fps                  | 1476         |
|    iterations           | 48           |
|    time_elapsed         | 133          |
|    total_timesteps      | 196608       |
| train/                  |              |
|    approx_kl            | 0.0031204987 |
|    clip_fraction        | 0.00496      |
|    clip_range           | 0.2          |
|    entropy_loss         | -1.64        |
|    explained_variance   | 0.606        |
|    learning_rate        | 0.000188     |
|    loss                 | -0.105       |
|    n_updates            | 141          |
|    policy_gradient_loss | -0.0033      |
|    value_loss           | 0.0122       |
------------------------------------------
Eval num_timesteps=200000, episode_reward=-40744.05 +/- 2229.40
Episode length: 86400.00 +/- 0.00
----------------------------------------
| eval/                   |            |
|    mean_ep_length       | 8.64e+04   |
|    mean_reward          | -4.07e+04  |
| time/                   |            |
|    total_timesteps      | 200000     |
| train/                  |            |
|    approx_kl            | 0.00360621 |
|    clip_fraction        | 0.00203    |
|    clip_range           | 0.2        |
|    entropy_loss         | -1.61      |
|    explained_variance   | 0.45       |
|    learning_rate        | 0.000186   |
|    loss                 | -0.109     |
|    n_updates            | 144        |
|    policy_gradient_loss | -0.00329   |
|    value_loss           | 0.0112     |
----------------------------------------
New best mean reward!
  ⏱  200,000 / 500,000  ( 40.0%)  │  FPS   1163  │  RSS   1968 MB  │  00:02:51
---------------------------------
| ablation/          |          |
|    ent_coef        | 0.064    |
| time/              |          |
|    fps             | 1172     |
|    iterations      | 49       |
|    time_elapsed    | 171      |
|    total_timesteps | 200704   |
---------------------------------
------------------------------------------
| time/                   |              |
|    fps                  | 1192         |
|    iterations           | 50           |
|    time_elapsed         | 171          |
|    total_timesteps      | 204800       |
| train/                  |              |
|    approx_kl            | 0.0011442722 |
|    clip_fraction        | 0            |
|    clip_range           | 0.2          |
|    entropy_loss         | -1.65        |
|    explained_variance   | 0.71         |
|    learning_rate        | 0.000184     |
|    loss                 | -0.106       |
|    n_updates            | 147          |
|    policy_gradient_loss | -0.00216     |
|    value_loss           | 0.00978      |
------------------------------------------
-------------------------------------------
| time/                   |               |
|    fps                  | 1213          |
|    iterations           | 51            |
|    time_elapsed         | 172           |
|    total_timesteps      | 208896        |
| train/                  |               |
|    approx_kl            | 0.00068040687 |
|    clip_fraction        | 8.14e-05      |
|    clip_range           | 0.2           |
|    entropy_loss         | -1.62         |
|    explained_variance   | 0.642         |
|    learning_rate        | 0.000181      |
|    loss                 | -0.104        |
|    n_updates            | 150           |
|    policy_gradient_loss | -0.0016       |
|    value_loss           | 0.00999       |
-------------------------------------------
------------------------------------------
| time/                   |              |
|    fps                  | 1233         |
|    iterations           | 52           |
|    time_elapsed         | 172          |
|    total_timesteps      | 212992       |
| train/                  |              |
|    approx_kl            | 0.0008618411 |
|    clip_fraction        | 0.000326     |
|    clip_range           | 0.2          |
|    entropy_loss         | -1.64        |
|    explained_variance   | 0.609        |
|    learning_rate        | 0.000179     |
|    loss                 | -0.103       |
|    n_updates            | 153          |
|    policy_gradient_loss | -0.00189     |
|    value_loss           | 0.0124       |
------------------------------------------
------------------------------------------
| time/                   |              |
|    fps                  | 1254         |
|    iterations           | 53           |
|    time_elapsed         | 173          |
|    total_timesteps      | 217088       |
| train/                  |              |
|    approx_kl            | 0.0014065776 |
|    clip_fraction        | 0            |
|    clip_range           | 0.2          |
|    entropy_loss         | -1.63        |
|    explained_variance   | 0.639        |
|    learning_rate        | 0.000176     |
|    loss                 | -0.102       |
|    n_updates            | 156          |
|    policy_gradient_loss | -0.002       |
|    value_loss           | 0.0104       |
------------------------------------------
------------------------------------------
| time/                   |              |
|    fps                  | 1274         |
|    iterations           | 54           |
|    time_elapsed         | 173          |
|    total_timesteps      | 221184       |
| train/                  |              |
|    approx_kl            | 0.0021962202 |
|    clip_fraction        | 8.14e-05     |
|    clip_range           | 0.2          |
|    entropy_loss         | -1.63        |
|    explained_variance   | 0.644        |
|    learning_rate        | 0.000174     |
|    loss                 | -0.11        |
|    n_updates            | 159          |
|    policy_gradient_loss | -0.00302     |
|    value_loss           | 0.0102       |
------------------------------------------
------------------------------------------
| time/                   |              |
|    fps                  | 1295         |
|    iterations           | 55           |
|    time_elapsed         | 173          |
|    total_timesteps      | 225280       |
| train/                  |              |
|    approx_kl            | 0.0027558631 |
|    clip_fraction        | 0            |
|    clip_range           | 0.2          |
|    entropy_loss         | -1.58        |
|    explained_variance   | 0.668        |
|    learning_rate        | 0.000172     |
|    loss                 | -0.102       |
|    n_updates            | 162          |
|    policy_gradient_loss | -0.00304     |
|    value_loss           | 0.00854      |
------------------------------------------
------------------------------------------
| time/                   |              |
|    fps                  | 1315         |
|    iterations           | 56           |
|    time_elapsed         | 174          |
|    total_timesteps      | 229376       |
| train/                  |              |
|    approx_kl            | 0.0012370693 |
|    clip_fraction        | 0.000651     |
|    clip_range           | 0.2          |
|    entropy_loss         | -1.61        |
|    explained_variance   | 0.652        |
|    learning_rate        | 0.000169     |
|    loss                 | -0.0925      |
|    n_updates            | 165          |
|    policy_gradient_loss | -0.00265     |
|    value_loss           | 0.00835      |
------------------------------------------
------------------------------------------
| time/                   |              |
|    fps                  | 1335         |
|    iterations           | 57           |
|    time_elapsed         | 174          |
|    total_timesteps      | 233472       |
| train/                  |              |
|    approx_kl            | 0.0011513529 |
|    clip_fraction        | 0.000326     |
|    clip_range           | 0.2          |
|    entropy_loss         | -1.57        |
|    explained_variance   | 0.368        |
|    learning_rate        | 0.000167     |
|    loss                 | -0.0847      |
|    n_updates            | 168          |
|    policy_gradient_loss | -0.0025      |
|    value_loss           | 0.0109       |
------------------------------------------
------------------------------------------
| time/                   |              |
|    fps                  | 1356         |
|    iterations           | 58           |
|    time_elapsed         | 175          |
|    total_timesteps      | 237568       |
| train/                  |              |
|    approx_kl            | 0.0014230476 |
|    clip_fraction        | 0.000244     |
|    clip_range           | 0.2          |
|    entropy_loss         | -1.53        |
|    explained_variance   | 0.416        |
|    learning_rate        | 0.000165     |
|    loss                 | -0.0909      |
|    n_updates            | 171          |
|    policy_gradient_loss | -0.00301     |
|    value_loss           | 0.0107       |
------------------------------------------
------------------------------------------
| time/                   |              |
|    fps                  | 1376         |
|    iterations           | 59           |
|    time_elapsed         | 175          |
|    total_timesteps      | 241664       |
| train/                  |              |
|    approx_kl            | 0.0015587418 |
|    clip_fraction        | 8.14e-05     |
|    clip_range           | 0.2          |
|    entropy_loss         | -1.59        |
|    explained_variance   | 0.761        |
|    learning_rate        | 0.000162     |
|    loss                 | -0.0945      |
|    n_updates            | 174          |
|    policy_gradient_loss | -0.00216     |
|    value_loss           | 0.00946      |
------------------------------------------
------------------------------------------
| time/                   |              |
|    fps                  | 1395         |
|    iterations           | 60           |
|    time_elapsed         | 176          |
|    total_timesteps      | 245760       |
| train/                  |              |
|    approx_kl            | 0.0013290814 |
|    clip_fraction        | 0            |
|    clip_range           | 0.2          |
|    entropy_loss         | -1.52        |
|    explained_variance   | 0.666        |
|    learning_rate        | 0.00016      |
|    loss                 | -0.0822      |
|    n_updates            | 177          |
|    policy_gradient_loss | -0.00235     |
|    value_loss           | 0.00762      |
------------------------------------------
------------------------------------------
| time/                   |              |
|    fps                  | 1415         |
|    iterations           | 61           |
|    time_elapsed         | 176          |
|    total_timesteps      | 249856       |
| train/                  |              |
|    approx_kl            | 0.0008049113 |
|    clip_fraction        | 8.14e-05     |
|    clip_range           | 0.2          |
|    entropy_loss         | -1.56        |
|    explained_variance   | 0.585        |
|    learning_rate        | 0.000157     |
|    loss                 | -0.0852      |
|    n_updates            | 180          |
|    policy_gradient_loss | -0.00134     |
|    value_loss           | 0.0115       |
------------------------------------------
Eval num_timesteps=250000, episode_reward=-39431.77 +/- 1747.29
Episode length: 86400.00 +/- 0.00
-----------------------------------------
| eval/                   |             |
|    mean_ep_length       | 8.64e+04    |
|    mean_reward          | -3.94e+04   |
| time/                   |             |
|    total_timesteps      | 250000      |
| train/                  |             |
|    approx_kl            | 0.001123851 |
|    clip_fraction        | 0           |
|    clip_range           | 0.2         |
|    entropy_loss         | -1.56       |
|    explained_variance   | 0.712       |
|    learning_rate        | 0.000155    |
|    loss                 | -0.0833     |
|    n_updates            | 183         |
|    policy_gradient_loss | -0.00145    |
|    value_loss           | 0.00893     |
-----------------------------------------
New best mean reward!
  ⏱  250,000 / 500,000  ( 50.0%)  │  FPS   1169  │  RSS   1968 MB  │  00:03:33
-------------------------------
| time/              |        |
|    fps             | 1185   |
|    iterations      | 62     |
|    time_elapsed    | 214    |
|    total_timesteps | 253952 |
-------------------------------
-----------------------------------------
| time/                   |             |
|    fps                  | 1201        |
|    iterations           | 63          |
|    time_elapsed         | 214         |
|    total_timesteps      | 258048      |
| train/                  |             |
|    approx_kl            | 0.002883121 |
|    clip_fraction        | 0.0013      |
|    clip_range           | 0.2         |
|    entropy_loss         | -1.54       |
|    explained_variance   | 0.607       |
|    learning_rate        | 0.000153    |
|    loss                 | -0.0916     |
|    n_updates            | 186         |
|    policy_gradient_loss | -0.00385    |
|    value_loss           | 0.00968     |
-----------------------------------------
------------------------------------------
| time/                   |              |
|    fps                  | 1218         |
|    iterations           | 64           |
|    time_elapsed         | 215          |
|    total_timesteps      | 262144       |
| train/                  |              |
|    approx_kl            | 0.0030752386 |
|    clip_fraction        | 0.000895     |
|    clip_range           | 0.2          |
|    entropy_loss         | -1.53        |
|    explained_variance   | 0.689        |
|    learning_rate        | 0.00015      |
|    loss                 | -0.0831      |
|    n_updates            | 189          |
|    policy_gradient_loss | -0.00362     |
|    value_loss           | 0.00853      |
------------------------------------------
------------------------------------------
| time/                   |              |
|    fps                  | 1234         |
|    iterations           | 65           |
|    time_elapsed         | 215          |
|    total_timesteps      | 266240       |
| train/                  |              |
|    approx_kl            | 0.0010527989 |
|    clip_fraction        | 0            |
|    clip_range           | 0.2          |
|    entropy_loss         | -1.42        |
|    explained_variance   | 0.803        |
|    learning_rate        | 0.000148     |
|    loss                 | -0.0818      |
|    n_updates            | 192          |
|    policy_gradient_loss | -0.00257     |
|    value_loss           | 0.00765      |
------------------------------------------
-----------------------------------------
| time/                   |             |
|    fps                  | 1251        |
|    iterations           | 66          |
|    time_elapsed         | 216         |
|    total_timesteps      | 270336      |
| train/                  |             |
|    approx_kl            | 0.001579322 |
|    clip_fraction        | 8.14e-05    |
|    clip_range           | 0.2         |
|    entropy_loss         | -1.46       |
|    explained_variance   | 0.623       |
|    learning_rate        | 0.000146    |
|    loss                 | -0.0786     |
|    n_updates            | 195         |
|    policy_gradient_loss | -0.00285    |
|    value_loss           | 0.00913     |
-----------------------------------------
------------------------------------------
| time/                   |              |
|    fps                  | 1267         |
|    iterations           | 67           |
|    time_elapsed         | 216          |
|    total_timesteps      | 274432       |
| train/                  |              |
|    approx_kl            | 0.0029649711 |
|    clip_fraction        | 0.00439      |
|    clip_range           | 0.2          |
|    entropy_loss         | -1.46        |
|    explained_variance   | 0.546        |
|    learning_rate        | 0.000143     |
|    loss                 | -0.077       |
|    n_updates            | 198          |
|    policy_gradient_loss | -0.004       |
|    value_loss           | 0.0117       |
------------------------------------------
-------------------------------------------
| time/                   |               |
|    fps                  | 1283          |
|    iterations           | 68            |
|    time_elapsed         | 216           |
|    total_timesteps      | 278528        |
| train/                  |               |
|    approx_kl            | 0.00046783162 |
|    clip_fraction        | 0.000488      |
|    clip_range           | 0.2           |
|    entropy_loss         | -1.49         |
|    explained_variance   | 0.638         |
|    learning_rate        | 0.000141      |
|    loss                 | -0.0743       |
|    n_updates            | 201           |
|    policy_gradient_loss | -0.000995     |
|    value_loss           | 0.00981       |
-------------------------------------------
-------------------------------------------
| time/                   |               |
|    fps                  | 1300          |
|    iterations           | 69            |
|    time_elapsed         | 217           |
|    total_timesteps      | 282624        |
| train/                  |               |
|    approx_kl            | 0.00071730546 |
|    clip_fraction        | 0             |
|    clip_range           | 0.2           |
|    entropy_loss         | -1.44         |
|    explained_variance   | 0.631         |
|    learning_rate        | 0.000138      |
|    loss                 | -0.0724       |
|    n_updates            | 204           |
|    policy_gradient_loss | -0.00175      |
|    value_loss           | 0.00825       |
-------------------------------------------
------------------------------------------
| time/                   |              |
|    fps                  | 1316         |
|    iterations           | 70           |
|    time_elapsed         | 217          |
|    total_timesteps      | 286720       |
| train/                  |              |
|    approx_kl            | 0.0013124733 |
|    clip_fraction        | 0.000163     |
|    clip_range           | 0.2          |
|    entropy_loss         | -1.5         |
|    explained_variance   | 0.771        |
|    learning_rate        | 0.000136     |
|    loss                 | -0.0788      |
|    n_updates            | 207          |
|    policy_gradient_loss | -0.00192     |
|    value_loss           | 0.0129       |
------------------------------------------
------------------------------------------
| time/                   |              |
|    fps                  | 1332         |
|    iterations           | 71           |
|    time_elapsed         | 218          |
|    total_timesteps      | 290816       |
| train/                  |              |
|    approx_kl            | 0.0007480106 |
|    clip_fraction        | 0            |
|    clip_range           | 0.2          |
|    entropy_loss         | -1.5         |
|    explained_variance   | 0.693        |
|    learning_rate        | 0.000134     |
|    loss                 | -0.0738      |
|    n_updates            | 210          |
|    policy_gradient_loss | -0.00154     |
|    value_loss           | 0.01         |
------------------------------------------
------------------------------------------
| time/                   |              |
|    fps                  | 1348         |
|    iterations           | 72           |
|    time_elapsed         | 218          |
|    total_timesteps      | 294912       |
| train/                  |              |
|    approx_kl            | 0.0014190951 |
|    clip_fraction        | 0.000326     |
|    clip_range           | 0.2          |
|    entropy_loss         | -1.44        |
|    explained_variance   | 0.401        |
|    learning_rate        | 0.000131     |
|    loss                 | -0.0607      |
|    n_updates            | 213          |
|    policy_gradient_loss | -0.00246     |
|    value_loss           | 0.0123       |
------------------------------------------
-------------------------------------------
| time/                   |               |
|    fps                  | 1364          |
|    iterations           | 73            |
|    time_elapsed         | 219           |
|    total_timesteps      | 299008        |
| train/                  |               |
|    approx_kl            | 0.00072113494 |
|    clip_fraction        | 0             |
|    clip_range           | 0.2           |
|    entropy_loss         | -1.52         |
|    explained_variance   | 0.636         |
|    learning_rate        | 0.000129      |
|    loss                 | -0.0698       |
|    n_updates            | 216           |
|    policy_gradient_loss | -0.00239      |
|    value_loss           | 0.00972       |
-------------------------------------------
Eval num_timesteps=300000, episode_reward=-41326.42 +/- 1178.67
Episode length: 86400.00 +/- 0.00
------------------------------------------
| eval/                   |              |
|    mean_ep_length       | 8.64e+04     |
|    mean_reward          | -4.13e+04    |
| time/                   |              |
|    total_timesteps      | 300000       |
| train/                  |              |
|    approx_kl            | 0.0005773863 |
|    clip_fraction        | 0            |
|    clip_range           | 0.2          |
|    entropy_loss         | -1.42        |
|    explained_variance   | 0.741        |
|    learning_rate        | 0.000127     |
|    loss                 | -0.0666      |
|    n_updates            | 219          |
|    policy_gradient_loss | -0.002       |
|    value_loss           | 0.0103       |
------------------------------------------
  ⏱  300,000 / 500,000  ( 60.0%)  │  FPS   1160  │  RSS   2011 MB  │  00:04:17
---------------------------------
| ablation/          |          |
|    ent_coef        | 0.046    |
| time/              |          |
|    fps             | 1177     |
|    iterations      | 74       |
|    time_elapsed    | 257      |
|    total_timesteps | 303104   |
---------------------------------
------------------------------------------
| time/                   |              |
|    fps                  | 1191         |
|    iterations           | 75           |
|    time_elapsed         | 257          |
|    total_timesteps      | 307200       |
| train/                  |              |
|    approx_kl            | 0.0007627533 |
|    clip_fraction        | 0.00187      |
|    clip_range           | 0.2          |
|    entropy_loss         | -1.45        |
|    explained_variance   | 0.655        |
|    learning_rate        | 0.000124     |
|    loss                 | -0.0645      |
|    n_updates            | 222          |
|    policy_gradient_loss | -0.00207     |
|    value_loss           | 0.00931      |
------------------------------------------
------------------------------------------
| time/                   |              |
|    fps                  | 1205         |
|    iterations           | 76           |
|    time_elapsed         | 258          |
|    total_timesteps      | 311296       |
| train/                  |              |
|    approx_kl            | 0.0013111102 |
|    clip_fraction        | 0.000163     |
|    clip_range           | 0.2          |
|    entropy_loss         | -1.38        |
|    explained_variance   | 0.658        |
|    learning_rate        | 0.000122     |
|    loss                 | -0.0596      |
|    n_updates            | 225          |
|    policy_gradient_loss | -0.00245     |
|    value_loss           | 0.0101       |
------------------------------------------
------------------------------------------
| time/                   |              |
|    fps                  | 1219         |
|    iterations           | 77           |
|    time_elapsed         | 258          |
|    total_timesteps      | 315392       |
| train/                  |              |
|    approx_kl            | 0.0009563044 |
|    clip_fraction        | 0            |
|    clip_range           | 0.2          |
|    entropy_loss         | -1.35        |
|    explained_variance   | 0.652        |
|    learning_rate        | 0.000119     |
|    loss                 | -0.0601      |
|    n_updates            | 228          |
|    policy_gradient_loss | -0.00247     |
|    value_loss           | 0.00852      |
------------------------------------------
-------------------------------------------
| time/                   |               |
|    fps                  | 1233          |
|    iterations           | 78            |
|    time_elapsed         | 259           |
|    total_timesteps      | 319488        |
| train/                  |               |
|    approx_kl            | 0.00074951554 |
|    clip_fraction        | 8.14e-05      |
|    clip_range           | 0.2           |
|    entropy_loss         | -1.41         |
|    explained_variance   | 0.677         |
|    learning_rate        | 0.000117      |
|    loss                 | -0.0617       |
|    n_updates            | 231           |
|    policy_gradient_loss | -0.00182      |
|    value_loss           | 0.0117        |
-------------------------------------------
------------------------------------------
| time/                   |              |
|    fps                  | 1246         |
|    iterations           | 79           |
|    time_elapsed         | 259          |
|    total_timesteps      | 323584       |
| train/                  |              |
|    approx_kl            | 0.0007881976 |
|    clip_fraction        | 0            |
|    clip_range           | 0.2          |
|    entropy_loss         | -1.26        |
|    explained_variance   | 0.75         |
|    learning_rate        | 0.000115     |
|    loss                 | -0.0519      |
|    n_updates            | 234          |
|    policy_gradient_loss | -0.00133     |
|    value_loss           | 0.00961      |
------------------------------------------
-------------------------------------------
| time/                   |               |
|    fps                  | 1260          |
|    iterations           | 80            |
|    time_elapsed         | 259           |
|    total_timesteps      | 327680        |
| train/                  |               |
|    approx_kl            | 0.00040559156 |
|    clip_fraction        | 0.000977      |
|    clip_range           | 0.2           |
|    entropy_loss         | -1.26         |
|    explained_variance   | 0.384         |
|    learning_rate        | 0.000112      |
|    loss                 | -0.0513       |
|    n_updates            | 237           |
|    policy_gradient_loss | -0.00162      |
|    value_loss           | 0.00922       |
-------------------------------------------
------------------------------------------
| time/                   |              |
|    fps                  | 1274         |
|    iterations           | 81           |
|    time_elapsed         | 260          |
|    total_timesteps      | 331776       |
| train/                  |              |
|    approx_kl            | 0.0017483507 |
|    clip_fraction        | 0            |
|    clip_range           | 0.2          |
|    entropy_loss         | -1.24        |
|    explained_variance   | 0.545        |
|    learning_rate        | 0.00011      |
|    loss                 | -0.0517      |
|    n_updates            | 240          |
|    policy_gradient_loss | -0.00248     |
|    value_loss           | 0.00693      |
------------------------------------------
------------------------------------------
| time/                   |              |
|    fps                  | 1287         |
|    iterations           | 82           |
|    time_elapsed         | 260          |
|    total_timesteps      | 335872       |
| train/                  |              |
|    approx_kl            | 0.0013541725 |
|    clip_fraction        | 0            |
|    clip_range           | 0.2          |
|    entropy_loss         | -1.17        |
|    explained_variance   | 0.654        |
|    learning_rate        | 0.000108     |
|    loss                 | -0.0476      |
|    n_updates            | 243          |
|    policy_gradient_loss | -0.00261     |
|    value_loss           | 0.0144       |
------------------------------------------
-------------------------------------------
| time/                   |               |
|    fps                  | 1301          |
|    iterations           | 83            |
|    time_elapsed         | 261           |
|    total_timesteps      | 339968        |
| train/                  |               |
|    approx_kl            | 0.00026241824 |
|    clip_fraction        | 0             |
|    clip_range           | 0.2           |
|    entropy_loss         | -1.22         |
|    explained_variance   | 0.675         |
|    learning_rate        | 0.000105      |
|    loss                 | -0.0488       |
|    n_updates            | 246           |
|    policy_gradient_loss | -0.00135      |
|    value_loss           | 0.00953       |
-------------------------------------------
------------------------------------------
| time/                   |              |
|    fps                  | 1314         |
|    iterations           | 84           |
|    time_elapsed         | 261          |
|    total_timesteps      | 344064       |
| train/                  |              |
|    approx_kl            | 0.0005195719 |
|    clip_fraction        | 0            |
|    clip_range           | 0.2          |
|    entropy_loss         | -1.22        |
|    explained_variance   | 0.67         |
|    learning_rate        | 0.000103     |
|    loss                 | -0.0468      |
|    n_updates            | 249          |
|    policy_gradient_loss | -0.000764    |
|    value_loss           | 0.0151       |
------------------------------------------
------------------------------------------
| rollout/                |              |
|    ep_len_mean          | 8.64e+04     |
|    ep_rew_mean          | -1.8e+05     |
| time/                   |              |
|    fps                  | 1328         |
|    iterations           | 85           |
|    time_elapsed         | 262          |
|    total_timesteps      | 348160       |
| train/                  |              |
|    approx_kl            | 0.0009309088 |
|    clip_fraction        | 0            |
|    clip_range           | 0.2          |
|    entropy_loss         | -1.24        |
|    explained_variance   | 0.644        |
|    learning_rate        | 0.0001       |
|    loss                 | -0.0432      |
|    n_updates            | 252          |
|    policy_gradient_loss | -0.00133     |
|    value_loss           | 0.0185       |
------------------------------------------
Eval num_timesteps=350000, episode_reward=-42889.68 +/- 2477.57
Episode length: 86400.00 +/- 0.00
------------------------------------------
| eval/                   |              |
|    mean_ep_length       | 8.64e+04     |
|    mean_reward          | -4.29e+04    |
| time/                   |              |
|    total_timesteps      | 350000       |
| train/                  |              |
|    approx_kl            | 0.0002799769 |
|    clip_fraction        | 0            |
|    clip_range           | 0.2          |
|    entropy_loss         | -1.08        |
|    explained_variance   | 0.733        |
|    learning_rate        | 9.81e-05     |
|    loss                 | -0.0353      |
|    n_updates            | 255          |
|    policy_gradient_loss | -0.000758    |
|    value_loss           | 0.0122       |
------------------------------------------
  ⏱  350,000 / 500,000  ( 70.0%)  │  FPS   1155  │  RSS   2046 MB  │  00:05:00
---------------------------------
| rollout/           |          |
|    ep_len_mean     | 8.64e+04 |
|    ep_rew_mean     | -1.8e+05 |
| time/              |          |
|    fps             | 1172     |
|    iterations      | 86       |
|    time_elapsed    | 300      |
|    total_timesteps | 352256   |
---------------------------------
-------------------------------------------
| rollout/                |               |
|    ep_len_mean          | 8.64e+04      |
|    ep_rew_mean          | -1.8e+05      |
| time/                   |               |
|    fps                  | 1183          |
|    iterations           | 87            |
|    time_elapsed         | 300           |
|    total_timesteps      | 356352        |
| train/                  |               |
|    approx_kl            | 0.00064373796 |
|    clip_fraction        | 0             |
|    clip_range           | 0.2           |
|    entropy_loss         | -1.15         |
|    explained_variance   | 0.649         |
|    learning_rate        | 9.57e-05      |
|    loss                 | -0.0407       |
|    n_updates            | 258           |
|    policy_gradient_loss | -0.00158      |
|    value_loss           | 0.0106        |
-------------------------------------------
------------------------------------------
| rollout/                |              |
|    ep_len_mean          | 8.64e+04     |
|    ep_rew_mean          | -1.8e+05     |
| time/                   |              |
|    fps                  | 1195         |
|    iterations           | 88           |
|    time_elapsed         | 301          |
|    total_timesteps      | 360448       |
| train/                  |              |
|    approx_kl            | 0.0010476236 |
|    clip_fraction        | 0            |
|    clip_range           | 0.2          |
|    entropy_loss         | -1.27        |
|    explained_variance   | 0.643        |
|    learning_rate        | 9.33e-05     |
|    loss                 | -0.0371      |
|    n_updates            | 261          |
|    policy_gradient_loss | -0.00221     |
|    value_loss           | 0.017        |
------------------------------------------
-------------------------------------------
| rollout/                |               |
|    ep_len_mean          | 8.64e+04      |
|    ep_rew_mean          | -1.8e+05      |
| time/                   |               |
|    fps                  | 1207          |
|    iterations           | 89            |
|    time_elapsed         | 301           |
|    total_timesteps      | 364544        |
| train/                  |               |
|    approx_kl            | 0.00025528198 |
|    clip_fraction        | 0             |
|    clip_range           | 0.2           |
|    entropy_loss         | -1.19         |
|    explained_variance   | 0.708         |
|    learning_rate        | 9.09e-05      |
|    loss                 | -0.0363       |
|    n_updates            | 264           |
|    policy_gradient_loss | -0.000728     |
|    value_loss           | 0.0137        |
-------------------------------------------
-------------------------------------------
| rollout/                |               |
|    ep_len_mean          | 8.64e+04      |
|    ep_rew_mean          | -1.8e+05      |
| time/                   |               |
|    fps                  | 1219          |
|    iterations           | 90            |
|    time_elapsed         | 302           |
|    total_timesteps      | 368640        |
| train/                  |               |
|    approx_kl            | 0.00089306186 |
|    clip_fraction        | 0.00057       |
|    clip_range           | 0.2           |
|    entropy_loss         | -1.2          |
|    explained_variance   | 0.695         |
|    learning_rate        | 8.86e-05      |
|    loss                 | -0.0413       |
|    n_updates            | 267           |
|    policy_gradient_loss | -0.00195      |
|    value_loss           | 0.0133        |
-------------------------------------------
-------------------------------------------
| rollout/                |               |
|    ep_len_mean          | 8.64e+04      |
|    ep_rew_mean          | -1.8e+05      |
| time/                   |               |
|    fps                  | 1231          |
|    iterations           | 91            |
|    time_elapsed         | 302           |
|    total_timesteps      | 372736        |
| train/                  |               |
|    approx_kl            | 0.00021014344 |
|    clip_fraction        | 0             |
|    clip_range           | 0.2           |
|    entropy_loss         | -1.16         |
|    explained_variance   | 0.776         |
|    learning_rate        | 8.62e-05      |
|    loss                 | -0.0367       |
|    n_updates            | 270           |
|    policy_gradient_loss | -0.000883     |
|    value_loss           | 0.0116        |
-------------------------------------------
-------------------------------------------
| rollout/                |               |
|    ep_len_mean          | 8.64e+04      |
|    ep_rew_mean          | -1.8e+05      |
| time/                   |               |
|    fps                  | 1242          |
|    iterations           | 92            |
|    time_elapsed         | 303           |
|    total_timesteps      | 376832        |
| train/                  |               |
|    approx_kl            | 0.00062910945 |
|    clip_fraction        | 0             |
|    clip_range           | 0.2           |
|    entropy_loss         | -1.05         |
|    explained_variance   | 0.62          |
|    learning_rate        | 8.38e-05      |
|    loss                 | -0.0314       |
|    n_updates            | 273           |
|    policy_gradient_loss | -0.00174      |
|    value_loss           | 0.0134        |
-------------------------------------------
------------------------------------------
| rollout/                |              |
|    ep_len_mean          | 8.64e+04     |
|    ep_rew_mean          | -1.8e+05     |
| time/                   |              |
|    fps                  | 1254         |
|    iterations           | 93           |
|    time_elapsed         | 303          |
|    total_timesteps      | 380928       |
| train/                  |              |
|    approx_kl            | 0.0001683999 |
|    clip_fraction        | 0            |
|    clip_range           | 0.2          |
|    entropy_loss         | -1.16        |
|    explained_variance   | 0.735        |
|    learning_rate        | 8.14e-05     |
|    loss                 | -0.0372      |
|    n_updates            | 276          |
|    policy_gradient_loss | -0.000683    |
|    value_loss           | 0.00927      |
------------------------------------------
-------------------------------------------
| rollout/                |               |
|    ep_len_mean          | 8.64e+04      |
|    ep_rew_mean          | -1.8e+05      |
| time/                   |               |
|    fps                  | 1265          |
|    iterations           | 94            |
|    time_elapsed         | 304           |
|    total_timesteps      | 385024        |
| train/                  |               |
|    approx_kl            | 0.00022365263 |
|    clip_fraction        | 0             |
|    clip_range           | 0.2           |
|    entropy_loss         | -1.08         |
|    explained_variance   | 0.672         |
|    learning_rate        | 7.91e-05      |
|    loss                 | -0.0275       |
|    n_updates            | 279           |
|    policy_gradient_loss | -0.000866     |
|    value_loss           | 0.0118        |
-------------------------------------------
------------------------------------------
| rollout/                |              |
|    ep_len_mean          | 8.64e+04     |
|    ep_rew_mean          | -1.8e+05     |
| time/                   |              |
|    fps                  | 1277         |
|    iterations           | 95           |
|    time_elapsed         | 304          |
|    total_timesteps      | 389120       |
| train/                  |              |
|    approx_kl            | 0.0005899789 |
|    clip_fraction        | 0            |
|    clip_range           | 0.2          |
|    entropy_loss         | -1.1         |
|    explained_variance   | 0.596        |
|    learning_rate        | 7.67e-05     |
|    loss                 | -0.0334      |
|    n_updates            | 282          |
|    policy_gradient_loss | -0.00151     |
|    value_loss           | 0.0103       |
------------------------------------------
------------------------------------------
| rollout/                |              |
|    ep_len_mean          | 8.64e+04     |
|    ep_rew_mean          | -1.8e+05     |
| time/                   |              |
|    fps                  | 1288         |
|    iterations           | 96           |
|    time_elapsed         | 305          |
|    total_timesteps      | 393216       |
| train/                  |              |
|    approx_kl            | 0.0005796517 |
|    clip_fraction        | 0            |
|    clip_range           | 0.2          |
|    entropy_loss         | -1.11        |
|    explained_variance   | 0.682        |
|    learning_rate        | 7.43e-05     |
|    loss                 | -0.0322      |
|    n_updates            | 285          |
|    policy_gradient_loss | -0.00161     |
|    value_loss           | 0.00962      |
------------------------------------------
-------------------------------------------
| rollout/                |               |
|    ep_len_mean          | 8.64e+04      |
|    ep_rew_mean          | -1.8e+05      |
| time/                   |               |
|    fps                  | 1300          |
|    iterations           | 97            |
|    time_elapsed         | 305           |
|    total_timesteps      | 397312        |
| train/                  |               |
|    approx_kl            | 0.00025093363 |
|    clip_fraction        | 0             |
|    clip_range           | 0.2           |
|    entropy_loss         | -1.2          |
|    explained_variance   | 0.72          |
|    learning_rate        | 7.19e-05      |
|    loss                 | -0.0336       |
|    n_updates            | 288           |
|    policy_gradient_loss | -0.000803     |
|    value_loss           | 0.011         |Eval num_timesteps=400000, episode_reward=-52Eval num_timesteps=400000, episode_reward=-51641.62 +/- 1660.06
Episode length: 86400.00 +/- 0.00
-------------------------------------------
| eval/                   |               |
|    mean_ep_length       | 8.64e+04      |
|    mean_reward          | -5.16e+04     |
| time/                   |               |
|    total_timesteps      | 400000        |
| train/                  |               |
|    approx_kl            | 0.00031797244 |
|    clip_fraction        | 0             |
|    clip_range           | 0.2           |
|    entropy_loss         | -1.11         |
|    explained_variance   | 0.642         |
|    learning_rate        | 6.96e-05      |
|    loss                 | -0.0278       |
|    n_updates            | 291           |
|    policy_gradient_loss | -0.000613     |
|    value_loss           | 0.0148        |
-------------------------------------------
  ⏱  400,000 / 500,000  ( 80.0%)  │  FPS   1151  │  RSS   2046 MB  │  00:05:43
---------------------------------
| ablation/          |          |
|    ent_coef        | 0.028    |
| rollout/           |          |
|    ep_len_mean     | 8.64e+04 |
|    ep_rew_mean     | -1.8e+05 |
| time/              |          |
|    fps             | 1167     |
|    iterations      | 98       |
|    time_elapsed    | 343      |
|    total_timesteps | 401408   |
---------------------------------
-------------------------------------------
| rollout/                |               |
|    ep_len_mean          | 8.64e+04      |
|    ep_rew_mean          | -1.8e+05      |
| time/                   |               |
|    fps                  | 1177          |
|    iterations           | 99            |
|    time_elapsed         | 344           |
|    total_timesteps      | 405504        |
| train/                  |               |
|    approx_kl            | 8.3863124e-05 |
|    clip_fraction        | 0             |
|    clip_range           | 0.2           |
|    entropy_loss         | -1.07         |
|    explained_variance   | 0.728         |
|    learning_rate        | 6.72e-05      |
|    loss                 | -0.0187       |
|    n_updates            | 294           |
|    policy_gradient_loss | -0.000541     |
|    value_loss           | 0.0192        |
-------------------------------------------
-------------------------------------------
| rollout/                |               |
|    ep_len_mean          | 8.64e+04      |
|    ep_rew_mean          | -1.8e+05      |
| time/                   |               |
|    fps                  | 1187          |
|    iterations           | 100           |
|    time_elapsed         | 344           |
|    total_timesteps      | 409600        |
| train/                  |               |
|    approx_kl            | 0.00029384723 |
|    clip_fraction        | 0             |
|    clip_range           | 0.2           |
|    entropy_loss         | -1.13         |
|    explained_variance   | 0.768         |
|    learning_rate        | 6.48e-05      |
|    loss                 | -0.0254       |
|    n_updates            | 297           |
|    policy_gradient_loss | -0.00107      |
|    value_loss           | 0.0161        |
-------------------------------------------
-------------------------------------------
| rollout/                |               |
|    ep_len_mean          | 8.64e+04      |
|    ep_rew_mean          | -1.8e+05      |
| time/                   |               |
|    fps                  | 1198          |
|    iterations           | 101           |
|    time_elapsed         | 345           |
|    total_timesteps      | 413696        |
| train/                  |               |
|    approx_kl            | 0.00050341163 |
|    clip_fraction        | 0             |
|    clip_range           | 0.2           |
|    entropy_loss         | -1.18         |
|    explained_variance   | 0.712         |
|    learning_rate        | 6.24e-05      |
|    loss                 | -0.0256       |
|    n_updates            | 300           |
|    policy_gradient_loss | -0.00117      |
|    value_loss           | 0.0174        |
-------------------------------------------
------------------------------------------
| rollout/                |              |
|    ep_len_mean          | 8.64e+04     |
|    ep_rew_mean          | -1.8e+05     |
| time/                   |              |
|    fps                  | 1208         |
|    iterations           | 102          |
|    time_elapsed         | 345          |
|    total_timesteps      | 417792       |
| train/                  |              |
|    approx_kl            | 5.546026e-05 |
|    clip_fraction        | 0            |
|    clip_range           | 0.2          |
|    entropy_loss         | -1.04        |
|    explained_variance   | 0.784        |
|    learning_rate        | 6.01e-05     |
|    loss                 | -0.0215      |
|    n_updates            | 303          |
|    policy_gradient_loss | -0.000412    |
|    value_loss           | 0.0135       |
------------------------------------------
-------------------------------------------
| rollout/                |               |
|    ep_len_mean          | 8.64e+04      |
|    ep_rew_mean          | -1.8e+05      |
| time/                   |               |
|    fps                  | 1218          |
|    iterations           | 103           |
|    time_elapsed         | 346           |
|    total_timesteps      | 421888        |
| train/                  |               |
|    approx_kl            | 0.00015050858 |
|    clip_fraction        | 0             |
|    clip_range           | 0.2           |
|    entropy_loss         | -1.07         |
|    explained_variance   | 0.751         |
|    learning_rate        | 5.77e-05      |
|    loss                 | -0.021        |
|    n_updates            | 306           |
|    policy_gradient_loss | -0.000734     |
|    value_loss           | 0.0185        |
-------------------------------------------
-------------------------------------------
| rollout/                |               |
|    ep_len_mean          | 8.64e+04      |
|    ep_rew_mean          | -1.8e+05      |
| time/                   |               |
|    fps                  | 1229          |
|    iterations           | 104           |
|    time_elapsed         | 346           |
|    total_timesteps      | 425984        |
| train/                  |               |
|    approx_kl            | 0.00042372826 |
|    clip_fraction        | 0             |
|    clip_range           | 0.2           |
|    entropy_loss         | -1.04         |
|    explained_variance   | 0.809         |
|    learning_rate        | 5.53e-05      |
|    loss                 | -0.02         |
|    n_updates            | 309           |
|    policy_gradient_loss | -0.0014       |
|    value_loss           | 0.019         |
-------------------------------------------
-------------------------------------------
| rollout/                |               |
|    ep_len_mean          | 8.64e+04      |
|    ep_rew_mean          | -1.8e+05      |
| time/                   |               |
|    fps                  | 1239          |
|    iterations           | 105           |
|    time_elapsed         | 347           |
|    total_timesteps      | 430080        |
| train/                  |               |
|    approx_kl            | 0.00027254684 |
|    clip_fraction        | 0             |
|    clip_range           | 0.2           |
|    entropy_loss         | -0.855        |
|    explained_variance   | 0.706         |
|    learning_rate        | 5.29e-05      |
|    loss                 | -0.0144       |
|    n_updates            | 312           |
|    policy_gradient_loss | -0.00106      |
|    value_loss           | 0.0155        |
-------------------------------------------
------------------------------------------
| rollout/                |              |
|    ep_len_mean          | 8.64e+04     |
|    ep_rew_mean          | -1.8e+05     |
| time/                   |              |
|    fps                  | 1249         |
|    iterations           | 106          |
|    time_elapsed         | 347          |
|    total_timesteps      | 434176       |
| train/                  |              |
|    approx_kl            | 7.921948e-05 |
|    clip_fraction        | 0            |
|    clip_range           | 0.2          |
|    entropy_loss         | -0.932       |
|    explained_variance   | 0.678        |
|    learning_rate        | 5.06e-05     |
|    loss                 | -0.014       |
|    n_updates            | 315          |
|    policy_gradient_loss | -0.000534    |
|    value_loss           | 0.0165       |
------------------------------------------
-------------------------------------------
| rollout/                |               |
|    ep_len_mean          | 8.64e+04      |
|    ep_rew_mean          | -1.8e+05      |
| time/                   |               |
|    fps                  | 1259          |
|    iterations           | 107           |
|    time_elapsed         | 348           |
|    total_timesteps      | 438272        |
| train/                  |               |
|    approx_kl            | 0.00029002817 |
|    clip_fraction        | 0             |
|    clip_range           | 0.2           |
|    entropy_loss         | -1.13         |
|    explained_variance   | 0.755         |
|    learning_rate        | 4.82e-05      |
|    loss                 | -0.0227       |
|    n_updates            | 318           |
|    policy_gradient_loss | -0.00136      |
|    value_loss           | 0.0146        |
-------------------------------------------
-------------------------------------------
| rollout/                |               |
|    ep_len_mean          | 8.64e+04      |
|    ep_rew_mean          | -1.8e+05      |
| time/                   |               |
|    fps                  | 1269          |
|    iterations           | 108           |
|    time_elapsed         | 348           |
|    total_timesteps      | 442368        |
| train/                  |               |
|    approx_kl            | 7.7935925e-05 |
|    clip_fraction        | 0             |
|    clip_range           | 0.2           |
|    entropy_loss         | -0.992        |
|    explained_variance   | 0.646         |
|    learning_rate        | 4.58e-05      |
|    loss                 | -0.016        |
|    n_updates            | 321           |
|    policy_gradient_loss | -0.000536     |
|    value_loss           | 0.0127        |
-------------------------------------------
-------------------------------------------
| rollout/                |               |
|    ep_len_mean          | 8.64e+04      |
|    ep_rew_mean          | -1.8e+05      |
| time/                   |               |
|    fps                  | 1279          |
|    iterations           | 109           |
|    time_elapsed         | 348           |
|    total_timesteps      | 446464        |
| train/                  |               |
|    approx_kl            | 0.00022862347 |
|    clip_fraction        | 0             |
|    clip_range           | 0.2           |
|    entropy_loss         | -0.898        |
|    explained_variance   | 0.669         |
|    learning_rate        | 4.34e-05      |
|    loss                 | -0.00784      |
|    n_updates            Eval num_timesteps=450000, episode_reward=-45470.29 +/- 2371.37
Episode length: 86400.00 +/- 0.00
--------------------------------------------
| eval/Eval num_timesteps=450000, episode_reward=-44700.25 +/- 1399.09
Episode length: 86400.00 +/- 0.00
-------------------------------------------
| eval/                   |               |
|    mean_ep_length       | 8.64e+04      |
|    mean_reward          | -4.47e+04     |
| time/                   |               |
|    total_timesteps      | 450000        |
| train/                  |               |
|    approx_kl            | 0.00011686531 |
|    clip_fraction        | 0             |
|    clip_range           | 0.2           |
|    entropy_loss         | -0.86         |
|    explained_variance   | 0.749         |
|    learning_rate        | 4.11e-05      |
|    loss                 | -0.0108       |
|    n_updates            | 327           |
|    policy_gradient_loss | -0.000953     |
|    value_loss           | 0.0148        |
-------------------------------------------
  ⏱  450,000 / 500,000  ( 90.0%)  │  FPS   1132  │  RSS   2055 MB  │  00:06:27
---------------------------------
| rollout/           |          |
|    ep_len_mean     | 8.64e+04 |
|    ep_rew_mean     | -1.8e+05 |
| time/              |          |
|    fps             | 1161     |
|    iterations      | 110      |
|    time_elapsed    | 387      |
|    total_timesteps | 450560   |
---------------------------------
-------------------------------------------
| rollout/                |               |
|    ep_len_mean          | 8.64e+04      |
|    ep_rew_mean          | -1.8e+05      |
| time/                   |               |
|    fps                  | 1170          |
|    iterations           | 111           |
|    time_elapsed         | 388           |
|    total_timesteps      | 454656        |
| train/                  |               |
|    approx_kl            | 0.00022694905 |
|    clip_fraction        | 0             |
|    clip_range           | 0.2           |
|    entropy_loss         | -0.911        |
|    explained_variance   | 0.77          |
|    learning_rate        | 3.87e-05      |
|    loss                 | -0.0128       |
|    n_updates            | 330           |
|    policy_gradient_loss | -0.000792     |
|    value_loss           | 0.0126        |
-------------------------------------------
------------------------------------------
| rollout/                |              |
|    ep_len_mean          | 8.64e+04     |
|    ep_rew_mean          | -1.8e+05     |
| time/                   |              |
|    fps                  | 1179         |
|    iterations           | 112          |
|    time_elapsed         | 389          |
|    total_timesteps      | 458752       |
| train/                  |              |
|    approx_kl            | 6.137641e-05 |
|    clip_fraction        | 0            |
|    clip_range           | 0.2          |
|    entropy_loss         | -0.755       |
|    explained_variance   | 0.818        |
|    learning_rate        | 3.63e-05     |
|    loss                 | -0.0108      |
|    n_updates            | 333          |
|    policy_gradient_loss | -0.000481    |
|    value_loss           | 0.0124       |
------------------------------------------
-------------------------------------------
| rollout/                |               |
|    ep_len_mean          | 8.64e+04      |
|    ep_rew_mean          | -1.8e+05      |
| time/                   |               |
|    fps                  | 1188          |
|    iterations           | 113           |
|    time_elapsed         | 389           |
|    total_timesteps      | 462848        |
| train/                  |               |
|    approx_kl            | 4.5927227e-05 |
|    clip_fraction        | 0             |
|    clip_range           | 0.2           |
|    entropy_loss         | -0.981        |
|    explained_variance   | 0.746         |
|    learning_rate        | 3.39e-05      |
|    loss                 | -0.0118       |
|    n_updates            | 336           |
|    policy_gradient_loss | -0.000419     |
|    value_loss           | 0.0149        |
-------------------------------------------
------------------------------------------
| rollout/                |              |
|    ep_len_mean          | 8.64e+04     |
|    ep_rew_mean          | -1.8e+05     |
| time/                   |              |
|    fps                  | 1197         |
|    iterations           | 114          |
|    time_elapsed         | 390          |
|    total_timesteps      | 466944       |
| train/                  |              |
|    approx_kl            | 7.773045e-05 |
|    clip_fraction        | 0            |
|    clip_range           | 0.2          |
|    entropy_loss         | -0.917       |
|    explained_variance   | 0.814        |
|    learning_rate        | 3.15e-05     |
|    loss                 | -0.00887     |
|    n_updates            | 339          |
|    policy_gradient_loss | -0.000591    |
|    value_loss           | 0.0196       |
------------------------------------------
------------------------------------------
| rollout/                |              |
|    ep_len_mean          | 8.64e+04     |
|    ep_rew_mean          | -1.8e+05     |
| time/                   |              |
|    fps                  | 1205         |
|    iterations           | 115          |
|    time_elapsed         | 390          |
|    total_timesteps      | 471040       |
| train/                  |              |
|    approx_kl            | 3.872582e-05 |
|    clip_fraction        | 0            |
|    clip_range           | 0.2          |
|    entropy_loss         | -0.842       |
|    explained_variance   | 0.764        |
|    learning_rate        | 2.92e-05     |
|    loss                 | -0.00371     |
|    n_updates            | 342          |
|    policy_gradient_loss | -0.000319    |
|    value_loss           | 0.0193       |
------------------------------------------
------------------------------------------
| rollout/                |              |
|    ep_len_mean          | 8.64e+04     |
|    ep_rew_mean          | -1.8e+05     |
| time/                   |              |
|    fps                  | 1214         |
|    iterations           | 116          |
|    time_elapsed         | 391          |
|    total_timesteps      | 475136       |
| train/                  |              |
|    approx_kl            | 2.871042e-05 |
|    clip_fraction        | 0            |
|    clip_range           | 0.2          |
|    entropy_loss         | -0.753       |
|    explained_variance   | 0.738        |
|    learning_rate        | 2.68e-05     |
|    loss                 | -0.00437     |
|    n_updates            | 345          |
|    policy_gradient_loss | -0.000298    |
|    value_loss           | 0.0188       |
------------------------------------------
-------------------------------------------
| rollout/                |               |
|    ep_len_mean          | 8.64e+04      |
|    ep_rew_mean          | -1.8e+05      |
| time/                   |               |
|    fps                  | 1223          |
|    iterations           | 117           |
|    time_elapsed         | 391           |
|    total_timesteps      | 479232        |
| train/                  |               |
|    approx_kl            | 3.7237885e-05 |
|    clip_fraction        | 0             |
|    clip_range           | 0.2           |
|    entropy_loss         | -0.892        |
|    explained_variance   | 0.689         |
|    learning_rate        | 2.44e-05      |
|    loss                 | -0.00351      |
|    n_updates            | 348           |
|    policy_gradient_loss | -0.000363     |
|    value_loss           | 0.02          |
-------------------------------------------
--------------------------------------------
| rollout/                |                |
|    ep_len_mean          | 8.64e+04       |
|    ep_rew_mean          | -1.8e+05       |
| time/                   |                |
|    fps                  | 1232           |
|    iterations           | 118            |
|    time_elapsed         | 392            |
|    total_timesteps      | 483328         |
| train/                  |                |
|    approx_kl            | 0.000106904015 |
|    clip_fraction        | 0              |
|    clip_range           | 0.2            |
|    entropy_loss         | -1.03          |
|    explained_variance   | 0.675          |
|    learning_rate        | 2.2e-05        |
|    loss                 | -0.00891       |
|    n_updates            | 351            |
|    policy_gradient_loss | -0.000694      |
|    value_loss           | 0.0222         |
--------------------------------------------
-------------------------------------------
| rollout/                |               |
|    ep_len_mean          | 8.64e+04      |
|    ep_rew_mean          | -1.8e+05      |
| time/                   |               |
|    fps                  | 1241          |
|    iterations           | 119           |
|    time_elapsed         | 392           |
|    total_timesteps      | 487424        |
| train/                  |               |
|    approx_kl            | 1.5922022e-05 |
|    clip_fraction        | 0             |
|    clip_range           | 0.2           |
|    entropy_loss         | -0.929        |
|    explained_variance   | 0.649         |
|    learning_rate        | 1.97e-05      |
|    loss                 | -0.00456      |
|    n_updates            | 354           |
|    policy_gradient_loss | -0.000197     |
|    value_loss           | 0.0161        |
-------------------------------------------
-------------------------------------------
| rollout/                |               |
|    ep_len_mean          | 8.64e+04      |
|    ep_rew_mean          | -1.8e+05      |
| time/                   |               |
|    fps                  | 1250          |
|    iterations           | 120           |
|    time_elapsed         | 393           |
|    total_timesteps      | 491520        |
| train/                  |               |
|    approx_kl            | 2.9167117e-05 |
|    clip_fraction        | 0             |
|    clip_range           | 0.2           |
|    entropy_loss         | -0.899        |
|    explained_variance   | 0.748         |
|    learning_rate        | 1.73e-05      |
|    loss                 | -0.00408      |
|    n_updates            | 357           |
|    policy_gradient_loss | -0.000393     |
|    value_loss           | 0.016         |
-------------------------------------------
-------------------------------------------
| rollout/                |               |
|    ep_len_mean          | 8.64e+04      |
|    ep_rew_mean          | -1.8e+05      |
| time/                   |               |
|    fps                  | 1259          |
|    iterations           | 121           |
|    time_elapsed         | 393           |
|    total_timesteps      | 495616        |
| train/                  |               |
|    approx_kl            | 1.0484044e-05 |
|    clip_fraction        | 0             |
|    clip_range           | 0.2           |
|    entropy_loss         | -0.845        |
|    explained_variance   | 0.796         |
|    learning_rate        | 1.49e-05      |
|    loss                 | -0.00531      |
|    n_updates            | 360           |
|    policy_gradient_loss | -0.000215     |
|    value_loss           | 0.0134        |
-------------------------------------------
------------------------------------------
| rollout/                |              |
|    ep_len_mean          | 8.64e+04     |
|    ep_rew_mean          | -1.8e+05     |
| time/                   |              |
|    fps                  | 1268         |
|    iterations           | 122          |
|    time_elapsed         | 394          |
|    total_timesteps      | 499712       |
| train/                  |              |
|    approx_kl            | 9.805968e-06 |
|    clip_fraction        | 0            |
|    clip_range           | 0.2          |
|    entropy_loss         | -0.943       |
|    explained_variance   | 0.754        |
|    learning_rate        | 1.25e-05     |
|    loss                 | -0.00069     Eval num_timesteps=500000, episode_reward=-45410.67 +/- 2547.63
Episode length: 86400.00 +/- 0.00
------------------------------------------
| eval/                   |      Eval num_timesteps=500000, episode_reward=-45100.73 +/- 2454.90
Episode length: 86400.00 +/- 0.00
------------------------------------------
| eval/                   |              |
|    mean_ep_length       | 8.64e+04     |
|    mean_reward          | -4.51e+04    |
| time/                   |              |
|    total_timesteps      | 500000       |
| train/                  |              |
|    approx_kl            | 3.767549e-06 |
|    clip_fraction        | 0            |
|    clip_range           | 0.2          |
|    entropy_loss         | -0.743       |
|    explained_variance   | 0.743        |
|    learning_rate        | 1.02e-05     |
|    loss                 | 0.00328      |
|    n_updates            | 366          |
|    policy_gradient_loss | -0.000106    |
|    value_loss           | 0.0205       |
------------------------------------------
  ⏱  500,000 / 500,000  (100.0%)  │  FPS   1096  │  RSS   2086 MB  │  00:07:13
---------------------------------
| ablation/          |          |
|    ent_coef        | 0.01     |
| rollout/           |          |
|    ep_len_mean     | 8.64e+04 |
|    ep_rew_mean     | -1.8e+05 |
| time/              |          |
|    fps             | 1160     |
|    iterations      | 123      |
|    time_elapsed    | 433      |
|    total_timesteps | 503808   |
---------------------------------

  Training completed in 434.0s (1,161 steps/s)
  Timesteps: 503,808 / 500,000
  ✓ Final model       → /Users/aishwarya/satellite-project/models/ablations/ablation_A/final_model.zip
  ✓ VecNormalize      → /Users/aishwarya/satellite-project/models/ablations/ablation_A/vec_normalize.pkl
done.  T=86400 steps, N=60 sats, 24 ground stations, ISL threshold=3941 km, peak RAM≈2488 MB
done.  T=86400 steps, N=60 sats, 24 ground stations, ISL threshold=3941 km, peak RAM≈2488 MB
done.  T=86400 steps, N=60 sats, 24 ground stations, ISL threshold=3941 km, peak RAM≈2488 MB
done.  T=86400 steps, N=60 sats, 24 ground stations, ISL threshold=3941 km, peak RAM≈2488 MB


────────────────────────────────────────────────────────────────────────
  EVALUATION  Ablation A: No Handover Penalty
────────────────────────────────�done.  T=86400 steps, N=60 sats, 24 ground stations, ISL threshold=3941 km, peak RAM≈2488 MB
  ✓ Loaded VecNormalize stats from /Users/aishwarya/satellite-project/models/done.  T=86400 steps, N=60 sats, 24 gro  Ep 1/5  sat_53  │  HO:   649  │  Lat: 17.875 ms  │  Deaths:    0  │  Invalid:    0  │  Return:  -47903.90
  Ep 2/5  sat_24  │  HO:   804  │  Lat: 18.266 ms  │  Deaths:    0  │  Invalid:    0  │  Return:  -45078.20
  Ep 3/5  sat_08  │  HO:   752  │  Lat: 19.830 ms  │  Deaths:    0  │  Invalid:    0  │  Return:  -53484.45
  Ep 4/5  sat_54  │  HO:   649  │  Lat: 17.656 ms  │  Deaths:    0  │  Invalid:    0  │  Return:  -47472.92
  Ep 5/5  sat_51  │  HO:   762  │  Lat: 18.809 ms  │  Deaths:    0  │  Invalid:    0  │  Return:  -46032.24

──────────────────�  Ep 5/5  sat_51  │  HO:   770  │  Lat: 18.414 ms  │  Deaths:    0  │  Invalid:    0  │  Return:  -44196.04

────────────────────────────────────────────────────────────────────────
  MONKEY-PATCH: restoring original values
────────────────────────────────────────────────────────────────────────
    W2                    restored → 1.0  ✓
    ETA_S                 restored → 1.0  ✓
  ✅ All env globals successfully restored.


────────────────────────────────────────────────────────────────────────
  ABLATION B: No Survival Penalty
────────────────────────────────────────────────────────────────────────
  Patches: {'R_LRL_DEATH': 0.0}


────────────────────────────────────────────────────────────────────────
  MONKEY-PATCH: applying reward overrides
────────────────────────────────────────────────────────────────────────
    R_LRL_DEATH               -500.0  →  0.0


────────────────────────────────────────────────────────────────────────
  TRAINING  Ablation B: No Survival Penalty
────────────────────────────────────────────────────────────────────────
  Description : Sets R_LRL_DEATH = 0.0, removing the catastrophic −500 penalty for riding a link until its residual lifetime expires.  The agent has no incentive for proactive handover.
  Patches     : {'R_LRL_DEATH': 0.0}
  Output dir  : /Users/aishwarya  [Phase 2] Loading topology: topology_dataset.npz …   [Phase 2] Loading topology: topology_dataset.npz …   [Phase 2] Loading topology: topology_dataset.npz …   [Phase   [Phase 2] Loading topology: topology_dataset  [Phase 2] Loading topology: topology_dataset.npz … done.  T=86400 steps, N=60 sats, 24 ground stations, ISL threshold=3941 km, peak RAM≈2488 MB
Using cpu device
Logging to /Users/aishwarya/satellite-project/models/ablationsdone.  T=86400 steps, N=60 sats, 24 ground stations, ISL threshold=3941 km, peak RAM≈2488 MB
Using cpu device
Logging to /Users/aishwarya/satellite-project/models/ablations/ablation_B/ppo_ablation_B_2
  ⏱        4 / 500,000  (  0.0%)  │  FPS   3015  │  RSS   3736 MB  │  00:00:00
---------------------------------
| ablation/          |          |
|    ent_coef        | 0.1      |
| time/              |          |
|    fps             | 9880     |
|    iterations      | 1        |
|    time_elapsed    | 0        |
|    total_timesteps | 4096     |
---------------------------------
-------------------------------------------
| time/                   |               |
|    fps                  | 9374          |
|    iterations           | 2             |
|    time_elapsed         | 0             |
|    total_timesteps      | 8192          |
| train/                  |               |
|    approx_kl            | 0.00047068764 |
|    clip_fraction        | 0             |
|    clip_range           | 0.2           |
|    entropy_loss         | -2.08         |
|    explained_variance   | -0.329        |
|    learning_rate        | 0.000298      |
|    loss                 | 0.406         |
|    n_updates            | 3             |
|    policy_gradient_loss | -0.00195      |
|    value_loss           | 1.38          |
-------------------------------------------
-------------------------------------------
| time/                   |               |
|    fps                  | 9295          |
|    iterations           | 3             |
|    time_elapsed         | 1             |
|    total_timesteps      | 12288         |
| train/                  |               |
|    approx_kl            | 0.00079292094 |
|    clip_fraction        | 0             |
|    clip_range           | 0.2           |
|    entropy_loss         | -2.08         |
|    explained_variance   | 0.324         |
|    learning_rate        | 0.000295      |
|    loss                 | 0.0417        |
|    n_updates            | 6             |
|    policy_gradient_loss | -0.00251      |
|    value_loss           | 0.817         |
-------------------------------------------
------------------------------------------
| time/                   |              |
|    fps                  | 9059         |
|    iterations           | 4            |
|    time_elapsed         | 1            |
|    total_timesteps      | 16384        |
| train/                  |              |
|    approx_kl            | 0.0006786544 |
|    clip_fraction        | 0            |
|    clip_range           | 0.2          |
|    entropy_loss         | -2.08        |
|    explained_variance   | 0.0599       |
|    learning_rate        | 0.000293     |
|    loss                 | 0.058        |
|    n_updates            | 9            |
|    policy_gradient_loss | -0.00227     |
|    value_loss           | 1.13         |
------------------------------------------
-------------------------------------------
| time/                   |               |
|    fps                  | 8880          |
|    iterations           | 5             |
|    time_elapsed         | 2             |
|    total_timesteps      | 20480         |
| train/                  |               |
|    approx_kl            | 0.00051514455 |
|    clip_fraction        | 0             |
|    clip_range           | 0.2           |
|    entropy_loss         | -2.07         |
|    explained_variance   | 0.363         |
|    learning_rate        | 0.00029       |
|    loss                 | 0.00117       |
|    n_updates            | 12            |
|    policy_gradient_loss | -0.00136      |
|    value_loss           | 0.861         |
-------------------------------------------
-------------------------------------------
| time/                   |               |
|    fps                  | 8766          |
|    iterations           | 6             |
|    time_elapsed         | 2             |
|    total_timesteps      | 24576         |
| train/                  |               |
|    approx_kl            | 0.00064922863 |
|    clip_fraction        | 0             |
|    clip_range           | 0.2           |
|    entropy_loss         | -2.07         |
|    explained_variance   | 0.481         |
|    learning_rate        | 0.000288      |
|    loss                 | -0.111        |
|    n_updates            | 15            |
|    policy_gradient_loss | -0.00159      |
|    value_loss           | 0.593         |
-------------------------------------------
------------------------------------------
| time/                   |              |
|    fps                  | 8648         |
|    iterations           | 7            |
|    time_elapsed         | 3            |
|    total_timesteps      | 28672        |
| train/                  |              |
|    approx_kl            | 0.0011540153 |
|    clip_fraction        | 0            |
|    clip_range           | 0.2          |
|    entropy_loss         | -2.07        |
|    explained_variance   | 0.278        |
|    learning_rate        | 0.000286     |
|    loss                 | -0.0585      |
|    n_updates            | 18           |
|    policy_gradient_loss | -0.00264     |
|    value_loss           | 0.691        |
------------------------------------------
-----------------------------------------
| time/                   |             |
|    fps                  | 8540        |
|    iterations           | 8           |
|    time_elapsed         | 3           |
|    total_timesteps      | 32768       |
| train/                  |             |
|    approx_kl            | 0.002156164 |
|    clip_fraction        | 0           |
|    clip_range           | 0.2         |
|    entropy_loss         | -2.06       |
|    explained_variance   | 0.399       |
|    learning_rate        | 0.000283    |
|    loss                 | -0.164      |
|    n_updates            | 21          |
|    policy_gradient_loss | -0.00354    |
|    value_loss           | 0.155       |
-----------------------------------------
------------------------------------------
| time/                   |              |
|    fps                  | 8475         |
|    iterations           | 9            |
|    time_elapsed         | 4            |
|    total_timesteps      | 36864        |
| train/                  |              |
|    approx_kl            | 0.0035831393 |
|    clip_fraction        | 0.0142       |
|    clip_range           | 0.2          |
|    entropy_loss         | -2.05        |
|    explained_variance   | 0.286        |
|    learning_rate        | 0.000281     |
|    loss                 | -0.173       |
|    n_updates            | 24           |
|    policy_gradient_loss | -0.00633     |
|    value_loss           | 0.161        |
------------------------------------------
-----------------------------------------
| time/                   |             |
|    fps                  | 8375        |
|    iterations           | 10          |
|    time_elapsed         | 4           |
|    total_timesteps      | 40960       |
| train/                  |             |
|    approx_kl            | 0.003585765 |
|    clip_fraction        | 0.00806     |
|    clip_range           | 0.2         |
|    entropy_loss         | -2.04       |
|    explained_variance   | 0.505       |
|    learning_rate        | 0.000279    |
|    loss                 | -0.159      |
|    n_updates            | 27          |
|    policy_gradient_loss | -0.00491    |
|    value_loss           | 0.109       |
-----------------------------------------
-----------------------------------------
| time/                   |             |
|    fps                  | 8284        |
|    iterations           | 11          |
|    time_elapsed         | 5           |
|    total_timesteps      | 45056       |
| train/                  |             |
|    approx_kl            | 0.002835757 |
|    clip_fraction        | 0.0022      |
|    clip_range           | 0.2         |
|    entropy_loss         | -2.03       |
|    explained_variance   | 0.347       |
|    learning_rate        | 0.000276    |
|    loss                 | -0.173      |
|    n_updates            | 30          |
|    policy_gradient_loss | -0.00553    |
|    value_loss           | 0.0792      |
-----------------------------------------
----------------------------------------
| time/                   |            |
|    fps                  | 7954       |
|    iterations           | 12         |
|    time_elapsed         | 6          |
|    total_timesteps      | 49152      |
| train/                  |            |
|    approx_kl            | 0.00611283 |
|    clip_fraction        | 0.0174     |
|    clip_range           | 0.2        |
|    entropy_loss         | -2         |
|    explained_variance   | 0.526      |
|    learning_rate        | 0.000274   |
|    loss                 | -0.Eval num_timesteps=50000, episode_reward=-62067.73 +/- 1284.70
Episode length: 86400.00 +/- 0.00
-----------------------------------------
| eval/                   |        Eval num_timesteps=50000, episode_reward=-62175.03 +/- 1042.35
Episode length: 86400.00 +/- 0.00
-----------------------------------------
| eval/                   |             |
|    mean_ep_length       | 8.64e+04    |
|    mean_reward          | -6.22e+04   |
| time/                   |             |
|    total_timesteps      | 50000       |
| train/                  |             |
|    approx_kl            | 0.006217926 |
|    clip_fraction        | 0.0187      |
|    clip_range           | 0.2         |
|    entropy_loss         | -1.95       |
|    explained_variance   | 0.488       |
|    learning_rate        | 0.000271    |
|    loss                 | -0.147      |
|    n_updates            | 36          |
|    policy_gradient_loss | -0.00713    |
|    value_loss           | 0.0562      |
-----------------------------------------
New best mean reward!
  ⏱   50,000 / 500,000  ( 10.0%)  │  FPS   1052  │  RSS   3736 MB  │  00:00:47
------------------------------
| time/              |       |
|    fps             | 1112  |
|    iterations      | 13    |
|    time_elapsed    | 47    |
|    total_timesteps | 53248 |
------------------------------
------------------------------------------
| time/                   |              |
|    fps                  | 1183         |
|    iterations           | 14           |
|    time_elapsed         | 48           |
|    total_timesteps      | 57344        |
| train/                  |              |
|    approx_kl            | 0.0020663673 |
|    clip_fraction        | 0.00138      |
|    clip_range           | 0.2          |
|    entropy_loss         | -1.93        |
|    explained_variance   | 0.29         |
|    learning_rate        | 0.000269     |
|    loss                 | -0.14        |
|    n_updates            | 39           |
|    policy_gradient_loss | -0.00457     |
|    value_loss           | 0.112        |
------------------------------------------
------------------------------------------
| time/                   |              |
|    fps                  | 1254         |
|    iterations           | 15           |
|    time_elapsed         | 48           |
|    total_timesteps      | 61440        |
| train/                  |              |
|    approx_kl            | 0.0033451105 |
|    clip_fraction        | 0.00635      |
|    clip_range           | 0.2          |
|    entropy_loss         | -1.93        |
|    explained_variance   | 0.387        |
|    learning_rate        | 0.000267     |
|    loss                 | -0.167       |
|    n_updates            | 42           |
|    policy_gradient_loss | -0.00524     |
|    value_loss           | 0.0476       |
------------------------------------------
-----------------------------------------
| time/                   |             |
|    fps                  | 1323        |
|    iterations           | 16          |
|    time_elapsed         | 49          |
|    total_timesteps      | 65536       |
| train/                  |             |
|    approx_kl            | 0.005063548 |
|    clip_fraction        | 0.0155      |
|    clip_range           | 0.2         |
|    entropy_loss         | -1.89       |
|    explained_variance   | 0.0986      |
|    learning_rate        | 0.000264    |
|    loss                 | -0.16       |
|    n_updates            | 45          |
|    policy_gradient_loss | -0.00653    |
|    value_loss           | 0.104       |
-----------------------------------------
------------------------------------------
| time/                   |              |
|    fps                  | 1390         |
|    iterations           | 17           |
|    time_elapsed         | 50           |
|    total_timesteps      | 69632        |
| train/                  |              |
|    approx_kl            | 0.0017720505 |
|    clip_fraction        | 0.000651     |
|    clip_range           | 0.2          |
|    entropy_loss         | -1.91        |
|    explained_variance   | -0.846       |
|    learning_rate        | 0.000262     |
|    loss                 | -0.159       |
|    n_updates            | 48           |
|    policy_gradient_loss | -0.00332     |
|    value_loss           | 0.0624       |
------------------------------------------
------------------------------------------
| time/                   |              |
|    fps                  | 1456         |
|    iterations           | 18           |
|    time_elapsed         | 50           |
|    total_timesteps      | 73728        |
| train/                  |              |
|    approx_kl            | 0.0052176947 |
|    clip_fraction        | 0.011        |
|    clip_range           | 0.2          |
|    entropy_loss         | -1.84        |
|    explained_variance   | 0.513        |
|    learning_rate        | 0.00026      |
|    loss                 | -0.155       |
|    n_updates            | 51           |
|    policy_gradient_loss | -0.0066      |
|    value_loss           | 0.0387       |
------------------------------------------
------------------------------------------
| time/                   |              |
|    fps                  | 1520         |
|    iterations           | 19           |
|    time_elapsed         | 51           |
|    total_timesteps      | 77824        |
| train/                  |              |
|    approx_kl            | 0.0038449797 |
|    clip_fraction        | 0.00928      |
|    clip_range           | 0.2          |
|    entropy_loss         | -1.83        |
|    explained_variance   | -0.0647      |
|    learning_rate        | 0.000257     |
|    loss                 | -0.159       |
|    n_updates            | 54           |
|    policy_gradient_loss | -0.00586     |
|    value_loss           | 0.0308       |
------------------------------------------
------------------------------------------
| time/                   |              |
|    fps                  | 1584         |
|    iterations           | 20           |
|    time_elapsed         | 51           |
|    total_timesteps      | 81920        |
| train/                  |              |
|    approx_kl            | 0.0018594244 |
|    clip_fraction        | 8.14e-05     |
|    clip_range           | 0.2          |
|    entropy_loss         | -1.83        |
|    explained_variance   | 0.056        |
|    learning_rate        | 0.000255     |
|    loss                 | -0.0962      |
|    n_updates            | 57           |
|    policy_gradient_loss | -0.00195     |
|    value_loss           | 0.244        |
------------------------------------------
------------------------------------------
| time/                   |              |
|    fps                  | 1646         |
|    iterations           | 21           |
|    time_elapsed         | 52           |
|    total_timesteps      | 86016        |
| train/                  |              |
|    approx_kl            | 0.0030676513 |
|    clip_fraction        | 0.000814     |
|    clip_range           | 0.2          |
|    entropy_loss         | -1.8         |
|    explained_variance   | 0.19         |
|    learning_rate        | 0.000252     |
|    loss                 | -0.144       |
|    n_updates            | 60           |
|    policy_gradient_loss | -0.00282     |
|    value_loss           | 0.0654       |
------------------------------------------
------------------------------------------
| time/                   |              |
|    fps                  | 1706         |
|    iterations           | 22           |
|    time_elapsed         | 52           |
|    total_timesteps      | 90112        |
| train/                  |              |
|    approx_kl            | 0.0028653168 |
|    clip_fraction        | 0.00138      |
|    clip_range           | 0.2          |
|    entropy_loss         | -1.84        |
|    explained_variance   | -0.173       |
|    learning_rate        | 0.00025      |
|    loss                 | -0.146       |
|    n_updates            | 63           |
|    policy_gradient_loss | -0.00281     |
|    value_loss           | 0.0546       |
------------------------------------------
------------------------------------------
| time/                   |              |
|    fps                  | 1766         |
|    iterations           | 23           |
|    time_elapsed         | 53           |
|    total_timesteps      | 94208        |
| train/                  |              |
|    approx_kl            | 0.0017965597 |
|    clip_fraction        | 0.000732     |
|    clip_range           | 0.2          |
|    entropy_loss         | -1.81        |
|    explained_variance   | 0.131        |
|    learning_rate        | 0.000248     |
|    loss                 | -0.109       |
|    n_updates            | 66           |
|    policy_gradient_loss | -0.00401     |
|    value_loss           | 0.15         |
------------------------------------------
------------------------------------------
| time/                   |              |
|    fps                  | 1825         |
|    iterations           | 24           |
|    time_elapsed         | 53           |
|    total_timesteps      | 98304        |
| train/                  |              |
|    approx_kl            | 0.0009022505 |
|    clip_fraction        | 0.00106      |
|    clip_range           | 0.2          |
|    entropy_loss         | -1.81        |
|    explained_variance   | 0.377        |
|    learning_rate        | 0.000245     |
|    loss                 | -0.136       Eval num_timesteps=100000, episode_reward=-59298.22 +/- 3870.17
Episode length: 86400.00 +/- 0.00
------------------------------------------
| eval/                   |      Eval num_timesteps=100000, episode_reward=-59411.98 +/- 3673.13
Episode length: 86400.00 +/- 0.00
------------------------------------------
| eval/                   |              |
|    mean_ep_length       | 8.64e+04     |
|    mean_reward          | -5.94e+04    |
| time/                   |              |
|    total_timesteps      | 100000       |
| train/                  |              |
|    approx_kl            | 0.0012299477 |
|    clip_fraction        | 0.00138      |
|    clip_range           | 0.2          |
|    entropy_loss         | -1.84        |
|    explained_variance   | 0.259        |
|    learning_rate        | 0.000243     |
|    loss                 | -0.144       |
|    n_updates            | 72           |
|    policy_gradient_loss | -0.00346     |
|    value_loss           | 0.0447       |
------------------------------------------
New best mean reward!
  ⏱  100,000 / 500,000  ( 20.0%)  │  FPS   1067  │  RSS   3736 MB  │  00:01:34
---------------------------------
| ablation/          |          |
|    ent_coef        | 0.082    |
| time/              |          |
|    fps             | 1081     |
|    iterations      | 25       |
|    time_elapsed    | 94       |
|    total_timesteps | 102400   |
---------------------------------
------------------------------------------
| time/                   |              |
|    fps                  | 1118         |
|    iterations           | 26           |
|    time_elapsed         | 95           |
|    total_timesteps      | 106496       |
| train/                  |              |
|    approx_kl            | 0.0033887886 |
|    clip_fraction        | 0.00366      |
|    clip_range           | 0.2          |
|    entropy_loss         | -1.81        |
|    explained_variance   | 0.301        |
|    learning_rate        | 0.000241     |
|    loss                 | -0.139       |
|    n_updates            | 75           |
|    policy_gradient_loss | -0.00433     |
|    value_loss           | 0.034        |
------------------------------------------
----------------------------------------
| time/                   |            |
|    fps                  | 1153       |
|    iterations           | 27         |
|    time_elapsed         | 95         |
|    total_timesteps      | 110592     |
| train/                  |            |
|    approx_kl            | 0.00191713 |
|    clip_fraction        | 0.00122    |
|    clip_range           | 0.2        |
|    entropy_loss         | -1.77      |
|    explained_variance   | 0.0764     |
|    learning_rate        | 0.000238   |
|    loss                 | -0.0839    |
|    n_updates            | 78         |
|    policy_gradient_loss | -0.0031    |
|    value_loss           | 0.0867     |
----------------------------------------
------------------------------------------
| time/                   |              |
|    fps                  | 1189         |
|    iterations           | 28           |
|    time_elapsed         | 96           |
|    total_timesteps      | 114688       |
| train/                  |              |
|    approx_kl            | 0.0042963764 |
|    clip_fraction        | 0.00692      |
|    clip_range           | 0.2          |
|    entropy_loss         | -1.79        |
|    explained_variance   | 0.548        |
|    learning_rate        | 0.000236     |
|    loss                 | -0.15        |
|    n_updates            | 81           |
|    policy_gradient_loss | -0.00488     |
|    value_loss           | 0.0286       |
------------------------------------------
------------------------------------------
| time/                   |              |
|    fps                  | 1223         |
|    iterations           | 29           |
|    time_elapsed         | 97           |
|    total_timesteps      | 118784       |
| train/                  |              |
|    approx_kl            | 0.0032635133 |
|    clip_fraction        | 0.000814     |
|    clip_range           | 0.2          |
|    entropy_loss         | -1.77        |
|    explained_variance   | 0.339        |
|    learning_rate        | 0.000233     |
|    loss                 | -0.135       |
|    n_updates            | 84           |
|    policy_gradient_loss | -0.00467     |
|    value_loss           | 0.0224       |
------------------------------------------
------------------------------------------
| time/                   |              |
|    fps                  | 1258         |
|    iterations           | 30           |
|    time_elapsed         | 97           |
|    total_timesteps      | 122880       |
| train/                  |              |
|    approx_kl            | 0.0019936236 |
|    clip_fraction        | 8.14e-05     |
|    clip_range           | 0.2          |
|    entropy_loss         | -1.73        |
|    explained_variance   | 0.355        |
|    learning_rate        | 0.000231     |
|    loss                 | -0.134       |
|    n_updates            | 87           |
|    policy_gradient_loss | -0.00361     |
|    value_loss           | 0.0208       |
------------------------------------------
------------------------------------------
| time/                   |              |
|    fps                  | 1293         |
|    iterations           | 31           |
|    time_elapsed         | 98           |
|    total_timesteps      | 126976       |
| train/                  |              |
|    approx_kl            | 0.0021282935 |
|    clip_fraction        | 0.00114      |
|    clip_range           | 0.2          |
|    entropy_loss         | -1.77        |
|    explained_variance   | 0.367        |
|    learning_rate        | 0.000229     |
|    loss                 | -0.14        |
|    n_updates            | 90           |
|    policy_gradient_loss | -0.00342     |
|    value_loss           | 0.0183       |
------------------------------------------
------------------------------------------
| time/                   |              |
|    fps                  | 1327         |
|    iterations           | 32           |
|    time_elapsed         | 98           |
|    total_timesteps      | 131072       |
| train/                  |              |
|    approx_kl            | 0.0028847354 |
|    clip_fraction        | 0.00277      |
|    clip_range           | 0.2          |
|    entropy_loss         | -1.72        |
|    explained_variance   | 0.493        |
|    learning_rate        | 0.000226     |
|    loss                 | -0.141       |
|    n_updates            | 93           |
|    policy_gradient_loss | -0.00363     |
|    value_loss           | 0.0197       |
------------------------------------------
----------------------------------------
| time/                   |            |
|    fps                  | 1360       |
|    iterations           | 33         |
|    time_elapsed         | 99         |
|    total_timesteps      | 135168     |
| train/                  |            |
|    approx_kl            | 0.00196215 |
|    clip_fraction        | 0.00057    |
|    clip_range           | 0.2        |
|    entropy_loss         | -1.71      |
|    explained_variance   | 0.0126     |
|    learning_rate        | 0.000224   |
|    loss                 | -0.129     |
|    n_updates            | 96         |
|    policy_gradient_loss | -0.00345   |
|    value_loss           | 0.0145     |
----------------------------------------
------------------------------------------
| time/                   |              |
|    fps                  | 1394         |
|    iterations           | 34           |
|    time_elapsed         | 99           |
|    total_timesteps      | 139264       |
| train/                  |              |
|    approx_kl            | 0.0022066417 |
|    clip_fraction        | 0.000732     |
|    clip_range           | 0.2          |
|    entropy_loss         | -1.7         |
|    explained_variance   | 0.453        |
|    learning_rate        | 0.000222     |
|    loss                 | -0.137       |
|    n_updates            | 99           |
|    policy_gradient_loss | -0.00418     |
|    value_loss           | 0.0116       |
------------------------------------------
------------------------------------------
| time/                   |              |
|    fps                  | 1427         |
|    iterations           | 35           |
|    time_elapsed         | 100          |
|    total_timesteps      | 143360       |
| train/                  |              |
|    approx_kl            | 0.0017515852 |
|    clip_fraction        | 0.000326     |
|    clip_range           | 0.2          |
|    entropy_loss         | -1.67        |
|    explained_variance   | 0.365        |
|    learning_rate        | 0.000219     |
|    loss                 | -0.123       |
|    n_updates            | 102          |
|    policy_gradient_loss | -0.00212     |
|    value_loss           | 0.0133       |
------------------------------------------
------------------------------------------
| time/                   |              |
|    fps                  | 1460         |
|    iterations           | 36           |
|    time_elapsed         | 100          |
|    total_timesteps      | 147456       |
| train/                  |              |
|    approx_kl            | 0.0022088639 |
|    clip_fraction        | 0.000732     |
|    clip_range           | 0.2          |
|    entropy_loss         | -1.72        |
|    explained_variance   | 0.453        |
|    learning_rate        | 0.000217     |
|    loss                 | -0.133       Eval num_timesteps=150000, episode_reward=-52957.89 +/- 3069.75
Episode length: 86400.00 +/- 0.00
------------------------------------------
| eval/                   |              |
|    mean_ep_length       | 8.64e+04     |
|    mean_reward          | -5.3e+04     |
| time/                   |              |
|    total_timesteps      | 150000       |
| train/                  |              |
|    approx_kl            | 0.0035065087 |
|    clip_fraction        | 0.00977      |
|    clip_range           | 0.2          |
|    entropy_loss         | -1.67        |
|    explained_variance   | 0.376        |
|    learning_rate        | 0.000214     |
|    loss                 | -0.124       |
|    n_updates            | 108          |
|    policy_gradient_loss | -0.00544     |
|    value_loss           | 0.0142       |
------------------------------------------
New best mean reward!
  ⏱  150,000 / 500,000  ( 30.0%)  │  FPS   1045  │  RSS   3817 MB  │  00:02:22
-------------------------------
| time/              |        |
|    fps             | 1058   |
|    iterations      | 37     |
|    time_elapsed    | 143    |
|    total_timesteps | 151552 |
-------------------------------
------------------------------------------
| time/                   |              |
|    fps                  | 1083         |
|    iterations           | 38           |
|    time_elapsed         | 143          |
|    total_timesteps      | 155648       |
| train/                  |              |
|    approx_kl            | 0.0022206518 |
|    clip_fraction        | 0.00057      |
|    clip_range           | 0.2          |
|    entropy_loss         | -1.67        |
|    explained_variance   | 0.176        |
|    learning_rate        | 0.000212     |
|    loss                 | -0.115       |
|    n_updates            | 111          |
|    policy_gradient_loss | -0.00267     |
|    value_loss           | 0.013        |
------------------------------------------
-----------------------------------------
| time/                   |             |
|    fps                  | 1107        |
|    iterations           | 39          |
|    time_elapsed         | 144         |
|    total_timesteps      | 159744      |
| train/                  |             |
|    approx_kl            | 0.005410631 |
|    clip_fraction        | 0.023       |
|    clip_range           | 0.2         |
|    entropy_loss         | -1.67       |
|    explained_variance   | 0.452       |
|    learning_rate        | 0.00021     |
|    loss                 | -0.131      |
|    n_updates            | 114         |
|    policy_gradient_loss | -0.00579    |
|    value_loss           | 0.0165      |
-----------------------------------------
------------------------------------------
| time/                   |              |
|    fps                  | 1131         |
|    iterations           | 40           |
|    time_elapsed         | 144          |
|    total_timesteps      | 163840       |
| train/                  |              |
|    approx_kl            | 0.0021816175 |
|    clip_fraction        | 0.000244     |
|    clip_range           | 0.2          |
|    entropy_loss         | -1.64        |
|    explained_variance   | 0.469        |
|    learning_rate        | 0.000207     |
|    loss                 | -0.118       |
|    n_updates            | 117          |
|    policy_gradient_loss | -0.00307     |
|    value_loss           | 0.0106       |
------------------------------------------
-------------------------------------------
| time/                   |               |
|    fps                  | 1155          |
|    iterations           | 41            |
|    time_elapsed         | 145           |
|    total_timesteps      | 167936        |
| train/                  |               |
|    approx_kl            | 0.00048178103 |
|    clip_fraction        | 0.000244      |
|    clip_range           | 0.2           |
|    entropy_loss         | -1.63         |
|    explained_variance   | 0.674         |
|    learning_rate        | 0.000205      |
|    loss                 | -0.115        |
|    n_updates            | 120           |
|    policy_gradient_loss | -0.00229      |
|    value_loss           | 0.0125        |
-------------------------------------------
-----------------------------------------
| time/                   |             |
|    fps                  | 1179        |
|    iterations           | 42          |
|    time_elapsed         | 145         |
|    total_timesteps      | 172032      |
| train/                  |             |
|    approx_kl            | 0.002402567 |
|    clip_fraction        | 0.00334     |
|    clip_range           | 0.2         |
|    entropy_loss         | -1.66       |
|    explained_variance   | 0.57        |
|    learning_rate        | 0.000203    |
|    loss                 | -0.118      |
|    n_updates            | 123         |
|    policy_gradient_loss | -0.00268    |
|    value_loss           | 0.0102      |
-----------------------------------------
------------------------------------------
| time/                   |              |
|    fps                  | 1203         |
|    iterations           | 43           |
|    time_elapsed         | 146          |
|    total_timesteps      | 176128       |
| train/                  |              |
|    approx_kl            | 0.0037138038 |
|    clip_fraction        | 0.00163      |
|    clip_range           | 0.2          |
|    entropy_loss         | -1.64        |
|    explained_variance   | 0.552        |
|    learning_rate        | 0.0002       |
|    loss                 | -0.126       |
|    n_updates            | 126          |
|    policy_gradient_loss | -0.00419     |
|    value_loss           | 0.0125       |
------------------------------------------
------------------------------------------
| time/                   |              |
|    fps                  | 1226         |
|    iterations           | 44           |
|    time_elapsed         | 146          |
|    total_timesteps      | 180224       |
| train/                  |              |
|    approx_kl            | 0.0013346572 |
|    clip_fraction        | 0            |
|    clip_range           | 0.2          |
|    entropy_loss         | -1.57        |
|    explained_variance   | 0.415        |
|    learning_rate        | 0.000198     |
|    loss                 | -0.102       |
|    n_updates            | 129          |
|    policy_gradient_loss | -0.0019      |
|    value_loss           | 0.00999      |
------------------------------------------
-----------------------------------------
| time/                   |             |
|    fps                  | 1250        |
|    iterations           | 45          |
|    time_elapsed         | 147         |
|    total_timesteps      | 184320      |
| train/                  |             |
|    approx_kl            | 0.001190979 |
|    clip_fraction        | 8.14e-05    |
|    clip_range           | 0.2         |
|    entropy_loss         | -1.68       |
|    explained_variance   | 0.489       |
|    learning_rate        | 0.000195    |
|    loss                 | -0.115      |
|    n_updates            | 132         |
|    policy_gradient_loss | -0.00245    |
|    value_loss           | 0.0117      |
-----------------------------------------
------------------------------------------
| time/                   |              |
|    fps                  | 1273         |
|    iterations           | 46           |
|    time_elapsed         | 147          |
|    total_timesteps      | 188416       |
| train/                  |              |
|    approx_kl            | 0.0013311589 |
|    clip_fraction        | 0            |
|    clip_range           | 0.2          |
|    entropy_loss         | -1.59        |
|    explained_variance   | 0.79         |
|    learning_rate        | 0.000193     |
|    loss                 | -0.11        |
|    n_updates            | 135          |
|    policy_gradient_loss | -0.00197     |
|    value_loss           | 0.0125       |
------------------------------------------
------------------------------------------
| time/                   |              |
|    fps                  | 1296         |
|    iterations           | 47           |
|    time_elapsed         | 148          |
|    total_timesteps      | 192512       |
| train/                  |              |
|    approx_kl            | 0.0029827617 |
|    clip_fraction        | 0.00488      |
|    clip_range           | 0.2          |
|    entropy_loss         | -1.6         |
|    explained_variance   | 0.441        |
|    learning_rate        | 0.000191     |
|    loss                 | -0.0965      |
|    n_updates            | 138          |
|    policy_gradient_loss | -0.00329     |
|    value_loss           | 0.0127       |
------------------------------------------
------------------------------------------
| time/                   |              |
|    fps                  | 1319         |
|    iterations           | 48           |
|    time_elapsed         | 149          |
|    total_timesteps      | 196608       |
| train/                  |              |
|    approx_kl            | 0.0031204987 |
|    clip_fraction        | 0.00496      |
|    clip_range           | 0.2          |
|    entropy_loss         | -1.64        |
|    explained_variance   | 0.606        |
|    learning_rate        | 0.000188     |
|    loss                 | -0.105       |
|    n_updates            | 141          |
|    policy_gradient_loss | -0.0033      |
|    value_loss           | 0.0122       |
------------------------------------------
Eval num_timesteps=200000, episode_reward=-41591.20 +/- 2415.97
Episode length: 86400.00 +/- 0.00
----------------------------------------
| eval/                   |            |
|    mean_ep_length       | 8.64e+04   |
|    mean_reward          | -4.16e+04  |
| time/                   |            |
|    total_timesteps      | 200000     |
| train/                  |            |
|    approx_kl            | 0.00360621 |
|    clip_fraction        | 0.00203    |
|    clip_range           | 0.2        |
|    entropy_loss         | -1.61      |
|    explained_variance   | 0.45       |
|    learning_rate        | 0.000186   |
|    loss                 | -0.109     |
|    n_updates            | 144        |
|    policy_gradient_loss | -0.00329   |
|    value_loss           | 0.0112     |
----------------------------------------
New best mean reward!
  ⏱  200,000 / 500,000  ( 40.0%)  │  FPS   1055  │  RSS   3817 MB  │  00:03:10
---------------------------------
| ablation/          |          |
|    ent_coef        | 0.064    |
| time/              |          |
|    fps             | 1053     |
|    iterations      | 49       |
|    time_elapsed    | 190      |
|    total_timesteps | 200704   |
---------------------------------
------------------------------------------
| time/                   |              |
|    fps                  | 1072         |
|    iterations           | 50           |
|    time_elapsed         | 190          |
|    total_timesteps      | 204800       |
| train/                  |              |
|    approx_kl            | 0.0011442722 |
|    clip_fraction        | 0            |
|    clip_range           | 0.2          |
|    entropy_loss         | -1.65        |
|    explained_variance   | 0.71         |
|    learning_rate        | 0.000184     |
|    loss                 | -0.106       |
|    n_updates            | 147          |
|    policy_gradient_loss | -0.00216     |
|    value_loss           | 0.00978      |
------------------------------------------
-------------------------------------------
| time/                   |               |
|    fps                  | 1090          |
|    iterations           | 51            |
|    time_elapsed         | 191           |
|    total_timesteps      | 208896        |
| train/                  |               |
|    approx_kl            | 0.00068040687 |
|    clip_fraction        | 8.14e-05      |
|    clip_range           | 0.2           |
|    entropy_loss         | -1.62         |
|    explained_variance   | 0.642         |
|    learning_rate        | 0.000181      |
|    loss                 | -0.104        |
|    n_updates            | 150           |
|    policy_gradient_loss | -0.0016       |
|    value_loss           | 0.00999       |
-------------------------------------------
------------------------------------------
| time/                   |              |
|    fps                  | 1108         |
|    iterations           | 52           |
|    time_elapsed         | 192          |
|    total_timesteps      | 212992       |
| train/                  |              |
|    approx_kl            | 0.0008618411 |
|    clip_fraction        | 0.000326     |
|    clip_range           | 0.2          |
|    entropy_loss         | -1.64        |
|    explained_variance   | 0.609        |
|    learning_rate        | 0.000179     |
|    loss                 | -0.103       |
|    n_updates            | 153          |
|    policy_gradient_loss | -0.00189     |
|    value_loss           | 0.0124       |
------------------------------------------
------------------------------------------
| time/                   |              |
|    fps                  | 1127         |
|    iterations           | 53           |
|    time_elapsed         | 192          |
|    total_timesteps      | 217088       |
| train/                  |              |
|    approx_kl            | 0.0014065776 |
|    clip_fraction        | 0            |
|    clip_range           | 0.2          |
|    entropy_loss         | -1.63        |
|    explained_variance   | 0.639        |
|    learning_rate        | 0.000176     |
|    loss                 | -0.102       |
|    n_updates            | 156          |
|    policy_gradient_loss | -0.002       |
|    value_loss           | 0.0104       |
------------------------------------------
------------------------------------------
| time/                   |              |
|    fps                  | 1145         |
|    iterations           | 54           |
|    time_elapsed         | 193          |
|    total_timesteps      | 221184       |
| train/                  |              |
|    approx_kl            | 0.0021962202 |
|    clip_fraction        | 8.14e-05     |
|    clip_range           | 0.2          |
|    entropy_loss         | -1.63        |
|    explained_variance   | 0.644        |
|    learning_rate        | 0.000174     |
|    loss                 | -0.11        |
|    n_updates            | 159          |
|    policy_gradient_loss | -0.00302     |
|    value_loss           | 0.0102       |
------------------------------------------
------------------------------------------
| time/                   |              |
|    fps                  | 1163         |
|    iterations           | 55           |
|    time_elapsed         | 193          |
|    total_timesteps      | 225280       |
| train/                  |              |
|    approx_kl            | 0.0027558631 |
|    clip_fraction        | 0            |
|    clip_range           | 0.2          |
|    entropy_loss         | -1.58        |
|    explained_variance   | 0.668        |
|    learning_rate        | 0.000172     |
|    loss                 | -0.102       |
|    n_updates            | 162          |
|    policy_gradient_loss | -0.00304     |
|    value_loss           | 0.00854      |
------------------------------------------
------------------------------------------
| time/                   |              |
|    fps                  | 1180         |
|    iterations           | 56           |
|    time_elapsed         | 194          |
|    total_timesteps      | 229376       |
| train/                  |              |
|    approx_kl            | 0.0012370693 |
|    clip_fraction        | 0.000651     |
|    clip_range           | 0.2          |
|    entropy_loss         | -1.61        |
|    explained_variance   | 0.652        |
|    learning_rate        | 0.000169     |
|    loss                 | -0.0925      |
|    n_updates            | 165          |
|    policy_gradient_loss | -0.00265     |
|    value_loss           | 0.00835      |
------------------------------------------
------------------------------------------
| time/                   |              |
|    fps                  | 1198         |
|    iterations           | 57           |
|    time_elapsed         | 194          |
|    total_timesteps      | 233472       |
| train/                  |              |
|    approx_kl            | 0.0011513529 |
|    clip_fraction        | 0.000326     |
|    clip_range           | 0.2          |
|    entropy_loss         | -1.57        |
|    explained_variance   | 0.368        |
|    learning_rate        | 0.000167     |
|    loss                 | -0.0847      |
|    n_updates            | 168          |
|    policy_gradient_loss | -0.0025      |
|    value_loss           | 0.0109       |
------------------------------------------
------------------------------------------
| time/                   |              |
|    fps                  | 1216         |
|    iterations           | 58           |
|    time_elapsed         | 195          |
|    total_timesteps      | 237568       |
| train/                  |              |
|    approx_kl            | 0.0014230476 |
|    clip_fraction        | 0.000244     |
|    clip_range           | 0.2          |
|    entropy_loss         | -1.53        |
|    explained_variance   | 0.416        |
|    learning_rate        | 0.000165     |
|    loss                 | -0.0909      |
|    n_updates            | 171          |
|    policy_gradient_loss | -0.00301     |
|    value_loss           | 0.0107       |
------------------------------------------
------------------------------------------
| time/                   |              |
|    fps                  | 1233         |
|    iterations           | 59           |
|    time_elapsed         | 195          |
|    total_timesteps      | 241664       |
| train/                  |              |
|    approx_kl            | 0.0015587418 |
|    clip_fraction        | 8.14e-05     |
|    clip_range           | 0.2          |
|    entropy_loss         | -1.59        |
|    explained_variance   | 0.761        |
|    learning_rate        | 0.000162     |
|    loss                 | -0.0945      |
|    n_updates            | 174          |
|    policy_gradient_loss | -0.00216     |
|    value_loss           | 0.00946      |
------------------------------------------
------------------------------------------
| time/                   |              |
|    fps                  | 1251         |
|    iterations           | 60           |
|    time_elapsed         | 196          |
|    total_timesteps      | 245760       |
| train/                  |              |
|    approx_kl            | 0.0013290814 |
|    clip_fraction        | 0            |
|    clip_range           | 0.2          |
|    entropy_loss         | -1.52        |
|    explained_variance   | 0.666        |
|    learning_rate        | 0.00016      |
|    loss                 | -0.0822      |
|    n_updates            | 177          |
|    policy_gradient_loss | -0.00235     |
|    value_loss           | 0.00762      |
------------------------------------------
------------------------------------------
| time/                   |              |
|    fps                  | 1269         |
|    iterations           | 61           |
|    time_elapsed         | 196          |
|    total_timesteps      | 249856       |
| train/                  |              |
|    approx_kl            | 0.0008049113 |
|    clip_fraction        | 8.14e-05     |
|    clip_range           | 0.2          |
|    entropy_loss         | -1.56        |
|    explained_variance   | 0.585        |
|    learning_rate        | 0.000157     |
|    loss                 | -0.0852      |
|    n_updates            | 180          |
|    policy_gradient_loss | -0.00134     |
|    value_loss           | 0.0115       |
------------------------------------------
Eval num_timesteps=250000, episode_reward=-39983.33 +/- 1803.14
Episode length: 86400.00 +/- 0.00
-----------------------------------------
| eval/                   |             |
|    mean_ep_length       | 8.64e+04    |
|    mean_reward          | -4e+04      |
| time/                   |             |
|    total_timesteps      | 250000      |
| train/                  |             |
|    approx_kl            | 0.001123851 |
|    clip_fraction        | 0           |
|    clip_range           | 0.2         |
|    entropy_loss         | -1.56       |
|    explained_variance   | 0.712       |
|    learning_rate        | 0.000155    |
|    loss                 | -0.0833     |
|    n_updates            | 183         |
|    policy_gradient_loss | -0.00145    |
|    value_loss           | 0.00893     |
-----------------------------------------
New best mean reward!
  ⏱  250,000 / 500,000  ( 50.0%)  │  FPS   1057  │  RSS   3817 MB  │  00:03:57
-------------------------------
| time/              |        |
|    fps             | 1066   |
|    iterations      | 62     |
|    time_elapsed    | 238    |
|    total_timesteps | 253952 |
-------------------------------
-----------------------------------------
| time/                   |             |
|    fps                  | 1081        |
|    iterations           | 63          |
|    time_elapsed         | 238         |
|    total_timesteps      | 258048      |
| train/                  |             |
|    approx_kl            | 0.002883121 |
|    clip_fraction        | 0.0013      |
|    clip_range           | 0.2         |
|    entropy_loss         | -1.54       |
|    explained_variance   | 0.607       |
|    learning_rate        | 0.000153    |
|    loss                 | -0.0916     |
|    n_updates            | 186         |
|    policy_gradient_loss | -0.00385    |
|    value_loss           | 0.00968     |
-----------------------------------------
------------------------------------------
| time/                   |              |
|    fps                  | 1095         |
|    iterations           | 64           |
|    time_elapsed         | 239          |
|    total_timesteps      | 262144       |
| train/                  |              |
|    approx_kl            | 0.0030752386 |
|    clip_fraction        | 0.000895     |
|    clip_range           | 0.2          |
|    entropy_loss         | -1.53        |
|    explained_variance   | 0.689        |
|    learning_rate        | 0.00015      |
|    loss                 | -0.0831      |
|    n_updates            | 189          |
|    policy_gradient_loss | -0.00362     |
|    value_loss           | 0.00853      |
------------------------------------------
------------------------------------------
| time/                   |              |
|    fps                  | 1110         |
|    iterations           | 65           |
|    time_elapsed         | 239          |
|    total_timesteps      | 266240       |
| train/                  |              |
|    approx_kl            | 0.0010527989 |
|    clip_fraction        | 0            |
|    clip_range           | 0.2          |
|    entropy_loss         | -1.42        |
|    explained_variance   | 0.803        |
|    learning_rate        | 0.000148     |
|    loss                 | -0.0818      |
|    n_updates            | 192          |
|    policy_gradient_loss | -0.00257     |
|    value_loss           | 0.00765      |
------------------------------------------
-----------------------------------------
| time/                   |             |
|    fps                  | 1125        |
|    iterations           | 66          |
|    time_elapsed         | 240         |
|    total_timesteps      | 270336      |
| train/                  |             |
|    approx_kl            | 0.001579322 |
|    clip_fraction        | 8.14e-05    |
|    clip_range           | 0.2         |
|    entropy_loss         | -1.46       |
|    explained_variance   | 0.623       |
|    learning_rate        | 0.000146    |
|    loss                 | -0.0786     |
|    n_updates            | 195         |
|    policy_gradient_loss | -0.00285    |
|    value_loss           | 0.00913     |
-----------------------------------------
------------------------------------------
| time/                   |              |
|    fps                  | 1139         |
|    iterations           | 67           |
|    time_elapsed         | 240          |
|    total_timesteps      | 274432       |
| train/                  |              |
|    approx_kl            | 0.0029649711 |
|    clip_fraction        | 0.00439      |
|    clip_range           | 0.2          |
|    entropy_loss         | -1.46        |
|    explained_variance   | 0.546        |
|    learning_rate        | 0.000143     |
|    loss                 | -0.077       |
|    n_updates            | 198          |
|    policy_gradient_loss | -0.004       |
|    value_loss           | 0.0117       |
------------------------------------------
-------------------------------------------
| time/                   |               |
|    fps                  | 1154          |
|    iterations           | 68            |
|    time_elapsed         | 241           |
|    total_timesteps      | 278528        |
| train/                  |               |
|    approx_kl            | 0.00046783162 |
|    clip_fraction        | 0.000488      |
|    clip_range           | 0.2           |
|    entropy_loss         | -1.49         |
|    explained_variance   | 0.638         |
|    learning_rate        | 0.000141      |
|    loss                 | -0.0743       |
|    n_updates            | 201           |
|    policy_gradient_loss | -0.000995     |
|    value_loss           | 0.00981       |
-------------------------------------------
-------------------------------------------
| time/                   |               |
|    fps                  | 1168          |
|    iterations           | 69            |
|    time_elapsed         | 241           |
|    total_timesteps      | 282624        |
| train/                  |               |
|    approx_kl            | 0.00071730546 |
|    clip_fraction        | 0             |
|    clip_range           | 0.2           |
|    entropy_loss         | -1.44         |
|    explained_variance   | 0.631         |
|    learning_rate        | 0.000138      |
|    loss                 | -0.0724       |
|    n_updates            | 204           |
|    policy_gradient_loss | -0.00175      |
|    value_loss           | 0.00825       |
-------------------------------------------
------------------------------------------
| time/                   |              |
|    fps                  | 1182         |
|    iterations           | 70           |
|    time_elapsed         | 242          |
|    total_timesteps      | 286720       |
| train/                  |              |
|    approx_kl            | 0.0013124733 |
|    clip_fraction        | 0.000163     |
|    clip_range           | 0.2          |
|    entropy_loss         | -1.5         |
|    explained_variance   | 0.771        |
|    learning_rate        | 0.000136     |
|    loss                 | -0.0788      |
|    n_updates            | 207          |
|    policy_gradient_loss | -0.00192     |
|    value_loss           | 0.0129       |
------------------------------------------
------------------------------------------
| time/                   |              |
|    fps                  | 1196         |
|    iterations           | 71           |
|    time_elapsed         | 242          |
|    total_timesteps      | 290816       |
| train/                  |              |
|    approx_kl            | 0.0007480106 |
|    clip_fraction        | 0            |
|    clip_range           | 0.2          |
|    entropy_loss         | -1.5         |
|    explained_variance   | 0.693        |
|    learning_rate        | 0.000134     |
|    loss                 | -0.0738      |
|    n_updates            | 210          |
|    policy_gradient_loss | -0.00154     |
|    value_loss           | 0.01         |
------------------------------------------
------------------------------------------
| time/                   |              |
|    fps                  | 1211         |
|    iterations           | 72           |
|    time_elapsed         | 243          |
|    total_timesteps      | 294912       |
| train/                  |              |
|    approx_kl            | 0.0014190951 |
|    clip_fraction        | 0.000326     |
|    clip_range           | 0.2          |
|    entropy_loss         | -1.44        |
|    explained_variance   | 0.401        |
|    learning_rate        | 0.000131     |
|    loss                 | -0.0607      |
|    n_updates            | 213          |
|    policy_gradient_loss | -0.00246     |
|    value_loss           | 0.0123       |
------------------------------------------
-------------------------------------------
| time/                   |               |
|    fps                  | 1225          |
|    iterations           | 73            |
|    time_elapsed         | 243           |
|    total_timesteps      | 299008        |
| train/                  |               |
|    approx_kl            | 0.00072113494 |
|    clip_fraction        | 0             |
|    clip_range           | 0.2           |
|    entropy_loss         | -1.52         |
|    explained_variance   | 0.636         |
|    learning_rate        | 0.000129      |
|    loss                 | -0.0698       |
|    n_updates            | 216           |
|    policy_gradient_loss | -0.00239      |
|    value_loss           | 0.00972       |
-------------------------------------------
Eval num_timesteps=300000, episode_reward=-41918.66 +/- 1134.53
Episode length: 86400.00 +/- 0.00
------------------------------------------
| eval/                   |              |
|    mean_ep_length       | 8.64e+04     |
|    mean_reward          | -4.19e+04    |
| time/                   |              |
|    total_timesteps      | 300000       |
| train/                  |              |
|    approx_kl            | 0.0005773863 |
|    clip_fraction        | 0            |
|    clip_range           | 0.2          |
|    entropy_loss         | -1.42        |
|    explained_variance   | 0.741        |
|    learning_rate        | 0.000127     |
|    loss                 | -0.0666      |
|    n_updates            | 219          |
|    policy_gradient_loss | -0.002       |
|    value_loss           | 0.0103       |
------------------------------------------
  ⏱  300,000 / 500,000  ( 60.0%)  │  FPS   1051  │  RSS   3817 MB  │  00:04:45
---------------------------------
| ablation/          |          |
|    ent_coef        | 0.046    |
| time/              |          |
|    fps             | 1061     |
|    iterations      | 74       |
|    time_elapsed    | 285      |
|    total_timesteps | 303104   |
---------------------------------
------------------------------------------
| time/                   |              |
|    fps                  | 1073         |
|    iterations           | 75           |
|    time_elapsed         | 286          |
|    total_timesteps      | 307200       |
| train/                  |              |
|    approx_kl            | 0.0007627533 |
|    clip_fraction        | 0.00187      |
|    clip_range           | 0.2          |
|    entropy_loss         | -1.45        |
|    explained_variance   | 0.655        |
|    learning_rate        | 0.000124     |
|    loss                 | -0.0645      |
|    n_updates            | 222          |
|    policy_gradient_loss | -0.00207     |
|    value_loss           | 0.00931      |
------------------------------------------
------------------------------------------
| time/                   |              |
|    fps                  | 1085         |
|    iterations           | 76           |
|    time_elapsed         | 286          |
|    total_timesteps      | 311296       |
| train/                  |              |
|    approx_kl            | 0.0013111102 |
|    clip_fraction        | 0.000163     |
|    clip_range           | 0.2          |
|    entropy_loss         | -1.38        |
|    explained_variance   | 0.658        |
|    learning_rate        | 0.000122     |
|    loss                 | -0.0596      |
|    n_updates            | 225          |
|    policy_gradient_loss | -0.00245     |
|    value_loss           | 0.0101       |
------------------------------------------
------------------------------------------
| time/                   |              |
|    fps                  | 1098         |
|    iterations           | 77           |
|    time_elapsed         | 287          |
|    total_timesteps      | 315392       |
| train/                  |              |
|    approx_kl            | 0.0009563044 |
|    clip_fraction        | 0            |
|    clip_range           | 0.2          |
|    entropy_loss         | -1.35        |
|    explained_variance   | 0.652        |
|    learning_rate        | 0.000119     |
|    loss                 | -0.0601      |
|    n_updates            | 228          |
|    policy_gradient_loss | -0.00247     |
|    value_loss           | 0.00852      |
------------------------------------------
-------------------------------------------
| time/                   |               |
|    fps                  | 1110          |
|    iterations           | 78            |
|    time_elapsed         | 287           |
|    total_timesteps      | 319488        |
| train/                  |               |
|    approx_kl            | 0.00074951554 |
|    clip_fraction        | 8.14e-05      |
|    clip_range           | 0.2           |
|    entropy_loss         | -1.41         |
|    explained_variance   | 0.677         |
|    learning_rate        | 0.000117      |
|    loss                 | -0.0617       |
|    n_updates            | 231           |
|    policy_gradient_loss | -0.00182      |
|    value_loss           | 0.0117        |
-------------------------------------------
------------------------------------------
| time/                   |              |
|    fps                  | 1122         |
|    iterations           | 79           |
|    time_elapsed         | 288          |
|    total_timesteps      | 323584       |
| train/                  |              |
|    approx_kl            | 0.0007881976 |
|    clip_fraction        | 0            |
|    clip_range           | 0.2          |
|    entropy_loss         | -1.26        |
|    explained_variance   | 0.75         |
|    learning_rate        | 0.000115     |
|    loss                 | -0.0519      |
|    n_updates            | 234          |
|    policy_gradient_loss | -0.00133     |
|    value_loss           | 0.00961      |
------------------------------------------
-------------------------------------------
| time/                   |               |
|    fps                  | 1134          |
|    iterations           | 80            |
|    time_elapsed         | 288           |
|    total_timesteps      | 327680        |
| train/                  |               |
|    approx_kl            | 0.00040559156 |
|    clip_fraction        | 0.000977      |
|    clip_range           | 0.2           |
|    entropy_loss         | -1.26         |
|    explained_variance   | 0.384         |
|    learning_rate        | 0.000112      |
|    loss                 | -0.0513       |
|    n_updates            | 237           |
|    policy_gradient_loss | -0.00162      |
|    value_loss           | 0.00922       |
-------------------------------------------
------------------------------------------
| time/                   |              |
|    fps                  | 1146         |
|    iterations           | 81           |
|    time_elapsed         | 289          |
|    total_timesteps      | 331776       |
| train/                  |              |
|    approx_kl            | 0.0017483507 |
|    clip_fraction        | 0            |
|    clip_range           | 0.2          |
|    entropy_loss         | -1.24        |
|    explained_variance   | 0.545        |
|    learning_rate        | 0.00011      |
|    loss                 | -0.0517      |
|    n_updates            | 240          |
|    policy_gradient_loss | -0.00248     |
|    value_loss           | 0.00693      |
------------------------------------------
------------------------------------------
| time/                   |              |
|    fps                  | 1158         |
|    iterations           | 82           |
|    time_elapsed         | 289          |
|    total_timesteps      | 335872       |
| train/                  |              |
|    approx_kl            | 0.0013541725 |
|    clip_fraction        | 0            |
|    clip_range           | 0.2          |
|    entropy_loss         | -1.17        |
|    explained_variance   | 0.654        |
|    learning_rate        | 0.000108     |
|    loss                 | -0.0476      |
|    n_updates            | 243          |
|    policy_gradient_loss | -0.00261     |
|    value_loss           | 0.0144       |
------------------------------------------
-------------------------------------------
| time/                   |               |
|    fps                  | 1170          |
|    iterations           | 83            |
|    time_elapsed         | 290           |
|    total_timesteps      | 339968        |
| train/                  |               |
|    approx_kl            | 0.00026241824 |
|    clip_fraction        | 0             |
|    clip_range           | 0.2           |
|    entropy_loss         | -1.22         |
|    explained_variance   | 0.675         |
|    learning_rate        | 0.000105      |
|    loss                 | -0.0488       |
|    n_updates            | 246           |
|    policy_gradient_loss | -0.00135      |
|    value_loss           | 0.00953       |
-------------------------------------------
------------------------------------------
| time/                   |              |
|    fps                  | 1182         |
|    iterations           | 84           |
|    time_elapsed         | 290          |
|    total_timesteps      | 344064       |
| train/                  |              |
|    approx_kl            | 0.0005195719 |
|    clip_fraction        | 0            |
|    clip_range           | 0.2          |
|    entropy_loss         | -1.22        |
|    explained_variance   | 0.67         |
|    learning_rate        | 0.000103     |
|    loss                 | -0.0468      |
|    n_updates            | 249          |
|    policy_gradient_loss | -0.000764    |
|    value_loss           | 0.0151       |
------------------------------------------
------------------------------------------
| rollout/                |              |
|    ep_len_mean          | 8.64e+04     |
|    ep_rew_mean          | -1.8e+05     |
| time/                   |              |
|    fps                  | 1194         |
|    iterations           | 85           |
|    time_elapsed         | 291          |
|    total_timesteps      | 348160       |
| train/                  |              |
|    approx_kl            | 0.0009309088 |
|    clip_fraction        | 0            |
|    clip_range           | 0.2          |
|    entropy_loss         | -1.24        |
|    explained_variance   | 0.644        |
|    learning_rate        | 0.0001       |
|    loss                 | -0.0432      |
|    n_updates            | 252          |
|    policy_gradient_loss | -0.00133     |
|    value_loss           | 0.0185       |
------------------------------------------
Eval num_timesteps=350000, episode_reward=-44905.03 +/- 2728.45
Episode length: 86400.00 +/- 0.00
-------------------------------------------
| eval/                   |               |
|    mean_ep_length       | 8.64e+04      |
|    mean_reward          | -4.49e+04     |
| time/                   |               |
|    total_timesteps      | 350000        |
| train/                  |               |
|    approx_kl            | 0.00011940677 |
|    clip_fraction        | 0             |
|    clip_range           | 0.2           |
|    entropy_loss         | -1.07         |
|    explained_variance   | 0.681         |
|    learning_rate        | 9.81e-05      |
|    loss                 | -0.0367       |
|    n_updates            | 255           |
|    policy_gradient_loss | -0.000542     |
|    value_loss           | 0.0116        |
-------------------------------------------
  ⏱  350,000 / 500,000  ( 70.0%)  │  FPS   1050  │  RSS   3817 MB  │  00:05:32
---------------------------------
| rollout/           |          |
|    ep_len_mean     | 8.64e+04 |
|    ep_rew_mean     | -1.8e+05 |
| time/              |          |
|    fps             | 1057     |
|    iterations      | 86       |
|    time_elapsed    | 333      |
|    total_timesteps | 352256   |
---------------------------------
------------------------------------------
| rollout/                |              |
|    ep_len_mean          | 8.64e+04     |
|    ep_rew_mean          | -1.8e+05     |
| time/                   |              |
|    fps                  | 1067         |
|    iterations           | 87           |
|    time_elapsed         | 333          |
|    total_timesteps      | 356352       |
| train/                  |              |
|    approx_kl            | 0.0005585145 |
|    clip_fraction        | 0            |
|    clip_range           | 0.2          |
|    entropy_loss         | -1.14        |
|    explained_variance   | 0.627        |
|    learning_rate        | 9.57e-05     |
|    loss                 | -0.0374      |
|    n_updates            | 258          |
|    policy_gradient_loss | -0.00152     |
|    value_loss           | 0.011        |
------------------------------------------
------------------------------------------
| rollout/                |              |
|    ep_len_mean          | 8.64e+04     |
|    ep_rew_mean          | -1.8e+05     |
| time/                   |              |
|    fps                  | 1078         |
|    iterations           | 88           |
|    time_elapsed         | 334          |
|    total_timesteps      | 360448       |
| train/                  |              |
|    approx_kl            | 0.0008692145 |
|    clip_fraction        | 8.14e-05     |
|    clip_range           | 0.2          |
|    entropy_loss         | -1.29        |
|    explained_variance   | 0.651        |
|    learning_rate        | 9.33e-05     |
|    loss                 | -0.0389      |
|    n_updates            | 261          |
|    policy_gradient_loss | -0.00204     |
|    value_loss           | 0.0173       |
------------------------------------------
-------------------------------------------
| rollout/                |               |
|    ep_len_mean          | 8.64e+04      |
|    ep_rew_mean          | -1.8e+05      |
| time/                   |               |
|    fps                  | 1088          |
|    iterations           | 89            |
|    time_elapsed         | 334           |
|    total_timesteps      | 364544        |
| train/                  |               |
|    approx_kl            | 0.00026067844 |
|    clip_fraction        | 0             |
|    clip_range           | 0.2           |
|    entropy_loss         | -1.2          |
|    explained_variance   | 0.692         |
|    learning_rate        | 9.09e-05      |
|    loss                 | -0.0364       |
|    n_updates            | 264           |
|    policy_gradient_loss | -0.000825     |
|    value_loss           | 0.0139        |
-------------------------------------------
------------------------------------------
| rollout/                |              |
|    ep_len_mean          | 8.64e+04     |
|    ep_rew_mean          | -1.8e+05     |
| time/                   |              |
|    fps                  | 1098         |
|    iterations           | 90           |
|    time_elapsed         | 335          |
|    total_timesteps      | 368640       |
| train/                  |              |
|    approx_kl            | 0.0011387367 |
|    clip_fraction        | 0.00179      |
|    clip_range           | 0.2          |
|    entropy_loss         | -1.22        |
|    explained_variance   | 0.692        |
|    learning_rate        | 8.86e-05     |
|    loss                 | -0.044       |
|    n_updates            | 267          |
|    policy_gradient_loss | -0.00248     |
|    value_loss           | 0.0133       |
------------------------------------------
-------------------------------------------
| rollout/                |               |
|    ep_len_mean          | 8.64e+04      |
|    ep_rew_mean          | -1.8e+05      |
| time/                   |               |
|    fps                  | 1109          |
|    iterations           | 91            |
|    time_elapsed         | 336           |
|    total_timesteps      | 372736        |
| train/                  |               |
|    approx_kl            | 0.00014475739 |
|    clip_fraction        | 0             |
|    clip_range           | 0.2           |
|    entropy_loss         | -1.17         |
|    explained_variance   | 0.779         |
|    learning_rate        | 8.62e-05      |
|    loss                 | -0.0361       |
|    n_updates            | 270           |
|    policy_gradient_loss | -0.000798     |
|    value_loss           | 0.0115        |
-------------------------------------------
-------------------------------------------
| rollout/                |               |
|    ep_len_mean          | 8.64e+04      |
|    ep_rew_mean          | -1.8e+05      |
| time/                   |               |
|    fps                  | 1119          |
|    iterations           | 92            |
|    time_elapsed         | 336           |
|    total_timesteps      | 376832        |
| train/                  |               |
|    approx_kl            | 0.00065350375 |
|    clip_fraction        | 0             |
|    clip_range           | 0.2           |
|    entropy_loss         | -1.05         |
|    explained_variance   | 0.601         |
|    learning_rate        | 8.38e-05      |
|    loss                 | -0.0311       |
|    n_updates            | 273           |
|    policy_gradient_loss | -0.00175      |
|    value_loss           | 0.0132        |
-------------------------------------------
-------------------------------------------
| rollout/                |               |
|    ep_len_mean          | 8.64e+04      |
|    ep_rew_mean          | -1.8e+05      |
| time/                   |               |
|    fps                  | 1129          |
|    iterations           | 93            |
|    time_elapsed         | 337           |
|    total_timesteps      | 380928        |
| train/                  |               |
|    approx_kl            | 0.00019109473 |
|    clip_fraction        | 0             |
|    clip_range           | 0.2           |
|    entropy_loss         | -1.17         |
|    explained_variance   | 0.737         |
|    learning_rate        | 8.14e-05      |
|    loss                 | -0.0382       |
|    n_updates            | 276           |
|    policy_gradient_loss | -0.00069      |
|    value_loss           | 0.00891       |
-------------------------------------------
-------------------------------------------
| rollout/                |               |
|    ep_len_mean          | 8.64e+04      |
|    ep_rew_mean          | -1.8e+05      |
| time/                   |               |
|    fps                  | 1140          |
|    iterations           | 94            |
|    time_elapsed         | 337           |
|    total_timesteps      | 385024        |
| train/                  |               |
|    approx_kl            | 0.00023945732 |
|    clip_fraction        | 0             |
|    clip_range           | 0.2           |
|    entropy_loss         | -1.09         |
|    explained_variance   | 0.666         |
|    learning_rate        | 7.91e-05      |
|    loss                 | -0.0289       |
|    n_updates            | 279           |
|    policy_gradient_loss | -0.00096      |
|    value_loss           | 0.0119        |
-------------------------------------------
-------------------------------------------
| rollout/                |               |
|    ep_len_mean          | 8.64e+04      |
|    ep_rew_mean          | -1.8e+05      |
| time/                   |               |
|    fps                  | 1150          |
|    iterations           | 95            |
|    time_elapsed         | 338           |
|    total_timesteps      | 389120        |
| train/                  |               |
|    approx_kl            | 0.00057354604 |
|    clip_fraction        | 0             |
|    clip_range           | 0.2           |
|    entropy_loss         | -1.1          |
|    explained_variance   | 0.578         |
|    learning_rate        | 7.67e-05      |
|    loss                 | -0.033        |
|    n_updates            | 282           |
|    policy_gradient_loss | -0.00144      |
|    value_loss           | 0.0103        |
-------------------------------------------
------------------------------------------
| rollout/                |              |
|    ep_len_mean          | 8.64e+04     |
|    ep_rew_mean          | -1.8e+05     |
| time/                   |              |
|    fps                  | 1160         |
|    iterations           | 96           |
|    time_elapsed         | 338          |
|    total_timesteps      | 393216       |
| train/                  |              |
|    approx_kl            | 0.0007676978 |
|    clip_fraction        | 0            |
|    clip_range           | 0.2          |
|    entropy_loss         | -1.12        |
|    explained_variance   | 0.673        |
|    learning_rate        | 7.43e-05     |
|    loss                 | -0.0327      |
|    n_updates            | 285          |
|    policy_gradient_loss | -0.00186     |
|    value_loss           | 0.00928      |
------------------------------------------
------------------------------------------
| rollout/                |              |
|    ep_len_mean          | 8.64e+04     |
|    ep_rew_mean          | -1.8e+05     |
| time/                   |              |
|    fps                  | 1170         |
|    iterations           | 97           |
|    time_elapsed         | 339          |
|    total_timesteps      | 397312       |
| train/                  |              |
|    approx_kl            | 0.0002278583 |
|    clip_fraction        | 0            |
|    clip_range           | 0.2          |
|    entropy_loss         | -1.22        |
|    explained_variance   | 0.717        |
|    learning_rate        | 7.19e-05     |
|    loss                 | -0.034       |
|    n_updates            | 288          |
|    policy_gradient_loss | -0.000769    |
|    value_loss           | 0.0109       |
------------------------------------------
Eval num_timesteps=400000, episode_reward=-52799.84 +/- 2945.49
Episode length: 86400.00 +/- 0.00
-------------------------------------------
| eval/                   |               |
|    mean_ep_length       | 8.64e+04      |
|    mean_reward          | -5.28e+04     |
| time/                   |               |
|    total_timesteps      | 400000        |
| train/                  |               |
|    approx_kl            | 0.00022230728 |
|    clip_fraction        | 0             |
|    clip_range           | 0.2           |
|    entropy_loss         | -1.11         |
|    explained_variance   | 0.644         |
|    learning_rate        | 6.96e-05      |
|    loss                 | -0.0269       |
|    n_updates            | 291           |
|    policy_gradient_loss | -0.000489     |
|    value_loss           | 0.0142        |
-------------------------------------------
  ⏱  400,000 / 500,000  ( 80.0%)  │  FPS    926  │  RSS   3817 MB  │  00:06:26
---------------------------------
| ablation/          |          |
|    ent_coef        | 0.028    |
| rollout/           |          |
|    ep_len_mean     | 8.64e+04 |
|    ep_rew_mean     | -1.8e+05 |
| time/              |          |
|    fps             | 1036     |
|    iterations      | 98       |
|    time_elapsed    | 387      |
|    total_timesteps | 401408   |
---------------------------------
------------------------------------------
| rollout/                |              |
|    ep_len_mean          | 8.64e+04     |
|    ep_rew_mean          | -1.8e+05     |
| time/                   |              |
|    fps                  | 1045         |
|    iterations           | 99           |
|    time_elapsed         | 387          |
|    total_timesteps      | 405504       |
| train/                  |              |
|    approx_kl            | 8.677592e-05 |
|    clip_fraction        | 0            |
|    clip_range           | 0.2          |
|    entropy_loss         | -1.07        |
|    explained_variance   | 0.726        |
|    learning_rate        | 6.72e-05     |
|    loss                 | -0.0205      |
|    n_updates            | 294          |
|    policy_gradient_loss | -0.000627    |
|    value_loss           | 0.0189       |
------------------------------------------
------------------------------------------
| rollout/                |              |
|    ep_len_mean          | 8.64e+04     |
|    ep_rew_mean          | -1.8e+05     |
| time/                   |              |
|    fps                  | 1054         |
|    iterations           | 100          |
|    time_elapsed         | 388          |
|    total_timesteps      | 409600       |
| train/                  |              |
|    approx_kl            | 0.0003403927 |
|    clip_fraction        | 0            |
|    clip_range           | 0.2          |
|    entropy_loss         | -1.13        |
|    explained_variance   | 0.764        |
|    learning_rate        | 6.48e-05     |
|    loss                 | -0.0262      |
|    n_updates            | 297          |
|    policy_gradient_loss | -0.00115     |
|    value_loss           | 0.0166       |
------------------------------------------
------------------------------------------
| rollout/                |              |
|    ep_len_mean          | 8.64e+04     |
|    ep_rew_mean          | -1.8e+05     |
| time/                   |              |
|    fps                  | 1064         |
|    iterations           | 101          |
|    time_elapsed         | 388          |
|    total_timesteps      | 413696       |
| train/                  |              |
|    approx_kl            | 0.0003851099 |
|    clip_fraction        | 0            |
|    clip_range           | 0.2          |
|    entropy_loss         | -1.17        |
|    explained_variance   | 0.71         |
|    learning_rate        | 6.24e-05     |
|    loss                 | -0.0244      |
|    n_updates            | 300          |
|    policy_gradient_loss | -0.000947    |
|    value_loss           | 0.0174       |
------------------------------------------
-------------------------------------------
| rollout/                |               |
|    ep_len_mean          | 8.64e+04      |
|    ep_rew_mean          | -1.8e+05      |
| time/                   |               |
|    fps                  | 1073          |
|    iterations           | 102           |
|    time_elapsed         | 389           |
|    total_timesteps      | 417792        |
| train/                  |               |
|    approx_kl            | 7.1539005e-05 |
|    clip_fraction        | 0             |
|    clip_range           | 0.2           |
|    entropy_loss         | -1.03         |
|    explained_variance   | 0.793         |
|    learning_rate        | 6.01e-05      |
|    loss                 | -0.0212       |
|    n_updates            | 303           |
|    policy_gradient_loss | -0.000423     |
|    value_loss           | 0.0134        |
-------------------------------------------
------------------------------------------
| rollout/                |              |
|    ep_len_mean          | 8.64e+04     |
|    ep_rew_mean          | -1.8e+05     |
| time/                   |              |
|    fps                  | 1082         |
|    iterations           | 103          |
|    time_elapsed         | 389          |
|    total_timesteps      | 421888       |
| train/                  |              |
|    approx_kl            | 0.0001561905 |
|    clip_fraction        | 0            |
|    clip_range           | 0.2          |
|    entropy_loss         | -1.05        |
|    explained_variance   | 0.751        |
|    learning_rate        | 5.77e-05     |
|    loss                 | -0.0202      |
|    n_updates            | 306          |
|    policy_gradient_loss | -0.000772    |
|    value_loss           | 0.0189       |
------------------------------------------
------------------------------------------
| rollout/                |              |
|    ep_len_mean          | 8.64e+04     |
|    ep_rew_mean          | -1.8e+05     |
| time/                   |              |
|    fps                  | 1091         |
|    iterations           | 104          |
|    time_elapsed         | 390          |
|    total_timesteps      | 425984       |
| train/                  |              |
|    approx_kl            | 0.0006500384 |
|    clip_fraction        | 0            |
|    clip_range           | 0.2          |
|    entropy_loss         | -1.02        |
|    explained_variance   | 0.8          |
|    learning_rate        | 5.53e-05     |
|    loss                 | -0.0211      |
|    n_updates            | 309          |
|    policy_gradient_loss | -0.00186     |
|    value_loss           | 0.0198       |
------------------------------------------
-------------------------------------------
| rollout/                |               |
|    ep_len_mean          | 8.64e+04      |
|    ep_rew_mean          | -1.8e+05      |
| time/                   |               |
|    fps                  | 1100          |
|    iterations           | 105           |
|    time_elapsed         | 390           |
|    total_timesteps      | 430080        |
| train/                  |               |
|    approx_kl            | 0.00027964424 |
|    clip_fraction        | 0             |
|    clip_range           | 0.2           |
|    entropy_loss         | -0.837        |
|    explained_variance   | 0.701         |
|    learning_rate        | 5.29e-05      |
|    loss                 | -0.0135       |
|    n_updates            | 312           |
|    policy_gradient_loss | -0.00105      |
|    value_loss           | 0.0161        |
-------------------------------------------
-------------------------------------------
| rollout/                |               |
|    ep_len_mean          | 8.64e+04      |
|    ep_rew_mean          | -1.8e+05      |
| time/                   |               |
|    fps                  | 1108          |
|    iterations           | 106           |
|    time_elapsed         | 391           |
|    total_timesteps      | 434176        |
| train/                  |               |
|    approx_kl            | 7.3971576e-05 |
|    clip_fraction        | 0             |
|    clip_range           | 0.2           |
|    entropy_loss         | -0.913        |
|    explained_variance   | 0.679         |
|    learning_rate        | 5.06e-05      |
|    loss                 | -0.0135       |
|    n_updates            | 315           |
|    policy_gradient_loss | -0.000513     |
|    value_loss           | 0.017         |
-------------------------------------------
-------------------------------------------
| rollout/                |               |
|    ep_len_mean          | 8.64e+04      |
|    ep_rew_mean          | -1.8e+05      |
| time/                   |               |
|    fps                  | 1117          |
|    iterations           | 107           |
|    time_elapsed         | 392           |
|    total_timesteps      | 438272        |
| train/                  |               |
|    approx_kl            | 0.00027529523 |
|    clip_fraction        | 0             |
|    clip_range           | 0.2           |
|    entropy_loss         | -1.13         |
|    explained_variance   | 0.749         |
|    learning_rate        | 4.82e-05      |
|    loss                 | -0.0229       |
|    n_updates            | 318           |
|    policy_gradient_loss | -0.00131      |
|    value_loss           | 0.015         |
-------------------------------------------
-------------------------------------------
| rollout/                |               |
|    ep_len_mean          | 8.64e+04      |
|    ep_rew_mean          | -1.8e+05      |
| time/                   |               |
|    fps                  | 1126          |
|    iterations           | 108           |
|    time_elapsed         | 392           |
|    total_timesteps      | 442368        |
| train/                  |               |
|    approx_kl            | 8.0026875e-05 |
|    clip_fraction        | 0             |
|    clip_range           | 0.2           |
|    entropy_loss         | -0.975        |
|    explained_variance   | 0.658         |
|    learning_rate        | 4.58e-05      |
|    loss                 | -0.016        |
|    n_updates            | 321           |
|    policy_gradient_loss | -0.000573     |
|    value_loss           | 0.013         |
-------------------------------------------
-------------------------------------------
| rollout/                |               |
|    ep_len_mean          | 8.64e+04      |
|    ep_rew_mean          | -1.8e+05      |
| time/                   |               |
|    fps                  | 1135          |
|    iterations           | 109           |
|    time_elapsed         | 393           |
|    total_timesteps      | 446464        |
| train/                  |               |
|    approx_kl            | 0.00014606696 |
|    clip_fraction        | 0             |
|    clip_range           | 0.2           |
|    entropy_loss         | -0.881        |
|    explained_variance   | 0.676         |
|    learning_rate        | 4.34e-05      |
|    loss                 | -0.00734      |
|    n_updates            | 324           |
|    policy_gradient_loss | -0.000658     |
|    value_loss           | 0.0255        |
-------------------------------------------
Eval num_timesteps=450000, episode_reward=-46502.57 +/- 2218.97
Episode length: 86400.00 +/- 0.00
-------------------------------------------
| eval/                   |               |
|    mean_ep_length       | 8.64e+04      |
|    mean_reward          | -4.65e+04     |
| time/                   |               |
|    total_timesteps      | 450000        |
| train/                  |               |
|    approx_kl            | 0.00012506059 |
|    clip_fraction        | 0             |
|    clip_range           | 0.2           |
|    entropy_loss         | -0.843        |
|    explained_variance   | 0.75          |
|    learning_rate        | 4.11e-05      |
|    loss                 | -0.0102       |
|    n_updates            | 327           |
|    policy_gradient_loss | -0.00101      |
|    value_loss           | 0.0155        |
-------------------------------------------
  ⏱  450,000 / 500,000  ( 90.0%)  │  FPS   1061  │  RSS   3817 MB  │  00:07:14
---------------------------------
| rollout/           |          |
|    ep_len_mean     | 8.64e+04 |
|    ep_rew_mean     | -1.8e+05 |
| time/              |          |
|    fps             | 1037     |
|    iterations      | 110      |
|    time_elapsed    | 434      |
|    total_timesteps | 450560   |
---------------------------------
-------------------------------------------
| rollout/                |               |
|    ep_len_mean          | 8.64e+04      |
|    ep_rew_mean          | -1.8e+05      |
| time/                   |               |
|    fps                  | 1045          |
|    iterations           | 111           |
|    time_elapsed         | 434           |
|    total_timesteps      | 454656        |
| train/                  |               |
|    approx_kl            | 0.00026193773 |
|    clip_fraction        | 0             |
|    clip_range           | 0.2           |
|    entropy_loss         | -0.899        |
|    explained_variance   | 0.772         |
|    learning_rate        | 3.87e-05      |
|    loss                 | -0.0126       |
|    n_updates            | 330           |
|    policy_gradient_loss | -0.000917     |
|    value_loss           | 0.013         |
-------------------------------------------
-------------------------------------------
| rollout/                |               |
|    ep_len_mean          | 8.64e+04      |
|    ep_rew_mean          | -1.8e+05      |
| time/                   |               |
|    fps                  | 1054          |
|    iterations           | 112           |
|    time_elapsed         | 435           |
|    total_timesteps      | 458752        |
| train/                  |               |
|    approx_kl            | 5.7689424e-05 |
|    clip_fraction        | 0             |
|    clip_range           | 0.2           |
|    entropy_loss         | -0.734        |
|    explained_variance   | 0.816         |
|    learning_rate        | 3.63e-05      |
|    loss                 | -0.00997      |
|    n_updates            | 333           |
|    policy_gradient_loss | -0.000464     |
|    value_loss           | 0.0133        |
-------------------------------------------
-------------------------------------------
| rollout/                |               |
|    ep_len_mean          | 8.64e+04      |
|    ep_rew_mean          | -1.8e+05      |
| time/                   |               |
|    fps                  | 1062          |
|    iterations           | 113           |
|    time_elapsed         | 435           |
|    total_timesteps      | 462848        |
| train/                  |               |
|    approx_kl            | 3.5504127e-05 |
|    clip_fraction        | 0             |
|    clip_range           | 0.2           |
|    entropy_loss         | -0.977        |
|    explained_variance   | 0.749         |
|    learning_rate        | 3.39e-05      |
|    loss                 | -0.00996      |
|    n_updates            | 336           |
|    policy_gradient_loss | -0.000248     |
|    value_loss           | 0.0155        |
-------------------------------------------
-------------------------------------------
| rollout/                |               |
|    ep_len_mean          | 8.64e+04      |
|    ep_rew_mean          | -1.8e+05      |
| time/                   |               |
|    fps                  | 1070          |
|    iterations           | 114           |
|    time_elapsed         | 436           |
|    total_timesteps      | 466944        |
| train/                  |               |
|    approx_kl            | 5.4861914e-05 |
|    clip_fraction        | 0             |
|    clip_range           | 0.2           |
|    entropy_loss         | -0.906        |
|    explained_variance   | 0.817         |
|    learning_rate        | 3.15e-05      |
|    loss                 | -0.00902      |
|    n_updates            | 339           |
|    policy_gradient_loss | -0.00053      |
|    value_loss           | 0.02          |
-------------------------------------------
-------------------------------------------
| rollout/                |               |
|    ep_len_mean          | 8.64e+04      |
|    ep_rew_mean          | -1.8e+05      |
| time/                   |               |
|    fps                  | 1078          |
|    iterations           | 115           |
|    time_elapsed         | 436           |
|    total_timesteps      | 471040        |
| train/                  |               |
|    approx_kl            | 3.0331008e-05 |
|    clip_fraction        | 0             |
|    clip_range           | 0.2           |
|    entropy_loss         | -0.838        |
|    explained_variance   | 0.764         |
|    learning_rate        | 2.92e-05      |
|    loss                 | -0.00322      |
|    n_updates            | 342           |
|    policy_gradient_loss | -0.00027      |
|    value_loss           | 0.0199        |
-------------------------------------------
-------------------------------------------
| rollout/                |               |
|    ep_len_mean          | 8.64e+04      |
|    ep_rew_mean          | -1.8e+05      |
| time/                   |               |
|    fps                  | 1086          |
|    iterations           | 116           |
|    time_elapsed         | 437           |
|    total_timesteps      | 475136        |
| train/                  |               |
|    approx_kl            | 3.3288772e-05 |
|    clip_fraction        | 0             |
|    clip_range           | 0.2           |
|    entropy_loss         | -0.749        |
|    explained_variance   | 0.742         |
|    learning_rate        | 2.68e-05      |
|    loss                 | -0.00459      |
|    n_updates            | 345           |
|    policy_gradient_loss | -0.000301     |
|    value_loss           | 0.0183        |
-------------------------------------------
-----------------------------------------
| rollout/                |             |
|    ep_len_mean          | 8.64e+04    |
|    ep_rew_mean          | -1.8e+05    |
| time/                   |             |
|    fps                  | 1094        |
|    iterations           | 117         |
|    time_elapsed         | 437         |
|    total_timesteps      | 479232      |
| train/                  |             |
|    approx_kl            | 3.66693e-05 |
|    clip_fraction        | 0           |
|    clip_range           | 0.2         |
|    entropy_loss         | -0.888      |
|    explained_variance   | 0.686       |
|    learning_rate        | 2.44e-05    |
|    loss                 | -0.00351    |
|    n_updates            | 348         |
|    policy_gradient_loss | -0.000335   |
|    value_loss           | 0.0201      |
-----------------------------------------
------------------------------------------
| rollout/                |              |
|    ep_len_mean          | 8.64e+04     |
|    ep_rew_mean          | -1.8e+05     |
| time/                   |              |
|    fps                  | 1102         |
|    iterations           | 118          |
|    time_elapsed         | 438          |
|    total_timesteps      | 483328       |
| train/                  |              |
|    approx_kl            | 9.606822e-05 |
|    clip_fraction        | 0            |
|    clip_range           | 0.2          |
|    entropy_loss         | -1.03        |
|    explained_variance   | 0.68         |
|    learning_rate        | 2.2e-05      |
|    loss                 | -0.00839     |
|    n_updates            | 351          |
|    policy_gradient_loss | -0.000631    |
|    value_loss           | 0.023        |
------------------------------------------
-------------------------------------------
| rollout/                |               |
|    ep_len_mean          | 8.64e+04      |
|    ep_rew_mean          | -1.8e+05      |
| time/                   |               |
|    fps                  | 1110          |
|    iterations           | 119           |
|    time_elapsed         | 438           |
|    total_timesteps      | 487424        |
| train/                  |               |
|    approx_kl            | 1.9284067e-05 |
|    clip_fraction        | 0             |
|    clip_range           | 0.2           |
|    entropy_loss         | -0.931        |
|    explained_variance   | 0.663         |
|    learning_rate        | 1.97e-05      |
|    loss                 | -0.00432      |
|    n_updates            | 354           |
|    policy_gradient_loss | -0.000206     |
|    value_loss           | 0.0165        |
-------------------------------------------
------------------------------------------
| rollout/                |              |
|    ep_len_mean          | 8.64e+04     |
|    ep_rew_mean          | -1.8e+05     |
| time/                   |              |
|    fps                  | 1118         |
|    iterations           | 120          |
|    time_elapsed         | 439          |
|    total_timesteps      | 491520       |
| train/                  |              |
|    approx_kl            | 3.533838e-05 |
|    clip_fraction        | 0            |
|    clip_range           | 0.2          |
|    entropy_loss         | -0.898       |
|    explained_variance   | 0.752        |
|    learning_rate        | 1.73e-05     |
|    loss                 | -0.00397     |
|    n_updates            | 357          |
|    policy_gradient_loss | -0.000435    |
|    value_loss           | 0.0164       |
------------------------------------------
-------------------------------------------
| rollout/                |               |
|    ep_len_mean          | 8.64e+04      |
|    ep_rew_mean          | -1.8e+05      |
| time/                   |               |
|    fps                  | 1126          |
|    iterations           | 121           |
|    time_elapsed         | 439           |
|    total_timesteps      | 495616        |
| train/                  |               |
|    approx_kl            | 1.2584336e-05 |
|    clip_fraction        | 0             |
|    clip_range           | 0.2           |
|    entropy_loss         | -0.842        |
|    explained_variance   | 0.805         |
|    learning_rate        | 1.49e-05      |
|    loss                 | -0.00551      |
|    n_updates            | 360           |
|    policy_gradient_loss | -0.000232     |
|    value_loss           | 0.013         |
-------------------------------------------
-------------------------------------------
| rollout/                |               |
|    ep_len_mean          | 8.64e+04      |
|    ep_rew_mean          | -1.8e+05      |
| time/                   |               |
|    fps                  | 1134          |
|    iterations           | 122           |
|    time_elapsed         | 440           |
|    total_timesteps      | 499712        |
| train/                  |               |
|    approx_kl            | 1.0733449e-05 |
|    clip_fraction        | 0             |
|    clip_range           | 0.2           |
|    entropy_loss         | -0.945        |
|    explained_variance   | 0.758         |
|    learning_rate        | 1.25e-05      |
|    loss                 | -0.000796     |
|    n_updates            | 363           |
|    policy_gradient_loss | -0.000199     |
|    value_loss           | 0.0294        |
-------------------------------------------
Eval num_timesteps=500000, episode_reward=-46732.71 +/- 2703.84
Episode length: 86400.00 +/- 0.00
-------------------------------------------
| eval/                   |               |
|    mean_ep_length       | 8.64e+04      |
|    mean_reward          | -4.67e+04     |
| time/                   |               |
|    total_timesteps      | 500000        |
| train/                  |               |
|    approx_kl            | 4.3376203e-06 |
|    clip_fraction        | 0             |
|    clip_range           | 0.2           |
|    entropy_loss         | -0.743        |
|    explained_variance   | 0.742         |
|    learning_rate        | 1.02e-05      |
|    loss                 | 0.00348       |
|    n_updates            | 366           |
|    policy_gradient_loss | -0.00011      |
|    value_loss           | 0.0206        |
-------------------------------------------
  ⏱  500,000 / 500,000  (100.0%)  │  FPS   1053  │  RSS   3817 MB  │  00:08:01
---------------------------------
| ablation/          |          |
|    ent_coef        | 0.01     |
| rollout/           |          |
|    ep_len_mean     | 8.64e+04 |
|    ep_rew_mean     | -1.8e+05 |
| time/              |          |
|    fps             | 1045     |
|    iterations      | 123      |
|    time_elapsed    | 481      |
|    total_timesteps | 503808   |
---------------------------------

  Training completed in 482.0s (1,045 steps/s)
  Timesteps: 503,808 / 500,000
  ✓ Final model       → /Users/aishwarya/satellite-project/models/ablations/ablation_B/final_model.zip
  ✓ VecNormalize      → /Users/aishwarya/satellite-project/models/ablations/ablation_B/vec_normalize.pkl
done.  T=86400 steps, N=60 sats, 24 ground stations, ISL threshold=3941 km, peak RAM≈2488 MB
done.  T=86400 steps, N=60 sats, 24 ground stations, ISL threshold=3941 km, peak RAM≈2488 MB
done.  T=86400 steps, N=60 sats, 24 ground stations, ISL threshold=3941 km, peak RAM≈2488 MB
done.  T=86400 steps, N=60 sats, 24 ground stations, ISL threshold=3941 km, peak RAM≈2488 MB


────────────────────────────────────────────────────────────────────────
  EVALUATION  Ablation B: No Survival Penalty
────────────────────────────────────────────────────────────────────────
  [Phase 2] Loading topology: topology_dataset.npz … done.  T=86400 steps, N=60 sats, 24 ground stations, ISL threshold=3941 km, peak RAM≈2488 MB
  ✓ Loaded VecNormalize stats from /Users/aishwarya/satellite-project/models/ablations/ablation_B/vec_normalize.pkl
  Ep 1/5  sat_53  │  HO:   669  │  Lat: 18.054 ms  │  Deaths:    0  │  Invalid:    0  │  Return:  -48945.38
  Ep 2/5  sat_24  │  HO:   836  │  Lat: 18.331 ms  │  Deaths:    0  │  Invalid:    0  │  Return:  -47054.46
  Ep 3/5  sat_08  │  HO:   754  │  Lat: 19.905 ms  │  Deaths:    0  │  Invalid:    0  │  Return:  -54311.00
  Ep 4/5  sat_54  │  HO:   678  │  Lat: 17.760 ms  │  Deaths:    0  │  Invalid:    0  │  Return:  -49158.18
  Ep 5/5  sat_51  │  HO:   765  │  Lat: 18.902 ms  │  Deaths:    0  │  Invalid:    0  │  Return:  -46508.87

────────────────────────────────────────────────────────────────────────
  MONKEY-PATCH: restoring original values
────────────────────────────────────────────────────────────────────────
    R_LRL_DEATH           restored → -500.0  ✓
  ✅ All env globals successfully restored.


================================================================================
  ABLATION STUDY — COMPARISON TABLE
  Primary metrics for FACEIT-2026 / Springer LNNS
================================================================================
  Metric                                  Full Model (Ours) Ablation A (No HO Pen) Ablation B (No Surv.Pen)
  ───────────────────────────────────────────────────────────────────────────────────────────────────────
  System Survival Rate (%)                        ★ 100.00%                100.00%                100.00%
  Routing Stability Score (%)                      ★ 99.49%                 99.16%                 99.14%
  Mean Propagation Delay (ms)                      ★ 11.350                      —                      —
  Latency CV (%) ↓                                  ★ 3.52%                  4.20%                  4.07%
  Avg Link Hold Duration (s) ↑                      ★ 195.9                  119.5                  116.7
  LRL Deaths / Episode ↓                              ★ 0.0                      —                      —
  ───────────────────────────────────────────────────────────────────────────────────────────────────────

  ★ = Full Model reference (from RESEARCH_SUMMARY.md)
  ↓ = lower is better   ↑ = higher is better
================================================================================


────────────────────────────────────────────────────────────────────────
  WRITING OUTPUTS
────────────────────────────────────────────────────────────────────────
  📊 Results JSON    → /Users/aishwarya/satellite-project/docs/ablation_results.json
  📄 Ablation report → /Users/aishwarya/satellite-project/docs/ABLATION_REPORT.md

  ✅ Ablation study complete — 1068.1s (17.8 min)
  Results: /Users/aishwarya/satellite-project/docs/ablation_results.json
  Report:  /Users/aishwarya/satellite-project/docs/ABLATION_REPORT.md

.3s (17.7 min)
  Results: /Users/aishwarya/satellite-project/docs/ablation_results.json
  Report:  /Users/aishwarya/satellite-project/docs/ABLATION_REPORT.md

