  ☕ caffeinate started (PID 53043) — display + idle sleep blocked
========================================================================
  Phase 3 — PPO Agent Training  (IEEE Submission-Grade)
  Started   : 2026-03-01 21:31:46
  Dataset   : topology_dataset.npz  (82.5 MB)
  Log file  : /Users/aishwarya/satellite-project/logs/training_output.log
========================================================================
  ✓ MPS detected — using CPU (faster for MlpPolicy, 24-dim obs)
  Hardware validation:
    PyTorch          : 2.10.0
    Device           : cpu
    Matmul (256×256) : ✓  on cpu
    System RSS       :    281.9 M  [Phase 2] Loading topology: topology_dataset.npz … done.  T=86400 steps, N=60 sats, 24 ground stations, ISL threshold=394done.  T=86400 steps, N=60 sats, 24 ground stations, ISL threshold=3941 km, peak RAM≈2488   [Phase 2] Loading topology: topology_dataset.npz … done.  T=86400 steps, N=60 sats, 24 ground stations, ISL threshold=394done.  T=86400 steps, N=60 sats, 24 ground stations, ISL threshold=3941 km, peak RAM≈2488 MB

  Hyperparameters
  ┌─────────────────────────────────────────┐
  │  learning_rate        = 0.0003            │
  │  n_steps              = 2048              │
  │  batch_size           = 64                │
  │  gamma                = 0.99              │
  │  ent_coef             = 0.01              │
  │  total_timesteps      = 1,000,000         │
  │  device               = cpu               │
  │  policy               = MlpPolicy         │
  │  current_sat          = -1 (random)       │
  └─────────────────────────────────────────┘

Using cpu device
Wrapping the env in a DummyVecEnv.
  💾 Model checkpoints → /Users/aishwarya/satellite-project/models/checkpoints  (every 100k steps)
  📋 Training log will be written to /Users/aishwarya/satellite-project/docs/TRAINING_LOG.md after training completes
────────────────────────────────────────────────────────────────────────
  Ready to train for 1,000,000 timesteps.
  Estimated time: ~60-90 min on Apple M4.
────────────────────────────────────────────────────────────────────────
  ✓ Launching training loo-----------------------------
| time/              |      |
|    fps  -----------------------------
| time/              |      |
|    fps             | 7727 |
|    iterations      | 1    |
|    time_elapsed   -----------------------------------------
| time/                   | -----------------------------------------
| time/                   |             |
|    fps                  | 5400        |
|    iterations           | 2           |
|    time_elapsed         | 0           |
|    total_timesteps      | 4096        |
| train/                  |             |
|    approx_kl            | 0.020283477 |
|    clip_fraction        | 0.303       |
|    clip_range           | 0.2         |
|    entropy_loss         | -2.06       |
|    explained_variance   | -0.0114     |
|    learning_rate        | 0.0003      |
|    loss                 | 2.41e+03    |
|    n_updates            | 10          |
|    policy_gradient_loss | -0.0282     |
|    value_los-----------------------------------------
| time/                   | -----------------------------------------
| time/                   |             |
|    fps                  | 4902        |
|    iterations           | 3           |
|    time_elapsed         | 1           |
|    total_timesteps      | 6144        |
| train/                  |             |
|    approx_kl            | 0.015683463 |
|    clip_fraction        | 0.209       |
|    clip_range           | 0.2         |
|    entropy_loss         | -2.03       |
|    explained_variance   | 0.00664     |
|    learning_rate        | 0.0003      |
|    loss                 | 2.11e+03    |
|    n_updates            | 20          |
|    policy_gradient_loss | -0.0249     |
|    value_los-----------------------------------------
| time/                   | -----------------------------------------
| time/                   |             |
|    fps                  | 4684        |
|    iterations           | 4           |
|    time_elapsed         | 1           |
|    total_timesteps      | 8192        |
| train/                  |             |
|    approx_kl            | 0.015013782 |
|    clip_fraction        | 0.174       |
|    clip_range           | 0.2         |
|    entropy_loss         | -1.97       |
|    explained_variance   | 0.00183     |
|    learning_rate        | 0.0003      |
|    loss                 | 1.1e+03     |
|    n_updates            | 30          |
|    policy_gradient_loss | -0.0223     |
|    value_los-----------------------------------------
| time/                   | -----------------------------------------
| time/                   |             |
|    fps                  | 4569        |
|    iterations           | 5           |
|    time_elapsed         | 2           |
|    total_timesteps      | 10240       |
| train/                  |             |
|    approx_kl            | 0.014877104 |
|    clip_fraction        | 0.207       |
|    clip_range           | 0.2         |
|    entropy_loss         | -1.9        |
|    explained_variance   | 0.000543    |
|    learning_rate        | 0.0003      |
|    loss                 | 1e+03       |
|    n_updates            | 40          |
|    policy_gradient_loss | -0.0259     |
|    value_los-----------------------------------------
| time/                   | -----------------------------------------
| time/                   |             |
|    fps                  | 4502        |
|    iterations           | 6           |
|    time_elapsed         | 2           |
|    total_timesteps      | 12288       |
| train/                  |             |
|    approx_kl            | 0.015703265 |
|    clip_fraction        | 0.198       |
|    clip_range           | 0.2         |
|    entropy_loss         | -1.85       |
|    explained_variance   | 0.000306    |
|    learning_rate        | 0.0003      |
|    loss                 | 610         |
|    n_updates            | 50          |
|    policy_gradient_loss | -0.0242     |
|    value_los-----------------------------------------
| time/                   | -----------------------------------------
| time/                   |             |
|    fps                  | 4446        |
|    iterations           | 7           |
|    time_elapsed         | 3           |
|    total_timesteps      | 14336       |
| train/                  |             |
|    approx_kl            | 0.011213642 |
|    clip_fraction        | 0.0959      |
|    clip_range           | 0.2         |
|    entropy_loss         | -1.79       |
|    explained_variance   | 0.000173    |
|    learning_rate        | 0.0003      |
|    loss                 | 240         |
|    n_updates            | 60          |
|    policy_gradient_loss | -0.0132     |
|    value_los----------------------------------------
| time/                   |  ----------------------------------------
| time/                   |            |
|    fps                  | 4411       |
|    iterations           | 8          |
|    time_elapsed         | 3          |
|    total_timesteps      | 16384      |
| train/                  |            |
|    approx_kl            | 0.01497714 |
|    clip_fraction        | 0.157      |
|    clip_range           | 0.2        |
|    entropy_loss         | -1.75      |
|    explained_variance   | -0.000208  |
|    learning_rate        | 0.0003     |
|    loss                 | 609        |
|    n_updates            | 70         |
|    policy_gradient_loss | -0.0225    |
|    value_l-----------------------------------------
| time/                   | -----------------------------------------
| time/                   |             |
|    fps                  | 4384        |
|    iterations           | 9           |
|    time_elapsed         | 4           |
|    total_timesteps      | 18432       |
| train/                  |             |
|    approx_kl            | 0.011932039 |
|    clip_fraction        | 0.119       |
|    clip_range           | 0.2         |
|    entropy_loss         | -1.63       |
|    explained_variance   | 4.48e-05    |
|    learning_rate        | 0.0003      |
|    loss                 | 301         |
|    n_updates            | 80          |
|    policy_gradient_loss | -0.0143     |
|    value_los  ⏱  step    20,000  │  FPS    4319  │  RSS   4634 MB
----------  ⏱  step    20,000  │  FPS    4319  │  RSS   4634 MB
-----------------------------------------
| hw/                     |             |
|    fps                  | 4.32e+03    |
|    rss_mb               | 4.63e+03    |
| time/                   |             |
|    fps                  | 4358        |
|    iterations           | 10          |
|    time_elapsed         | 4           |
|    total_timesteps      | 20480       |
| train/                  |             |
|    approx_kl            | 0.013661071 |
|    clip_fraction        | 0.152       |
|    clip_range           | 0.2         |
|    entropy_loss         | -1.54       |
|    explained_variance   | 2.86e-06    |
|    learning_rate        | 0.0003      |
|    loss                 | 355         |
|    n_updates            | 90          |
|    policy_gradient_loss | -0.0178     |
|    value_los----------------------------------------
| time/                   |  ----------------------------------------
| time/                   |            |
|    fps                  | 4332       |
|    iterations           | 11         |
|    time_elapsed         | 5          |
|    total_timesteps      | 22528      |
| train/                  |            |
|    approx_kl            | 0.01495933 |
|    clip_fraction        | 0.213      |
|    clip_range           | 0.2        |
|    entropy_loss         | -1.41      |
|    explained_variance   | -6.45e-05  |
|    learning_rate        | 0.0003     |
|    loss                 | 347        |
|    n_updates            | 100        |
|    policy_gradient_loss | -0.0231    |
|    value_l-----------------------------------------
| time/                   | -----------------------------------------
| time/                   |             |
|    fps                  | 4317        |
|    iterations           | 12          |
|    time_elapsed         | 5           |
|    total_timesteps      | 24576       |
| train/                  |             |
|    approx_kl            | 0.019768123 |
|    clip_fraction        | 0.205       |
|    clip_range           | 0.2         |
|    entropy_loss         | -1.25       |
|    explained_variance   | -1.29e-05   |
|    learning_rate        | 0.0003      |
|    loss                 | 213         |
|    n_updates            | 110         |
|    policy_gradient_loss | -0.0197     |
|    value_los-----------------------------------------
| time/                   | -----------------------------------------
| time/                   |             |
|    fps                  | 4302        |
|    iterations           | 13          |
|    time_elapsed         | 6           |
|    total_timesteps      | 26624       |
| train/                  |             |
|    approx_kl            | 0.014906174 |
|    clip_fraction        | 0.153       |
|    clip_range           | 0.2         |
|    entropy_loss         | -1.05       |
|    explained_variance   | 1.9e-05     |
|    learning_rate        | 0.0003      |
|    loss                 | 148         |
|    n_updates            | 120         |
|    policy_gradient_loss | -0.0162     |
|    value_los-----------------------------------------
| time/                   | -----------------------------------------
| time/                   |             |
|    fps                  | 4293        |
|    iterations           | 14          |
|    time_elapsed         | 6           |
|    total_timesteps      | 28672       |
| train/                  |             |
|    approx_kl            | 0.017375568 |
|    clip_fraction        | 0.136       |
|    clip_range           | 0.2         |
|    entropy_loss         | -0.837      |
|    explained_variance   | -1.2e-05    |
|    learning_rate        | 0.0003      |
|    loss                 | 148         |
|    n_updates            | 130         |
|    policy_gradient_loss | -0.0109     |
|    value_los-----------------------------------------
| time/                   | -----------------------------------------
| time/                   |             |
|    fps                  | 4284        |
|    iterations           | 15          |
|    time_elapsed         | 7           |
|    total_timesteps      | 30720       |
| train/                  |             |
|    approx_kl            | 0.006827174 |
|    clip_fraction        | 0.101       |
|    clip_range           | 0.2         |
|    entropy_loss         | -0.881      |
|    explained_variance   | -2.62e-06   |
|    learning_rate        | 0.0003      |
|    loss                 | 249         |
|    n_updates            | 140         |
|    policy_gradient_loss | -0.0065     |
|    value_los-----------------------------------------
| time/                   | -----------------------------------------
| time/                   |             |
|    fps                  | 4273        |
|    iterations           | 16          |
|    time_elapsed         | 7           |
|    total_timesteps      | 32768       |
| train/                  |             |
|    approx_kl            | 0.021454383 |
|    clip_fraction        | 0.156       |
|    clip_range           | 0.2         |
|    entropy_loss         | -0.645      |
|    explained_variance   | 1.19e-07    |
|    learning_rate        | 0.0003      |
|    loss                 | 158         |
|    n_updates            | 150         |
|    policy_gradient_loss | -0.00561    |
|    value_los------------------------------------------
| time/                   |------------------------------------------
| time/                   |              |
|    fps                  | 4267         |
|    iterations           | 17           |
|    time_elapsed         | 8            |
|    total_timesteps      | 34816        |
| train/                  |              |
|    approx_kl            | 0.0019814959 |
|    clip_fraction        | 0.053        |
|    clip_range           | 0.2          |
|    entropy_loss         | -0.481       |
|    explained_variance   | -8.46e-06    |
|    learning_rate        | 0.0003       |
|    loss                 | 189          |
|    n_updates            | 160          |
|    policy_gradient_loss | -0.00082     |
|    value_loss -------------------------------------------
| time/                   -------------------------------------------
| time/                   |               |
|    fps                  | 4247          |
|    iterations           | 18            |
|    time_elapsed         | 8             |
|    total_timesteps      | 36864         |
| train/                  |               |
|    approx_kl            | 0.00023642305 |
|    clip_fraction        | 0             |
|    clip_range           | 0.2           |
|    entropy_loss         | -0.538        |
|    explained_variance   | 0.03          |
|    learning_rate        | 0.0003        |
|    loss                 | 408           |
|    n_updates            | 170           |
|    policy_gradient_loss | -0.000508     |
|    value_loss   ------------------------------------------
| time/                   |------------------------------------------
| time/                   |              |
|    fps                  | 4241         |
|    iterations           | 19           |
|    time_elapsed         | 9            |
|    total_timesteps      | 38912        |
| train/                  |              |
|    approx_kl            | 0.0028257817 |
|    clip_fraction        | 0.0299       |
|    clip_range           | 0.2          |
|    entropy_loss         | -0.468       |
|    explained_variance   | 0.254        |
|    learning_rate        | 0.0003       |
|    loss                 | 165          |
|    n_updates            | 180          |
|    policy_gradient_loss | -0.00461     |
|    value_loss   ⏱  step    40,000  │  FPS    4071  │  RSS   4634 MB
----------  ⏱  step    40,000  │  FPS    4071  │  RSS   4634 MB
------------------------------------------
| hw/                     |              |
|    fps                  | 4.07e+03     |
|    rss_mb               | 4.63e+03     |
| time/                   |              |
|    fps                  | 4233         |
|    iterations           | 20           |
|    time_elapsed         | 9            |
|    total_timesteps      | 40960        |
| train/                  |              |
|    approx_kl            | 0.0036170008 |
|    clip_fraction        | 0.0424       |
|    clip_range           | 0.2          |
|    entropy_loss         | -0.373       |
|    explained_variance   | 0.685        |
|    learning_rate        | 0.0003       |
|    loss                 | 26.5         |
|    n_updates            | 190          |
|    policy_gradient_loss | -0.00974     |
|    value_loss -------------------------------------------
| time/                   -------------------------------------------
| time/                   |               |
|    fps                  | 4227          |
|    iterations           | 21            |
|    time_elapsed         | 10            |
|    total_timesteps      | 43008         |
| train/                  |               |
|    approx_kl            | 0.00015578436 |
|    clip_fraction        | 0             |
|    clip_range           | 0.2           |
|    entropy_loss         | -0.339        |
|    explained_variance   | 0.125         |
|    learning_rate        | 0.0003        |
|    loss                 | 572           |
|    n_updates            | 200           |
|    policy_gradient_loss | -0.000293     |
|    value_loss   ------------------------------------------
| time/                   |------------------------------------------
| time/                   |              |
|    fps                  | 4223         |
|    iterations           | 22           |
|    time_elapsed         | 10           |
|    total_timesteps      | 45056        |
| train/                  |              |
|    approx_kl            | 0.0013078692 |
|    clip_fraction        | 0.00649      |
|    clip_range           | 0.2          |
|    entropy_loss         | -0.405       |
|    explained_variance   | 0.416        |
|    learning_rate        | 0.0003       |
|    loss                 | 222          |
|    n_updates            | 210          |
|    policy_gradient_loss | -0.00178     |
|    value_loss -------------------------------------------
| time/                   -------------------------------------------
| time/                   |               |
|    fps                  | 4218          |
|    iterations           | 23            |
|    time_elapsed         | 11            |
|    total_timesteps      | 47104         |
| train/                  |               |
|    approx_kl            | 0.00094737264 |
|    clip_fraction        | 0.00547       |
|    clip_range           | 0.2           |
|    entropy_loss         | -0.276        |
|    explained_variance   | 0.475         |
|    learning_rate        | 0.0003        |
|    loss                 | 117           |
|    n_updates            | 220           |
|    policy_gradient_loss | -0.00181      |
|    value_loss   -------------------------------------------
| time/                   -------------------------------------------
| time/                   |               |
|    fps                  | 4216          |
|    iterations           | 24            |
|    time_elapsed         | 11            |
|    total_timesteps      | 49152         |
| train/                  |               |
|    approx_kl            | 0.00050260354 |
|    clip_fraction        | 0             |
|    clip_range           | 0.2           |
|    entropy_loss         | -0.275        |
|    explained_variance   | 0.313         |
|    learning_rate        | 0.0003        |
|    loss                 | 497           |
|    n_updates            | 230           |
|    policy_gradient_loss | -0.00097      |
|    value_loss   Eval num_timesteps=50000, episode_reward=21583.39 +/- 1392.03
Episode Eval num_timesteps=50000, episode_reward=21583.39 +/- 1392.03
Episode length: 86400.00 +/- 0.00
------------------------------------------
| eval/                   |              |
|    mean_ep_length       | 8.64e+04     |
|    mean_reward          | 2.16e+04     |
| time/                   |              |
|    total_timesteps      | 50000        |
| train/                  |              |
|    approx_kl            | 0.0012425781 |
|    clip_fraction        | 0.0168       |
|    clip_range           | 0.2          |
|    entropy_loss         | -0.27        |
|    explained_variance   | 0.775        |
|    learning_rate        | 0.0003       |
|    loss                 | 26.1         |
|    n_updates            | 240          |
|    policy_gradient_loss | -0.0033      |
|    value_loss New best mean reward!
------------------------------
| time/          New best mean reward!
------------------------------
| time/              |       |
|    fps             | 1308  |
|    iterations      | 25    |
|    time_elapsed    | ------------------------------------------
| time/                   |------------------------------------------
| time/                   |              |
|    fps                  | 1343         |
|    iterations           | 26           |
|    time_elapsed         | 39           |
|    total_timesteps      | 53248        |
| train/                  |              |
|    approx_kl            | 0.0011028437 |
|    clip_fraction        | 0.00903      |
|    clip_range           | 0.2          |
|    entropy_loss         | -0.234       |
|    explained_variance   | -0.155       |
|    learning_rate        | 0.0003       |
|    loss                 | 356          |
|    n_updates            | 250          |
|    policy_gradient_loss | -0.00193     |
|    value_loss -----------------------------------------
| time/                   | -----------------------------------------
| time/                   |             |
|    fps                  | 1377        |
|    iterations           | 27          |
|    time_elapsed         | 40          |
|    total_timesteps      | 55296       |
| train/                  |             |
|    approx_kl            | 0.001136465 |
|    clip_fraction        | 0.00937     |
|    clip_range           | 0.2         |
|    entropy_loss         | -0.191      |
|    explained_variance   | 0.562       |
|    learning_rate        | 0.0003      |
|    loss                 | 49.7        |
|    n_updates            | 260         |
|    policy_gradient_loss | -0.00319    |
|    value_los-------------------------------------------
| time/                   -------------------------------------------
| time/                   |               |
|    fps                  | 1410          |
|    iterations           | 28            |
|    time_elapsed         | 40            |
|    total_timesteps      | 57344         |
| train/                  |               |
|    approx_kl            | 0.00024415067 |
|    clip_fraction        | 0.000537      |
|    clip_range           | 0.2           |
|    entropy_loss         | -0.171        |
|    explained_variance   | 0.181         |
|    learning_rate        | 0.0003        |
|    loss                 | 258           |
|    n_updates            | 270           |
|    policy_gradient_loss | -0.000357     |
|    value_loss   -------------------------------------------
| time/                   -------------------------------------------
| time/                   |               |
|    fps                  | 1443          |
|    iterations           | 29            |
|    time_elapsed         | 41            |
|    total_timesteps      | 59392         |
| train/                  |               |
|    approx_kl            | 0.00024778247 |
|    clip_fraction        | 0             |
|    clip_range           | 0.2           |
|    entropy_loss         | -0.235        |
|    explained_variance   | 0.218         |
|    learning_rate        | 0.0003        |
|    loss                 | 420           |
|    n_updates            | 280           |
|    policy_gradient_loss | -0.000243     |
|    value_loss     ⏱  step    60,000  │  FPS     627  │  RSS   4936 MB
----------  ⏱  step    60,000  │  FPS     627  │  RSS   4936 MB
------------------------------------------
| hw/                     |              |
|    fps                  | 627          |
|    rss_mb               | 4.94e+03     |
| time/                   |              |
|    fps                  | 1474         |
|    iterations           | 30           |
|    time_elapsed         | 41           |
|    total_timesteps      | 61440        |
| train/                  |              |
|    approx_kl            | 0.0008300679 |
|    clip_fraction        | 0.00303      |
|    clip_range           | 0.2          |
|    entropy_loss         | -0.152       |
|    explained_variance   | 0.412        |
|    learning_rate        | 0.0003       |
|    loss                 | 641          |
|    n_updates            | 290          |
|    policy_gradient_loss | -0.00125     |
|    value_loss -------------------------------------------
| time/                   -------------------------------------------
| time/                   |               |
|    fps                  | 1505          |
|    iterations           | 31            |
|    time_elapsed         | 42            |
|    total_timesteps      | 63488         |
| train/                  |               |
|    approx_kl            | 0.00042148886 |
|    clip_fraction        | 0.000781      |
|    clip_range           | 0.2           |
|    entropy_loss         | -0.153        |
|    explained_variance   | 0.583         |
|    learning_rate        | 0.0003        |
|    loss                 | 365           |
|    n_updates            | 300           |
|    policy_gradient_loss | -0.000554     |
|    value_loss   ------------------------------------------
| time/                   |------------------------------------------
| time/                   |              |
|    fps                  | 1535         |
|    iterations           | 32           |
|    time_elapsed         | 42           |
|    total_timesteps      | 65536        |
| train/                  |              |
|    approx_kl            | 0.0017254348 |
|    clip_fraction        | 0.0173       |
|    clip_range           | 0.2          |
|    entropy_loss         | -0.142       |
|    explained_variance   | 0.882        |
|    learning_rate        | 0.0003       |
|    loss                 | 31           |
|    n_updates            | 310          |
|    policy_gradient_loss | -0.00401     |
|    value_loss ------------------------------------------
| time/                   |------------------------------------------
| time/                   |              |
|    fps                  | 1564         |
|    iterations           | 33           |
|    time_elapsed         | 43           |
|    total_timesteps      | 67584        |
| train/                  |              |
|    approx_kl            | 0.0005351409 |
|    clip_fraction        | 0.00254      |
|    clip_range           | 0.2          |
|    entropy_loss         | -0.126       |
|    explained_variance   | 0.768        |
|    learning_rate        | 0.0003       |
|    loss                 | 72.1         |
|    n_updates            | 320          |
|    policy_gradient_loss | -0.000558    |
|    value_loss -----------------------------------------
| time/                   | -----------------------------------------
| time/                   |             |
|    fps                  | 1593        |
|    iterations           | 34          |
|    time_elapsed         | 43          |
|    total_timesteps      | 69632       |
| train/                  |             |
|    approx_kl            | 0.001064847 |
|    clip_fraction        | 0.00889     |
|    clip_range           | 0.2         |
|    entropy_loss         | -0.0908     |
|    explained_variance   | 0.92        |
|    learning_rate        | 0.0003      |
|    loss                 | 16.3        |
|    n_updates            | 330         |
|    policy_gradient_loss | -0.0012     |
|    value_los-------------------------------------------
| time/                   -------------------------------------------
| time/                   |               |
|    fps                  | 1622          |
|    iterations           | 35            |
|    time_elapsed         | 44            |
|    total_timesteps      | 71680         |
| train/                  |               |
|    approx_kl            | 0.00021618293 |
|    clip_fraction        | 0.00225       |
|    clip_range           | 0.2           |
|    entropy_loss         | -0.0721       |
|    explained_variance   | 0.142         |
|    learning_rate        | 0.0003        |
|    loss                 | 218           |
|    n_updates            | 340           |
|    policy_gradient_loss | -0.000685     |
|    value_loss   ------------------------------------------
| time/                   |------------------------------------------
| time/                   |              |
|    fps                  | 1650         |
|    iterations           | 36           |
|    time_elapsed         | 44           |
|    total_timesteps      | 73728        |
| train/                  |              |
|    approx_kl            | 0.0012112032 |
|    clip_fraction        | 0.01         |
|    clip_range           | 0.2          |
|    entropy_loss         | -0.083       |
|    explained_variance   | 0.827        |
|    learning_rate        | 0.0003       |
|    loss                 | 31.7         |
|    n_updates            | 350          |
|    policy_gradient_loss | -0.00258     |
|    value_loss ------------------------------------------
| time/                   |------------------------------------------
| time/                   |              |
|    fps                  | 1677         |
|    iterations           | 37           |
|    time_elapsed         | 45           |
|    total_timesteps      | 75776        |
| train/                  |              |
|    approx_kl            | 6.375977e-05 |
|    clip_fraction        | 0.000146     |
|    clip_range           | 0.2          |
|    entropy_loss         | -0.0507      |
|    explained_variance   | 0.342        |
|    learning_rate        | 0.0003       |
|    loss                 | 227          |
|    n_updates            | 360          |
|    policy_gradient_loss | -0.000142    |
|    value_loss -------------------------------------------
| time/                   -------------------------------------------
| time/                   |               |
|    fps                  | 1703          |
|    iterations           | 38            |
|    time_elapsed         | 45            |
|    total_timesteps      | 77824         |
| train/                  |               |
|    approx_kl            | 0.00013352218 |
|    clip_fraction        | 0.00122       |
|    clip_range           | 0.2           |
|    entropy_loss         | -0.0527       |
|    explained_variance   | 0.472         |
|    learning_rate        | 0.0003        |
|    loss                 | 347           |
|    n_updates            | 370           |
|    policy_gradient_loss | -0.000295     |
|    value_loss   -------------------------------------------
| time/                   -------------------------------------------
| time/                   |               |
|    fps                  | 1729          |
|    iterations           | 39            |
|    time_elapsed         | 46            |
|    total_timesteps      | 79872         |
| train/                  |               |
|    approx_kl            | 0.00021602857 |
|    clip_fraction        | 0.0019        |
|    clip_range           | 0.2           |
|    entropy_loss         | -0.048        |
|    explained_variance   | 0.0774        |
|    learning_rate        | 0.0003        |
|    loss                 | 280           |
|    n_updates            | 380           |
|    policy_gradient_loss | -0.000185     |
|    value_loss     ⏱  step    80,000  │  FPS    4029  │  RSS   4936 MB
----------  ⏱  step    80,000  │  FPS    4029  │  RSS   4936 MB
--------------------------------------------
| hw/                     |                |
|    fps                  | 4.03e+03       |
|    rss_mb               | 4.94e+03       |
| time/                   |                |
|    fps                  | 1754           |
|    iterations           | 40             |
|    time_elapsed         | 46             |
|    total_timesteps      | 81920          |
| train/                  |                |
|    approx_kl            | 0.000107818545 |
|    clip_fraction        | 0.000488       |
|    clip_range           | 0.2            |
|    entropy_loss         | -0.0522        |
|    explained_variance   | 0.252          |
|    learning_rate        | 0.0003         |
|    loss                 | 606            |
|    n_updates            | 390            |
|    policy_gradient_loss | -0.000372      |
|    value_loss     -------------------------------------------
| time/                   -------------------------------------------
| time/                   |               |
|    fps                  | 1779          |
|    iterations           | 41            |
|    time_elapsed         | 47            |
|    total_timesteps      | 83968         |
| train/                  |               |
|    approx_kl            | 0.00043506964 |
|    clip_fraction        | 0.00454       |
|    clip_range           | 0.2           |
|    entropy_loss         | -0.0438       |
|    explained_variance   | 0.232         |
|    learning_rate        | 0.0003        |
|    loss                 | 239           |
|    n_updates            | 400           |
|    policy_gradient_loss | -0.000463     |
|    value_loss   -------------------------------------------
| time/                   -------------------------------------------
| time/                   |               |
|    fps                  | 1803          |
|    iterations           | 42            |
|    time_elapsed         | 47            |
|    total_timesteps      | 86016         |
| train/                  |               |
|    approx_kl            | 7.6607976e-05 |
|    clip_fraction        | 0.00083       |
|    clip_range           | 0.2           |
|    entropy_loss         | -0.0396       |
|    explained_variance   | 0.196         |
|    learning_rate        | 0.0003        |
|    loss                 | 369           |
|    n_updates            | 410           |
|    policy_gradient_loss | -0.000256     |
|    value_loss   -------------------------------------------
| rollout/                -------------------------------------------
| rollout/                |               |
|    ep_len_mean          | 8.64e+04      |
|    ep_rew_mean          | -5.98e+04     |
| time/                   |               |
|    fps                  | 1825          |
|    iterations           | 43            |
|    time_elapsed         | 48            |
|    total_timesteps      | 88064         |
| train/                  |               |
|    approx_kl            | 0.00022242806 |
|    clip_fraction        | 0.000977      |
|    clip_range           | 0.2           |
|    entropy_loss         | -0.0548       |
|    explained_variance   | 0.382         |
|    learning_rate        | 0.0003        |
|    loss                 | 292           |
|    n_updates            | 420           |
|    policy_gradient_loss | -0.000201     |
|    value_loss   ------------------------------------------
| rollout/                |------------------------------------------
| rollout/                |              |
|    ep_len_mean          | 8.64e+04     |
|    ep_rew_mean          | -5.98e+04    |
| time/                   |              |
|    fps                  | 1848         |
|    iterations           | 44           |
|    time_elapsed         | 48           |
|    total_timesteps      | 90112        |
| train/                  |              |
|    approx_kl            | 0.0011576314 |
|    clip_fraction        | 0.00669      |
|    clip_range           | 0.2          |
|    entropy_loss         | -0.0427      |
|    explained_variance   | 0.0126       |
|    learning_rate        | 0.0003       |
|    loss                 | 170          |
|    n_updates            | 430          |
|    policy_gradient_loss | -0.00356     |
|    value_loss --------------------------------------------
| rollout/               --------------------------------------------
| rollout/                |                |
|    ep_len_mean          | 8.64e+04       |
|    ep_rew_mean          | -5.98e+04      |
| time/                   |                |
|    fps                  | 1871           |
|    iterations           | 45             |
|    time_elapsed         | 49             |
|    total_timesteps      | 92160          |
| train/                  |                |
|    approx_kl            | 0.000108425214 |
|    clip_fraction        | 0.00117        |
|    clip_range           | 0.2            |
|    entropy_loss         | -0.0395        |
|    explained_variance   | -0.0615        |
|    learning_rate        | 0.0003         |
|    loss                 | 408            |
|    n_updates            | 440            |
|    policy_gradient_loss | -9.23e-05      |
|    value_loss     -----------------------------------------
| rollout/                | -----------------------------------------
| rollout/                |             |
|    ep_len_mean          | 8.64e+04    |
|    ep_rew_mean          | -5.98e+04   |
| time/                   |             |
|    fps                  | 1894        |
|    iterations           | 46          |
|    time_elapsed         | 49          |
|    total_timesteps      | 94208       |
| train/                  |             |
|    approx_kl            | 0.000873604 |
|    clip_fraction        | 0.00469     |
|    clip_range           | 0.2         |
|    entropy_loss         | -0.0527     |
|    explained_variance   | 0.449       |
|    learning_rate        | 0.0003      |
|    loss                 | 91.6        |
|    n_updates            | 450         |
|    policy_gradient_loss | -0.00113    |
|    value_los------------------------------------------
| rollout/                |------------------------------------------
| rollout/                |              |
|    ep_len_mean          | 8.64e+04     |
|    ep_rew_mean          | -5.98e+04    |
| time/                   |              |
|    fps                  | 1916         |
|    iterations           | 47           |
|    time_elapsed         | 50           |
|    total_timesteps      | 96256        |
| train/                  |              |
|    approx_kl            | 0.0004761268 |
|    clip_fraction        | 0.00293      |
|    clip_range           | 0.2          |
|    entropy_loss         | -0.0286      |
|    explained_variance   | -0.0593      |
|    learning_rate        | 0.0003       |
|    loss                 | 401          |
|    n_updates            | 460          |
|    policy_gradient_loss | -0.00113     |
|    value_loss ------------------------------------------
| rollout/                |------------------------------------------
| rollout/                |              |
|    ep_len_mean          | 8.64e+04     |
|    ep_rew_mean          | -5.98e+04    |
| time/                   |              |
|    fps                  | 1938         |
|    iterations           | 48           |
|    time_elapsed         | 50           |
|    total_timesteps      | 98304        |
| train/                  |              |
|    approx_kl            | 7.064734e-05 |
|    clip_fraction        | 0.000586     |
|    clip_range           | 0.2          |
|    entropy_loss         | -0.0227      |
|    explained_variance   | 0.109        |
|    learning_rate        | 0.0003       |
|    loss                 | 483          |
|    n_updates            | 470          |
|    policy_gradient_loss | -0.000199    |
|    value_loss Eval num_timesteps=100000, episode_reward=23819.91 +/- 2202.47
EpisodeEval num_timesteps=100000, episode_reward=23819.91 +/- 2202.47
Episode length: 86400.00 +/- 0.00
-------------------------------------------
| eval/                   |               |
|    mean_ep_length       | 8.64e+04      |
|    mean_reward          | 2.38e+04      |
| time/                   |               |
|    total_timesteps      | 100000        |
| train/                  |               |
|    approx_kl            | 0.00068764493 |
|    clip_fraction        | 0.0041        |
|    clip_range           | 0.2           |
|    entropy_loss         | -0.0347       |
|    explained_variance   | 0.79          |
|    learning_rate        | 0.0003        |
|    loss                 | 5.75          |
|    n_updates            | 480           |
|    policy_gradient_loss | -0.000982     |
|    value_loss   New best mean reward!
  ⏱  step   100,000  │  FPS     638  │  RSNew best mean reward!
  ⏱  step   100,000  │  FPS     638  │  RSS   5245 MB
----------------------------------
| hw/                |           |
|    fps             | 638       |
|    rss_mb          | 5.24e+03  |
| rollout/           |           |
|    ep_len_mean     | 8.64e+04  |
|    ep_rew_mean     | -5.98e+04 |
| time/              |           |
|    fps             | 1289      |
|    iterations      | 49        |
|    time_elapsed    | 77        |
------------------------------------------
| rollout/                |------------------------------------------
| rollout/                |              |
|    ep_len_mean          | 8.64e+04     |
|    ep_rew_mean          | -5.98e+04    |
| time/                   |              |
|    fps                  | 1307         |
|    iterations           | 50           |
|    time_elapsed         | 78           |
|    total_timesteps      | 102400       |
| train/                  |              |
|    approx_kl            | 0.0006713695 |
|    clip_fraction        | 0.00527      |
|    clip_range           | 0.2          |
|    entropy_loss         | -0.0248      |
|    explained_variance   | 0.767        |
|    learning_rate        | 0.0003       |
|    loss                 | 33.2         |
|    n_updates            | 490          |
|    policy_gradient_loss | -0.00138     |
|    value_loss -------------------------------------------
| rollout/                -------------------------------------------
| rollout/                |               |
|    ep_len_mean          | 8.64e+04      |
|    ep_rew_mean          | -5.98e+04     |
| time/                   |               |
|    fps                  | 1325          |
|    iterations           | 51            |
|    time_elapsed         | 78            |
|    total_timesteps      | 104448        |
| train/                  |               |
|    approx_kl            | 0.00012987928 |
|    clip_fraction        | 0.00107       |
|    clip_range           | 0.2           |
|    entropy_loss         | -0.0246       |
|    explained_variance   | 0.154         |
|    learning_rate        | 0.0003        |
|    loss                 | 272           |
|    n_updates            | 500           |
|    policy_gradient_loss | -0.000409     |
|    value_loss   -------------------------------------------
| rollout/                -------------------------------------------
| rollout/                |               |
|    ep_len_mean          | 8.64e+04      |
|    ep_rew_mean          | -5.98e+04     |
| time/                   |               |
|    fps                  | 1342          |
|    iterations           | 52            |
|    time_elapsed         | 79            |
|    total_timesteps      | 106496        |
| train/                  |               |
|    approx_kl            | 0.00019489371 |
|    clip_fraction        | 0.00103       |
|    clip_range           | 0.2           |
|    entropy_loss         | -0.0239       |
|    explained_variance   | 0.0368        |
|    learning_rate        | 0.0003        |
|    loss                 | 284           |
|    n_updates            | 510           |
|    policy_gradient_loss | -0.00036      |
|    value_loss   -------------------------------------------
| rollout/                -------------------------------------------
| rollout/                |               |
|    ep_len_mean          | 8.64e+04      |
|    ep_rew_mean          | -5.98e+04     |
| time/                   |               |
|    fps                  | 1360          |
|    iterations           | 53            |
|    time_elapsed         | 79            |
|    total_timesteps      | 108544        |
| train/                  |               |
|    approx_kl            | 0.00027105035 |
|    clip_fraction        | 0.00303       |
|    clip_range           | 0.2           |
|    entropy_loss         | -0.0348       |
|    explained_variance   | 0.345         |
|    learning_rate        | 0.0003        |
|    loss                 | 216           |
|    n_updates            | 520           |
|    policy_gradient_loss | -0.000201     |
|    value_loss   -------------------------------------------
| rollout/                -------------------------------------------
| rollout/                |               |
|    ep_len_mean          | 8.64e+04      |
|    ep_rew_mean          | -5.98e+04     |
| time/                   |               |
|    fps                  | 1377          |
|    iterations           | 54            |
|    time_elapsed         | 80            |
|    total_timesteps      | 110592        |
| train/                  |               |
|    approx_kl            | 6.8070134e-05 |
|    clip_fraction        | 0.000879      |
|    clip_range           | 0.2           |
|    entropy_loss         | -0.0241       |
|    explained_variance   | 0.333         |
|    learning_rate        | 0.0003        |
|    loss                 | 106           |
|    n_updates            | 530           |
|    policy_gradient_loss | -2.92e-05     |
|    value_loss   -------------------------------------------
| rollout/                -------------------------------------------
| rollout/                |               |
|    ep_len_mean          | 8.64e+04      |
|    ep_rew_mean          | -5.98e+04     |
| time/                   |               |
|    fps                  | 1394          |
|    iterations           | 55            |
|    time_elapsed         | 80            |
|    total_timesteps      | 112640        |
| train/                  |               |
|    approx_kl            | 0.00010862484 |
|    clip_fraction        | 0.00195       |
|    clip_range           | 0.2           |
|    entropy_loss         | -0.02         |
|    explained_variance   | 0.393         |
|    learning_rate        | 0.0003        |
|    loss                 | 75.5          |
|    n_updates            | 540           |
|    policy_gradient_loss | -0.000474     |
|    value_loss   ------------------------------------------
| rollout/                |------------------------------------------
| rollout/                |              |
|    ep_len_mean          | 8.64e+04     |
|    ep_rew_mean          | -5.98e+04    |
| time/                   |              |
|    fps                  | 1411         |
|    iterations           | 56           |
|    time_elapsed         | 81           |
|    total_timesteps      | 114688       |
| train/                  |              |
|    approx_kl            | 0.0065567703 |
|    clip_fraction        | 0.00771      |
|    clip_range           | 0.2          |
|    entropy_loss         | -0.0367      |
|    explained_variance   | -0.13        |
|    learning_rate        | 0.0003       |
|    loss                 | 433          |
|    n_updates            | 550          |
|    policy_gradient_loss | -0.00137     |
|    value_loss -------------------------------------------
| rollout/                -------------------------------------------
| rollout/                |               |
|    ep_len_mean          | 8.64e+04      |
|    ep_rew_mean          | -5.98e+04     |
| time/                   |               |
|    fps                  | 1427          |
|    iterations           | 57            |
|    time_elapsed         | 81            |
|    total_timesteps      | 116736        |
| train/                  |               |
|    approx_kl            | 6.4325926e-05 |
|    clip_fraction        | 0.00127       |
|    clip_range           | 0.2           |
|    entropy_loss         | -0.0252       |
|    explained_variance   | 0.255         |
|    learning_rate        | 0.0003        |
|    loss                 | 164           |
|    n_updates            | 560           |
|    policy_gradient_loss | -4.95e-05     |
|    value_loss   ------------------------------------------
| rollout/                |------------------------------------------
| rollout/                |              |
|    ep_len_mean          | 8.64e+04     |
|    ep_rew_mean          | -5.98e+04    |
| time/                   |              |
|    fps                  | 1443         |
|    iterations           | 58           |
|    time_elapsed         | 82           |
|    total_timesteps      | 118784       |
| train/                  |              |
|    approx_kl            | 0.0015423609 |
|    clip_fraction        | 0.00596      |
|    clip_range           | 0.2          |
|    entropy_loss         | -0.0305      |
|    explained_variance   | -0.156       |
|    learning_rate        | 0.0003       |
|    loss                 | 160          |
|    n_updates            | 570          |
|    policy_gradient_loss | -0.0037      |
|    value_loss   ⏱  step   120,000  │  FPS    4102  │  RSS   5481 MB
----------  ⏱  step   120,000  │  FPS    4102  │  RSS   5481 MB
-----------------------------------------
| hw/                     |             |
|    fps                  | 4.1e+03     |
|    rss_mb               | 5.48e+03    |
| rollout/                |             |
|    ep_len_mean          | 8.64e+04    |
|    ep_rew_mean          | -5.98e+04   |
| time/                   |             |
|    fps                  | 1459        |
|    iterations           | 59          |
|    time_elapsed         | 82          |
|    total_timesteps      | 120832      |
| train/                  |             |
|    approx_kl            | 0.029468458 |
|    clip_fraction        | 0.104       |
|    clip_range           | 0.2         |
|    entropy_loss         | -0.0904     |
|    explained_variance   | 0.0404      |
|    learning_rate        | 0.0003      |
|    loss                 | 186         |
|    n_updates            | 580         |
|    policy_gradient_loss | -0.00836    |
|    value_los-------------------------------------------
| rollout/                -------------------------------------------
| rollout/                |               |
|    ep_len_mean          | 8.64e+04      |
|    ep_rew_mean          | -5.98e+04     |
| time/                   |               |
|    fps                  | 1475          |
|    iterations           | 60            |
|    time_elapsed         | 83            |
|    total_timesteps      | 122880        |
| train/                  |               |
|    approx_kl            | 6.2761625e-05 |
|    clip_fraction        | 0.000928      |
|    clip_range           | 0.2           |
|    entropy_loss         | -0.0142       |
|    explained_variance   | 0.275         |
|    learning_rate        | 0.0003        |
|    loss                 | 243           |
|    n_updates            | 590           |
|    policy_gradient_loss | -7.99e-05     |
|    value_loss   ------------------------------------------
| rollout/                |------------------------------------------
| rollout/                |              |
|    ep_len_mean          | 8.64e+04     |
|    ep_rew_mean          | -5.98e+04    |
| time/                   |              |
|    fps                  | 1491         |
|    iterations           | 61           |
|    time_elapsed         | 83           |
|    total_timesteps      | 124928       |
| train/                  |              |
|    approx_kl            | 0.0018571401 |
|    clip_fraction        | 0.00454      |
|    clip_range           | 0.2          |
|    entropy_loss         | -0.0142      |
|    explained_variance   | 0.412        |
|    learning_rate        | 0.0003       |
|    loss                 | 33.2         |
|    n_updates            | 600          |
|    policy_gradient_loss | -0.000635    |
|    value_loss ------------------------------------------
| rollout/                |------------------------------------------
| rollout/                |              |
|    ep_len_mean          | 8.64e+04     |
|    ep_rew_mean          | -5.98e+04    |
| time/                   |              |
|    fps                  | 1506         |
|    iterations           | 62           |
|    time_elapsed         | 84           |
|    total_timesteps      | 126976       |
| train/                  |              |
|    approx_kl            | 0.0003075452 |
|    clip_fraction        | 0.00215      |
|    clip_range           | 0.2          |
|    entropy_loss         | -0.0115      |
|    explained_variance   | 0.049        |
|    learning_rate        | 0.0003       |
|    loss                 | 38.4         |
|    n_updates            | 610          |
|    policy_gradient_loss | -0.000152    |
|    value_loss -------------------------------------------
| rollout/                -------------------------------------------
| rollout/                |               |
|    ep_len_mean          | 8.64e+04      |
|    ep_rew_mean          | -5.98e+04     |
| time/                   |               |
|    fps                  | 1521          |
|    iterations           | 63            |
|    time_elapsed         | 84            |
|    total_timesteps      | 129024        |
| train/                  |               |
|    approx_kl            | 0.00015996554 |
|    clip_fraction        | 0.0022        |
|    clip_range           | 0.2           |
|    entropy_loss         | -0.0198       |
|    explained_variance   | 0.0327        |
|    learning_rate        | 0.0003        |
|    loss                 | 29            |
|    n_updates            | 620           |
|    policy_gradient_loss | -0.000361     |
|    value_loss   ------------------------------------------
| rollout/                |------------------------------------------
| rollout/                |              |
|    ep_len_mean          | 8.64e+04     |
|    ep_rew_mean          | -5.98e+04    |
| time/                   |              |
|    fps                  | 1537         |
|    iterations           | 64           |
|    time_elapsed         | 85           |
|    total_timesteps      | 131072       |
| train/                  |              |
|    approx_kl            | 0.0001254935 |
|    clip_fraction        | 0.00195      |
|    clip_range           | 0.2          |
|    entropy_loss         | -0.0154      |
|    explained_variance   | 0.15         |
|    learning_rate        | 0.0003       |
|    loss                 | 219          |
|    n_updates            | 630          |
|    policy_gradient_loss | -0.000386    |
|    value_loss -----------------------------------------
| rollout/                | -----------------------------------------
| rollout/                |             |
|    ep_len_mean          | 8.64e+04    |
|    ep_rew_mean          | -5.98e+04   |
| time/                   |             |
|    fps                  | 1551        |
|    iterations           | 65          |
|    time_elapsed         | 85          |
|    total_timesteps      | 133120      |
| train/                  |             |
|    approx_kl            | 0.011956226 |
|    clip_fraction        | 0.0253      |
|    clip_range           | 0.2         |
|    entropy_loss         | -0.0374     |
|    explained_variance   | 0.264       |
|    learning_rate        | 0.0003      |
|    loss                 | 247         |
|    n_updates            | 640         |
|    policy_gradient_loss | -0.0046     |
|    value_los-------------------------------------------
| rollout/                -------------------------------------------
| rollout/                |               |
|    ep_len_mean          | 8.64e+04      |
|    ep_rew_mean          | -5.98e+04     |
| time/                   |               |
|    fps                  | 1566          |
|    iterations           | 66            |
|    time_elapsed         | 86            |
|    total_timesteps      | 135168        |
| train/                  |               |
|    approx_kl            | 0.00019341311 |
|    clip_fraction        | 0.00229       |
|    clip_range           | 0.2           |
|    entropy_loss         | -0.012        |
|    explained_variance   | 0.838         |
|    learning_rate        | 0.0003        |
|    loss                 | 4.22          |
|    n_updates            | 650           |
|    policy_gradient_loss | -0.000609     |
|    value_loss   -------------------------------------------
| rollout/                -------------------------------------------
| rollout/                |               |
|    ep_len_mean          | 8.64e+04      |
|    ep_rew_mean          | -5.98e+04     |
| time/                   |               |
|    fps                  | 1581          |
|    iterations           | 67            |
|    time_elapsed         | 86            |
|    total_timesteps      | 137216        |
| train/                  |               |
|    approx_kl            | 4.7804235e-05 |
|    clip_fraction        | 0.000342      |
|    clip_range           | 0.2           |
|    entropy_loss         | -0.018        |
|    explained_variance   | 0.475         |
|    learning_rate        | 0.0003        |
|    loss                 | 170           |
|    n_updates            | 660           |
|    policy_gradient_loss | -0.00019      |
|    value_loss   -----------------------------------------
| rollout/                | -----------------------------------------
| rollout/                |             |
|    ep_len_mean          | 8.64e+04    |
|    ep_rew_mean          | -5.98e+04   |
| time/                   |             |
|    fps                  | 1595        |
|    iterations           | 68          |
|    time_elapsed         | 87          |
|    total_timesteps      | 139264      |
| train/                  |             |
|    approx_kl            | 0.002832307 |
|    clip_fraction        | 0.00244     |
|    clip_range           | 0.2         |
|    entropy_loss         | -0.0186     |
|    explained_variance   | 0.495       |
|    learning_rate        | 0.0003      |
|    loss                 | 45.8        |
|    n_updates            | 670         |
|    policy_gradient_loss | -0.000982   |
|    value_los  ⏱  step   140,000  │  FPS    4070  │  RSS   5486 MB
----------  ⏱  step   140,000  │  FPS    4070  │  RSS   5486 MB
-------------------------------------------
| hw/                     |               |
|    fps                  | 4.07e+03      |
|    rss_mb               | 5.49e+03      |
| rollout/                |               |
|    ep_len_mean          | 8.64e+04      |
|    ep_rew_mean          | -5.98e+04     |
| time/                   |               |
|    fps                  | 1610          |
|    iterations           | 69            |
|    time_elapsed         | 87            |
|    total_timesteps      | 141312        |
| train/                  |               |
|    approx_kl            | 2.1790795e-05 |
|    clip_fraction        | 4.88e-05      |
|    clip_range           | 0.2           |
|    entropy_loss         | -0.0146       |
|    explained_variance   | 0.277         |
|    learning_rate        | 0.0003        |
|    loss                 | 152           |
|    n_updates            | 680           |
|    policy_gradient_loss | -3.48e-05     |
|    value_loss   -------------------------------------------
| rollout/                -------------------------------------------
| rollout/                |               |
|    ep_len_mean          | 8.64e+04      |
|    ep_rew_mean          | -5.98e+04     |
| time/                   |               |
|    fps                  | 1624          |
|    iterations           | 70            |
|    time_elapsed         | 88            |
|    total_timesteps      | 143360        |
| train/                  |               |
|    approx_kl            | 0.00021319833 |
|    clip_fraction        | 0.00166       |
|    clip_range           | 0.2           |
|    entropy_loss         | -0.0185       |
|    explained_variance   | 0.423         |
|    learning_rate        | 0.0003        |
|    loss                 | 350           |
|    n_updates            | 690           |
|    policy_gradient_loss | -5.58e-05     |
|    value_loss   -----------------------------------------
| rollout/                | -----------------------------------------
| rollout/                |             |
|    ep_len_mean          | 8.64e+04    |
|    ep_rew_mean          | -5.98e+04   |
| time/                   |             |
|    fps                  | 1638        |
|    iterations           | 71          |
|    time_elapsed         | 88          |
|    total_timesteps      | 145408      |
| train/                  |             |
|    approx_kl            | 0.000180539 |
|    clip_fraction        | 0.00151     |
|    clip_range           | 0.2         |
|    entropy_loss         | -0.0154     |
|    explained_variance   | 0.606       |
|    learning_rate        | 0.0003      |
|    loss                 | 152         |
|    n_updates            | 700         |
|    policy_gradient_loss | -3.46e-05   |
|    value_los------------------------------------------
| rollout/                |------------------------------------------
| rollout/                |              |
|    ep_len_mean          | 8.64e+04     |
|    ep_rew_mean          | -5.98e+04    |
| time/                   |              |
|    fps                  | 1652         |
|    iterations           | 72           |
|    time_elapsed         | 89           |
|    total_timesteps      | 147456       |
| train/                  |              |
|    approx_kl            | 0.0007182626 |
|    clip_fraction        | 0.00234      |
|    clip_range           | 0.2          |
|    entropy_loss         | -0.0239      |
|    explained_variance   | 0.472        |
|    learning_rate        | 0.0003       |
|    loss                 | 458          |
|    n_updates            | 710          |
|    policy_gradient_loss | -0.000206    |
|    value_loss ------------------------------------------
| rollout/                |------------------------------------------
| rollout/                |              |
|    ep_len_mean          | 8.64e+04     |
|    ep_rew_mean          | -5.98e+04    |
| time/                   |              |
|    fps                  | 1666         |
|    iterations           | 73           |
|    time_elapsed         | 89           |
|    total_timesteps      | 149504       |
| train/                  |              |
|    approx_kl            | 0.0005901351 |
|    clip_fraction        | 0.00254      |
|    clip_range           | 0.2          |
|    entropy_loss         | -0.0138      |
|    explained_variance   | -0.405       |
|    learning_rate        | 0.0003       |
|    loss                 | 262          |
|    n_updates            | 720          |
|    policy_gradient_loss | -0.00119     |
|    value_loss Eval num_timesteps=150000, episode_reward=18882.83 +/- 8273.33
EpisodeEval num_timesteps=150000, episode_reward=18882.83 +/- 8273.33
Episode length: 86400.00 +/- 0.00
-------------------------------------------
| eval/                   |               |
|    mean_ep_length       | 8.64e+04      |
|    mean_reward          | 1.89e+04      |
| time/                   |               |
|    total_timesteps      | 150000        |
| train/                  |               |
|    approx_kl            | 0.00015246659 |
|    clip_fraction        | 0.00215       |
|    clip_range           | 0.2           |
|    entropy_loss         | -0.0144       |
|    explained_variance   | 0.394         |
|    learning_rate        | 0.0003        |
|    loss                 | 73.7          |
|    n_updates            | 730           |
|    policy_gradient_loss | -0.000534     |
|    value_loss   ----------------------------------
| rollout/           |           |
----------------------------------
| rollout/           |           |
|    ep_len_mean     | 8.64e+04  |
|    ep_rew_mean     | -5.98e+04 |
| time/              |           |
|    fps             | 1295      |
|    iterations      | 74        |
|    time_elapsed    | 116       |
-------------------------------------------
| rollout/                -------------------------------------------
| rollout/                |               |
|    ep_len_mean          | 8.64e+04      |
|    ep_rew_mean          | -5.98e+04     |
| time/                   |               |
|    fps                  | 1307          |
|    iterations           | 75            |
|    time_elapsed         | 117           |
|    total_timesteps      | 153600        |
| train/                  |               |
|    approx_kl            | 0.00016094267 |
|    clip_fraction        | 0.00151       |
|    clip_range           | 0.2           |
|    entropy_loss         | -0.0134       |
|    explained_variance   | 0.213         |
|    learning_rate        | 0.0003        |
|    loss                 | 318           |
|    n_updates            | 740           |
|    policy_gradient_loss | -0.000208     |
|    value_loss   ------------------------------------------
| rollout/                |------------------------------------------
| rollout/                |              |
|    ep_len_mean          | 8.64e+04     |
|    ep_rew_mean          | -5.98e+04    |
| time/                   |              |
|    fps                  | 1319         |
|    iterations           | 76           |
|    time_elapsed         | 117          |
|    total_timesteps      | 155648       |
| train/                  |              |
|    approx_kl            | 3.053024e-05 |
|    clip_fraction        | 0.000293     |
|    clip_range           | 0.2          |
|    entropy_loss         | -0.0117      |
|    explained_variance   | 0.272        |
|    learning_rate        | 0.0003       |
|    loss                 | 86.2         |
|    n_updates            | 750          |
|    policy_gradient_loss | -2.22e-05    |
|    value_loss -------------------------------------------
| rollout/                -------------------------------------------
| rollout/                |               |
|    ep_len_mean          | 8.64e+04      |
|    ep_rew_mean          | -5.98e+04     |
| time/                   |               |
|    fps                  | 1331          |
|    iterations           | 77            |
|    time_elapsed         | 118           |
|    total_timesteps      | 157696        |
| train/                  |               |
|    approx_kl            | 0.00013487812 |
|    clip_fraction        | 0.00176       |
|    clip_range           | 0.2           |
|    entropy_loss         | -0.0202       |
|    explained_variance   | 0.563         |
|    learning_rate        | 0.0003        |
|    loss                 | 204           |
|    n_updates            | 760           |
|    policy_gradient_loss | 0.000132      |
|    value_loss   -------------------------------------------
| rollout/                -------------------------------------------
| rollout/                |               |
|    ep_len_mean          | 8.64e+04      |
|    ep_rew_mean          | -5.98e+04     |
| time/                   |               |
|    fps                  | 1343          |
|    iterations           | 78            |
|    time_elapsed         | 118           |
|    total_timesteps      | 159744        |
| train/                  |               |
|    approx_kl            | 0.00033044448 |
|    clip_fraction        | 0.00161       |
|    clip_range           | 0.2           |
|    entropy_loss         | -0.0159       |
|    explained_variance   | 0.703         |
|    learning_rate        | 0.0003        |
|    loss                 | 10.6          |
|    n_updates            | 770           |
|    policy_gradient_loss | -0.000153     |
|    value_loss     ⏱  step   160,000  │  FPS     633  │  RSS   5493 MB
----------  ⏱  step   160,000  │  FPS     633  │  RSS   5493 MB
------------------------------------------
| hw/                     |              |
|    fps                  | 633          |
|    rss_mb               | 5.49e+03     |
| rollout/                |              |
|    ep_len_mean          | 8.64e+04     |
|    ep_rew_mean          | -5.98e+04    |
| time/                   |              |
|    fps                  | 1354         |
|    iterations           | 79           |
|    time_elapsed         | 119          |
|    total_timesteps      | 161792       |
| train/                  |              |
|    approx_kl            | 7.272893e-05 |
|    clip_fraction        | 0.00142      |
|    clip_range           | 0.2          |
|    entropy_loss         | -0.0208      |
|    explained_variance   | 0.173        |
|    learning_rate        | 0.0003       |
|    loss                 | 106          |
|    n_updates            | 780          |
|    policy_gradient_loss | -0.000192    |
|    value_loss ------------------------------------------
| rollout/                |------------------------------------------
| rollout/                |              |
|    ep_len_mean          | 8.64e+04     |
|    ep_rew_mean          | -5.98e+04    |
| time/                   |              |
|    fps                  | 1366         |
|    iterations           | 80           |
|    time_elapsed         | 119          |
|    total_timesteps      | 163840       |
| train/                  |              |
|    approx_kl            | 8.281891e-05 |
|    clip_fraction        | 0.00107      |
|    clip_range           | 0.2          |
|    entropy_loss         | -0.018       |
|    explained_variance   | 0.268        |
|    learning_rate        | 0.0003       |
|    loss                 | 45           |
|    n_updates            | 790          |
|    policy_gradient_loss | -0.000344    |
|    value_loss ------------------------------------------
| rollout/                |------------------------------------------
| rollout/                |              |
|    ep_len_mean          | 8.64e+04     |
|    ep_rew_mean          | -5.98e+04    |
| time/                   |              |
|    fps                  | 1377         |
|    iterations           | 81           |
|    time_elapsed         | 120          |
|    total_timesteps      | 165888       |
| train/                  |              |
|    approx_kl            | 6.409985e-05 |
|    clip_fraction        | 0.00142      |
|    clip_range           | 0.2          |
|    entropy_loss         | -0.0269      |
|    explained_variance   | 0.173        |
|    learning_rate        | 0.0003       |
|    loss                 | 371          |
|    n_updates            | 800          |
|    policy_gradient_loss | -0.000234    |
|    value_loss -------------------------------------------
| rollout/                -------------------------------------------
| rollout/                |               |
|    ep_len_mean          | 8.64e+04      |
|    ep_rew_mean          | -5.98e+04     |
| time/                   |               |
|    fps                  | 1388          |
|    iterations           | 82            |
|    time_elapsed         | 120           |
|    total_timesteps      | 167936        |
| train/                  |               |
|    approx_kl            | 0.00018010646 |
|    clip_fraction        | 0.00166       |
|    clip_range           | 0.2           |
|    entropy_loss         | -0.0231       |
|    explained_variance   | 0.26          |
|    learning_rate        | 0.0003        |
|    loss                 | 147           |
|    n_updates            | 810           |
|    policy_gradient_loss | -0.000326     |
|    value_loss   -------------------------------------------
| rollout/                -------------------------------------------
| rollout/                |               |
|    ep_len_mean          | 8.64e+04      |
|    ep_rew_mean          | -5.98e+04     |
| time/                   |               |
|    fps                  | 1400          |
|    iterations           | 83            |
|    time_elapsed         | 121           |
|    total_timesteps      | 169984        |
| train/                  |               |
|    approx_kl            | 0.00011769502 |
|    clip_fraction        | 0.00229       |
|    clip_range           | 0.2           |
|    entropy_loss         | -0.0198       |
|    explained_variance   | 0.379         |
|    learning_rate        | 0.0003        |
|    loss                 | 88.4          |
|    n_updates            | 820           |
|    policy_gradient_loss | -0.00034      |
|    value_loss   ------------------------------------------
| rollout/                |------------------------------------------
| rollout/                |              |
|    ep_len_mean          | 8.64e+04     |
|    ep_rew_mean          | -5.98e+04    |
| time/                   |              |
|    fps                  | 1411         |
|    iterations           | 84           |
|    time_elapsed         | 121          |
|    total_timesteps      | 172032       |
| train/                  |              |
|    approx_kl            | 0.0001591302 |
|    clip_fraction        | 0.00278      |
|    clip_range           | 0.2          |
|    entropy_loss         | -0.0294      |
|    explained_variance   | 0.334        |
|    learning_rate        | 0.0003       |
|    loss                 | 342          |
|    n_updates            | 830          |
|    policy_gradient_loss | -0.000117    |
|    value_loss -------------------------------------------
| rollout/                -------------------------------------------
| rollout/                |               |
|    ep_len_mean          | 8.64e+04      |
|    ep_rew_mean          | -1.81e+04     |
| time/                   |               |
|    fps                  | 1422          |
|    iterations           | 85            |
|    time_elapsed         | 122           |
|    total_timesteps      | 174080        |
| train/                  |               |
|    approx_kl            | 6.2609906e-05 |
|    clip_fraction        | 0.000684      |
|    clip_range           | 0.2           |
|    entropy_loss         | -0.0162       |
|    explained_variance   | 0.655         |
|    learning_rate        | 0.0003        |
|    loss                 | 38.5          |
|    n_updates            | 840           |
|    policy_gradient_loss | -0.000241     |
|    value_loss   ------------------------------------------
| rollout/                |------------------------------------------
| rollout/                |              |
|    ep_len_mean          | 8.64e+04     |
|    ep_rew_mean          | -1.81e+04    |
| time/                   |              |
|    fps                  | 1433         |
|    iterations           | 86           |
|    time_elapsed         | 122          |
|    total_timesteps      | 176128       |
| train/                  |              |
|    approx_kl            | 0.0010895686 |
|    clip_fraction        | 0.00112      |
|    clip_range           | 0.2          |
|    entropy_loss         | -0.0231      |
|    explained_variance   | 0.487        |
|    learning_rate        | 0.0003       |
|    loss                 | 334          |
|    n_updates            | 850          |
|    policy_gradient_loss | 1.24e-05     |
|    value_loss -------------------------------------------
| rollout/                -------------------------------------------
| rollout/                |               |
|    ep_len_mean          | 8.64e+04      |
|    ep_rew_mean          | -1.81e+04     |
| time/                   |               |
|    fps                  | 1444          |
|    iterations           | 87            |
|    time_elapsed         | 123           |
|    total_timesteps      | 178176        |
| train/                  |               |
|    approx_kl            | 0.00047316324 |
|    clip_fraction        | 0.00103       |
|    clip_range           | 0.2           |
|    entropy_loss         | -0.0184       |
|    explained_variance   | 0.856         |
|    learning_rate        | 0.0003        |
|    loss                 | 17.1          |
|    n_updates            | 860           |
|    policy_gradient_loss | -0.00017      |
|    value_loss     ⏱  step   180,000  │  FPS    4302  │  RSS   5493 MB
----------  ⏱  step   180,000  │  FPS    4302  │  RSS   5493 MB
-------------------------------------------
| hw/                     |               |
|    fps                  | 4.3e+03       |
|    rss_mb               | 5.49e+03      |
| rollout/                |               |
|    ep_len_mean          | 8.64e+04      |
|    ep_rew_mean          | -1.81e+04     |
| time/                   |               |
|    fps                  | 1454          |
|    iterations           | 88            |
|    time_elapsed         | 123           |
|    total_timesteps      | 180224        |
| train/                  |               |
|    approx_kl            | 0.00035050925 |
|    clip_fraction        | 0.00117       |
|    clip_range           | 0.2           |
|    entropy_loss         | -0.0106       |
|    explained_variance   | -0.0361       |
|    learning_rate        | 0.0003        |
|    loss                 | 70.9          |
|    n_updates            | 870           |
|    policy_gradient_loss | -9.51e-05     |
|    value_loss   ------------------------------------------
| rollout/                |------------------------------------------
| rollout/                |              |
|    ep_len_mean          | 8.64e+04     |
|    ep_rew_mean          | -1.81e+04    |
| time/                   |              |
|    fps                  | 1465         |
|    iterations           | 89           |
|    time_elapsed         | 124          |
|    total_timesteps      | 182272       |
| train/                  |              |
|    approx_kl            | 8.607865e-06 |
|    clip_fraction        | 0            |
|    clip_range           | 0.2          |
|    entropy_loss         | -0.00797     |
|    explained_variance   | 0.23         |
|    learning_rate        | 0.0003       |
|    loss                 | 254          |
|    n_updates            | 880          |
|    policy_gradient_loss | -6.2e-06     |
|    value_loss ------------------------------------------
| rollout/                |------------------------------------------
| rollout/                |              |
|    ep_len_mean          | 8.64e+04     |
|    ep_rew_mean          | -1.81e+04    |
| time/                   |              |
|    fps                  | 1476         |
|    iterations           | 90           |
|    time_elapsed         | 124          |
|    total_timesteps      | 184320       |
| train/                  |              |
|    approx_kl            | 0.0001638997 |
|    clip_fraction        | 0.00249      |
|    clip_range           | 0.2          |
|    entropy_loss         | -0.0222      |
|    explained_variance   | 0.537        |
|    learning_rate        | 0.0003       |
|    loss                 | 115          |
|    n_updates            | 890          |
|    policy_gradient_loss | -0.000454    |
|    value_loss -----------------------------------------
| rollout/                | -----------------------------------------
| rollout/                |             |
|    ep_len_mean          | 8.64e+04    |
|    ep_rew_mean          | -1.81e+04   |
| time/                   |             |
|    fps                  | 1486        |
|    iterations           | 91          |
|    time_elapsed         | 125         |
|    total_timesteps      | 186368      |
| train/                  |             |
|    approx_kl            | 0.006817952 |
|    clip_fraction        | 0.0356      |
|    clip_range           | 0.2         |
|    entropy_loss         | -0.0362     |
|    explained_variance   | 0.538       |
|    learning_rate        | 0.0003      |
|    loss                 | 92.6        |
|    n_updates            | 900         |
|    policy_gradient_loss | -0.00477    |
|    value_los-------------------------------------------
| rollout/                -------------------------------------------
| rollout/                |               |
|    ep_len_mean          | 8.64e+04      |
|    ep_rew_mean          | -1.81e+04     |
| time/                   |               |
|    fps                  | 1497          |
|    iterations           | 92            |
|    time_elapsed         | 125           |
|    total_timesteps      | 188416        |
| train/                  |               |
|    approx_kl            | 0.00070001406 |
|    clip_fraction        | 0.00156       |
|    clip_range           | 0.2           |
|    entropy_loss         | -0.0119       |
|    explained_variance   | 0.503         |
|    learning_rate        | 0.0003        |
|    loss                 | 153           |
|    n_updates            | 910           |
|    policy_gradient_loss | -0.000396     |
|    value_loss   -----------------------------------------
| rollout/                | -----------------------------------------
| rollout/                |             |
|    ep_len_mean          | 8.64e+04    |
|    ep_rew_mean          | -1.81e+04   |
| time/                   |             |
|    fps                  | 1507        |
|    iterations           | 93          |
|    time_elapsed         | 126         |
|    total_timesteps      | 190464      |
| train/                  |             |
|    approx_kl            | 1.98021e-05 |
|    clip_fraction        | 0.000293    |
|    clip_range           | 0.2         |
|    entropy_loss         | -0.00773    |
|    explained_variance   | 0.608       |
|    learning_rate        | 0.0003      |
|    loss                 | 333         |
|    n_updates            | 920         |
|    policy_gradient_loss | -7.35e-05   |
|    value_los------------------------------------------
| rollout/                |------------------------------------------
| rollout/                |              |
|    ep_len_mean          | 8.64e+04     |
|    ep_rew_mean          | -1.81e+04    |
| time/                   |              |
|    fps                  | 1518         |
|    iterations           | 94           |
|    time_elapsed         | 126          |
|    total_timesteps      | 192512       |
| train/                  |              |
|    approx_kl            | 0.0009803172 |
|    clip_fraction        | 0.00166      |
|    clip_range           | 0.2          |
|    entropy_loss         | -0.0104      |
|    explained_variance   | 0.663        |
|    learning_rate        | 0.0003       |
|    loss                 | 52           |
|    n_updates            | 930          |
|    policy_gradient_loss | -0.000973    |
|    value_loss ------------------------------------------
| rollout/                |------------------------------------------
| rollout/                |              |
|    ep_len_mean          | 8.64e+04     |
|    ep_rew_mean          | -1.81e+04    |
| time/                   |              |
|    fps                  | 1528         |
|    iterations           | 95           |
|    time_elapsed         | 127          |
|    total_timesteps      | 194560       |
| train/                  |              |
|    approx_kl            | 2.127816e-05 |
|    clip_fraction        | 9.77e-05     |
|    clip_range           | 0.2          |
|    entropy_loss         | -0.0064      |
|    explained_variance   | 0.445        |
|    learning_rate        | 0.0003       |
|    loss                 | 280          |
|    n_updates            | 940          |
|    policy_gradient_loss | -1.76e-05    |
|    value_loss -------------------------------------------
| rollout/                -------------------------------------------
| rollout/                |               |
|    ep_len_mean          | 8.64e+04      |
|    ep_rew_mean          | -1.81e+04     |
| time/                   |               |
|    fps                  | 1538          |
|    iterations           | 96            |
|    time_elapsed         | 127           |
|    total_timesteps      | 196608        |
| train/                  |               |
|    approx_kl            | 1.7852173e-05 |
|    clip_fraction        | 0.000244      |
|    clip_range           | 0.2           |
|    entropy_loss         | -0.00679      |
|    explained_variance   | 0.808         |
|    learning_rate        | 0.0003        |
|    loss                 | 16.2          |
|    n_updates            | 950           |
|    policy_gradient_loss | -1.93e-05     |
|    value_loss   -------------------------------------------
| rollout/                -------------------------------------------
| rollout/                |               |
|    ep_len_mean          | 8.64e+04      |
|    ep_rew_mean          | -1.81e+04     |
| time/                   |               |
|    fps                  | 1548          |
|    iterations           | 97            |
|    time_elapsed         | 128           |
|    total_timesteps      | 198656        |
| train/                  |               |
|    approx_kl            | 4.2164844e-05 |
|    clip_fraction        | 0.000879      |
|    clip_range           | 0.2           |
|    entropy_loss         | -0.0127       |
|    explained_variance   | 0.364         |
|    learning_rate        | 0.0003        |
|    loss                 | 143           |
|    n_updates            | 960           |
|    policy_gradient_loss | -7.06e-05     |
|    value_loss   Eval num_timesteps=200000, episode_reward=25524.11 +/- 6338.46
EpisodeEval num_timesteps=200000, episode_reward=25524.11 +/- 6338.46
Episode length: 86400.00 +/- 0.00
-------------------------------------------
| eval/                   |               |
|    mean_ep_length       | 8.64e+04      |
|    mean_reward          | 2.55e+04      |
| time/                   |               |
|    total_timesteps      | 200000        |
| train/                  |               |
|    approx_kl            | 0.00013309234 |
|    clip_fraction        | 0.00103       |
|    clip_range           | 0.2           |
|    entropy_loss         | -0.00871      |
|    explained_variance   | 0.477         |
|    learning_rate        | 0.0003        |
|    loss                 | 162           |
|    n_updates            | 970           |
|    policy_gradient_loss | -0.000419     |
|    value_loss   New best mean reward!
  ⏱  step   200,000  │  FPS     634  │  RSNew best mean reward!
  ⏱  step   200,000  │  FPS     634  │  RSS   5493 MB
----------------------------------
| hw/                |           |
|    fps             | 634       |
|    rss_mb          | 5.49e+03  |
| rollout/           |           |
|    ep_len_mean     | 8.64e+04  |
|    ep_rew_mean     | -1.81e+04 |
| time/              |           |
|    fps             | 1290      |
|    iterations      | 98        |
|    time_elapsed    | 155       |
------------------------------------------
| rollout/                |------------------------------------------
| rollout/                |              |
|    ep_len_mean          | 8.64e+04     |
|    ep_rew_mean          | -1.81e+04    |
| time/                   |              |
|    fps                  | 1299         |
|    iterations           | 99           |
|    time_elapsed         | 155          |
|    total_timesteps      | 202752       |
| train/                  |              |
|    approx_kl            | 0.0059341975 |
|    clip_fraction        | 0.00425      |
|    clip_range           | 0.2          |
|    entropy_loss         | -0.0153      |
|    explained_variance   | 0.596        |
|    learning_rate        | 0.0003       |
|    loss                 | 80.6         |
|    n_updates            | 980          |
|    policy_gradient_loss | -0.00155     |
|    value_loss -------------------------------------------
| rollout/                -------------------------------------------
| rollout/                |               |
|    ep_len_mean          | 8.64e+04      |
|    ep_rew_mean          | -1.81e+04     |
| time/                   |               |
|    fps                  | 1308          |
|    iterations           | 100           |
|    time_elapsed         | 156           |
|    total_timesteps      | 204800        |
| train/                  |               |
|    approx_kl            | 0.00020854053 |
|    clip_fraction        | 0.000977      |
|    clip_range           | 0.2           |
|    entropy_loss         | -0.0129       |
|    explained_variance   | 0.0996        |
|    learning_rate        | 0.0003        |
|    loss                 | 226           |
|    n_updates            | 990           |
|    policy_gradient_loss | -0.000263     |
|    value_loss   --------------------------------------------
| rollout/               --------------------------------------------
| rollout/                |                |
|    ep_len_mean          | 8.64e+04       |
|    ep_rew_mean          | -1.81e+04      |
| time/                   |                |
|    fps                  | 1317           |
|    iterations           | 101            |
|    time_elapsed         | 156            |
|    total_timesteps      | 206848         |
| train/                  |                |
|    approx_kl            | 0.000102227816 |
|    clip_fraction        | 0.00137        |
|    clip_range           | 0.2            |
|    entropy_loss         | -0.0138        |
|    explained_variance   | 0.531          |
|    learning_rate        | 0.0003         |
|    loss                 | 220            |
|    n_updates            | 1000           |
|    policy_gradient_loss | -0.00032       |
|    value_loss     -------------------------------------------
| rollout/                -------------------------------------------
| rollout/                |               |
|    ep_len_mean          | 8.64e+04      |
|    ep_rew_mean          | -1.81e+04     |
| time/                   |               |
|    fps                  | 1326          |
|    iterations           | 102           |
|    time_elapsed         | 157           |
|    total_timesteps      | 208896        |
| train/                  |               |
|    approx_kl            | 1.0571297e-05 |
|    clip_fraction        | 0.000391      |
|    clip_range           | 0.2           |
|    entropy_loss         | -0.00768      |
|    explained_variance   | 0.69          |
|    learning_rate        | 0.0003        |
|    loss                 | 80.7          |
|    n_updates            | 1010          |
|    policy_gradient_loss | -0.000111     |
|    value_loss   ------------------------------------------
| rollout/                |------------------------------------------
| rollout/                |              |
|    ep_len_mean          | 8.64e+04     |
|    ep_rew_mean          | -1.81e+04    |
| time/                   |              |
|    fps                  | 1335         |
|    iterations           | 103          |
|    time_elapsed         | 157          |
|    total_timesteps      | 210944       |
| train/                  |              |
|    approx_kl            | 0.0001508921 |
|    clip_fraction        | 0.00176      |
|    clip_range           | 0.2          |
|    entropy_loss         | -0.00835     |
|    explained_variance   | 0.464        |
|    learning_rate        | 0.0003       |
|    loss                 | 15.8         |
|    n_updates            | 1020         |
|    policy_gradient_loss | -0.00033     |
|    value_loss ------------------------------------------
| rollout/                |------------------------------------------
| rollout/                |              |
|    ep_len_mean          | 8.64e+04     |
|    ep_rew_mean          | -1.81e+04    |
| time/                   |              |
|    fps                  | 1343         |
|    iterations           | 104          |
|    time_elapsed         | 158          |
|    total_timesteps      | 212992       |
| train/                  |              |
|    approx_kl            | 0.0006110404 |
|    clip_fraction        | 0.00137      |
|    clip_range           | 0.2          |
|    entropy_loss         | -0.0146      |
|    explained_variance   | 0.688        |
|    learning_rate        | 0.0003       |
|    loss                 | 22.7         |
|    n_updates            | 1030         |
|    policy_gradient_loss | -0.000276    |
|    value_loss ------------------------------------------
| rollout/                |------------------------------------------
| rollout/                |              |
|    ep_len_mean          | 8.64e+04     |
|    ep_rew_mean          | -1.81e+04    |
| time/                   |              |
|    fps                  | 1352         |
|    iterations           | 105          |
|    time_elapsed         | 158          |
|    total_timesteps      | 215040       |
| train/                  |              |
|    approx_kl            | 0.0003233413 |
|    clip_fraction        | 0.00415      |
|    clip_range           | 0.2          |
|    entropy_loss         | -0.0124      |
|    explained_variance   | 0.419        |
|    learning_rate        | 0.0003       |
|    loss                 | 199          |
|    n_updates            | 1040         |
|    policy_gradient_loss | -0.000755    |
|    value_loss --------------------------------------------
| rollout/               --------------------------------------------
| rollout/                |                |
|    ep_len_mean          | 8.64e+04       |
|    ep_rew_mean          | -1.81e+04      |
| time/                   |                |
|    fps                  | 1361           |
|    iterations           | 106            |
|    time_elapsed         | 159            |
|    total_timesteps      | 217088         |
| train/                  |                |
|    approx_kl            | 1.49777625e-05 |
|    clip_fraction        | 0.000244       |
|    clip_range           | 0.2            |
|    entropy_loss         | -0.00983       |
|    explained_variance   | 0.317          |
|    learning_rate        | 0.0003         |
|    loss                 | 96             |
|    n_updates            | 1050           |
|    policy_gradient_loss | -2.48e-05      |
|    value_loss     -------------------------------------------
| rollout/                -------------------------------------------
| rollout/                |               |
|    ep_len_mean          | 8.64e+04      |
|    ep_rew_mean          | -1.81e+04     |
| time/                   |               |
|    fps                  | 1369          |
|    iterations           | 107           |
|    time_elapsed         | 159           |
|    total_timesteps      | 219136        |
| train/                  |               |
|    approx_kl            | 0.00029654664 |
|    clip_fraction        | 0.00371       |
|    clip_range           | 0.2           |
|    entropy_loss         | -0.0136       |
|    explained_variance   | 0.605         |
|    learning_rate        | 0.0003        |
|    loss                 | 75.9          |
|    n_updates            | 1060          |
|    policy_gradient_loss | -0.000952     |
|    value_loss     ⏱  step   220,000  │  FPS    4072  │  RSS   5493 MB
----------  ⏱  step   220,000  │  FPS    4072  │  RSS   5493 MB
-------------------------------------------
| hw/                     |               |
|    fps                  | 4.07e+03      |
|    rss_mb               | 5.49e+03      |
| rollout/                |               |
|    ep_len_mean          | 8.64e+04      |
|    ep_rew_mean          | -1.81e+04     |
| time/                   |               |
|    fps                  | 1378          |
|    iterations           | 108           |
|    time_elapsed         | 160           |
|    total_timesteps      | 221184        |
| train/                  |               |
|    approx_kl            | 3.3627177e-05 |
|    clip_fraction        | 9.77e-05      |
|    clip_range           | 0.2           |
|    entropy_loss         | -0.0132       |
|    explained_variance   | 0.384         |
|    learning_rate        | 0.0003        |
|    loss                 | 368           |
|    n_updates            | 1070          |
|    policy_gradient_loss | -2.8e-05      |
|    value_loss   ------------------------------------------
| rollout/                |------------------------------------------
| rollout/                |              |
|    ep_len_mean          | 8.64e+04     |
|    ep_rew_mean          | -1.81e+04    |
| time/                   |              |
|    fps                  | 1386         |
|    iterations           | 109          |
|    time_elapsed         | 160          |
|    total_timesteps      | 223232       |
| train/                  |              |
|    approx_kl            | 0.0001857185 |
|    clip_fraction        | 0.00298      |
|    clip_range           | 0.2          |
|    entropy_loss         | -0.0124      |
|    explained_variance   | 0.825        |
|    learning_rate        | 0.0003       |
|    loss                 | 11.4         |
|    n_updates            | 1080         |
|    policy_gradient_loss | -0.000355    |
|    value_loss -------------------------------------------
| rollout/                -------------------------------------------
| rollout/                |               |
|    ep_len_mean          | 8.64e+04      |
|    ep_rew_mean          | -1.81e+04     |
| time/                   |               |
|    fps                  | 1395          |
|    iterations           | 110           |
|    time_elapsed         | 161           |
|    total_timesteps      | 225280        |
| train/                  |               |
|    approx_kl            | 4.6809117e-05 |
|    clip_fraction        | 0.000146      |
|    clip_range           | 0.2           |
|    entropy_loss         | -0.00823      |
|    explained_variance   | 0.339         |
|    learning_rate        | 0.0003        |
|    loss                 | 252           |
|    n_updates            | 1090          |
|    policy_gradient_loss | -5.77e-05     |
|    value_loss   -------------------------------------------
| rollout/                -------------------------------------------
| rollout/                |               |
|    ep_len_mean          | 8.64e+04      |
|    ep_rew_mean          | -1.81e+04     |
| time/                   |               |
|    fps                  | 1403          |
|    iterations           | 111           |
|    time_elapsed         | 161           |
|    total_timesteps      | 227328        |
| train/                  |               |
|    approx_kl            | 0.00016263808 |
|    clip_fraction        | 0.000781      |
|    clip_range           | 0.2           |
|    entropy_loss         | -0.0122       |
|    explained_variance   | 0.204         |
|    learning_rate        | 0.0003        |
|    loss                 | 114           |
|    n_updates            | 1100          |
|    policy_gradient_loss | -0.000246     |
|    value_loss   -------------------------------------------
| rollout/                -------------------------------------------
| rollout/                |               |
|    ep_len_mean          | 8.64e+04      |
|    ep_rew_mean          | -1.81e+04     |
| time/                   |               |
|    fps                  | 1411          |
|    iterations           | 112           |
|    time_elapsed         | 162           |
|    total_timesteps      | 229376        |
| train/                  |               |
|    approx_kl            | 0.00030810005 |
|    clip_fraction        | 0.00288       |
|    clip_range           | 0.2           |
|    entropy_loss         | -0.0119       |
|    explained_variance   | 0.716         |
|    learning_rate        | 0.0003        |
|    loss                 | 85.8          |
|    n_updates            | 1110          |
|    policy_gradient_loss | -0.000368     |
|    value_loss   ------------------------------------------
| rollout/                |------------------------------------------
| rollout/                |              |
|    ep_len_mean          | 8.64e+04     |
|    ep_rew_mean          | -1.81e+04    |
| time/                   |              |
|    fps                  | 1419         |
|    iterations           | 113          |
|    time_elapsed         | 162          |
|    total_timesteps      | 231424       |
| train/                  |              |
|    approx_kl            | 0.0007217343 |
|    clip_fraction        | 0.000879     |
|    clip_range           | 0.2          |
|    entropy_loss         | -0.016       |
|    explained_variance   | 0.552        |
|    learning_rate        | 0.0003       |
|    loss                 | 373          |
|    n_updates            | 1120         |
|    policy_gradient_loss | -0.000492    |
|    value_loss -------------------------------------------
| rollout/                -------------------------------------------
| rollout/                |               |
|    ep_len_mean          | 8.64e+04      |
|    ep_rew_mean          | -1.81e+04     |
| time/                   |               |
|    fps                  | 1427          |
|    iterations           | 114           |
|    time_elapsed         | 163           |
|    total_timesteps      | 233472        |
| train/                  |               |
|    approx_kl            | 5.2091782e-05 |
|    clip_fraction        | 0.000391      |
|    clip_range           | 0.2           |
|    entropy_loss         | -0.00952      |
|    explained_variance   | 0.244         |
|    learning_rate        | 0.0003        |
|    loss                 | 101           |
|    n_updates            | 1130          |
|    policy_gradient_loss | -0.000236     |
|    value_loss   ------------------------------------------
| rollout/                |------------------------------------------
| rollout/                |              |
|    ep_len_mean          | 8.64e+04     |
|    ep_rew_mean          | -1.81e+04    |
| time/                   |              |
|    fps                  | 1435         |
|    iterations           | 115          |
|    time_elapsed         | 164          |
|    total_timesteps      | 235520       |
| train/                  |              |
|    approx_kl            | 6.323919e-05 |
|    clip_fraction        | 0.000732     |
|    clip_range           | 0.2          |
|    entropy_loss         | -0.0142      |
|    explained_variance   | 0.677        |
|    learning_rate        | 0.0003       |
|    loss                 | 192          |
|    n_updates            | 1140         |
|    policy_gradient_loss | -0.000228    |
|    value_loss ------------------------------------------
| rollout/                |------------------------------------------
| rollout/                |              |
|    ep_len_mean          | 8.64e+04     |
|    ep_rew_mean          | -1.81e+04    |
| time/                   |              |
|    fps                  | 1443         |
|    iterations           | 116          |
|    time_elapsed         | 164          |
|    total_timesteps      | 237568       |
| train/                  |              |
|    approx_kl            | 0.0001372761 |
|    clip_fraction        | 0.000244     |
|    clip_range           | 0.2          |
|    entropy_loss         | -0.00872     |
|    explained_variance   | 0.449        |
|    learning_rate        | 0.0003       |
|    loss                 | 357          |
|    n_updates            | 1150         |
|    policy_gradient_loss | -0.000143    |
|    value_loss -------------------------------------------
| rollout/                -------------------------------------------
| rollout/                |               |
|    ep_len_mean          | 8.64e+04      |
|    ep_rew_mean          | -1.81e+04     |
| time/                   |               |
|    fps                  | 1451          |
|    iterations           | 117           |
|    time_elapsed         | 165           |
|    total_timesteps      | 239616        |
| train/                  |               |
|    approx_kl            | 3.4085533e-06 |
|    clip_fraction        | 0             |
|    clip_range           | 0.2           |
|    entropy_loss         | -0.00588      |
|    explained_variance   | -0.0835       |
|    learning_rate        | 0.0003        |
|    loss                 | 127           |
|    n_updates            | 1160          |
|    policy_gradient_loss | -5.12e-05     |
|    value_loss     ⏱  step   240,000  │  FPS    3995  │  RSS   5493 MB
----------  ⏱  step   240,000  │  FPS    3995  │  RSS   5493 MB
-------------------------------------------
| hw/                     |               |
|    fps                  | 3.99e+03      |
|    rss_mb               | 5.49e+03      |
| rollout/                |               |
|    ep_len_mean          | 8.64e+04      |
|    ep_rew_mean          | -1.81e+04     |
| time/                   |               |
|    fps                  | 1459          |
|    iterations           | 118           |
|    time_elapsed         | 165           |
|    total_timesteps      | 241664        |
| train/                  |               |
|    approx_kl            | 2.0924024e-05 |
|    clip_fraction        | 0             |
|    clip_range           | 0.2           |
|    entropy_loss         | -0.0117       |
|    explained_variance   | 0.332         |
|    learning_rate        | 0.0003        |
|    loss                 | 289           |
|    n_updates            | 1170          |
|    policy_gradient_loss | -0.000105     |
|    value_loss   ------------------------------------------
| rollout/                |------------------------------------------
| rollout/                |              |
|    ep_len_mean          | 8.64e+04     |
|    ep_rew_mean          | -1.81e+04    |
| time/                   |              |
|    fps                  | 1467         |
|    iterations           | 119          |
|    time_elapsed         | 166          |
|    total_timesteps      | 243712       |
| train/                  |              |
|    approx_kl            | 0.0001823807 |
|    clip_fraction        | 0.00195      |
|    clip_range           | 0.2          |
|    entropy_loss         | -0.00948     |
|    explained_variance   | 0.596        |
|    learning_rate        | 0.0003       |
|    loss                 | 68.7         |
|    n_updates            | 1180         |
|    policy_gradient_loss | -0.00141     |
|    value_loss -----------------------------------------
| rollout/                | -----------------------------------------
| rollout/                |             |
|    ep_len_mean          | 8.64e+04    |
|    ep_rew_mean          | -1.81e+04   |
| time/                   |             |
|    fps                  | 1475        |
|    iterations           | 120         |
|    time_elapsed         | 166         |
|    total_timesteps      | 245760      |
| train/                  |             |
|    approx_kl            | 0.000577476 |
|    clip_fraction        | 0.00229     |
|    clip_range           | 0.2         |
|    entropy_loss         | -0.00987    |
|    explained_variance   | 0.662       |
|    learning_rate        | 0.0003      |
|    loss                 | 69.6        |
|    n_updates            | 1190        |
|    policy_gradient_loss | -0.000201   |
|    value_los-------------------------------------------
| rollout/                -------------------------------------------
| rollout/                |               |
|    ep_len_mean          | 8.64e+04      |
|    ep_rew_mean          | -1.81e+04     |
| time/                   |               |
|    fps                  | 1483          |
|    iterations           | 121           |
|    time_elapsed         | 167           |
|    total_timesteps      | 247808        |
| train/                  |               |
|    approx_kl            | 8.6022075e-05 |
|    clip_fraction        | 0.00181       |
|    clip_range           | 0.2           |
|    entropy_loss         | -0.00812      |
|    explained_variance   | 0.637         |
|    learning_rate        | 0.0003        |
|    loss                 | 61.3          |
|    n_updates            | 1200          |
|    policy_gradient_loss | -0.00015      |
|    value_loss   -------------------------------------------
| rollout/                -------------------------------------------
| rollout/                |               |
|    ep_len_mean          | 8.64e+04      |
|    ep_rew_mean          | -1.81e+04     |
| time/                   |               |
|    fps                  | 1491          |
|    iterations           | 122           |
|    time_elapsed         | 167           |
|    total_timesteps      | 249856        |
| train/                  |               |
|    approx_kl            | 6.4618565e-05 |
|    clip_fraction        | 0.00103       |
|    clip_range           | 0.2           |
|    entropy_loss         | -0.0117       |
|    explained_variance   | 0.358         |
|    learning_rate        | 0.0003        |
|    loss                 | 160           |
|    n_updates            | 1210          |
|    policy_gradient_loss | -0.000318     |
|    value_loss   Eval num_timesteps=250000, episode_reward=19540.29 +/- 8909.27
EpisodeEval num_timesteps=250000, episode_reward=19540.29 +/- 8909.27
Episode length: 86400.00 +/- 0.00
-------------------------------------------
| eval/                   |               |
|    mean_ep_length       | 8.64e+04      |
|    mean_reward          | 1.95e+04      |
| time/                   |               |
|    total_timesteps      | 250000        |
| train/                  |               |
|    approx_kl            | 0.00011118114 |
|    clip_fraction        | 0.00107       |
|    clip_range           | 0.2           |
|    entropy_loss         | -0.00734      |
|    explained_variance   | 0.524         |
|    learning_rate        | 0.0003        |
|    loss                 | 59.9          |
|    n_updates            | 1220          |
|    policy_gradient_loss | -0.000144     |
|    value_loss   ----------------------------------
| rollout/           |           |
----------------------------------
| rollout/           |           |
|    ep_len_mean     | 8.64e+04  |
|    ep_rew_mean     | -1.81e+04 |
| time/              |           |
|    fps             | 1294      |
|    iterations      | 123       |
|    time_elapsed    | 194       |
-------------------------------------------
| rollout/                -------------------------------------------
| rollout/                |               |
|    ep_len_mean          | 8.64e+04      |
|    ep_rew_mean          | -1.81e+04     |
| time/                   |               |
|    fps                  | 1301          |
|    iterations           | 124           |
|    time_elapsed         | 195           |
|    total_timesteps      | 253952        |
| train/                  |               |
|    approx_kl            | 7.2437164e-05 |
|    clip_fraction        | 0.00107       |
|    clip_range           | 0.2           |
|    entropy_loss         | -0.00833      |
|    explained_variance   | 0.689         |
|    learning_rate        | 0.0003        |
|    loss                 | 21.3          |
|    n_updates            | 1230          |
|    policy_gradient_loss | -0.000171     |
|    value_loss   ------------------------------------------
| rollout/                |------------------------------------------
| rollout/                |              |
|    ep_len_mean          | 8.64e+04     |
|    ep_rew_mean          | -1.81e+04    |
| time/                   |              |
|    fps                  | 1308         |
|    iterations           | 125          |
|    time_elapsed         | 195          |
|    total_timesteps      | 256000       |
| train/                  |              |
|    approx_kl            | 0.0004350439 |
|    clip_fraction        | 0.00234      |
|    clip_range           | 0.2          |
|    entropy_loss         | -0.0181      |
|    explained_variance   | -0.158       |
|    learning_rate        | 0.0003       |
|    loss                 | 225          |
|    n_updates            | 1240         |
|    policy_gradient_loss | -0.000343    |
|    value_loss ------------------------------------------
| rollout/                |------------------------------------------
| rollout/                |              |
|    ep_len_mean          | 8.64e+04     |
|    ep_rew_mean          | -1.81e+04    |
| time/                   |              |
|    fps                  | 1315         |
|    iterations           | 126          |
|    time_elapsed         | 196          |
|    total_timesteps      | 258048       |
| train/                  |              |
|    approx_kl            | 7.316581e-05 |
|    clip_fraction        | 0.000586     |
|    clip_range           | 0.2          |
|    entropy_loss         | -0.00807     |
|    explained_variance   | 0.638        |
|    learning_rate        | 0.0003       |
|    loss                 | 44           |
|    n_updates            | 1250         |
|    policy_gradient_loss | -6.32e-05    |
|    value_loss   ⏱  step   260,000  │  FPS     638  │  RSS   5517 MB
----------  ⏱  step   260,000  │  FPS     638  │  RSS   5517 MB
-------------------------------------------
| hw/                     |               |
|    fps                  | 638           |
|    rss_mb               | 5.52e+03      |
| rollout/                |               |
|    ep_len_mean          | 8.64e+04      |
|    ep_rew_mean          | -2.92e+03     |
| time/                   |               |
|    fps                  | 1322          |
|    iterations           | 127           |
|    time_elapsed         | 196           |
|    total_timesteps      | 260096        |
| train/                  |               |
|    approx_kl            | 0.00011166974 |
|    clip_fraction        | 0.00259       |
|    clip_range           | 0.2           |
|    entropy_loss         | -0.0125       |
|    explained_variance   | 0.394         |
|    learning_rate        | 0.0003        |
|    loss                 | 187           |
|    n_updates            | 1260          |
|    policy_gradient_loss | -0.000118     |
|    value_loss   --------------------------------------------
| rollout/               --------------------------------------------
| rollout/                |                |
|    ep_len_mean          | 8.64e+04       |
|    ep_rew_mean          | -2.92e+03      |
| time/                   |                |
|    fps                  | 1329           |
|    iterations           | 128            |
|    time_elapsed         | 197            |
|    total_timesteps      | 262144         |
| train/                  |                |
|    approx_kl            | 0.000112884416 |
|    clip_fraction        | 0.00107        |
|    clip_range           | 0.2            |
|    entropy_loss         | -0.0109        |
|    explained_variance   | 0.132          |
|    learning_rate        | 0.0003         |
|    loss                 | 393            |
|    n_updates            | 1270           |
|    policy_gradient_loss | -0.000264      |
|    value_loss     ------------------------------------------
| rollout/                |------------------------------------------
| rollout/                |              |
|    ep_len_mean          | 8.64e+04     |
|    ep_rew_mean          | -2.92e+03    |
| time/                   |              |
|    fps                  | 1336         |
|    iterations           | 129          |
|    time_elapsed         | 197          |
|    total_timesteps      | 264192       |
| train/                  |              |
|    approx_kl            | 0.0001839007 |
|    clip_fraction        | 0.00156      |
|    clip_range           | 0.2          |
|    entropy_loss         | -0.0116      |
|    explained_variance   | 0.825        |
|    learning_rate        | 0.0003       |
|    loss                 | 1.85         |
|    n_updates            | 1280         |
|    policy_gradient_loss | 1.41e-05     |
|    value_loss ------------------------------------------
| rollout/                |------------------------------------------
| rollout/                |              |
|    ep_len_mean          | 8.64e+04     |
|    ep_rew_mean          | -2.92e+03    |
| time/                   |              |
|    fps                  | 1343         |
|    iterations           | 130          |
|    time_elapsed         | 198          |
|    total_timesteps      | 266240       |
| train/                  |              |
|    approx_kl            | 0.0006051313 |
|    clip_fraction        | 0.00117      |
|    clip_range           | 0.2          |
|    entropy_loss         | -0.00398     |
|    explained_variance   | 0.763        |
|    learning_rate        | 0.0003       |
|    loss                 | 5.9          |
|    n_updates            | 1290         |
|    policy_gradient_loss | -0.000466    |
|    value_loss -------------------------------------------
| rollout/                -------------------------------------------
| rollout/                |               |
|    ep_len_mean          | 8.64e+04      |
|    ep_rew_mean          | -2.92e+03     |
| time/                   |               |
|    fps                  | 1350          |
|    iterations           | 131           |
|    time_elapsed         | 198           |
|    total_timesteps      | 268288        |
| train/                  |               |
|    approx_kl            | 3.4338387e-05 |
|    clip_fraction        | 0.000439      |
|    clip_range           | 0.2           |
|    entropy_loss         | -0.0078       |
|    explained_variance   | 0.331         |
|    learning_rate        | 0.0003        |
|    loss                 | 98.4          |
|    n_updates            | 1300          |
|    policy_gradient_loss | -0.000136     |
|    value_loss   ------------------------------------------
| rollout/                |------------------------------------------
| rollout/                |              |
|    ep_len_mean          | 8.64e+04     |
|    ep_rew_mean          | -2.92e+03    |
| time/                   |              |
|    fps                  | 1357         |
|    iterations           | 132          |
|    time_elapsed         | 199          |
|    total_timesteps      | 270336       |
| train/                  |              |
|    approx_kl            | 5.850481e-06 |
|    clip_fraction        | 0            |
|    clip_range           | 0.2          |
|    entropy_loss         | -0.00451     |
|    explained_variance   | 0.486        |
|    learning_rate        | 0.0003       |
|    loss                 | 170          |
|    n_updates            | 1310         |
|    policy_gradient_loss | -1.57e-05    |
|    value_loss ------------------------------------------
| rollout/                |------------------------------------------
| rollout/                |              |
|    ep_len_mean          | 8.64e+04     |
|    ep_rew_mean          | -2.92e+03    |
| time/                   |              |
|    fps                  | 1364         |
|    iterations           | 133          |
|    time_elapsed         | 199          |
|    total_timesteps      | 272384       |
| train/                  |              |
|    approx_kl            | 0.0005781071 |
|    clip_fraction        | 0.00146      |
|    clip_range           | 0.2          |
|    entropy_loss         | -0.00442     |
|    explained_variance   | 0.564        |
|    learning_rate        | 0.0003       |
|    loss                 | 62.1         |
|    n_updates            | 1320         |
|    policy_gradient_loss | -0.000481    |
|    value_loss ------------------------------------------
| rollout/                |------------------------------------------
| rollout/                |              |
|    ep_len_mean          | 8.64e+04     |
|    ep_rew_mean          | -2.92e+03    |
| time/                   |              |
|    fps                  | 1370         |
|    iterations           | 134          |
|    time_elapsed         | 200          |
|    total_timesteps      | 274432       |
| train/                  |              |
|    approx_kl            | 6.524578e-05 |
|    clip_fraction        | 0.000977     |
|    clip_range           | 0.2          |
|    entropy_loss         | -0.0063      |
|    explained_variance   | -0.25        |
|    learning_rate        | 0.0003       |
|    loss                 | 210          |
|    n_updates            | 1330         |
|    policy_gradient_loss | -0.000354    |
|    value_loss -------------------------------------------
| rollout/                -------------------------------------------
| rollout/                |               |
|    ep_len_mean          | 8.64e+04      |
|    ep_rew_mean          | -2.92e+03     |
| time/                   |               |
|    fps                  | 1377          |
|    iterations           | 135           |
|    time_elapsed         | 200           |
|    total_timesteps      | 276480        |
| train/                  |               |
|    approx_kl            | 0.00076252816 |
|    clip_fraction        | 0.00151       |
|    clip_range           | 0.2           |
|    entropy_loss         | -0.0162       |
|    explained_variance   | 0.563         |
|    learning_rate        | 0.0003        |
|    loss                 | 133           |
|    n_updates            | 1340          |
|    policy_gradient_loss | -0.0011       |
|    value_loss   ------------------------------------------
| rollout/                |------------------------------------------
| rollout/                |              |
|    ep_len_mean          | 8.64e+04     |
|    ep_rew_mean          | -2.92e+03    |
| time/                   |              |
|    fps                  | 1384         |
|    iterations           | 136          |
|    time_elapsed         | 201          |
|    total_timesteps      | 278528       |
| train/                  |              |
|    approx_kl            | 9.206374e-05 |
|    clip_fraction        | 0.000391     |
|    clip_range           | 0.2          |
|    entropy_loss         | -0.00562     |
|    explained_variance   | 0.879        |
|    learning_rate        | 0.0003       |
|    loss                 | 4.16         |
|    n_updates            | 1350         |
|    policy_gradient_loss | 8.15e-06     |
|    value_loss   ⏱  step   280,000  │  FPS    4034  │  RSS   5517 MB
----------  ⏱  step   280,000  │  FPS    4034  │  RSS   5517 MB
-------------------------------------------
| hw/                     |               |
|    fps                  | 4.03e+03      |
|    rss_mb               | 5.52e+03      |
| rollout/                |               |
|    ep_len_mean          | 8.64e+04      |
|    ep_rew_mean          | -2.92e+03     |
| time/                   |               |
|    fps                  | 1391          |
|    iterations           | 137           |
|    time_elapsed         | 201           |
|    total_timesteps      | 280576        |
| train/                  |               |
|    approx_kl            | 2.6777823e-05 |
|    clip_fraction        | 0.000195      |
|    clip_range           | 0.2           |
|    entropy_loss         | -0.00251      |
|    explained_variance   | -0.0453       |
|    learning_rate        | 0.0003        |
|    loss                 | 106           |
|    n_updates            | 1360          |
|    policy_gradient_loss | -2.48e-05     |
|    value_loss   -------------------------------------------
| rollout/                -------------------------------------------
| rollout/                |               |
|    ep_len_mean          | 8.64e+04      |
|    ep_rew_mean          | -2.92e+03     |
| time/                   |               |
|    fps                  | 1397          |
|    iterations           | 138           |
|    time_elapsed         | 202           |
|    total_timesteps      | 282624        |
| train/                  |               |
|    approx_kl            | 3.2983808e-05 |
|    clip_fraction        | 0.000244      |
|    clip_range           | 0.2           |
|    entropy_loss         | -0.00939      |
|    explained_variance   | 0.7           |
|    learning_rate        | 0.0003        |
|    loss                 | 12.1          |
|    n_updates            | 1370          |
|    policy_gradient_loss | -5.45e-05     |
|    value_loss   -------------------------------------------
| rollout/                -------------------------------------------
| rollout/                |               |
|    ep_len_mean          | 8.64e+04      |
|    ep_rew_mean          | -2.92e+03     |
| time/                   |               |
|    fps                  | 1404          |
|    iterations           | 139           |
|    time_elapsed         | 202           |
|    total_timesteps      | 284672        |
| train/                  |               |
|    approx_kl            | 0.00084731256 |
|    clip_fraction        | 0.00225       |
|    clip_range           | 0.2           |
|    entropy_loss         | -0.00557      |
|    explained_variance   | 0.222         |
|    learning_rate        | 0.0003        |
|    loss                 | 68.4          |
|    n_updates            | 1380          |
|    policy_gradient_loss | -0.00128      |
|    value_loss   ------------------------------------------
| rollout/                |------------------------------------------
| rollout/                |              |
|    ep_len_mean          | 8.64e+04     |
|    ep_rew_mean          | -2.92e+03    |
| time/                   |              |
|    fps                  | 1410         |
|    iterations           | 140          |
|    time_elapsed         | 203          |
|    total_timesteps      | 286720       |
| train/                  |              |
|    approx_kl            | 0.0005172298 |
|    clip_fraction        | 0.000781     |
|    clip_range           | 0.2          |
|    entropy_loss         | -0.00861     |
|    explained_variance   | 0.264        |
|    learning_rate        | 0.0003       |
|    loss                 | 155          |
|    n_updates            | 1390         |
|    policy_gradient_loss | -0.000207    |
|    value_loss -----------------------------------------
| rollout/                | -----------------------------------------
| rollout/                |             |
|    ep_len_mean          | 8.64e+04    |
|    ep_rew_mean          | -2.92e+03   |
| time/                   |             |
|    fps                  | 1417        |
|    iterations           | 141         |
|    time_elapsed         | 203         |
|    total_timesteps      | 288768      |
| train/                  |             |
|    approx_kl            | 0.004186433 |
|    clip_fraction        | 0.0106      |
|    clip_range           | 0.2         |
|    entropy_loss         | -0.0109     |
|    explained_variance   | 0.835       |
|    learning_rate        | 0.0003      |
|    loss                 | 7.29        |
|    n_updates            | 1400        |
|    policy_gradient_loss | -0.00533    |
|    value_los-------------------------------------------
| rollout/                -------------------------------------------
| rollout/                |               |
|    ep_len_mean          | 8.64e+04      |
|    ep_rew_mean          | -2.92e+03     |
| time/                   |               |
|    fps                  | 1424          |
|    iterations           | 142           |
|    time_elapsed         | 204           |
|    total_timesteps      | 290816        |
| train/                  |               |
|    approx_kl            | 5.0215807e-05 |
|    clip_fraction        | 0.000586      |
|    clip_range           | 0.2           |
|    entropy_loss         | -0.00556      |
|    explained_variance   | 0.376         |
|    learning_rate        | 0.0003        |
|    loss                 | 166           |
|    n_updates            | 1410          |
|    policy_gradient_loss | -3.31e-05     |
|    value_loss   -------------------------------------------
| rollout/                -------------------------------------------
| rollout/                |               |
|    ep_len_mean          | 8.64e+04      |
|    ep_rew_mean          | -2.92e+03     |
| time/                   |               |
|    fps                  | 1430          |
|    iterations           | 143           |
|    time_elapsed         | 204           |
|    total_timesteps      | 292864        |
| train/                  |               |
|    approx_kl            | 0.00017666197 |
|    clip_fraction        | 0.000879      |
|    clip_range           | 0.2           |
|    entropy_loss         | -0.0031       |
|    explained_variance   | 0.855         |
|    learning_rate        | 0.0003        |
|    loss                 | 5.04          |
|    n_updates            | 1420          |
|    policy_gradient_loss | -0.000496     |
|    value_loss   -------------------------------------------
| rollout/                -------------------------------------------
| rollout/                |               |
|    ep_len_mean          | 8.64e+04      |
|    ep_rew_mean          | -2.92e+03     |
| time/                   |               |
|    fps                  | 1437          |
|    iterations           | 144           |
|    time_elapsed         | 205           |
|    total_timesteps      | 294912        |
| train/                  |               |
|    approx_kl            | 2.9394869e-09 |
|    clip_fraction        | 0             |
|    clip_range           | 0.2           |
|    entropy_loss         | -0.00141      |
|    explained_variance   | 0.65          |
|    learning_rate        | 0.0003        |
|    loss                 | 145           |
|    n_updates            | 1430          |
|    policy_gradient_loss | 9.51e-06      |
|    value_loss   -------------------------------------------
| rollout/                -------------------------------------------
| rollout/                |               |
|    ep_len_mean          | 8.64e+04      |
|    ep_rew_mean          | -2.92e+03     |
| time/                   |               |
|    fps                  | 1443          |
|    iterations           | 145           |
|    time_elapsed         | 205           |
|    total_timesteps      | 296960        |
| train/                  |               |
|    approx_kl            | 0.00037876915 |
|    clip_fraction        | 0.00229       |
|    clip_range           | 0.2           |
|    entropy_loss         | -0.00894      |
|    explained_variance   | 0.297         |
|    learning_rate        | 0.0003        |
|    loss                 | 209           |
|    n_updates            | 1440          |
|    policy_gradient_loss | -0.000533     |
|    value_loss   ------------------------------------------
| rollout/                |------------------------------------------
| rollout/                |              |
|    ep_len_mean          | 8.64e+04     |
|    ep_rew_mean          | -2.92e+03    |
| time/                   |              |
|    fps                  | 1449         |
|    iterations           | 146          |
|    time_elapsed         | 206          |
|    total_timesteps      | 299008       |
| train/                  |              |
|    approx_kl            | 0.0004951468 |
|    clip_fraction        | 0.00186      |
|    clip_range           | 0.2          |
|    entropy_loss         | -0.00731     |
|    explained_variance   | 0.612        |
|    learning_rate        | 0.0003       |
|    loss                 | 92.4         |
|    n_updates            | 1450         |
|    policy_gradient_loss | -7.45e-05    |
|    value_loss Eval num_timesteps=300000, episode_reward=26043.39 +/- 1173.38
EpisodeEval num_timesteps=300000, episode_reward=26043.39 +/- 1173.38
Episode length: 86400.00 +/- 0.00
------------------------------------------
| eval/                   |              |
|    mean_ep_length       | 8.64e+04     |
|    mean_reward          | 2.6e+04      |
| time/                   |              |
|    total_timesteps      | 300000       |
| train/                  |              |
|    approx_kl            | 9.465264e-06 |
|    clip_fraction        | 0.000439     |
|    clip_range           | 0.2          |
|    entropy_loss         | -0.00329     |
|    explained_variance   | 0.252        |
|    learning_rate        | 0.0003       |
|    loss                 | 126          |
|    n_updates            | 1460         |
|    policy_gradient_loss | 2.08e-05     |
|    value_loss New best mean reward!
  ⏱  step   300,000  │  FPS     630  │  RSNew best mean reward!
  ⏱  step   300,000  │  FPS     630  │  RSS   5517 MB
----------------------------------
| hw/                |           |
|    fps             | 630       |
|    rss_mb          | 5.52e+03  |
| rollout/           |           |
|    ep_len_mean     | 8.64e+04  |
|    ep_rew_mean     | -2.92e+03 |
| time/              |           |
|    fps             | 1289      |
|    iterations      | 147       |
|    time_elapsed    | 233       |
------------------------------------------
| rollout/                |------------------------------------------
| rollout/                |              |
|    ep_len_mean          | 8.64e+04     |
|    ep_rew_mean          | -2.92e+03    |
| time/                   |              |
|    fps                  | 1295         |
|    iterations           | 148          |
|    time_elapsed         | 234          |
|    total_timesteps      | 303104       |
| train/                  |              |
|    approx_kl            | 6.675304e-05 |
|    clip_fraction        | 0.000732     |
|    clip_range           | 0.2          |
|    entropy_loss         | -0.00297     |
|    explained_variance   | 0.287        |
|    learning_rate        | 0.0003       |
|    loss                 | 90.6         |
|    n_updates            | 1470         |
|    policy_gradient_loss | -0.000281    |
|    value_loss -------------------------------------------
| rollout/                -------------------------------------------
| rollout/                |               |
|    ep_len_mean          | 8.64e+04      |
|    ep_rew_mean          | -2.92e+03     |
| time/                   |               |
|    fps                  | 1301          |
|    iterations           | 149           |
|    time_elapsed         | 234           |
|    total_timesteps      | 305152        |
| train/                  |               |
|    approx_kl            | 0.00010760527 |
|    clip_fraction        | 0.00083       |
|    clip_range           | 0.2           |
|    entropy_loss         | -0.00664      |
|    explained_variance   | 0.414         |
|    learning_rate        | 0.0003        |
|    loss                 | 143           |
|    n_updates            | 1480          |
|    policy_gradient_loss | -0.000118     |
|    value_loss   -------------------------------------------
| rollout/                -------------------------------------------
| rollout/                |               |
|    ep_len_mean          | 8.64e+04      |
|    ep_rew_mean          | -2.92e+03     |
| time/                   |               |
|    fps                  | 1307          |
|    iterations           | 150           |
|    time_elapsed         | 235           |
|    total_timesteps      | 307200        |
| train/                  |               |
|    approx_kl            | 1.9278377e-05 |
|    clip_fraction        | 4.88e-05      |
|    clip_range           | 0.2           |
|    entropy_loss         | -0.00198      |
|    explained_variance   | -0.065        |
|    learning_rate        | 0.0003        |
|    loss                 | 124           |
|    n_updates            | 1490          |
|    policy_gradient_loss | -1.46e-05     |
|    value_loss   -------------------------------------------
| rollout/                -------------------------------------------
| rollout/                |               |
|    ep_len_mean          | 8.64e+04      |
|    ep_rew_mean          | -2.92e+03     |
| time/                   |               |
|    fps                  | 1312          |
|    iterations           | 151           |
|    time_elapsed         | 235           |
|    total_timesteps      | 309248        |
| train/                  |               |
|    approx_kl            | 1.0548392e-06 |
|    clip_fraction        | 0             |
|    clip_range           | 0.2           |
|    entropy_loss         | -0.00353      |
|    explained_variance   | -0.122        |
|    learning_rate        | 0.0003        |
|    loss                 | 36.7          |
|    n_updates            | 1500          |
|    policy_gradient_loss | -2.08e-05     |
|    value_loss   -------------------------------------------
| rollout/                -------------------------------------------
| rollout/                |               |
|    ep_len_mean          | 8.64e+04      |
|    ep_rew_mean          | -2.92e+03     |
| time/                   |               |
|    fps                  | 1318          |
|    iterations           | 152           |
|    time_elapsed         | 236           |
|    total_timesteps      | 311296        |
| train/                  |               |
|    approx_kl            | 2.2644992e-05 |
|    clip_fraction        | 0.000146      |
|    clip_range           | 0.2           |
|    entropy_loss         | -0.00404      |
|    explained_variance   | 0.484         |
|    learning_rate        | 0.0003        |
|    loss                 | 69.9          |
|    n_updates            | 1510          |
|    policy_gradient_loss | -1.86e-05     |
|    value_loss   ------------------------------------------
| rollout/                |------------------------------------------
| rollout/                |              |
|    ep_len_mean          | 8.64e+04     |
|    ep_rew_mean          | -2.92e+03    |
| time/                   |              |
|    fps                  | 1324         |
|    iterations           | 153          |
|    time_elapsed         | 236          |
|    total_timesteps      | 313344       |
| train/                  |              |
|    approx_kl            | 4.229427e-06 |
|    clip_fraction        | 0            |
|    clip_range           | 0.2          |
|    entropy_loss         | -0.00418     |
|    explained_variance   | 0.723        |
|    learning_rate        | 0.0003       |
|    loss                 | 10.1         |
|    n_updates            | 1520         |
|    policy_gradient_loss | 2.56e-05     |
|    value_loss -----------------------------------------
| rollout/                | -----------------------------------------
| rollout/                |             |
|    ep_len_mean          | 8.64e+04    |
|    ep_rew_mean          | -2.92e+03   |
| time/                   |             |
|    fps                  | 1330        |
|    iterations           | 154         |
|    time_elapsed         | 237         |
|    total_timesteps      | 315392      |
| train/                  |             |
|    approx_kl            | 6.77433e-05 |
|    clip_fraction        | 0.00142     |
|    clip_range           | 0.2         |
|    entropy_loss         | -0.0062     |
|    explained_variance   | 0.223       |
|    learning_rate        | 0.0003      |
|    loss                 | 224         |
|    n_updates            | 1530        |
|    policy_gradient_loss | -3.31e-05   |
|    value_los-------------------------------------------
| rollout/                -------------------------------------------
| rollout/                |               |
|    ep_len_mean          | 8.64e+04      |
|    ep_rew_mean          | -2.92e+03     |
| time/                   |               |
|    fps                  | 1336          |
|    iterations           | 155           |
|    time_elapsed         | 237           |
|    total_timesteps      | 317440        |
| train/                  |               |
|    approx_kl            | 0.00014685042 |
|    clip_fraction        | 0.00249       |
|    clip_range           | 0.2           |
|    entropy_loss         | -0.00406      |
|    explained_variance   | 0.526         |
|    learning_rate        | 0.0003        |
|    loss                 | 107           |
|    n_updates            | 1540          |
|    policy_gradient_loss | -0.00011      |
|    value_loss   -------------------------------------------
| rollout/                -------------------------------------------
| rollout/                |               |
|    ep_len_mean          | 8.64e+04      |
|    ep_rew_mean          | -2.92e+03     |
| time/                   |               |
|    fps                  | 1342          |
|    iterations           | 156           |
|    time_elapsed         | 238           |
|    total_timesteps      | 319488        |
| train/                  |               |
|    approx_kl            | 8.8061235e-05 |
|    clip_fraction        | 0.00112       |
|    clip_range           | 0.2           |
|    entropy_loss         | -0.00373      |
|    explained_variance   | 0.713         |
|    learning_rate        | 0.0003        |
|    loss                 | 144           |
|    n_updates            | 1550          |
|    policy_gradient_loss | -0.000196     |
|    value_loss     ⏱  step   320,000  │  FPS    4070  │  RSS   5517 MB
----------  ⏱  step   320,000  │  FPS    4070  │  RSS   5517 MB
------------------------------------------
| hw/                     |              |
|    fps                  | 4.07e+03     |
|    rss_mb               | 5.52e+03     |
| rollout/                |              |
|    ep_len_mean          | 8.64e+04     |
|    ep_rew_mean          | -2.92e+03    |
| time/                   |              |
|    fps                  | 1348         |
|    iterations           | 157          |
|    time_elapsed         | 238          |
|    total_timesteps      | 321536       |
| train/                  |              |
|    approx_kl            | 2.540485e-05 |
|    clip_fraction        | 0.000342     |
|    clip_range           | 0.2          |
|    entropy_loss         | -0.00342     |
|    explained_variance   | 0.658        |
|    learning_rate        | 0.0003       |
|    loss                 | 99           |
|    n_updates            | 1560         |
|    policy_gradient_loss | -3.03e-05    |
|    value_loss --------------------------------------------
| rollout/               --------------------------------------------
| rollout/                |                |
|    ep_len_mean          | 8.64e+04       |
|    ep_rew_mean          | -2.92e+03      |
| time/                   |                |
|    fps                  | 1353           |
|    iterations           | 158            |
|    time_elapsed         | 238            |
|    total_timesteps      | 323584         |
| train/                  |                |
|    approx_kl            | 0.000107627915 |
|    clip_fraction        | 0.00083        |
|    clip_range           | 0.2            |
|    entropy_loss         | -0.00239       |
|    explained_variance   | 0.723          |
|    learning_rate        | 0.0003         |
|    loss                 | 6.69           |
|    n_updates            | 1570           |
|    policy_gradient_loss | -6.06e-05      |
|    value_loss     -------------------------------------------
| rollout/                -------------------------------------------
| rollout/                |               |
|    ep_len_mean          | 8.64e+04      |
|    ep_rew_mean          | -2.92e+03     |
| time/                   |               |
|    fps                  | 1359          |
|    iterations           | 159           |
|    time_elapsed         | 239           |
|    total_timesteps      | 325632        |
| train/                  |               |
|    approx_kl            | 0.00020531597 |
|    clip_fraction        | 0.000928      |
|    clip_range           | 0.2           |
|    entropy_loss         | -0.00476      |
|    explained_variance   | 0.211         |
|    learning_rate        | 0.0003        |
|    loss                 | 269           |
|    n_updates            | 1580          |
|    policy_gradient_loss | -0.000382     |
|    value_loss   -------------------------------------------
| rollout/                -------------------------------------------
| rollout/                |               |
|    ep_len_mean          | 8.64e+04      |
|    ep_rew_mean          | -2.92e+03     |
| time/                   |               |
|    fps                  | 1365          |
|    iterations           | 160           |
|    time_elapsed         | 240           |
|    total_timesteps      | 327680        |
| train/                  |               |
|    approx_kl            | 0.00025204447 |
|    clip_fraction        | 0.00234       |
|    clip_range           | 0.2           |
|    entropy_loss         | -0.00362      |
|    explained_variance   | 0.719         |
|    learning_rate        | 0.0003        |
|    loss                 | 71.8          |
|    n_updates            | 1590          |
|    policy_gradient_loss | -0.000416     |
|    value_loss   -------------------------------------------
| rollout/                -------------------------------------------
| rollout/                |               |
|    ep_len_mean          | 8.64e+04      |
|    ep_rew_mean          | -2.92e+03     |
| time/                   |               |
|    fps                  | 1370          |
|    iterations           | 161           |
|    time_elapsed         | 240           |
|    total_timesteps      | 329728        |
| train/                  |               |
|    approx_kl            | 6.7909423e-06 |
|    clip_fraction        | 0.00112       |
|    clip_range           | 0.2           |
|    entropy_loss         | -0.00405      |
|    explained_variance   | 0.24          |
|    learning_rate        | 0.0003        |
|    loss                 | 84.7          |
|    n_updates            | 1600          |
|    policy_gradient_loss | -5.08e-05     |
|    value_loss   -------------------------------------------
| rollout/                -------------------------------------------
| rollout/                |               |
|    ep_len_mean          | 8.64e+04      |
|    ep_rew_mean          | -2.92e+03     |
| time/                   |               |
|    fps                  | 1376          |
|    iterations           | 162           |
|    time_elapsed         | 241           |
|    total_timesteps      | 331776        |
| train/                  |               |
|    approx_kl            | 5.7243422e-05 |
|    clip_fraction        | 0.000928      |
|    clip_range           | 0.2           |
|    entropy_loss         | -0.00134      |
|    explained_variance   | -0.406        |
|    learning_rate        | 0.0003        |
|    loss                 | 363           |
|    n_updates            | 1610          |
|    policy_gradient_loss | -0.000208     |
|    value_loss   ------------------------------------------
| rollout/                |------------------------------------------
| rollout/                |              |
|    ep_len_mean          | 8.64e+04     |
|    ep_rew_mean          | -2.92e+03    |
| time/                   |              |
|    fps                  | 1382         |
|    iterations           | 163          |
|    time_elapsed         | 241          |
|    total_timesteps      | 333824       |
| train/                  |              |
|    approx_kl            | 0.0003612551 |
|    clip_fraction        | 0.000732     |
|    clip_range           | 0.2          |
|    entropy_loss         | -0.00243     |
|    explained_variance   | 0.831        |
|    learning_rate        | 0.0003       |
|    loss                 | 1.3          |
|    n_updates            | 1620         |
|    policy_gradient_loss | -4.96e-05    |
|    value_loss -------------------------------------------
| rollout/                -------------------------------------------
| rollout/                |               |
|    ep_len_mean          | 8.64e+04      |
|    ep_rew_mean          | -2.92e+03     |
| time/                   |               |
|    fps                  | 1387          |
|    iterations           | 164           |
|    time_elapsed         | 242           |
|    total_timesteps      | 335872        |
| train/                  |               |
|    approx_kl            | 0.00076537236 |
|    clip_fraction        | 0.00156       |
|    clip_range           | 0.2           |
|    entropy_loss         | -0.00372      |
|    explained_variance   | 0.372         |
|    learning_rate        | 0.0003        |
|    loss                 | 51            |
|    n_updates            | 1630          |
|    policy_gradient_loss | -0.000699     |
|    value_loss   ------------------------------------------
| rollout/                |------------------------------------------
| rollout/                |              |
|    ep_len_mean          | 8.64e+04     |
|    ep_rew_mean          | -2.92e+03    |
| time/                   |              |
|    fps                  | 1393         |
|    iterations           | 165          |
|    time_elapsed         | 242          |
|    total_timesteps      | 337920       |
| train/                  |              |
|    approx_kl            | 5.835318e-08 |
|    clip_fraction        | 0            |
|    clip_range           | 0.2          |
|    entropy_loss         | -0.00188     |
|    explained_variance   | 0.141        |
|    learning_rate        | 0.0003       |
|    loss                 | 92.6         |
|    n_updates            | 1640         |
|    policy_gradient_loss | -1.54e-05    |
|    value_loss ------------------------------------------
| rollout/                |------------------------------------------
| rollout/                |              |
|    ep_len_mean          | 8.64e+04     |
|    ep_rew_mean          | -2.92e+03    |
| time/                   |              |
|    fps                  | 1398         |
|    iterations           | 166          |
|    time_elapsed         | 243          |
|    total_timesteps      | 339968       |
| train/                  |              |
|    approx_kl            | 0.0039013992 |
|    clip_fraction        | 0.00605      |
|    clip_range           | 0.2          |
|    entropy_loss         | -0.0184      |
|    explained_variance   | 0.587        |
|    learning_rate        | 0.0003       |
|    loss                 | 55.1         |
|    n_updates            | 1650         |
|    policy_gradient_loss | -0.000407    |
|    value_loss   ⏱  step   340,000  │  FPS    3987  │  RSS   5517 MB
----------  ⏱  step   340,000  │  FPS    3987  │  RSS   5517 MB
-------------------------------------------
| hw/                     |               |
|    fps                  | 3.99e+03      |
|    rss_mb               | 5.52e+03      |
| rollout/                |               |
|    ep_len_mean          | 8.64e+04      |
|    ep_rew_mean          | -2.92e+03     |
| time/                   |               |
|    fps                  | 1404          |
|    iterations           | 167           |
|    time_elapsed         | 243           |
|    total_timesteps      | 342016        |
| train/                  |               |
|    approx_kl            | 6.9789035e-05 |
|    clip_fraction        | 0.000635      |
|    clip_range           | 0.2           |
|    entropy_loss         | -0.00356      |
|    explained_variance   | 0.75          |
|    learning_rate        | 0.0003        |
|    loss                 | 10.6          |
|    n_updates            | 1660          |
|    policy_gradient_loss | -1.57e-05     |
|    value_loss   ------------------------------------------
| rollout/                |------------------------------------------
| rollout/                |              |
|    ep_len_mean          | 8.64e+04     |
|    ep_rew_mean          | -2.92e+03    |
| time/                   |              |
|    fps                  | 1409         |
|    iterations           | 168          |
|    time_elapsed         | 244          |
|    total_timesteps      | 344064       |
| train/                  |              |
|    approx_kl            | 0.0003809875 |
|    clip_fraction        | 0.0022       |
|    clip_range           | 0.2          |
|    entropy_loss         | -0.00645     |
|    explained_variance   | 0.342        |
|    learning_rate        | 0.0003       |
|    loss                 | 178          |
|    n_updates            | 1670         |
|    policy_gradient_loss | -0.000105    |
|    value_loss ---------------------------------------
| rollout/                |   ---------------------------------------
| rollout/                |           |
|    ep_len_mean          | 8.64e+04  |
|    ep_rew_mean          | 2.36e+03  |
| time/                   |           |
|    fps                  | 1415      |
|    iterations           | 169       |
|    time_elapsed         | 244       |
|    total_timesteps      | 346112    |
| train/                  |           |
|    approx_kl            | 0.0       |
|    clip_fraction        | 0         |
|    clip_range           | 0.2       |
|    entropy_loss         | -0.000633 |
|    explained_variance   | 0.403     |
|    learning_rate        | 0.0003    |
|    loss                 | 55.6      |
|    n_updates            | 1680      |
|    policy_gradient_loss | 6.58e-08  |
|    value------------------------------------------
| rollout/                |------------------------------------------
| rollout/                |              |
|    ep_len_mean          | 8.64e+04     |
|    ep_rew_mean          | 2.36e+03     |
| time/                   |              |
|    fps                  | 1420         |
|    iterations           | 170          |
|    time_elapsed         | 245          |
|    total_timesteps      | 348160       |
| train/                  |              |
|    approx_kl            | 0.0007284535 |
|    clip_fraction        | 0.00117      |
|    clip_range           | 0.2          |
|    entropy_loss         | -0.00564     |
|    explained_variance   | 0.735        |
|    learning_rate        | 0.0003       |
|    loss                 | 4.73         |
|    n_updates            | 1690         |
|    policy_gradient_loss | -5.68e-05    |
|    value_loss Eval num_timesteps=350000, episode_reward=23081.33 +/- 7143.84
EpisodeEval num_timesteps=350000, episode_reward=23081.33 +/- 7143.84
Episode length: 86400.00 +/- 0.00
------------------------------------------
| eval/                   |              |
|    mean_ep_length       | 8.64e+04     |
|    mean_reward          | 2.31e+04     |
| time/                   |              |
|    total_timesteps      | 350000       |
| train/                  |              |
|    approx_kl            | 9.203231e-05 |
|    clip_fraction        | 0.000342     |
|    clip_range           | 0.2          |
|    entropy_loss         | -0.0052      |
|    explained_variance   | 0.559        |
|    learning_rate        | 0.0003       |
|    loss                 | 52.1         |
|    n_updates            | 1700         |
|    policy_gradient_loss | 0.000147     |
|    value_loss ---------------------------------
| rollout/           |          |
| ---------------------------------
| rollout/           |          |
|    ep_len_mean     | 8.64e+04 |
|    ep_rew_mean     | 2.36e+03 |
| time/              |          |
|    fps             | 1286     |
|    iterations      | 171      |
|    time_elapsed    | 272      -------------------------------------------
| rollout/                -------------------------------------------
| rollout/                |               |
|    ep_len_mean          | 8.64e+04      |
|    ep_rew_mean          | 2.36e+03      |
| time/                   |               |
|    fps                  | 1292          |
|    iterations           | 172           |
|    time_elapsed         | 272           |
|    total_timesteps      | 352256        |
| train/                  |               |
|    approx_kl            | 0.00030595943 |
|    clip_fraction        | 0.0019        |
|    clip_range           | 0.2           |
|    entropy_loss         | -0.015        |
|    explained_variance   | 0.762         |
|    learning_rate        | 0.0003        |
|    loss                 | 5.38          |
|    n_updates            | 1710          |
|    policy_gradient_loss | 0.000202      |
|    value_loss   ------------------------------------------
| rollout/                |------------------------------------------
| rollout/                |              |
|    ep_len_mean          | 8.64e+04     |
|    ep_rew_mean          | 2.36e+03     |
| time/                   |              |
|    fps                  | 1297         |
|    iterations           | 173          |
|    time_elapsed         | 273          |
|    total_timesteps      | 354304       |
| train/                  |              |
|    approx_kl            | 4.111507e-05 |
|    clip_fraction        | 0.000488     |
|    clip_range           | 0.2          |
|    entropy_loss         | -0.00209     |
|    explained_variance   | 0.305        |
|    learning_rate        | 0.0003       |
|    loss                 | 109          |
|    n_updates            | 1720         |
|    policy_gradient_loss | -6.98e-05    |
|    value_loss -----------------------------------------
| rollout/                | -----------------------------------------
| rollout/                |             |
|    ep_len_mean          | 8.64e+04    |
|    ep_rew_mean          | 2.36e+03    |
| time/                   |             |
|    fps                  | 1302        |
|    iterations           | 174         |
|    time_elapsed         | 273         |
|    total_timesteps      | 356352      |
| train/                  |             |
|    approx_kl            | 0.001481057 |
|    clip_fraction        | 0.000879    |
|    clip_range           | 0.2         |
|    entropy_loss         | -0.012      |
|    explained_variance   | 0.154       |
|    learning_rate        | 0.0003      |
|    loss                 | 20.3        |
|    n_updates            | 1730        |
|    policy_gradient_loss | -0.000212   |
|    value_los------------------------------------------
| rollout/                |------------------------------------------
| rollout/                |              |
|    ep_len_mean          | 8.64e+04     |
|    ep_rew_mean          | 2.36e+03     |
| time/                   |              |
|    fps                  | 1307         |
|    iterations           | 175          |
|    time_elapsed         | 274          |
|    total_timesteps      | 358400       |
| train/                  |              |
|    approx_kl            | 2.488037e-05 |
|    clip_fraction        | 0.000781     |
|    clip_range           | 0.2          |
|    entropy_loss         | -0.00966     |
|    explained_variance   | 0.564        |
|    learning_rate        | 0.0003       |
|    loss                 | 76.5         |
|    n_updates            | 1740         |
|    policy_gradient_loss | -0.000205    |
|    value_loss   ⏱  step   360,000  │  FPS     641  │  RSS   5517 MB
----------  ⏱  step   360,000  │  FPS     641  │  RSS   5517 MB
--------------------------------------------
| hw/                     |                |
|    fps                  | 641            |
|    rss_mb               | 5.52e+03       |
| rollout/                |                |
|    ep_len_mean          | 8.64e+04       |
|    ep_rew_mean          | 2.36e+03       |
| time/                   |                |
|    fps                  | 1312           |
|    iterations           | 176            |
|    time_elapsed         | 274            |
|    total_timesteps      | 360448         |
| train/                  |                |
|    approx_kl            | 1.27471285e-05 |
|    clip_fraction        | 0.000195       |
|    clip_range           | 0.2            |
|    entropy_loss         | -0.00502       |
|    explained_variance   | 0.374          |
|    learning_rate        | 0.0003         |
|    loss                 | 283            |
|    n_updates            | 1750           |
|    policy_gradient_loss | -3.76e-05      |
|    value_loss     -------------------------------------------
| rollout/                -------------------------------------------
| rollout/                |               |
|    ep_len_mean          | 8.64e+04      |
|    ep_rew_mean          | 2.36e+03      |
| time/                   |               |
|    fps                  | 1317          |
|    iterations           | 177           |
|    time_elapsed         | 275           |
|    total_timesteps      | 362496        |
| train/                  |               |
|    approx_kl            | 4.8280664e-05 |
|    clip_fraction        | 0.00127       |
|    clip_range           | 0.2           |
|    entropy_loss         | -0.00272      |
|    explained_variance   | 0.655         |
|    learning_rate        | 0.0003        |
|    loss                 | 158           |
|    n_updates            | 1760          |
|    policy_gradient_loss | -0.000213     |
|    value_loss   ------------------------------------------
| rollout/                |------------------------------------------
| rollout/                |              |
|    ep_len_mean          | 8.64e+04     |
|    ep_rew_mean          | 2.36e+03     |
| time/                   |              |
|    fps                  | 1322         |
|    iterations           | 178          |
|    time_elapsed         | 275          |
|    total_timesteps      | 364544       |
| train/                  |              |
|    approx_kl            | 3.919541e-05 |
|    clip_fraction        | 0.000439     |
|    clip_range           | 0.2          |
|    entropy_loss         | -0.00667     |
|    explained_variance   | 0.584        |
|    learning_rate        | 0.0003       |
|    loss                 | 25.5         |
|    n_updates            | 1770         |
|    policy_gradient_loss | 5.37e-05     |
|    value_loss -----------------------------------------
| rollout/                | -----------------------------------------
| rollout/                |             |
|    ep_len_mean          | 8.64e+04    |
|    ep_rew_mean          | 2.36e+03    |
| time/                   |             |
|    fps                  | 1327        |
|    iterations           | 179         |
|    time_elapsed         | 276         |
|    total_timesteps      | 366592      |
| train/                  |             |
|    approx_kl            | 0.003526038 |
|    clip_fraction        | 0.00195     |
|    clip_range           | 0.2         |
|    entropy_loss         | -0.0131     |
|    explained_variance   | -0.134      |
|    learning_rate        | 0.0003      |
|    loss                 | 76.7        |
|    n_updates            | 1780        |
|    policy_gradient_loss | -0.00028    |
|    value_los-------------------------------------------
| rollout/                -------------------------------------------
| rollout/                |               |
|    ep_len_mean          | 8.64e+04      |
|    ep_rew_mean          | 2.36e+03      |
| time/                   |               |
|    fps                  | 1332          |
|    iterations           | 180           |
|    time_elapsed         | 276           |
|    total_timesteps      | 368640        |
| train/                  |               |
|    approx_kl            | 0.00032931098 |
|    clip_fraction        | 0.00151       |
|    clip_range           | 0.2           |
|    entropy_loss         | -0.00546      |
|    explained_variance   | 0.808         |
|    learning_rate        | 0.0003        |
|    loss                 | 1.91          |
|    n_updates            | 1790          |
|    policy_gradient_loss | 0.000156      |
|    value_loss   -------------------------------------------
| rollout/                -------------------------------------------
| rollout/                |               |
|    ep_len_mean          | 8.64e+04      |
|    ep_rew_mean          | 2.36e+03      |
| time/                   |               |
|    fps                  | 1337          |
|    iterations           | 181           |
|    time_elapsed         | 277           |
|    total_timesteps      | 370688        |
| train/                  |               |
|    approx_kl            | 0.00030424842 |
|    clip_fraction        | 0.00186       |
|    clip_range           | 0.2           |
|    entropy_loss         | -0.00702      |
|    explained_variance   | 0.217         |
|    learning_rate        | 0.0003        |
|    loss                 | 67.4          |
|    n_updates            | 1800          |
|    policy_gradient_loss | -0.000221     |
|    value_loss   -------------------------------------------
| rollout/                -------------------------------------------
| rollout/                |               |
|    ep_len_mean          | 8.64e+04      |
|    ep_rew_mean          | 2.36e+03      |
| time/                   |               |
|    fps                  | 1342          |
|    iterations           | 182           |
|    time_elapsed         | 277           |
|    total_timesteps      | 372736        |
| train/                  |               |
|    approx_kl            | 0.00084618176 |
|    clip_fraction        | 0.00146       |
|    clip_range           | 0.2           |
|    entropy_loss         | -0.00551      |
|    explained_variance   | 0.18          |
|    learning_rate        | 0.0003        |
|    loss                 | 88.1          |
|    n_updates            | 1810          |
|    policy_gradient_loss | -0.00073      |
|    value_loss   ------------------------------------------
| rollout/                |------------------------------------------
| rollout/                |              |
|    ep_len_mean          | 8.64e+04     |
|    ep_rew_mean          | 2.36e+03     |
| time/                   |              |
|    fps                  | 1347         |
|    iterations           | 183          |
|    time_elapsed         | 278          |
|    total_timesteps      | 374784       |
| train/                  |              |
|    approx_kl            | 1.573746e-05 |
|    clip_fraction        | 0.000195     |
|    clip_range           | 0.2          |
|    entropy_loss         | -0.00275     |
|    explained_variance   | 0.405        |
|    learning_rate        | 0.0003       |
|    loss                 | 153          |
|    n_updates            | 1820         |
|    policy_gradient_loss | -2.85e-05    |
|    value_loss -------------------------------------------
| rollout/                -------------------------------------------
| rollout/                |               |
|    ep_len_mean          | 8.64e+04      |
|    ep_rew_mean          | 2.36e+03      |
| time/                   |               |
|    fps                  | 1352          |
|    iterations           | 184           |
|    time_elapsed         | 278           |
|    total_timesteps      | 376832        |
| train/                  |               |
|    approx_kl            | 0.00010231661 |
|    clip_fraction        | 0.00107       |
|    clip_range           | 0.2           |
|    entropy_loss         | -0.00613      |
|    explained_variance   | 0.805         |
|    learning_rate        | 0.0003        |
|    loss                 | 14.2          |
|    n_updates            | 1830          |
|    policy_gradient_loss | 0.000126      |
|    value_loss   -------------------------------------------
| rollout/                -------------------------------------------
| rollout/                |               |
|    ep_len_mean          | 8.64e+04      |
|    ep_rew_mean          | 2.36e+03      |
| time/                   |               |
|    fps                  | 1357          |
|    iterations           | 185           |
|    time_elapsed         | 279           |
|    total_timesteps      | 378880        |
| train/                  |               |
|    approx_kl            | 0.00035987413 |
|    clip_fraction        | 0.000635      |
|    clip_range           | 0.2           |
|    entropy_loss         | -0.00331      |
|    explained_variance   | 0.252         |
|    learning_rate        | 0.0003        |
|    loss                 | 12.3          |
|    n_updates            | 1840          |
|    policy_gradient_loss | -0.000283     |
|    value_loss     ⏱  step   380,000  │  FPS    4058  │  RSS   5517 MB
----------  ⏱  step   380,000  │  FPS    4058  │  RSS   5517 MB
------------------------------------------
| hw/                     |              |
|    fps                  | 4.06e+03     |
|    rss_mb               | 5.52e+03     |
| rollout/                |              |
|    ep_len_mean          | 8.64e+04     |
|    ep_rew_mean          | 2.36e+03     |
| time/                   |              |
|    fps                  | 1362         |
|    iterations           | 186          |
|    time_elapsed         | 279          |
|    total_timesteps      | 380928       |
| train/                  |              |
|    approx_kl            | 0.0018823843 |
|    clip_fraction        | 0.00449      |
|    clip_range           | 0.2          |
|    entropy_loss         | -0.0102      |
|    explained_variance   | 0.76         |
|    learning_rate        | 0.0003       |
|    loss                 | 20.6         |
|    n_updates            | 1850         |
|    policy_gradient_loss | -0.000714    |
|    value_loss -------------------------------------------
| rollout/                -------------------------------------------
| rollout/                |               |
|    ep_len_mean          | 8.64e+04      |
|    ep_rew_mean          | 2.36e+03      |
| time/                   |               |
|    fps                  | 1367          |
|    iterations           | 187           |
|    time_elapsed         | 280           |
|    total_timesteps      | 382976        |
| train/                  |               |
|    approx_kl            | 0.00010335108 |
|    clip_fraction        | 0.000391      |
|    clip_range           | 0.2           |
|    entropy_loss         | -0.00549      |
|    explained_variance   | -0.145        |
|    learning_rate        | 0.0003        |
|    loss                 | 128           |
|    n_updates            | 1860          |
|    policy_gradient_loss | -2.77e-05     |
|    value_loss   ------------------------------------------
| rollout/                |------------------------------------------
| rollout/                |              |
|    ep_len_mean          | 8.64e+04     |
|    ep_rew_mean          | 2.36e+03     |
| time/                   |              |
|    fps                  | 1372         |
|    iterations           | 188          |
|    time_elapsed         | 280          |
|    total_timesteps      | 385024       |
| train/                  |              |
|    approx_kl            | 0.0061798813 |
|    clip_fraction        | 0.00898      |
|    clip_range           | 0.2          |
|    entropy_loss         | -0.0196      |
|    explained_variance   | 0.41         |
|    learning_rate        | 0.0003       |
|    loss                 | 90.3         |
|    n_updates            | 1870         |
|    policy_gradient_loss | -0.00101     |
|    value_loss -------------------------------------------
| rollout/                -------------------------------------------
| rollout/                |               |
|    ep_len_mean          | 8.64e+04      |
|    ep_rew_mean          | 2.36e+03      |
| time/                   |               |
|    fps                  | 1376          |
|    iterations           | 189           |
|    time_elapsed         | 281           |
|    total_timesteps      | 387072        |
| train/                  |               |
|    approx_kl            | 0.00013363126 |
|    clip_fraction        | 0.00166       |
|    clip_range           | 0.2           |
|    entropy_loss         | -0.0108       |
|    explained_variance   | 0.57          |
|    learning_rate        | 0.0003        |
|    loss                 | 184           |
|    n_updates            | 1880          |
|    policy_gradient_loss | -0.000188     |
|    value_loss   -----------------------------------------
| rollout/                | -----------------------------------------
| rollout/                |             |
|    ep_len_mean          | 8.64e+04    |
|    ep_rew_mean          | 2.36e+03    |
| time/                   |             |
|    fps                  | 1381        |
|    iterations           | 190         |
|    time_elapsed         | 281         |
|    total_timesteps      | 389120      |
| train/                  |             |
|    approx_kl            | 5.92797e-05 |
|    clip_fraction        | 0.000781    |
|    clip_range           | 0.2         |
|    entropy_loss         | -0.00808    |
|    explained_variance   | 0.557       |
|    learning_rate        | 0.0003      |
|    loss                 | 57.6        |
|    n_updates            | 1890        |
|    policy_gradient_loss | -6.16e-05   |
|    value_los-------------------------------------------
| rollout/                -------------------------------------------
| rollout/                |               |
|    ep_len_mean          | 8.64e+04      |
|    ep_rew_mean          | 2.36e+03      |
| time/                   |               |
|    fps                  | 1386          |
|    iterations           | 191           |
|    time_elapsed         | 282           |
|    total_timesteps      | 391168        |
| train/                  |               |
|    approx_kl            | 0.00024144861 |
|    clip_fraction        | 0.00132       |
|    clip_range           | 0.2           |
|    entropy_loss         | -0.00572      |
|    explained_variance   | 0.308         |
|    learning_rate        | 0.0003        |
|    loss                 | 76.5          |
|    n_updates            | 1900          |
|    policy_gradient_loss | -0.000238     |
|    value_loss   -------------------------------------------
| rollout/                -------------------------------------------
| rollout/                |               |
|    ep_len_mean          | 8.64e+04      |
|    ep_rew_mean          | 2.36e+03      |
| time/                   |               |
|    fps                  | 1391          |
|    iterations           | 192           |
|    time_elapsed         | 282           |
|    total_timesteps      | 393216        |
| train/                  |               |
|    approx_kl            | 0.00012119408 |
|    clip_fraction        | 0.000879      |
|    clip_range           | 0.2           |
|    entropy_loss         | -0.00412      |
|    explained_variance   | 0.692         |
|    learning_rate        | 0.0003        |
|    loss                 | 82.1          |
|    n_updates            | 1910          |
|    policy_gradient_loss | -0.000227     |
|    value_loss   ------------------------------------------
| rollout/                |------------------------------------------
| rollout/                |              |
|    ep_len_mean          | 8.64e+04     |
|    ep_rew_mean          | 2.36e+03     |
| time/                   |              |
|    fps                  | 1396         |
|    iterations           | 193          |
|    time_elapsed         | 283          |
|    total_timesteps      | 395264       |
| train/                  |              |
|    approx_kl            | 9.082575e-05 |
|    clip_fraction        | 0.000879     |
|    clip_range           | 0.2          |
|    entropy_loss         | -0.00886     |
|    explained_variance   | -0.358       |
|    learning_rate        | 0.0003       |
|    loss                 | 109          |
|    n_updates            | 1920         |
|    policy_gradient_loss | -8.23e-05    |
|    value_loss -----------------------------------------
| rollout/                | -----------------------------------------
| rollout/                |             |
|    ep_len_mean          | 8.64e+04    |
|    ep_rew_mean          | 2.36e+03    |
| time/                   |             |
|    fps                  | 1401        |
|    iterations           | 194         |
|    time_elapsed         | 283         |
|    total_timesteps      | 397312      |
| train/                  |             |
|    approx_kl            | 0.005482918 |
|    clip_fraction        | 0.00894     |
|    clip_range           | 0.2         |
|    entropy_loss         | -0.0154     |
|    explained_variance   | 0.488       |
|    learning_rate        | 0.0003      |
|    loss                 | 213         |
|    n_updates            | 1930        |
|    policy_gradient_loss | -0.00291    |
|    value_los------------------------------------------
| rollout/                |------------------------------------------
| rollout/                |              |
|    ep_len_mean          | 8.64e+04     |
|    ep_rew_mean          | 2.36e+03     |
| time/                   |              |
|    fps                  | 1405         |
|    iterations           | 195          |
|    time_elapsed         | 284          |
|    total_timesteps      | 399360       |
| train/                  |              |
|    approx_kl            | 0.0030347214 |
|    clip_fraction        | 0.00825      |
|    clip_range           | 0.2          |
|    entropy_loss         | -0.013       |
|    explained_variance   | 0.779        |
|    learning_rate        | 0.0003       |
|    loss                 | 8.21         |
|    n_updates            | 1940         |
|    policy_gradient_loss | -0.00242     |
|    value_loss Eval num_timesteps=400000, episode_reward=29577.78 +/- 2396.34
EpisodeEval num_timesteps=400000, episode_reward=29577.78 +/- 2396.34
Episode length: 86400.00 +/- 0.00
-------------------------------------------
| eval/                   |               |
|    mean_ep_length       | 8.64e+04      |
|    mean_reward          | 2.96e+04      |
| time/                   |               |
|    total_timesteps      | 400000        |
| train/                  |               |
|    approx_kl            | 3.3082848e-05 |
|    clip_fraction        | 0.000195      |
|    clip_range           | 0.2           |
|    entropy_loss         | -0.0103       |
|    explained_variance   | 0.292         |
|    learning_rate        | 0.0003        |
|    loss                 | 162           |
|    n_updates            | 1950          |
|    policy_gradient_loss | -5.26e-05     |
|    value_loss   New best mean reward!
  ⏱  step   400,000  │  FPS     627  │  RSNew best mean reward!
  ⏱  step   400,000  │  FPS     627  │  RSS   5524 MB
---------------------------------
| hw/                |          |
|    fps             | 627      |
|    rss_mb          | 5.52e+03 |
| rollout/           |          |
|    ep_len_mean     | 8.64e+04 |
|    ep_rew_mean     | 2.36e+03 |
| time/              |          |
|    fps             | 1288     |
|    iterations      | 196      |
|    time_elapsed    | 311      -------------------------------------------
| rollout/                -------------------------------------------
| rollout/                |               |
|    ep_len_mean          | 8.64e+04      |
|    ep_rew_mean          | 2.36e+03      |
| time/                   |               |
|    fps                  | 1292          |
|    iterations           | 197           |
|    time_elapsed         | 312           |
|    total_timesteps      | 403456        |
| train/                  |               |
|    approx_kl            | 0.00051588414 |
|    clip_fraction        | 0.0101        |
|    clip_range           | 0.2           |
|    entropy_loss         | -0.0144       |
|    explained_variance   | 0.358         |
|    learning_rate        | 0.0003        |
|    loss                 | 139           |
|    n_updates            | 1960          |
|    policy_gradient_loss | -0.00174      |
|    value_loss   -------------------------------------------
| rollout/                -------------------------------------------
| rollout/                |               |
|    ep_len_mean          | 8.64e+04      |
|    ep_rew_mean          | 2.36e+03      |
| time/                   |               |
|    fps                  | 1297          |
|    iterations           | 198           |
|    time_elapsed         | 312           |
|    total_timesteps      | 405504        |
| train/                  |               |
|    approx_kl            | 0.00018735815 |
|    clip_fraction        | 0.00142       |
|    clip_range           | 0.2           |
|    entropy_loss         | -0.00869      |
|    explained_variance   | 0.639         |
|    learning_rate        | 0.0003        |
|    loss                 | 202           |
|    n_updates            | 1970          |
|    policy_gradient_loss | -0.000322     |
|    value_loss   -------------------------------------------
| rollout/                -------------------------------------------
| rollout/                |               |
|    ep_len_mean          | 8.64e+04      |
|    ep_rew_mean          | 2.36e+03      |
| time/                   |               |
|    fps                  | 1301          |
|    iterations           | 199           |
|    time_elapsed         | 313           |
|    total_timesteps      | 407552        |
| train/                  |               |
|    approx_kl            | 2.4823967e-05 |
|    clip_fraction        | 0.000342      |
|    clip_range           | 0.2           |
|    entropy_loss         | -0.00461      |
|    explained_variance   | 0.556         |
|    learning_rate        | 0.0003        |
|    loss                 | 112           |
|    n_updates            | 1980          |
|    policy_gradient_loss | -0.000138     |
|    value_loss   -------------------------------------------
| rollout/                -------------------------------------------
| rollout/                |               |
|    ep_len_mean          | 8.64e+04      |
|    ep_rew_mean          | 2.36e+03      |
| time/                   |               |
|    fps                  | 1306          |
|    iterations           | 200           |
|    time_elapsed         | 313           |
|    total_timesteps      | 409600        |
| train/                  |               |
|    approx_kl            | 0.00012132272 |
|    clip_fraction        | 0.00146       |
|    clip_range           | 0.2           |
|    entropy_loss         | -0.00644      |
|    explained_variance   | 0.852         |
|    learning_rate        | 0.0003        |
|    loss                 | 2.57          |
|    n_updates            | 1990          |
|    policy_gradient_loss | 6.73e-05      |
|    value_loss   -------------------------------------------
| rollout/                -------------------------------------------
| rollout/                |               |
|    ep_len_mean          | 8.64e+04      |
|    ep_rew_mean          | 2.36e+03      |
| time/                   |               |
|    fps                  | 1310          |
|    iterations           | 201           |
|    time_elapsed         | 314           |
|    total_timesteps      | 411648        |
| train/                  |               |
|    approx_kl            | 2.2975815e-05 |
|    clip_fraction        | 0.000342      |
|    clip_range           | 0.2           |
|    entropy_loss         | -0.00552      |
|    explained_variance   | 0.00212       |
|    learning_rate        | 0.0003        |
|    loss                 | 69.4          |
|    n_updates            | 2000          |
|    policy_gradient_loss | 3.91e-05      |
|    value_loss   ------------------------------------------
| rollout/                |------------------------------------------
| rollout/                |              |
|    ep_len_mean          | 8.64e+04     |
|    ep_rew_mean          | 2.36e+03     |
| time/                   |              |
|    fps                  | 1315         |
|    iterations           | 202          |
|    time_elapsed         | 314          |
|    total_timesteps      | 413696       |
| train/                  |              |
|    approx_kl            | 8.800949e-05 |
|    clip_fraction        | 0.000781     |
|    clip_range           | 0.2          |
|    entropy_loss         | -0.00952     |
|    explained_variance   | 0.71         |
|    learning_rate        | 0.0003       |
|    loss                 | 18.7         |
|    n_updates            | 2010         |
|    policy_gradient_loss | 0.00011      |
|    value_loss -------------------------------------------
| rollout/                -------------------------------------------
| rollout/                |               |
|    ep_len_mean          | 8.64e+04      |
|    ep_rew_mean          | 2.36e+03      |
| time/                   |               |
|    fps                  | 1319          |
|    iterations           | 203           |
|    time_elapsed         | 314           |
|    total_timesteps      | 415744        |
| train/                  |               |
|    approx_kl            | 0.00032257295 |
|    clip_fraction        | 0.00112       |
|    clip_range           | 0.2           |
|    entropy_loss         | -0.00484      |
|    explained_variance   | 0.842         |
|    learning_rate        | 0.0003        |
|    loss                 | 77.4          |
|    n_updates            | 2020          |
|    policy_gradient_loss | 0.000433      |
|    value_loss   -------------------------------------------
| rollout/                -------------------------------------------
| rollout/                |               |
|    ep_len_mean          | 8.64e+04      |
|    ep_rew_mean          | 2.36e+03      |
| time/                   |               |
|    fps                  | 1324          |
|    iterations           | 204           |
|    time_elapsed         | 315           |
|    total_timesteps      | 417792        |
| train/                  |               |
|    approx_kl            | 0.00010880901 |
|    clip_fraction        | 0.000342      |
|    clip_range           | 0.2           |
|    entropy_loss         | -0.00668      |
|    explained_variance   | -0.07         |
|    learning_rate        | 0.0003        |
|    loss                 | 254           |
|    n_updates            | 2030          |
|    policy_gradient_loss | -4.42e-05     |
|    value_loss   -------------------------------------------
| rollout/                -------------------------------------------
| rollout/                |               |
|    ep_len_mean          | 8.64e+04      |
|    ep_rew_mean          | 2.36e+03      |
| time/                   |               |
|    fps                  | 1328          |
|    iterations           | 205           |
|    time_elapsed         | 315           |
|    total_timesteps      | 419840        |
| train/                  |               |
|    approx_kl            | 0.00010504894 |
|    clip_fraction        | 0.000928      |
|    clip_range           | 0.2           |
|    entropy_loss         | -0.00587      |
|    explained_variance   | 0.426         |
|    learning_rate        | 0.0003        |
|    loss                 | 43.7          |
|    n_updates            | 2040          |
|    policy_gradient_loss | -0.000263     |
|    value_loss     ⏱  step   420,000  │  FPS    4129  │  RSS   5524 MB
----------  ⏱  step   420,000  │  FPS    4129  │  RSS   5524 MB
------------------------------------------
| hw/                     |              |
|    fps                  | 4.13e+03     |
|    rss_mb               | 5.52e+03     |
| rollout/                |              |
|    ep_len_mean          | 8.64e+04     |
|    ep_rew_mean          | 2.36e+03     |
| time/                   |              |
|    fps                  | 1333         |
|    iterations           | 206          |
|    time_elapsed         | 316          |
|    total_timesteps      | 421888       |
| train/                  |              |
|    approx_kl            | 1.539939e-05 |
|    clip_fraction        | 0.000391     |
|    clip_range           | 0.2          |
|    entropy_loss         | -0.00443     |
|    explained_variance   | 0.706        |
|    learning_rate        | 0.0003       |
|    loss                 | 26.1         |
|    n_updates            | 2050         |
|    policy_gradient_loss | -9.76e-05    |
|    value_loss -------------------------------------------
| rollout/                -------------------------------------------
| rollout/                |               |
|    ep_len_mean          | 8.64e+04      |
|    ep_rew_mean          | 2.36e+03      |
| time/                   |               |
|    fps                  | 1337          |
|    iterations           | 207           |
|    time_elapsed         | 316           |
|    total_timesteps      | 423936        |
| train/                  |               |
|    approx_kl            | 5.4117205e-05 |
|    clip_fraction        | 0.000342      |
|    clip_range           | 0.2           |
|    entropy_loss         | -0.0171       |
|    explained_variance   | 0.291         |
|    learning_rate        | 0.0003        |
|    loss                 | 110           |
|    n_updates            | 2060          |
|    policy_gradient_loss | -8.42e-05     |
|    value_loss   -------------------------------------------
| rollout/                -------------------------------------------
| rollout/                |               |
|    ep_len_mean          | 8.64e+04      |
|    ep_rew_mean          | 2.36e+03      |
| time/                   |               |
|    fps                  | 1341          |
|    iterations           | 208           |
|    time_elapsed         | 317           |
|    total_timesteps      | 425984        |
| train/                  |               |
|    approx_kl            | 4.4384535e-05 |
|    clip_fraction        | 0.000439      |
|    clip_range           | 0.2           |
|    entropy_loss         | -0.00352      |
|    explained_variance   | 0.553         |
|    learning_rate        | 0.0003        |
|    loss                 | 137           |
|    n_updates            | 2070          |
|    policy_gradient_loss | -0.000109     |
|    value_loss   ------------------------------------------
| rollout/                |------------------------------------------
| rollout/                |              |
|    ep_len_mean          | 8.64e+04     |
|    ep_rew_mean          | 2.36e+03     |
| time/                   |              |
|    fps                  | 1346         |
|    iterations           | 209          |
|    time_elapsed         | 317          |
|    total_timesteps      | 428032       |
| train/                  |              |
|    approx_kl            | 0.0030426118 |
|    clip_fraction        | 0.00659      |
|    clip_range           | 0.2          |
|    entropy_loss         | -0.0198      |
|    explained_variance   | 0.832        |
|    learning_rate        | 0.0003       |
|    loss                 | 5.04         |
|    n_updates            | 2080         |
|    policy_gradient_loss | -0.00016     |
|    value_loss -------------------------------------------
| rollout/                -------------------------------------------
| rollout/                |               |
|    ep_len_mean          | 8.64e+04      |
|    ep_rew_mean          | 2.36e+03      |
| time/                   |               |
|    fps                  | 1350          |
|    iterations           | 210           |
|    time_elapsed         | 318           |
|    total_timesteps      | 430080        |
| train/                  |               |
|    approx_kl            | 2.4941692e-05 |
|    clip_fraction        | 0.00112       |
|    clip_range           | 0.2           |
|    entropy_loss         | -0.00371      |
|    explained_variance   | 0.842         |
|    learning_rate        | 0.0003        |
|    loss                 | 2.1           |
|    n_updates            | 2090          |
|    policy_gradient_loss | -2.81e-07     |
|    value_loss   -------------------------------------------
| rollout/                -------------------------------------------
| rollout/                |               |
|    ep_len_mean          | 8.64e+04      |
|    ep_rew_mean          | 4.71e+03      |
| time/                   |               |
|    fps                  | 1354          |
|    iterations           | 211           |
|    time_elapsed         | 318           |
|    total_timesteps      | 432128        |
| train/                  |               |
|    approx_kl            | 0.00013706897 |
|    clip_fraction        | 0.0019        |
|    clip_range           | 0.2           |
|    entropy_loss         | -0.00659      |
|    explained_variance   | 0.752         |
|    learning_rate        | 0.0003        |
|    loss                 | 2.69          |
|    n_updates            | 2100          |
|    policy_gradient_loss | -4.16e-05     |
|    value_loss   -------------------------------------------
| rollout/                -------------------------------------------
| rollout/                |               |
|    ep_len_mean          | 8.64e+04      |
|    ep_rew_mean          | 4.71e+03      |
| time/                   |               |
|    fps                  | 1359          |
|    iterations           | 212           |
|    time_elapsed         | 319           |
|    total_timesteps      | 434176        |
| train/                  |               |
|    approx_kl            | 3.4978439e-06 |
|    clip_fraction        | 0             |
|    clip_range           | 0.2           |
|    entropy_loss         | -0.00324      |
|    explained_variance   | 0.34          |
|    learning_rate        | 0.0003        |
|    loss                 | 120           |
|    n_updates            | 2110          |
|    policy_gradient_loss | -1.56e-06     |
|    value_loss   -------------------------------------------
| rollout/                -------------------------------------------
| rollout/                |               |
|    ep_len_mean          | 8.64e+04      |
|    ep_rew_mean          | 4.71e+03      |
| time/                   |               |
|    fps                  | 1363          |
|    iterations           | 213           |
|    time_elapsed         | 319           |
|    total_timesteps      | 436224        |
| train/                  |               |
|    approx_kl            | 0.00014067502 |
|    clip_fraction        | 0.00176       |
|    clip_range           | 0.2           |
|    entropy_loss         | -0.006        |
|    explained_variance   | 0.181         |
|    learning_rate        | 0.0003        |
|    loss                 | 125           |
|    n_updates            | 2120          |
|    policy_gradient_loss | -0.000386     |
|    value_loss   -------------------------------------------
| rollout/                -------------------------------------------
| rollout/                |               |
|    ep_len_mean          | 8.64e+04      |
|    ep_rew_mean          | 4.71e+03      |
| time/                   |               |
|    fps                  | 1367          |
|    iterations           | 214           |
|    time_elapsed         | 320           |
|    total_timesteps      | 438272        |
| train/                  |               |
|    approx_kl            | 0.00016663334 |
|    clip_fraction        | 0.000488      |
|    clip_range           | 0.2           |
|    entropy_loss         | -0.00259      |
|    explained_variance   | 0.88          |
|    learning_rate        | 0.0003        |
|    loss                 | 1.38          |
|    n_updates            | 2130          |
|    policy_gradient_loss | -9.25e-05     |
|    value_loss     ⏱  step   440,000  │  FPS    4276  │  RSS   5524 MB
----------  ⏱  step   440,000  │  FPS    4276  │  RSS   5524 MB
------------------------------------------
| hw/                     |              |
|    fps                  | 4.28e+03     |
|    rss_mb               | 5.52e+03     |
| rollout/                |              |
|    ep_len_mean          | 8.64e+04     |
|    ep_rew_mean          | 4.71e+03     |
| time/                   |              |
|    fps                  | 1371         |
|    iterations           | 215          |
|    time_elapsed         | 320          |
|    total_timesteps      | 440320       |
| train/                  |              |
|    approx_kl            | 5.810737e-05 |
|    clip_fraction        | 0.000293     |
|    clip_range           | 0.2          |
|    entropy_loss         | -0.00526     |
|    explained_variance   | 0.106        |
|    learning_rate        | 0.0003       |
|    loss                 | 78.7         |
|    n_updates            | 2140         |
|    policy_gradient_loss | -4.21e-05    |
|    value_loss ------------------------------------------
| rollout/                |------------------------------------------
| rollout/                |              |
|    ep_len_mean          | 8.64e+04     |
|    ep_rew_mean          | 4.71e+03     |
| time/                   |              |
|    fps                  | 1376         |
|    iterations           | 216          |
|    time_elapsed         | 321          |
|    total_timesteps      | 442368       |
| train/                  |              |
|    approx_kl            | 4.890078e-05 |
|    clip_fraction        | 0.000244     |
|    clip_range           | 0.2          |
|    entropy_loss         | -0.00521     |
|    explained_variance   | 0.206        |
|    learning_rate        | 0.0003       |
|    loss                 | 217          |
|    n_updates            | 2150         |
|    policy_gradient_loss | -6.44e-05    |
|    value_loss -------------------------------------------
| rollout/                -------------------------------------------
| rollout/                |               |
|    ep_len_mean          | 8.64e+04      |
|    ep_rew_mean          | 4.71e+03      |
| time/                   |               |
|    fps                  | 1380          |
|    iterations           | 217           |
|    time_elapsed         | 321           |
|    total_timesteps      | 444416        |
| train/                  |               |
|    approx_kl            | 0.00033495523 |
|    clip_fraction        | 0.000684      |
|    clip_range           | 0.2           |
|    entropy_loss         | -0.00534      |
|    explained_variance   | 0.517         |
|    learning_rate        | 0.0003        |
|    loss                 | 14.6          |
|    n_updates            | 2160          |
|    policy_gradient_loss | 0.000152      |
|    value_loss   ------------------------------------------
| rollout/                |------------------------------------------
| rollout/                |              |
|    ep_len_mean          | 8.64e+04     |
|    ep_rew_mean          | 4.71e+03     |
| time/                   |              |
|    fps                  | 1384         |
|    iterations           | 218          |
|    time_elapsed         | 322          |
|    total_timesteps      | 446464       |
| train/                  |              |
|    approx_kl            | 4.680091e-05 |
|    clip_fraction        | 0.000439     |
|    clip_range           | 0.2          |
|    entropy_loss         | -0.00399     |
|    explained_variance   | 0.323        |
|    learning_rate        | 0.0003       |
|    loss                 | 61.2         |
|    n_updates            | 2170         |
|    policy_gradient_loss | 1.76e-05     |
|    value_loss -------------------------------------------
| rollout/                -------------------------------------------
| rollout/                |               |
|    ep_len_mean          | 8.64e+04      |
|    ep_rew_mean          | 4.71e+03      |
| time/                   |               |
|    fps                  | 1389          |
|    iterations           | 219           |
|    time_elapsed         | 322           |
|    total_timesteps      | 448512        |
| train/                  |               |
|    approx_kl            | 4.3134904e-05 |
|    clip_fraction        | 4.88e-05      |
|    clip_range           | 0.2           |
|    entropy_loss         | -0.00467      |
|    explained_variance   | 0.434         |
|    learning_rate        | 0.0003        |
|    loss                 | 112           |
|    n_updates            | 2180          |
|    policy_gradient_loss | -4.22e-05     |
|    value_loss   Eval num_timesteps=450000, episode_reward=26188.09 +/- 1556.52
EpisodeEval num_timesteps=450000, episode_reward=26188.09 +/- 1556.52
Episode length: 86400.00 +/- 0.00
-------------------------------------------
| eval/                   |               |
|    mean_ep_length       | 8.64e+04      |
|    mean_reward          | 2.62e+04      |
| time/                   |               |
|    total_timesteps      | 450000        |
| train/                  |               |
|    approx_kl            | 3.6405458e-05 |
|    clip_fraction        | 0.000146      |
|    clip_range           | 0.2           |
|    entropy_loss         | -0.00539      |
|    explained_variance   | 0.197         |
|    learning_rate        | 0.0003        |
|    loss                 | 96.2          |
|    n_updates            | 2190          |
|    policy_gradient_loss | -3.02e-05     |
|    value_loss   ---------------------------------
| rollout/           |          |
| ---------------------------------
| rollout/           |          |
|    ep_len_mean     | 8.64e+04 |
|    ep_rew_mean     | 4.71e+03 |
| time/              |          |
|    fps             | 1287     |
|    iterations      | 220      |
|    time_elapsed    | 349      -------------------------------------------
| rollout/                -------------------------------------------
| rollout/                |               |
|    ep_len_mean          | 8.64e+04      |
|    ep_rew_mean          | 4.71e+03      |
| time/                   |               |
|    fps                  | 1291          |
|    iterations           | 221           |
|    time_elapsed         | 350           |
|    total_timesteps      | 452608        |
| train/                  |               |
|    approx_kl            | 1.4074059e-05 |
|    clip_fraction        | 4.88e-05      |
|    clip_range           | 0.2           |
|    entropy_loss         | -0.00478      |
|    explained_variance   | 0.46          |
|    learning_rate        | 0.0003        |
|    loss                 | 155           |
|    n_updates            | 2200          |
|    policy_gradient_loss | -6.04e-06     |
|    value_loss   ------------------------------------------
| rollout/                |------------------------------------------
| rollout/                |              |
|    ep_len_mean          | 8.64e+04     |
|    ep_rew_mean          | 4.71e+03     |
| time/                   |              |
|    fps                  | 1295         |
|    iterations           | 222          |
|    time_elapsed         | 350          |
|    total_timesteps      | 454656       |
| train/                  |              |
|    approx_kl            | 7.651557e-05 |
|    clip_fraction        | 0.00117      |
|    clip_range           | 0.2          |
|    entropy_loss         | -0.00515     |
|    explained_variance   | 0.803        |
|    learning_rate        | 0.0003       |
|    loss                 | 29.1         |
|    n_updates            | 2210         |
|    policy_gradient_loss | -0.000144    |
|    value_loss -------------------------------------------
| rollout/                -------------------------------------------
| rollout/                |               |
|    ep_len_mean          | 8.64e+04      |
|    ep_rew_mean          | 4.71e+03      |
| time/                   |               |
|    fps                  | 1299          |
|    iterations           | 223           |
|    time_elapsed         | 351           |
|    total_timesteps      | 456704        |
| train/                  |               |
|    approx_kl            | 8.8007044e-05 |
|    clip_fraction        | 0.000977      |
|    clip_range           | 0.2           |
|    entropy_loss         | -0.00517      |
|    explained_variance   | -0.169        |
|    learning_rate        | 0.0003        |
|    loss                 | 16.7          |
|    n_updates            | 2220          |
|    policy_gradient_loss | 2.39e-05      |
|    value_loss   ------------------------------------------
| rollout/                |------------------------------------------
| rollout/                |              |
|    ep_len_mean          | 8.64e+04     |
|    ep_rew_mean          | 4.71e+03     |
| time/                   |              |
|    fps                  | 1303         |
|    iterations           | 224          |
|    time_elapsed         | 351          |
|    total_timesteps      | 458752       |
| train/                  |              |
|    approx_kl            | 3.545638e-05 |
|    clip_fraction        | 0.000684     |
|    clip_range           | 0.2          |
|    entropy_loss         | -0.00471     |
|    explained_variance   | 0.442        |
|    learning_rate        | 0.0003       |
|    loss                 | 64.9         |
|    n_updates            | 2230         |
|    policy_gradient_loss | -2.98e-05    |
|    value_loss   ⏱  step   460,000  │  FPS     638  │  RSS   5524 MB
----------  ⏱  step   460,000  │  FPS     638  │  RSS   5524 MB
-------------------------------------------
| hw/                     |               |
|    fps                  | 638           |
|    rss_mb               | 5.52e+03      |
| rollout/                |               |
|    ep_len_mean          | 8.64e+04      |
|    ep_rew_mean          | 4.71e+03      |
| time/                   |               |
|    fps                  | 1307          |
|    iterations           | 225           |
|    time_elapsed         | 352           |
|    total_timesteps      | 460800        |
| train/                  |               |
|    approx_kl            | 0.00011756574 |
|    clip_fraction        | 0.000391      |
|    clip_range           | 0.2           |
|    entropy_loss         | -0.00513      |
|    explained_variance   | 0.689         |
|    learning_rate        | 0.0003        |
|    loss                 | 98.9          |
|    n_updates            | 2240          |
|    policy_gradient_loss | -8.33e-05     |
|    value_loss   -------------------------------------------
| rollout/                -------------------------------------------
| rollout/                |               |
|    ep_len_mean          | 8.64e+04      |
|    ep_rew_mean          | 4.71e+03      |
| time/                   |               |
|    fps                  | 1311          |
|    iterations           | 226           |
|    time_elapsed         | 352           |
|    total_timesteps      | 462848        |
| train/                  |               |
|    approx_kl            | 0.00025325696 |
|    clip_fraction        | 0.00415       |
|    clip_range           | 0.2           |
|    entropy_loss         | -0.00825      |
|    explained_variance   | 0.193         |
|    learning_rate        | 0.0003        |
|    loss                 | 138           |
|    n_updates            | 2250          |
|    policy_gradient_loss | -0.000173     |
|    value_loss   -------------------------------------------
| rollout/                -------------------------------------------
| rollout/                |               |
|    ep_len_mean          | 8.64e+04      |
|    ep_rew_mean          | 4.71e+03      |
| time/                   |               |
|    fps                  | 1315          |
|    iterations           | 227           |
|    time_elapsed         | 353           |
|    total_timesteps      | 464896        |
| train/                  |               |
|    approx_kl            | 0.00013703213 |
|    clip_fraction        | 0.00083       |
|    clip_range           | 0.2           |
|    entropy_loss         | -0.00499      |
|    explained_variance   | 0.888         |
|    learning_rate        | 0.0003        |
|    loss                 | 6.39          |
|    n_updates            | 2260          |
|    policy_gradient_loss | -0.00012      |
|    value_loss   -------------------------------------------
| rollout/                -------------------------------------------
| rollout/                |               |
|    ep_len_mean          | 8.64e+04      |
|    ep_rew_mean          | 4.71e+03      |
| time/                   |               |
|    fps                  | 1319          |
|    iterations           | 228           |
|    time_elapsed         | 353           |
|    total_timesteps      | 466944        |
| train/                  |               |
|    approx_kl            | 0.00016742887 |
|    clip_fraction        | 0.00205       |
|    clip_range           | 0.2           |
|    entropy_loss         | -0.00574      |
|    explained_variance   | 0.586         |
|    learning_rate        | 0.0003        |
|    loss                 | 98.7          |
|    n_updates            | 2270          |
|    policy_gradient_loss | -0.000168     |
|    value_loss   ------------------------------------------
| rollout/                |------------------------------------------
| rollout/                |              |
|    ep_len_mean          | 8.64e+04     |
|    ep_rew_mean          | 4.71e+03     |
| time/                   |              |
|    fps                  | 1323         |
|    iterations           | 229          |
|    time_elapsed         | 354          |
|    total_timesteps      | 468992       |
| train/                  |              |
|    approx_kl            | 0.0001452672 |
|    clip_fraction        | 0.000928     |
|    clip_range           | 0.2          |
|    entropy_loss         | -0.00519     |
|    explained_variance   | 0.769        |
|    learning_rate        | 0.0003       |
|    loss                 | 61.9         |
|    n_updates            | 2280         |
|    policy_gradient_loss | -2.08e-05    |
|    value_loss -------------------------------------------
| rollout/                -------------------------------------------
| rollout/                |               |
|    ep_len_mean          | 8.64e+04      |
|    ep_rew_mean          | 4.71e+03      |
| time/                   |               |
|    fps                  | 1327          |
|    iterations           | 230           |
|    time_elapsed         | 354           |
|    total_timesteps      | 471040        |
| train/                  |               |
|    approx_kl            | 0.00018795129 |
|    clip_fraction        | 0.000635      |
|    clip_range           | 0.2           |
|    entropy_loss         | -0.00446      |
|    explained_variance   | 0.675         |
|    learning_rate        | 0.0003        |
|    loss                 | 295           |
|    n_updates            | 2290          |
|    policy_gradient_loss | 0.000125      |
|    value_loss   ------------------------------------------
| rollout/                |------------------------------------------
| rollout/                |              |
|    ep_len_mean          | 8.64e+04     |
|    ep_rew_mean          | 4.71e+03     |
| time/                   |              |
|    fps                  | 1331         |
|    iterations           | 231          |
|    time_elapsed         | 355          |
|    total_timesteps      | 473088       |
| train/                  |              |
|    approx_kl            | 7.639729e-05 |
|    clip_fraction        | 0.000732     |
|    clip_range           | 0.2          |
|    entropy_loss         | -0.00482     |
|    explained_variance   | 0.624        |
|    learning_rate        | 0.0003       |
|    loss                 | 43.8         |
|    n_updates            | 2300         |
|    policy_gradient_loss | -0.000231    |
|    value_loss -------------------------------------------
| rollout/                -------------------------------------------
| rollout/                |               |
|    ep_len_mean          | 8.64e+04      |
|    ep_rew_mean          | 4.71e+03      |
| time/                   |               |
|    fps                  | 1335          |
|    iterations           | 232           |
|    time_elapsed         | 355           |
|    total_timesteps      | 475136        |
| train/                  |               |
|    approx_kl            | 0.00018929914 |
|    clip_fraction        | 0.0021        |
|    clip_range           | 0.2           |
|    entropy_loss         | -0.0064       |
|    explained_variance   | -0.0372       |
|    learning_rate        | 0.0003        |
|    loss                 | 19.1          |
|    n_updates            | 2310          |
|    policy_gradient_loss | -0.000619     |
|    value_loss   -------------------------------------------
| rollout/                -------------------------------------------
| rollout/                |               |
|    ep_len_mean          | 8.64e+04      |
|    ep_rew_mean          | 4.71e+03      |
| time/                   |               |
|    fps                  | 1339          |
|    iterations           | 233           |
|    time_elapsed         | 356           |
|    total_timesteps      | 477184        |
| train/                  |               |
|    approx_kl            | 5.6531222e-05 |
|    clip_fraction        | 0.000537      |
|    clip_range           | 0.2           |
|    entropy_loss         | -0.00345      |
|    explained_variance   | 0.526         |
|    learning_rate        | 0.0003        |
|    loss                 | 105           |
|    n_updates            | 2320          |
|    policy_gradient_loss | 0.000124      |
|    value_loss   ------------------------------------------
| rollout/                |------------------------------------------
| rollout/                |              |
|    ep_len_mean          | 8.64e+04     |
|    ep_rew_mean          | 4.71e+03     |
| time/                   |              |
|    fps                  | 1343         |
|    iterations           | 234          |
|    time_elapsed         | 356          |
|    total_timesteps      | 479232       |
| train/                  |              |
|    approx_kl            | 0.0001232248 |
|    clip_fraction        | 0.00137      |
|    clip_range           | 0.2          |
|    entropy_loss         | -0.00492     |
|    explained_variance   | 0.717        |
|    learning_rate        | 0.0003       |
|    loss                 | 79.8         |
|    n_updates            | 2330         |
|    policy_gradient_loss | -0.000309    |
|    value_loss   ⏱  step   480,000  │  FPS    4131  │  RSS   5524 MB
----------  ⏱  step   480,000  │  FPS    4131  │  RSS   5524 MB
-------------------------------------------
| hw/                     |               |
|    fps                  | 4.13e+03      |
|    rss_mb               | 5.52e+03      |
| rollout/                |               |
|    ep_len_mean          | 8.64e+04      |
|    ep_rew_mean          | 4.71e+03      |
| time/                   |               |
|    fps                  | 1347          |
|    iterations           | 235           |
|    time_elapsed         | 357           |
|    total_timesteps      | 481280        |
| train/                  |               |
|    approx_kl            | 1.5072874e-05 |
|    clip_fraction        | 0.000244      |
|    clip_range           | 0.2           |
|    entropy_loss         | -0.00492      |
|    explained_variance   | 0.541         |
|    learning_rate        | 0.0003        |
|    loss                 | 112           |
|    n_updates            | 2340          |
|    policy_gradient_loss | -9.8e-05      |
|    value_loss   ------------------------------------------
| rollout/                |------------------------------------------
| rollout/                |              |
|    ep_len_mean          | 8.64e+04     |
|    ep_rew_mean          | 4.71e+03     |
| time/                   |              |
|    fps                  | 1350         |
|    iterations           | 236          |
|    time_elapsed         | 357          |
|    total_timesteps      | 483328       |
| train/                  |              |
|    approx_kl            | 9.973682e-05 |
|    clip_fraction        | 0.000439     |
|    clip_range           | 0.2          |
|    entropy_loss         | -0.0038      |
|    explained_variance   | 0.844        |
|    learning_rate        | 0.0003       |
|    loss                 | 85.6         |
|    n_updates            | 2350         |
|    policy_gradient_loss | -5.5e-05     |
|    value_loss -------------------------------------------
| rollout/                -------------------------------------------
| rollout/                |               |
|    ep_len_mean          | 8.64e+04      |
|    ep_rew_mean          | 4.71e+03      |
| time/                   |               |
|    fps                  | 1354          |
|    iterations           | 237           |
|    time_elapsed         | 358           |
|    total_timesteps      | 485376        |
| train/                  |               |
|    approx_kl            | 3.3533375e-05 |
|    clip_fraction        | 0             |
|    clip_range           | 0.2           |
|    entropy_loss         | -0.00338      |
|    explained_variance   | 0.336         |
|    learning_rate        | 0.0003        |
|    loss                 | 53.3          |
|    n_updates            | 2360          |
|    policy_gradient_loss | -7.01e-05     |
|    value_loss   ------------------------------------------
| rollout/                |------------------------------------------
| rollout/                |              |
|    ep_len_mean          | 8.64e+04     |
|    ep_rew_mean          | 4.71e+03     |
| time/                   |              |
|    fps                  | 1358         |
|    iterations           | 238          |
|    time_elapsed         | 358          |
|    total_timesteps      | 487424       |
| train/                  |              |
|    approx_kl            | 5.159789e-06 |
|    clip_fraction        | 0.000146     |
|    clip_range           | 0.2          |
|    entropy_loss         | -0.00612     |
|    explained_variance   | 0.359        |
|    learning_rate        | 0.0003       |
|    loss                 | 147          |
|    n_updates            | 2370         |
|    policy_gradient_loss | -2.77e-07    |
|    value_loss ------------------------------------------
| rollout/                |------------------------------------------
| rollout/                |              |
|    ep_len_mean          | 8.64e+04     |
|    ep_rew_mean          | 4.71e+03     |
| time/                   |              |
|    fps                  | 1362         |
|    iterations           | 239          |
|    time_elapsed         | 359          |
|    total_timesteps      | 489472       |
| train/                  |              |
|    approx_kl            | 5.328306e-05 |
|    clip_fraction        | 0.000635     |
|    clip_range           | 0.2          |
|    entropy_loss         | -0.00413     |
|    explained_variance   | 0.333        |
|    learning_rate        | 0.0003       |
|    loss                 | 34.9         |
|    n_updates            | 2380         |
|    policy_gradient_loss | -5.12e-05    |
|    value_loss -------------------------------------------
| rollout/                -------------------------------------------
| rollout/                |               |
|    ep_len_mean          | 8.64e+04      |
|    ep_rew_mean          | 4.71e+03      |
| time/                   |               |
|    fps                  | 1366          |
|    iterations           | 240           |
|    time_elapsed         | 359           |
|    total_timesteps      | 491520        |
| train/                  |               |
|    approx_kl            | 1.6327831e-06 |
|    clip_fraction        | 0             |
|    clip_range           | 0.2           |
|    entropy_loss         | -0.00241      |
|    explained_variance   | 0.452         |
|    learning_rate        | 0.0003        |
|    loss                 | 29.1          |
|    n_updates            | 2390          |
|    policy_gradient_loss | -2.4e-05      |
|    value_loss   ------------------------------------------
| rollout/                |------------------------------------------
| rollout/                |              |
|    ep_len_mean          | 8.64e+04     |
|    ep_rew_mean          | 4.71e+03     |
| time/                   |              |
|    fps                  | 1369         |
|    iterations           | 241          |
|    time_elapsed         | 360          |
|    total_timesteps      | 493568       |
| train/                  |              |
|    approx_kl            | 7.469556e-05 |
|    clip_fraction        | 0.000439     |
|    clip_range           | 0.2          |
|    entropy_loss         | -0.00605     |
|    explained_variance   | 0.0112       |
|    learning_rate        | 0.0003       |
|    loss                 | 83.9         |
|    n_updates            | 2400         |
|    policy_gradient_loss | -0.000158    |
|    value_loss ------------------------------------------
| rollout/                |------------------------------------------
| rollout/                |              |
|    ep_len_mean          | 8.64e+04     |
|    ep_rew_mean          | 4.71e+03     |
| time/                   |              |
|    fps                  | 1373         |
|    iterations           | 242          |
|    time_elapsed         | 360          |
|    total_timesteps      | 495616       |
| train/                  |              |
|    approx_kl            | 7.099472e-06 |
|    clip_fraction        | 0.000391     |
|    clip_range           | 0.2          |
|    entropy_loss         | -0.00402     |
|    explained_variance   | 0.503        |
|    learning_rate        | 0.0003       |
|    loss                 | 67.9         |
|    n_updates            | 2410         |
|    policy_gradient_loss | -3.13e-05    |
|    value_loss ------------------------------------------
| rollout/                |------------------------------------------
| rollout/                |              |
|    ep_len_mean          | 8.64e+04     |
|    ep_rew_mean          | 4.71e+03     |
| time/                   |              |
|    fps                  | 1377         |
|    iterations           | 243          |
|    time_elapsed         | 361          |
|    total_timesteps      | 497664       |
| train/                  |              |
|    approx_kl            | 4.841917e-05 |
|    clip_fraction        | 0.000781     |
|    clip_range           | 0.2          |
|    entropy_loss         | -0.00712     |
|    explained_variance   | 0.277        |
|    learning_rate        | 0.0003       |
|    loss                 | 9.29         |
|    n_updates            | 2420         |
|    policy_gradient_loss | -0.000125    |
|    value_loss -------------------------------------------
| rollout/                -------------------------------------------
| rollout/                |               |
|    ep_len_mean          | 8.64e+04      |
|    ep_rew_mean          | 4.71e+03      |
| time/                   |               |
|    fps                  | 1381          |
|    iterations           | 244           |
|    time_elapsed         | 361           |
|    total_timesteps      | 499712        |
| train/                  |               |
|    approx_kl            | 0.00023439998 |
|    clip_fraction        | 0.00195       |
|    clip_range           | 0.2           |
|    entropy_loss         | -0.00346      |
|    explained_variance   | 0.82          |
|    learning_rate        | 0.0003        |
|    loss                 | 9.14          |
|    n_updates            | 2430          |
|    policy_gradient_loss | -0.000293     |
|    value_loss   Eval num_timesteps=500000, episode_reward=29563.70 +/- 5505.26
EpisodeEval num_timesteps=500000, episode_reward=29563.70 +/- 5505.26
Episode length: 86400.00 +/- 0.00
-------------------------------------------
| eval/                   |               |
|    mean_ep_length       | 8.64e+04      |
|    mean_reward          | 2.96e+04      |
| time/                   |               |
|    total_timesteps      | 500000        |
| train/                  |               |
|    approx_kl            | 0.00013569204 |
|    clip_fraction        | 0.00181       |
|    clip_range           | 0.2           |
|    entropy_loss         | -0.00665      |
|    explained_variance   | 0.525         |
|    learning_rate        | 0.0003        |
|    loss                 | 117           |
|    n_updates            | 2440          |
|    policy_gradient_loss | -0.000127     |
|    value_loss     ⏱  step   500,000  │  FPS     631  │  RSS   5524 MB
----------  ⏱  step   500,000  │  FPS     631  │  RSS   5524 MB
---------------------------------
| hw/                |          |
|    fps             | 631      |
|    rss_mb          | 5.52e+03 |
| rollout/           |          |
|    ep_len_mean     | 8.64e+04 |
|    ep_rew_mean     | 4.71e+03 |
| time/              |          |
|    fps             | 1289     |
|    iterations      | 245      |
|    time_elapsed    | 389      -----------------------------------------
| rollout/                | -----------------------------------------
| rollout/                |             |
|    ep_len_mean          | 8.64e+04    |
|    ep_rew_mean          | 4.71e+03    |
| time/                   |             |
|    fps                  | 1293        |
|    iterations           | 246         |
|    time_elapsed         | 389         |
|    total_timesteps      | 503808      |
| train/                  |             |
|    approx_kl            | 8.62288e-05 |
|    clip_fraction        | 0.00083     |
|    clip_range           | 0.2         |
|    entropy_loss         | -0.00547    |
|    explained_variance   | 0.48        |
|    learning_rate        | 0.0003      |
|    loss                 | 74.2        |
|    n_updates            | 2450        |
|    policy_gradient_loss | -8.76e-05   |
|    value_los------------------------------------------
| rollout/                |------------------------------------------
| rollout/                |              |
|    ep_len_mean          | 8.64e+04     |
|    ep_rew_mean          | 4.71e+03     |
| time/                   |              |
|    fps                  | 1296         |
|    iterations           | 247          |
|    time_elapsed         | 390          |
|    total_timesteps      | 505856       |
| train/                  |              |
|    approx_kl            | 7.453369e-05 |
|    clip_fraction        | 0.000342     |
|    clip_range           | 0.2          |
|    entropy_loss         | -0.00392     |
|    explained_variance   | 0.849        |
|    learning_rate        | 0.0003       |
|    loss                 | 4.33         |
|    n_updates            | 2460         |
|    policy_gradient_loss | -2.22e-05    |
|    value_loss ------------------------------------------
| rollout/                |------------------------------------------
| rollout/                |              |
|    ep_len_mean          | 8.64e+04     |
|    ep_rew_mean          | 4.71e+03     |
| time/                   |              |
|    fps                  | 1300         |
|    iterations           | 248          |
|    time_elapsed         | 390          |
|    total_timesteps      | 507904       |
| train/                  |              |
|    approx_kl            | 0.0001168302 |
|    clip_fraction        | 0.00229      |
|    clip_range           | 0.2          |
|    entropy_loss         | -0.0061      |
|    explained_variance   | 0.126        |
|    learning_rate        | 0.0003       |
|    loss                 | 160          |
|    n_updates            | 2470         |
|    policy_gradient_loss | -0.000329    |
|    value_loss -------------------------------------------
| rollout/                -------------------------------------------
| rollout/                |               |
|    ep_len_mean          | 8.64e+04      |
|    ep_rew_mean          | 4.71e+03      |
| time/                   |               |
|    fps                  | 1304          |
|    iterations           | 249           |
|    time_elapsed         | 391           |
|    total_timesteps      | 509952        |
| train/                  |               |
|    approx_kl            | 0.00023303353 |
|    clip_fraction        | 0.00112       |
|    clip_range           | 0.2           |
|    entropy_loss         | -0.00314      |
|    explained_variance   | 0.527         |
|    learning_rate        | 0.0003        |
|    loss                 | 225           |
|    n_updates            | 2480          |
|    policy_gradient_loss | -0.000218     |
|    value_loss   ------------------------------------------
| rollout/                |------------------------------------------
| rollout/                |              |
|    ep_len_mean          | 8.64e+04     |
|    ep_rew_mean          | 4.71e+03     |
| time/                   |              |
|    fps                  | 1307         |
|    iterations           | 250          |
|    time_elapsed         | 391          |
|    total_timesteps      | 512000       |
| train/                  |              |
|    approx_kl            | 2.536294e-05 |
|    clip_fraction        | 0.000342     |
|    clip_range           | 0.2          |
|    entropy_loss         | -0.00375     |
|    explained_variance   | 0.789        |
|    learning_rate        | 0.0003       |
|    loss                 | 24           |
|    n_updates            | 2490         |
|    policy_gradient_loss | -0.000133    |
|    value_loss -------------------------------------------
| rollout/                -------------------------------------------
| rollout/                |               |
|    ep_len_mean          | 8.64e+04      |
|    ep_rew_mean          | 4.71e+03      |
| time/                   |               |
|    fps                  | 1311          |
|    iterations           | 251           |
|    time_elapsed         | 392           |
|    total_timesteps      | 514048        |
| train/                  |               |
|    approx_kl            | 4.4466025e-05 |
|    clip_fraction        | 0.00083       |
|    clip_range           | 0.2           |
|    entropy_loss         | -0.00323      |
|    explained_variance   | 0.348         |
|    learning_rate        | 0.0003        |
|    loss                 | 204           |
|    n_updates            | 2500          |
|    policy_gradient_loss | -0.00016      |
|    value_loss   ------------------------------------------
| rollout/                |------------------------------------------
| rollout/                |              |
|    ep_len_mean          | 8.64e+04     |
|    ep_rew_mean          | 4.71e+03     |
| time/                   |              |
|    fps                  | 1314         |
|    iterations           | 252          |
|    time_elapsed         | 392          |
|    total_timesteps      | 516096       |
| train/                  |              |
|    approx_kl            | 9.520442e-05 |
|    clip_fraction        | 0.000586     |
|    clip_range           | 0.2          |
|    entropy_loss         | -0.00364     |
|    explained_variance   | 0.296        |
|    learning_rate        | 0.0003       |
|    loss                 | 135          |
|    n_updates            | 2510         |
|    policy_gradient_loss | -5.11e-05    |
|    value_loss -------------------------------------------
| rollout/                -------------------------------------------
| rollout/                |               |
|    ep_len_mean          | 8.64e+04      |
|    ep_rew_mean          | 4.71e+03      |
| time/                   |               |
|    fps                  | 1318          |
|    iterations           | 253           |
|    time_elapsed         | 393           |
|    total_timesteps      | 518144        |
| train/                  |               |
|    approx_kl            | 2.2705557e-05 |
|    clip_fraction        | 0             |
|    clip_range           | 0.2           |
|    entropy_loss         | -0.00316      |
|    explained_variance   | 0.548         |
|    learning_rate        | 0.0003        |
|    loss                 | 157           |
|    n_updates            | 2520          |
|    policy_gradient_loss | -4.15e-05     |
|    value_loss     ⏱  step   520,000  │  FPS    4253  │  RSS   5527 MB
----------  ⏱  step   520,000  │  FPS    4253  │  RSS   5527 MB
-------------------------------------------
| hw/                     |               |
|    fps                  | 4.25e+03      |
|    rss_mb               | 5.53e+03      |
| rollout/                |               |
|    ep_len_mean          | 8.64e+04      |
|    ep_rew_mean          | 7.45e+03      |
| time/                   |               |
|    fps                  | 1321          |
|    iterations           | 254           |
|    time_elapsed         | 393           |
|    total_timesteps      | 520192        |
| train/                  |               |
|    approx_kl            | 3.1008472e-05 |
|    clip_fraction        | 0.000293      |
|    clip_range           | 0.2           |
|    entropy_loss         | -0.00325      |
|    explained_variance   | -0.361        |
|    learning_rate        | 0.0003        |
|    loss                 | 256           |
|    n_updates            | 2530          |
|    policy_gradient_loss | -4.72e-05     |
|    value_loss   -------------------------------------------
| rollout/                -------------------------------------------
| rollout/                |               |
|    ep_len_mean          | 8.64e+04      |
|    ep_rew_mean          | 7.45e+03      |
| time/                   |               |
|    fps                  | 1325          |
|    iterations           | 255           |
|    time_elapsed         | 393           |
|    total_timesteps      | 522240        |
| train/                  |               |
|    approx_kl            | 3.1032047e-05 |
|    clip_fraction        | 0.000684      |
|    clip_range           | 0.2           |
|    entropy_loss         | -0.00375      |
|    explained_variance   | 0.299         |
|    learning_rate        | 0.0003        |
|    loss                 | 16.8          |
|    n_updates            | 2540          |
|    policy_gradient_loss | -9e-05        |
|    value_loss   ------------------------------------------
| rollout/                |------------------------------------------
| rollout/                |              |
|    ep_len_mean          | 8.64e+04     |
|    ep_rew_mean          | 7.45e+03     |
| time/                   |              |
|    fps                  | 1328         |
|    iterations           | 256          |
|    time_elapsed         | 394          |
|    total_timesteps      | 524288       |
| train/                  |              |
|    approx_kl            | 4.346785e-05 |
|    clip_fraction        | 0.000195     |
|    clip_range           | 0.2          |
|    entropy_loss         | -0.00427     |
|    explained_variance   | 0.354        |
|    learning_rate        | 0.0003       |
|    loss                 | 60.5         |
|    n_updates            | 2550         |
|    policy_gradient_loss | 1.42e-05     |
|    value_loss -------------------------------------------
| rollout/                -------------------------------------------
| rollout/                |               |
|    ep_len_mean          | 8.64e+04      |
|    ep_rew_mean          | 7.45e+03      |
| time/                   |               |
|    fps                  | 1332          |
|    iterations           | 257           |
|    time_elapsed         | 394           |
|    total_timesteps      | 526336        |
| train/                  |               |
|    approx_kl            | 0.00013496805 |
|    clip_fraction        | 0.00117       |
|    clip_range           | 0.2           |
|    entropy_loss         | -0.00742      |
|    explained_variance   | 0.367         |
|    learning_rate        | 0.0003        |
|    loss                 | 156           |
|    n_updates            | 2560          |
|    policy_gradient_loss | -0.000192     |
|    value_loss   ------------------------------------------
| rollout/                |------------------------------------------
| rollout/                |              |
|    ep_len_mean          | 8.64e+04     |
|    ep_rew_mean          | 7.45e+03     |
| time/                   |              |
|    fps                  | 1335         |
|    iterations           | 258          |
|    time_elapsed         | 395          |
|    total_timesteps      | 528384       |
| train/                  |              |
|    approx_kl            | 0.0001902724 |
|    clip_fraction        | 0.000684     |
|    clip_range           | 0.2          |
|    entropy_loss         | -0.00294     |
|    explained_variance   | 0.475        |
|    learning_rate        | 0.0003       |
|    loss                 | 207          |
|    n_updates            | 2570         |
|    policy_gradient_loss | -0.000257    |
|    value_loss -----------------------------------------
| rollout/                | -----------------------------------------
| rollout/                |             |
|    ep_len_mean          | 8.64e+04    |
|    ep_rew_mean          | 7.45e+03    |
| time/                   |             |
|    fps                  | 1339        |
|    iterations           | 259         |
|    time_elapsed         | 396         |
|    total_timesteps      | 530432      |
| train/                  |             |
|    approx_kl            | 0.022135787 |
|    clip_fraction        | 0.0499      |
|    clip_range           | 0.2         |
|    entropy_loss         | -0.0461     |
|    explained_variance   | 0.341       |
|    learning_rate        | 0.0003      |
|    loss                 | 235         |
|    n_updates            | 2580        |
|    policy_gradient_loss | -0.00874    |
|    value_los-------------------------------------------
| rollout/                -------------------------------------------
| rollout/                |               |
|    ep_len_mean          | 8.64e+04      |
|    ep_rew_mean          | 7.45e+03      |
| time/                   |               |
|    fps                  | 1342          |
|    iterations           | 260           |
|    time_elapsed         | 396           |
|    total_timesteps      | 532480        |
| train/                  |               |
|    approx_kl            | 4.0439772e-07 |
|    clip_fraction        | 0             |
|    clip_range           | 0.2           |
|    entropy_loss         | -0.00171      |
|    explained_variance   | 0.26          |
|    learning_rate        | 0.0003        |
|    loss                 | 222           |
|    n_updates            | 2590          |
|    policy_gradient_loss | -4.42e-06     |
|    value_loss   ------------------------------------------
| rollout/                |------------------------------------------
| rollout/                |              |
|    ep_len_mean          | 8.64e+04     |
|    ep_rew_mean          | 7.45e+03     |
| time/                   |              |
|    fps                  | 1346         |
|    iterations           | 261          |
|    time_elapsed         | 397          |
|    total_timesteps      | 534528       |
| train/                  |              |
|    approx_kl            | 0.0001292318 |
|    clip_fraction        | 0.00181      |
|    clip_range           | 0.2          |
|    entropy_loss         | -0.00393     |
|    explained_variance   | 0.714        |
|    learning_rate        | 0.0003       |
|    loss                 | 15.3         |
|    n_updates            | 2600         |
|    policy_gradient_loss | -0.000212    |
|    value_loss -------------------------------------------
| rollout/                -------------------------------------------
| rollout/                |               |
|    ep_len_mean          | 8.64e+04      |
|    ep_rew_mean          | 7.45e+03      |
| time/                   |               |
|    fps                  | 1349          |
|    iterations           | 262           |
|    time_elapsed         | 397           |
|    total_timesteps      | 536576        |
| train/                  |               |
|    approx_kl            | 6.9957605e-05 |
|    clip_fraction        | 0.000977      |
|    clip_range           | 0.2           |
|    entropy_loss         | -0.00349      |
|    explained_variance   | 0.371         |
|    learning_rate        | 0.0003        |
|    loss                 | 137           |
|    n_updates            | 2610          |
|    policy_gradient_loss | -0.000278     |
|    value_loss   -------------------------------------------
| rollout/                -------------------------------------------
| rollout/                |               |
|    ep_len_mean          | 8.64e+04      |
|    ep_rew_mean          | 7.45e+03      |
| time/                   |               |
|    fps                  | 1353          |
|    iterations           | 263           |
|    time_elapsed         | 398           |
|    total_timesteps      | 538624        |
| train/                  |               |
|    approx_kl            | 1.8254505e-05 |
|    clip_fraction        | 9.77e-05      |
|    clip_range           | 0.2           |
|    entropy_loss         | -0.00232      |
|    explained_variance   | 0.525         |
|    learning_rate        | 0.0003        |
|    loss                 | 141           |
|    n_updates            | 2620          |
|    policy_gradient_loss | -6.22e-05     |
|    value_loss     ⏱  step   540,000  │  FPS    4017  │  RSS   5534 MB
----------  ⏱  step   540,000  │  FPS    4017  │  RSS   5534 MB
-------------------------------------------
| hw/                     |               |
|    fps                  | 4.02e+03      |
|    rss_mb               | 5.53e+03      |
| rollout/                |               |
|    ep_len_mean          | 8.64e+04      |
|    ep_rew_mean          | 7.45e+03      |
| time/                   |               |
|    fps                  | 1356          |
|    iterations           | 264           |
|    time_elapsed         | 398           |
|    total_timesteps      | 540672        |
| train/                  |               |
|    approx_kl            | 0.00023969993 |
|    clip_fraction        | 0.00391       |
|    clip_range           | 0.2           |
|    entropy_loss         | -0.00678      |
|    explained_variance   | 0.513         |
|    learning_rate        | 0.0003        |
|    loss                 | 83.6          |
|    n_updates            | 2630          |
|    policy_gradient_loss | -0.000331     |
|    value_loss   -------------------------------------------
| rollout/                -------------------------------------------
| rollout/                |               |
|    ep_len_mean          | 8.64e+04      |
|    ep_rew_mean          | 7.45e+03      |
| time/                   |               |
|    fps                  | 1360          |
|    iterations           | 265           |
|    time_elapsed         | 399           |
|    total_timesteps      | 542720        |
| train/                  |               |
|    approx_kl            | 6.3318876e-06 |
|    clip_fraction        | 0             |
|    clip_range           | 0.2           |
|    entropy_loss         | -0.00273      |
|    explained_variance   | 0.467         |
|    learning_rate        | 0.0003        |
|    loss                 | 154           |
|    n_updates            | 2640          |
|    policy_gradient_loss | -4.03e-05     |
|    value_loss   ------------------------------------------
| rollout/                |------------------------------------------
| rollout/                |              |
|    ep_len_mean          | 8.64e+04     |
|    ep_rew_mean          | 7.45e+03     |
| time/                   |              |
|    fps                  | 1363         |
|    iterations           | 266          |
|    time_elapsed         | 399          |
|    total_timesteps      | 544768       |
| train/                  |              |
|    approx_kl            | 8.840184e-05 |
|    clip_fraction        | 0.002        |
|    clip_range           | 0.2          |
|    entropy_loss         | -0.00619     |
|    explained_variance   | 0.622        |
|    learning_rate        | 0.0003       |
|    loss                 | 120          |
|    n_updates            | 2650         |
|    policy_gradient_loss | -0.000321    |
|    value_loss -------------------------------------------
| rollout/                -------------------------------------------
| rollout/                |               |
|    ep_len_mean          | 8.64e+04      |
|    ep_rew_mean          | 7.45e+03      |
| time/                   |               |
|    fps                  | 1366          |
|    iterations           | 267           |
|    time_elapsed         | 400           |
|    total_timesteps      | 546816        |
| train/                  |               |
|    approx_kl            | 3.5518548e-05 |
|    clip_fraction        | 0.000732      |
|    clip_range           | 0.2           |
|    entropy_loss         | -0.00245      |
|    explained_variance   | 0.851         |
|    learning_rate        | 0.0003        |
|    loss                 | 12.7          |
|    n_updates            | 2660          |
|    policy_gradient_loss | -0.000395     |
|    value_loss   ------------------------------------------
| rollout/                |------------------------------------------
| rollout/                |              |
|    ep_len_mean          | 8.64e+04     |
|    ep_rew_mean          | 7.45e+03     |
| time/                   |              |
|    fps                  | 1370         |
|    iterations           | 268          |
|    time_elapsed         | 400          |
|    total_timesteps      | 548864       |
| train/                  |              |
|    approx_kl            | 3.938889e-05 |
|    clip_fraction        | 0.000293     |
|    clip_range           | 0.2          |
|    entropy_loss         | -0.00359     |
|    explained_variance   | -0.219       |
|    learning_rate        | 0.0003       |
|    loss                 | 184          |
|    n_updates            | 2670         |
|    policy_gradient_loss | -0.000106    |
|    value_loss Eval num_timesteps=550000, episode_reward=31805.81 +/- 2096.41
EpisodeEval num_timesteps=550000, episode_reward=31805.81 +/- 2096.41
Episode length: 86400.00 +/- 0.00
-------------------------------------------
| eval/                   |               |
|    mean_ep_length       | 8.64e+04      |
|    mean_reward          | 3.18e+04      |
| time/                   |               |
|    total_timesteps      | 550000        |
| train/                  |               |
|    approx_kl            | 0.00012321057 |
|    clip_fraction        | 0.00234       |
|    clip_range           | 0.2           |
|    entropy_loss         | -0.00498      |
|    explained_variance   | 0.581         |
|    learning_rate        | 0.0003        |
|    loss                 | 2.58          |
|    n_updates            | 2680          |
|    policy_gradient_loss | -0.000185     |
|    value_loss   New best mean reward!
---------------------------------
| rollout/    New best mean reward!
---------------------------------
| rollout/           |          |
|    ep_len_mean     | 8.64e+04 |
|    ep_rew_mean     | 7.45e+03 |
| time/              |          |
|    fps             | 1287     |
|    iterations      | 269      |
|    time_elapsed    | 427      -------------------------------------------
| rollout/                -------------------------------------------
| rollout/                |               |
|    ep_len_mean          | 8.64e+04      |
|    ep_rew_mean          | 7.45e+03      |
| time/                   |               |
|    fps                  | 1290          |
|    iterations           | 270           |
|    time_elapsed         | 428           |
|    total_timesteps      | 552960        |
| train/                  |               |
|    approx_kl            | 6.2827516e-05 |
|    clip_fraction        | 0.00176       |
|    clip_range           | 0.2           |
|    entropy_loss         | -0.00347      |
|    explained_variance   | 0.253         |
|    learning_rate        | 0.0003        |
|    loss                 | 81.6          |
|    n_updates            | 2690          |
|    policy_gradient_loss | -0.000507     |
|    value_loss   -----------------------------------------
| rollout/                | -----------------------------------------
| rollout/                |             |
|    ep_len_mean          | 8.64e+04    |
|    ep_rew_mean          | 7.45e+03    |
| time/                   |             |
|    fps                  | 1293        |
|    iterations           | 271         |
|    time_elapsed         | 428         |
|    total_timesteps      | 555008      |
| train/                  |             |
|    approx_kl            | 5.21889e-05 |
|    clip_fraction        | 0.00117     |
|    clip_range           | 0.2         |
|    entropy_loss         | -0.00433    |
|    explained_variance   | 0.0105      |
|    learning_rate        | 0.0003      |
|    loss                 | 242         |
|    n_updates            | 2700        |
|    policy_gradient_loss | -0.000286   |
|    value_los-------------------------------------------
| rollout/                -------------------------------------------
| rollout/                |               |
|    ep_len_mean          | 8.64e+04      |
|    ep_rew_mean          | 7.45e+03      |
| time/                   |               |
|    fps                  | 1297          |
|    iterations           | 272           |
|    time_elapsed         | 429           |
|    total_timesteps      | 557056        |
| train/                  |               |
|    approx_kl            | 0.00011017837 |
|    clip_fraction        | 0.00171       |
|    clip_range           | 0.2           |
|    entropy_loss         | -0.0042       |
|    explained_variance   | 0.229         |
|    learning_rate        | 0.0003        |
|    loss                 | 66.2          |
|    n_updates            | 2710          |
|    policy_gradient_loss | -0.000162     |
|    value_loss   -------------------------------------------
| rollout/                -------------------------------------------
| rollout/                |               |
|    ep_len_mean          | 8.64e+04      |
|    ep_rew_mean          | 7.45e+03      |
| time/                   |               |
|    fps                  | 1300          |
|    iterations           | 273           |
|    time_elapsed         | 429           |
|    total_timesteps      | 559104        |
| train/                  |               |
|    approx_kl            | 7.1788905e-05 |
|    clip_fraction        | 0.00137       |
|    clip_range           | 0.2           |
|    entropy_loss         | -0.00517      |
|    explained_variance   | 0.714         |
|    learning_rate        | 0.0003        |
|    loss                 | 4.18          |
|    n_updates            | 2720          |
|    policy_gradient_loss | 0.000145      |
|    value_loss     ⏱  step   560,000  │  FPS     628  │  RSS   5604 MB
----------  ⏱  step   560,000  │  FPS     628  │  RSS   5604 MB
-------------------------------------------
| hw/                     |               |
|    fps                  | 628           |
|    rss_mb               | 5.6e+03       |
| rollout/                |               |
|    ep_len_mean          | 8.64e+04      |
|    ep_rew_mean          | 7.45e+03      |
| time/                   |               |
|    fps                  | 1303          |
|    iterations           | 274           |
|    time_elapsed         | 430           |
|    total_timesteps      | 561152        |
| train/                  |               |
|    approx_kl            | 2.0227075e-05 |
|    clip_fraction        | 0.000244      |
|    clip_range           | 0.2           |
|    entropy_loss         | -0.00195      |
|    explained_variance   | -0.166        |
|    learning_rate        | 0.0003        |
|    loss                 | 103           |
|    n_updates            | 2730          |
|    policy_gradient_loss | -0.000155     |
|    value_loss   -------------------------------------------
| rollout/                -------------------------------------------
| rollout/                |               |
|    ep_len_mean          | 8.64e+04      |
|    ep_rew_mean          | 7.45e+03      |
| time/                   |               |
|    fps                  | 1306          |
|    iterations           | 275           |
|    time_elapsed         | 430           |
|    total_timesteps      | 563200        |
| train/                  |               |
|    approx_kl            | 5.5495097e-05 |
|    clip_fraction        | 0.000781      |
|    clip_range           | 0.2           |
|    entropy_loss         | -0.00328      |
|    explained_variance   | -0.0163       |
|    learning_rate        | 0.0003        |
|    loss                 | 98.4          |
|    n_updates            | 2740          |
|    policy_gradient_loss | -6.47e-05     |
|    value_loss   -------------------------------------------
| rollout/                -------------------------------------------
| rollout/                |               |
|    ep_len_mean          | 8.64e+04      |
|    ep_rew_mean          | 7.45e+03      |
| time/                   |               |
|    fps                  | 1310          |
|    iterations           | 276           |
|    time_elapsed         | 431           |
|    total_timesteps      | 565248        |
| train/                  |               |
|    approx_kl            | 0.00027135864 |
|    clip_fraction        | 0.00264       |
|    clip_range           | 0.2           |
|    entropy_loss         | -0.00423      |
|    explained_variance   | 0.505         |
|    learning_rate        | 0.0003        |
|    loss                 | 92.8          |
|    n_updates            | 2750          |
|    policy_gradient_loss | -0.000315     |
|    value_loss   -------------------------------------------
| rollout/                -------------------------------------------
| rollout/                |               |
|    ep_len_mean          | 8.64e+04      |
|    ep_rew_mean          | 7.45e+03      |
| time/                   |               |
|    fps                  | 1313          |
|    iterations           | 277           |
|    time_elapsed         | 431           |
|    total_timesteps      | 567296        |
| train/                  |               |
|    approx_kl            | 0.00019802662 |
|    clip_fraction        | 0.00127       |
|    clip_range           | 0.2           |
|    entropy_loss         | -0.00535      |
|    explained_variance   | 0.0885        |
|    learning_rate        | 0.0003        |
|    loss                 | 192           |
|    n_updates            | 2760          |
|    policy_gradient_loss | -0.000155     |
|    value_loss   -------------------------------------------
| rollout/                -------------------------------------------
| rollout/                |               |
|    ep_len_mean          | 8.64e+04      |
|    ep_rew_mean          | 7.45e+03      |
| time/                   |               |
|    fps                  | 1316          |
|    iterations           | 278           |
|    time_elapsed         | 432           |
|    total_timesteps      | 569344        |
| train/                  |               |
|    approx_kl            | 0.00017546891 |
|    clip_fraction        | 0.00146       |
|    clip_range           | 0.2           |
|    entropy_loss         | -0.00579      |
|    explained_variance   | 0.874         |
|    learning_rate        | 0.0003        |
|    loss                 | 3.38          |
|    n_updates            | 2770          |
|    policy_gradient_loss | 0.000183      |
|    value_loss   ------------------------------------------
| rollout/                |------------------------------------------
| rollout/                |              |
|    ep_len_mean          | 8.64e+04     |
|    ep_rew_mean          | 7.45e+03     |
| time/                   |              |
|    fps                  | 1319         |
|    iterations           | 279          |
|    time_elapsed         | 432          |
|    total_timesteps      | 571392       |
| train/                  |              |
|    approx_kl            | 7.225273e-05 |
|    clip_fraction        | 0.000781     |
|    clip_range           | 0.2          |
|    entropy_loss         | -0.00317     |
|    explained_variance   | 0.0552       |
|    learning_rate        | 0.0003       |
|    loss                 | 106          |
|    n_updates            | 2780         |
|    policy_gradient_loss | -0.00036     |
|    value_loss -------------------------------------------
| rollout/                -------------------------------------------
| rollout/                |               |
|    ep_len_mean          | 8.64e+04      |
|    ep_rew_mean          | 7.45e+03      |
| time/                   |               |
|    fps                  | 1322          |
|    iterations           | 280           |
|    time_elapsed         | 433           |
|    total_timesteps      | 573440        |
| train/                  |               |
|    approx_kl            | 2.3851171e-05 |
|    clip_fraction        | 0.00146       |
|    clip_range           | 0.2           |
|    entropy_loss         | -0.00658      |
|    explained_variance   | 0.721         |
|    learning_rate        | 0.0003        |
|    loss                 | 63.1          |
|    n_updates            | 2790          |
|    policy_gradient_loss | 0.000345      |
|    value_loss   -------------------------------------------
| rollout/                -------------------------------------------
| rollout/                |               |
|    ep_len_mean          | 8.64e+04      |
|    ep_rew_mean          | 7.45e+03      |
| time/                   |               |
|    fps                  | 1326          |
|    iterations           | 281           |
|    time_elapsed         | 433           |
|    total_timesteps      | 575488        |
| train/                  |               |
|    approx_kl            | 2.3921806e-05 |
|    clip_fraction        | 0.000244      |
|    clip_range           | 0.2           |
|    entropy_loss         | -0.00298      |
|    explained_variance   | 0.316         |
|    learning_rate        | 0.0003        |
|    loss                 | 67.8          |
|    n_updates            | 2800          |
|    policy_gradient_loss | 1.93e-05      |
|    value_loss   ------------------------------------------
| rollout/                |------------------------------------------
| rollout/                |              |
|    ep_len_mean          | 8.64e+04     |
|    ep_rew_mean          | 7.45e+03     |
| time/                   |              |
|    fps                  | 1329         |
|    iterations           | 282          |
|    time_elapsed         | 434          |
|    total_timesteps      | 577536       |
| train/                  |              |
|    approx_kl            | 6.384312e-05 |
|    clip_fraction        | 0.00083      |
|    clip_range           | 0.2          |
|    entropy_loss         | -0.00552     |
|    explained_variance   | 0.0428       |
|    learning_rate        | 0.0003       |
|    loss                 | 199          |
|    n_updates            | 2810         |
|    policy_gradient_loss | -8.79e-05    |
|    value_loss -------------------------------------------
| rollout/                -------------------------------------------
| rollout/                |               |
|    ep_len_mean          | 8.64e+04      |
|    ep_rew_mean          | 7.45e+03      |
| time/                   |               |
|    fps                  | 1332          |
|    iterations           | 283           |
|    time_elapsed         | 434           |
|    total_timesteps      | 579584        |
| train/                  |               |
|    approx_kl            | 5.1839103e-05 |
|    clip_fraction        | 0.000244      |
|    clip_range           | 0.2           |
|    entropy_loss         | -0.00653      |
|    explained_variance   | 0.479         |
|    learning_rate        | 0.0003        |
|    loss                 | 203           |
|    n_updates            | 2820          |
|    policy_gradient_loss | -8.11e-05     |
|    value_loss     ⏱  step   580,000  │  FPS    4086  │  RSS   5604 MB
----------  ⏱  step   580,000  │  FPS    4086  │  RSS   5604 MB
-------------------------------------------
| hw/                     |               |
|    fps                  | 4.09e+03      |
|    rss_mb               | 5.6e+03       |
| rollout/                |               |
|    ep_len_mean          | 8.64e+04      |
|    ep_rew_mean          | 7.45e+03      |
| time/                   |               |
|    fps                  | 1335          |
|    iterations           | 284           |
|    time_elapsed         | 435           |
|    total_timesteps      | 581632        |
| train/                  |               |
|    approx_kl            | 6.1288214e-05 |
|    clip_fraction        | 0.000342      |
|    clip_range           | 0.2           |
|    entropy_loss         | -0.00396      |
|    explained_variance   | 0.582         |
|    learning_rate        | 0.0003        |
|    loss                 | 218           |
|    n_updates            | 2830          |
|    policy_gradient_loss | -7.97e-05     |
|    value_loss   -------------------------------------------
| rollout/                -------------------------------------------
| rollout/                |               |
|    ep_len_mean          | 8.64e+04      |
|    ep_rew_mean          | 7.45e+03      |
| time/                   |               |
|    fps                  | 1339          |
|    iterations           | 285           |
|    time_elapsed         | 435           |
|    total_timesteps      | 583680        |
| train/                  |               |
|    approx_kl            | 6.1236206e-05 |
|    clip_fraction        | 0.00107       |
|    clip_range           | 0.2           |
|    entropy_loss         | -0.00731      |
|    explained_variance   | 0.843         |
|    learning_rate        | 0.0003        |
|    loss                 | 13.6          |
|    n_updates            | 2840          |
|    policy_gradient_loss | -0.000144     |
|    value_loss   -------------------------------------------
| rollout/                -------------------------------------------
| rollout/                |               |
|    ep_len_mean          | 8.64e+04      |
|    ep_rew_mean          | 7.45e+03      |
| time/                   |               |
|    fps                  | 1342          |
|    iterations           | 286           |
|    time_elapsed         | 436           |
|    total_timesteps      | 585728        |
| train/                  |               |
|    approx_kl            | 0.00033119906 |
|    clip_fraction        | 0.000732      |
|    clip_range           | 0.2           |
|    entropy_loss         | -0.00884      |
|    explained_variance   | 0.789         |
|    learning_rate        | 0.0003        |
|    loss                 | 82.3          |
|    n_updates            | 2850          |
|    policy_gradient_loss | -0.000177     |
|    value_loss   -------------------------------------------
| rollout/                -------------------------------------------
| rollout/                |               |
|    ep_len_mean          | 8.64e+04      |
|    ep_rew_mean          | 7.45e+03      |
| time/                   |               |
|    fps                  | 1345          |
|    iterations           | 287           |
|    time_elapsed         | 436           |
|    total_timesteps      | 587776        |
| train/                  |               |
|    approx_kl            | 0.00015273917 |
|    clip_fraction        | 0.000781      |
|    clip_range           | 0.2           |
|    entropy_loss         | -0.00628      |
|    explained_variance   | 0.87          |
|    learning_rate        | 0.0003        |
|    loss                 | 12.2          |
|    n_updates            | 2860          |
|    policy_gradient_loss | -3.96e-05     |
|    value_loss   ------------------------------------------
| rollout/                |------------------------------------------
| rollout/                |              |
|    ep_len_mean          | 8.64e+04     |
|    ep_rew_mean          | 7.45e+03     |
| time/                   |              |
|    fps                  | 1348         |
|    iterations           | 288          |
|    time_elapsed         | 437          |
|    total_timesteps      | 589824       |
| train/                  |              |
|    approx_kl            | 9.972739e-05 |
|    clip_fraction        | 0.000586     |
|    clip_range           | 0.2          |
|    entropy_loss         | -0.00582     |
|    explained_variance   | 0.0119       |
|    learning_rate        | 0.0003       |
|    loss                 | 64.1         |
|    n_updates            | 2870         |
|    policy_gradient_loss | -0.000129    |
|    value_loss ------------------------------------------
| rollout/                |------------------------------------------
| rollout/                |              |
|    ep_len_mean          | 8.64e+04     |
|    ep_rew_mean          | 7.45e+03     |
| time/                   |              |
|    fps                  | 1351         |
|    iterations           | 289          |
|    time_elapsed         | 437          |
|    total_timesteps      | 591872       |
| train/                  |              |
|    approx_kl            | 1.878207e-05 |
|    clip_fraction        | 0.000977     |
|    clip_range           | 0.2          |
|    entropy_loss         | -0.00997     |
|    explained_variance   | 0.803        |
|    learning_rate        | 0.0003       |
|    loss                 | 1.52         |
|    n_updates            | 2880         |
|    policy_gradient_loss | 6.05e-05     |
|    value_loss ------------------------------------------
| rollout/                |------------------------------------------
| rollout/                |              |
|    ep_len_mean          | 8.64e+04     |
|    ep_rew_mean          | 7.45e+03     |
| time/                   |              |
|    fps                  | 1354         |
|    iterations           | 290          |
|    time_elapsed         | 438          |
|    total_timesteps      | 593920       |
| train/                  |              |
|    approx_kl            | 3.803926e-05 |
|    clip_fraction        | 0.000146     |
|    clip_range           | 0.2          |
|    entropy_loss         | -0.018       |
|    explained_variance   | 0.507        |
|    learning_rate        | 0.0003       |
|    loss                 | 64.2         |
|    n_updates            | 2890         |
|    policy_gradient_loss | 1.39e-05     |
|    value_loss -------------------------------------------
| rollout/                -------------------------------------------
| rollout/                |               |
|    ep_len_mean          | 8.64e+04      |
|    ep_rew_mean          | 7.45e+03      |
| time/                   |               |
|    fps                  | 1358          |
|    iterations           | 291           |
|    time_elapsed         | 438           |
|    total_timesteps      | 595968        |
| train/                  |               |
|    approx_kl            | 3.6410696e-05 |
|    clip_fraction        | 0.000146      |
|    clip_range           | 0.2           |
|    entropy_loss         | -0.00685      |
|    explained_variance   | 0.501         |
|    learning_rate        | 0.0003        |
|    loss                 | 239           |
|    n_updates            | 2900          |
|    policy_gradient_loss | -2.66e-05     |
|    value_loss   ------------------------------------------
| rollout/                |------------------------------------------
| rollout/                |              |
|    ep_len_mean          | 8.64e+04     |
|    ep_rew_mean          | 7.45e+03     |
| time/                   |              |
|    fps                  | 1361         |
|    iterations           | 292          |
|    time_elapsed         | 439          |
|    total_timesteps      | 598016       |
| train/                  |              |
|    approx_kl            | 0.0015167908 |
|    clip_fraction        | 0.00361      |
|    clip_range           | 0.2          |
|    entropy_loss         | -0.0243      |
|    explained_variance   | 0.494        |
|    learning_rate        | 0.0003       |
|    loss                 | 41.5         |
|    n_updates            | 2910         |
|    policy_gradient_loss | -0.000473    |
|    value_loss Eval num_timesteps=600000, episode_reward=18673.50 +/- 4232.41
EpisodeEval num_timesteps=600000, episode_reward=18673.50 +/- 4232.41
Episode length: 86400.00 +/- 0.00
------------------------------------------
| eval/                   |              |
|    mean_ep_length       | 8.64e+04     |
|    mean_reward          | 1.87e+04     |
| time/                   |              |
|    total_timesteps      | 600000       |
| train/                  |              |
|    approx_kl            | 3.755791e-06 |
|    clip_fraction        | 0            |
|    clip_range           | 0.2          |
|    entropy_loss         | -0.0107      |
|    explained_variance   | 0.538        |
|    learning_rate        | 0.0003       |
|    loss                 | 332          |
|    n_updates            | 2920         |
|    policy_gradient_loss | -2.77e-05    |
|    value_loss   ⏱  step   600,000  │  FPS     635  │  RSS   5604 MB
----------  ⏱  step   600,000  │  FPS     635  │  RSS   5604 MB
---------------------------------
| hw/                |          |
|    fps             | 635      |
|    rss_mb          | 5.6e+03  |
| rollout/           |          |
|    ep_len_mean     | 8.64e+04 |
|    ep_rew_mean     | 7.45e+03 |
| time/              |          |
|    fps             | 1285     |
|    iterations      | 293      |
|    time_elapsed    | 466      -----------------------------------------
| rollout/                | -----------------------------------------
| rollout/                |             |
|    ep_len_mean          | 8.64e+04    |
|    ep_rew_mean          | 7.45e+03    |
| time/                   |             |
|    fps                  | 1288        |
|    iterations           | 294         |
|    time_elapsed         | 467         |
|    total_timesteps      | 602112      |
| train/                  |             |
|    approx_kl            | 0.000175969 |
|    clip_fraction        | 0.002       |
|    clip_range           | 0.2         |
|    entropy_loss         | -0.00828    |
|    explained_variance   | 0.475       |
|    learning_rate        | 0.0003      |
|    loss                 | 57          |
|    n_updates            | 2930        |
|    policy_gradient_loss | -0.000492   |
|    value_los-------------------------------------------
| rollout/                -------------------------------------------
| rollout/                |               |
|    ep_len_mean          | 8.64e+04      |
|    ep_rew_mean          | 7.45e+03      |
| time/                   |               |
|    fps                  | 1291          |
|    iterations           | 295           |
|    time_elapsed         | 467           |
|    total_timesteps      | 604160        |
| train/                  |               |
|    approx_kl            | 5.2995136e-05 |
|    clip_fraction        | 0.00083       |
|    clip_range           | 0.2           |
|    entropy_loss         | -0.0051       |
|    explained_variance   | 0.531         |
|    learning_rate        | 0.0003        |
|    loss                 | 141           |
|    n_updates            | 2940          |
|    policy_gradient_loss | -0.000203     |
|    value_loss   ------------------------------------------
| rollout/                |------------------------------------------
| rollout/                |              |
|    ep_len_mean          | 8.64e+04     |
|    ep_rew_mean          | 1.15e+04     |
| time/                   |              |
|    fps                  | 1294         |
|    iterations           | 296          |
|    time_elapsed         | 468          |
|    total_timesteps      | 606208       |
| train/                  |              |
|    approx_kl            | 8.633113e-05 |
|    clip_fraction        | 0.000977     |
|    clip_range           | 0.2          |
|    entropy_loss         | -0.009       |
|    explained_variance   | 0.382        |
|    learning_rate        | 0.0003       |
|    loss                 | 84.1         |
|    n_updates            | 2950         |
|    policy_gradient_loss | -0.00023     |
|    value_loss -------------------------------------------
| rollout/                -------------------------------------------
| rollout/                |               |
|    ep_len_mean          | 8.64e+04      |
|    ep_rew_mean          | 1.15e+04      |
| time/                   |               |
|    fps                  | 1297          |
|    iterations           | 297           |
|    time_elapsed         | 468           |
|    total_timesteps      | 608256        |
| train/                  |               |
|    approx_kl            | 3.5138306e-05 |
|    clip_fraction        | 0.000146      |
|    clip_range           | 0.2           |
|    entropy_loss         | -0.00516      |
|    explained_variance   | 0.657         |
|    learning_rate        | 0.0003        |
|    loss                 | 15.1          |
|    n_updates            | 2960          |
|    policy_gradient_loss | -1.89e-05     |
|    value_loss   -------------------------------------------
| rollout/                -------------------------------------------
| rollout/                |               |
|    ep_len_mean          | 8.64e+04      |
|    ep_rew_mean          | 1.15e+04      |
| time/                   |               |
|    fps                  | 1300          |
|    iterations           | 298           |
|    time_elapsed         | 469           |
|    total_timesteps      | 610304        |
| train/                  |               |
|    approx_kl            | 0.00077893777 |
|    clip_fraction        | 0.0021        |
|    clip_range           | 0.2           |
|    entropy_loss         | -0.00866      |
|    explained_variance   | 0.8           |
|    learning_rate        | 0.0003        |
|    loss                 | 1.06          |
|    n_updates            | 2970          |
|    policy_gradient_loss | -0.000195     |
|    value_loss   -------------------------------------------
| rollout/                -------------------------------------------
| rollout/                |               |
|    ep_len_mean          | 8.64e+04      |
|    ep_rew_mean          | 1.15e+04      |
| time/                   |               |
|    fps                  | 1303          |
|    iterations           | 299           |
|    time_elapsed         | 469           |
|    total_timesteps      | 612352        |
| train/                  |               |
|    approx_kl            | 3.9801234e-05 |
|    clip_fraction        | 0.00254       |
|    clip_range           | 0.2           |
|    entropy_loss         | -0.00844      |
|    explained_variance   | 0.0754        |
|    learning_rate        | 0.0003        |
|    loss                 | 124           |
|    n_updates            | 2980          |
|    policy_gradient_loss | 4.74e-05      |
|    value_loss   -------------------------------------------
| rollout/                -------------------------------------------
| rollout/                |               |
|    ep_len_mean          | 8.64e+04      |
|    ep_rew_mean          | 1.15e+04      |
| time/                   |               |
|    fps                  | 1306          |
|    iterations           | 300           |
|    time_elapsed         | 470           |
|    total_timesteps      | 614400        |
| train/                  |               |
|    approx_kl            | 0.00010115118 |
|    clip_fraction        | 0.000977      |
|    clip_range           | 0.2           |
|    entropy_loss         | -0.00869      |
|    explained_variance   | 0.156         |
|    learning_rate        | 0.0003        |
|    loss                 | 79.8          |
|    n_updates            | 2990          |
|    policy_gradient_loss | -0.000188     |
|    value_loss   -------------------------------------------
| rollout/                -------------------------------------------
| rollout/                |               |
|    ep_len_mean          | 8.64e+04      |
|    ep_rew_mean          | 1.15e+04      |
| time/                   |               |
|    fps                  | 1309          |
|    iterations           | 301           |
|    time_elapsed         | 470           |
|    total_timesteps      | 616448        |
| train/                  |               |
|    approx_kl            | 5.8152043e-05 |
|    clip_fraction        | 0.000586      |
|    clip_range           | 0.2           |
|    entropy_loss         | -0.00845      |
|    explained_variance   | 0.495         |
|    learning_rate        | 0.0003        |
|    loss                 | 103           |
|    n_updates            | 3000          |
|    policy_gradient_loss | -8.79e-05     |
|    value_loss   -------------------------------------------
| rollout/                -------------------------------------------
| rollout/                |               |
|    ep_len_mean          | 8.64e+04      |
|    ep_rew_mean          | 1.15e+04      |
| time/                   |               |
|    fps                  | 1312          |
|    iterations           | 302           |
|    time_elapsed         | 471           |
|    total_timesteps      | 618496        |
| train/                  |               |
|    approx_kl            | 8.4714906e-05 |
|    clip_fraction        | 0.000146      |
|    clip_range           | 0.2           |
|    entropy_loss         | -0.00727      |
|    explained_variance   | 0.33          |
|    learning_rate        | 0.0003        |
|    loss                 | 31.3          |
|    n_updates            | 3010          |
|    policy_gradient_loss | -8.66e-05     |
|    value_loss     ⏱  step   620,000  │  FPS    4006  │  RSS   5604 MB
----------  ⏱  step   620,000  │  FPS    4006  │  RSS   5604 MB
-------------------------------------------
| hw/                     |               |
|    fps                  | 4.01e+03      |
|    rss_mb               | 5.6e+03       |
| rollout/                |               |
|    ep_len_mean          | 8.64e+04      |
|    ep_rew_mean          | 1.15e+04      |
| time/                   |               |
|    fps                  | 1315          |
|    iterations           | 303           |
|    time_elapsed         | 471           |
|    total_timesteps      | 620544        |
| train/                  |               |
|    approx_kl            | 3.8713013e-05 |
|    clip_fraction        | 0.000781      |
|    clip_range           | 0.2           |
|    entropy_loss         | -0.0183       |
|    explained_variance   | 0.771         |
|    learning_rate        | 0.0003        |
|    loss                 | 15.6          |
|    n_updates            | 3020          |
|    policy_gradient_loss | 4.91e-05      |
|    value_loss   ------------------------------------------
| rollout/                |------------------------------------------
| rollout/                |              |
|    ep_len_mean          | 8.64e+04     |
|    ep_rew_mean          | 1.15e+04     |
| time/                   |              |
|    fps                  | 1318         |
|    iterations           | 304          |
|    time_elapsed         | 472          |
|    total_timesteps      | 622592       |
| train/                  |              |
|    approx_kl            | 0.0022624421 |
|    clip_fraction        | 0.0101       |
|    clip_range           | 0.2          |
|    entropy_loss         | -0.015       |
|    explained_variance   | 0.671        |
|    learning_rate        | 0.0003       |
|    loss                 | 44.1         |
|    n_updates            | 3030         |
|    policy_gradient_loss | -0.00173     |
|    value_loss -------------------------------------------
| rollout/                -------------------------------------------
| rollout/                |               |
|    ep_len_mean          | 8.64e+04      |
|    ep_rew_mean          | 1.15e+04      |
| time/                   |               |
|    fps                  | 1321          |
|    iterations           | 305           |
|    time_elapsed         | 472           |
|    total_timesteps      | 624640        |
| train/                  |               |
|    approx_kl            | 3.0597148e-05 |
|    clip_fraction        | 0.000195      |
|    clip_range           | 0.2           |
|    entropy_loss         | -0.00436      |
|    explained_variance   | 0.618         |
|    learning_rate        | 0.0003        |
|    loss                 | 156           |
|    n_updates            | 3040          |
|    policy_gradient_loss | -3.97e-05     |
|    value_loss   ------------------------------------------
| rollout/                |------------------------------------------
| rollout/                |              |
|    ep_len_mean          | 8.64e+04     |
|    ep_rew_mean          | 1.15e+04     |
| time/                   |              |
|    fps                  | 1324         |
|    iterations           | 306          |
|    time_elapsed         | 473          |
|    total_timesteps      | 626688       |
| train/                  |              |
|    approx_kl            | 4.469414e-05 |
|    clip_fraction        | 0.000342     |
|    clip_range           | 0.2          |
|    entropy_loss         | -0.00512     |
|    explained_variance   | 0.77         |
|    learning_rate        | 0.0003       |
|    loss                 | 5.65         |
|    n_updates            | 3050         |
|    policy_gradient_loss | 1.37e-05     |
|    value_loss -------------------------------------------
| rollout/                -------------------------------------------
| rollout/                |               |
|    ep_len_mean          | 8.64e+04      |
|    ep_rew_mean          | 1.15e+04      |
| time/                   |               |
|    fps                  | 1327          |
|    iterations           | 307           |
|    time_elapsed         | 473           |
|    total_timesteps      | 628736        |
| train/                  |               |
|    approx_kl            | 0.00010038118 |
|    clip_fraction        | 0.00083       |
|    clip_range           | 0.2           |
|    entropy_loss         | -0.00331      |
|    explained_variance   | 0.665         |
|    learning_rate        | 0.0003        |
|    loss                 | 3.41          |
|    n_updates            | 3060          |
|    policy_gradient_loss | -1.29e-05     |
|    value_loss   -------------------------------------------
| rollout/                -------------------------------------------
| rollout/                |               |
|    ep_len_mean          | 8.64e+04      |
|    ep_rew_mean          | 1.15e+04      |
| time/                   |               |
|    fps                  | 1330          |
|    iterations           | 308           |
|    time_elapsed         | 474           |
|    total_timesteps      | 630784        |
| train/                  |               |
|    approx_kl            | 0.00032541138 |
|    clip_fraction        | 0.00518       |
|    clip_range           | 0.2           |
|    entropy_loss         | -0.00736      |
|    explained_variance   | 0.296         |
|    learning_rate        | 0.0003        |
|    loss                 | 56            |
|    n_updates            | 3070          |
|    policy_gradient_loss | -0.000981     |
|    value_loss   ------------------------------------------
| rollout/                |------------------------------------------
| rollout/                |              |
|    ep_len_mean          | 8.64e+04     |
|    ep_rew_mean          | 1.15e+04     |
| time/                   |              |
|    fps                  | 1333         |
|    iterations           | 309          |
|    time_elapsed         | 474          |
|    total_timesteps      | 632832       |
| train/                  |              |
|    approx_kl            | 9.738252e-05 |
|    clip_fraction        | 0.00151      |
|    clip_range           | 0.2          |
|    entropy_loss         | -0.00606     |
|    explained_variance   | 0.595        |
|    learning_rate        | 0.0003       |
|    loss                 | 22.4         |
|    n_updates            | 3080         |
|    policy_gradient_loss | -0.000259    |
|    value_loss ------------------------------------------
| rollout/                |------------------------------------------
| rollout/                |              |
|    ep_len_mean          | 8.64e+04     |
|    ep_rew_mean          | 1.15e+04     |
| time/                   |              |
|    fps                  | 1336         |
|    iterations           | 310          |
|    time_elapsed         | 475          |
|    total_timesteps      | 634880       |
| train/                  |              |
|    approx_kl            | 7.491803e-05 |
|    clip_fraction        | 0.00107      |
|    clip_range           | 0.2          |
|    entropy_loss         | -0.0043      |
|    explained_variance   | 0.288        |
|    learning_rate        | 0.0003       |
|    loss                 | 131          |
|    n_updates            | 3090         |
|    policy_gradient_loss | -0.00016     |
|    value_loss -------------------------------------------
| rollout/                -------------------------------------------
| rollout/                |               |
|    ep_len_mean          | 8.64e+04      |
|    ep_rew_mean          | 1.15e+04      |
| time/                   |               |
|    fps                  | 1339          |
|    iterations           | 311           |
|    time_elapsed         | 475           |
|    total_timesteps      | 636928        |
| train/                  |               |
|    approx_kl            | 3.9639883e-05 |
|    clip_fraction        | 4.88e-05      |
|    clip_range           | 0.2           |
|    entropy_loss         | -0.00504      |
|    explained_variance   | 0.426         |
|    learning_rate        | 0.0003        |
|    loss                 | 345           |
|    n_updates            | 3100          |
|    policy_gradient_loss | -5.29e-05     |
|    value_loss   -------------------------------------------
| rollout/                -------------------------------------------
| rollout/                |               |
|    ep_len_mean          | 8.64e+04      |
|    ep_rew_mean          | 1.15e+04      |
| time/                   |               |
|    fps                  | 1341          |
|    iterations           | 312           |
|    time_elapsed         | 476           |
|    total_timesteps      | 638976        |
| train/                  |               |
|    approx_kl            | 3.5705452e-06 |
|    clip_fraction        | 4.88e-05      |
|    clip_range           | 0.2           |
|    entropy_loss         | -0.00458      |
|    explained_variance   | 0.752         |
|    learning_rate        | 0.0003        |
|    loss                 | 57.8          |
|    n_updates            | 3110          |
|    policy_gradient_loss | -5.96e-06     |
|    value_loss     ⏱  step   640,000  │  FPS    4131  │  RSS   5604 MB
----------  ⏱  step   640,000  │  FPS    4131  │  RSS   5604 MB
-------------------------------------------
| hw/                     |               |
|    fps                  | 4.13e+03      |
|    rss_mb               | 5.6e+03       |
| rollout/                |               |
|    ep_len_mean          | 8.64e+04      |
|    ep_rew_mean          | 1.15e+04      |
| time/                   |               |
|    fps                  | 1344          |
|    iterations           | 313           |
|    time_elapsed         | 476           |
|    total_timesteps      | 641024        |
| train/                  |               |
|    approx_kl            | 0.00035570003 |
|    clip_fraction        | 0.00137       |
|    clip_range           | 0.2           |
|    entropy_loss         | -0.00825      |
|    explained_variance   | 0.521         |
|    learning_rate        | 0.0003        |
|    loss                 | 36            |
|    n_updates            | 3120          |
|    policy_gradient_loss | -0.000231     |
|    value_loss   -------------------------------------------
| rollout/                -------------------------------------------
| rollout/                |               |
|    ep_len_mean          | 8.64e+04      |
|    ep_rew_mean          | 1.15e+04      |
| time/                   |               |
|    fps                  | 1347          |
|    iterations           | 314           |
|    time_elapsed         | 477           |
|    total_timesteps      | 643072        |
| train/                  |               |
|    approx_kl            | 0.00010916687 |
|    clip_fraction        | 0.000879      |
|    clip_range           | 0.2           |
|    entropy_loss         | -0.0061       |
|    explained_variance   | 0.821         |
|    learning_rate        | 0.0003        |
|    loss                 | 16            |
|    n_updates            | 3130          |
|    policy_gradient_loss | 0.0001        |
|    value_loss   ------------------------------------------
| rollout/                |------------------------------------------
| rollout/                |              |
|    ep_len_mean          | 8.64e+04     |
|    ep_rew_mean          | 1.15e+04     |
| time/                   |              |
|    fps                  | 1350         |
|    iterations           | 315          |
|    time_elapsed         | 477          |
|    total_timesteps      | 645120       |
| train/                  |              |
|    approx_kl            | 0.0004651465 |
|    clip_fraction        | 0.00303      |
|    clip_range           | 0.2          |
|    entropy_loss         | -0.0064      |
|    explained_variance   | 0.205        |
|    learning_rate        | 0.0003       |
|    loss                 | 43.4         |
|    n_updates            | 3140         |
|    policy_gradient_loss | -0.000311    |
|    value_loss -----------------------------------------
| rollout/                | -----------------------------------------
| rollout/                |             |
|    ep_len_mean          | 8.64e+04    |
|    ep_rew_mean          | 1.15e+04    |
| time/                   |             |
|    fps                  | 1353        |
|    iterations           | 316         |
|    time_elapsed         | 478         |
|    total_timesteps      | 647168      |
| train/                  |             |
|    approx_kl            | 6.21567e-05 |
|    clip_fraction        | 0.000635    |
|    clip_range           | 0.2         |
|    entropy_loss         | -0.00878    |
|    explained_variance   | 0.572       |
|    learning_rate        | 0.0003      |
|    loss                 | 81.4        |
|    n_updates            | 3150        |
|    policy_gradient_loss | -0.00017    |
|    value_los------------------------------------------
| rollout/                |------------------------------------------
| rollout/                |              |
|    ep_len_mean          | 8.64e+04     |
|    ep_rew_mean          | 1.15e+04     |
| time/                   |              |
|    fps                  | 1356         |
|    iterations           | 317          |
|    time_elapsed         | 478          |
|    total_timesteps      | 649216       |
| train/                  |              |
|    approx_kl            | 0.0012170675 |
|    clip_fraction        | 0.00391      |
|    clip_range           | 0.2          |
|    entropy_loss         | -0.0112      |
|    explained_variance   | 0.674        |
|    learning_rate        | 0.0003       |
|    loss                 | 8            |
|    n_updates            | 3160         |
|    policy_gradient_loss | -0.000322    |
|    value_loss Eval num_timesteps=650000, episode_reward=32911.93 +/- 5640.85
EpisodeEval num_timesteps=650000, episode_reward=32911.93 +/- 5640.85
Episode length: 86400.00 +/- 0.00
--------------------------------------------
| eval/                   |                |
|    mean_ep_length       | 8.64e+04       |
|    mean_reward          | 3.29e+04       |
| time/                   |                |
|    total_timesteps      | 650000         |
| train/                  |                |
|    approx_kl            | 0.000111935486 |
|    clip_fraction        | 0.000586       |
|    clip_range           | 0.2            |
|    entropy_loss         | -0.00828       |
|    explained_variance   | 0.385          |
|    learning_rate        | 0.0003         |
|    loss                 | 36.3           |
|    n_updates            | 3170           |
|    policy_gradient_loss | 3.7e-05        |
|    value_loss     New best mean reward!
---------------------------------
| rollout/    New best mean reward!
---------------------------------
| rollout/           |          |
|    ep_len_mean     | 8.64e+04 |
|    ep_rew_mean     | 1.15e+04 |
| time/              |          |
|    fps             | 1288     |
|    iterations      | 318      |
|    time_elapsed    | 505      ------------------------------------------
| rollout/                |------------------------------------------
| rollout/                |              |
|    ep_len_mean          | 8.64e+04     |
|    ep_rew_mean          | 1.15e+04     |
| time/                   |              |
|    fps                  | 1291         |
|    iterations           | 319          |
|    time_elapsed         | 506          |
|    total_timesteps      | 653312       |
| train/                  |              |
|    approx_kl            | 0.0001259488 |
|    clip_fraction        | 0.000928     |
|    clip_range           | 0.2          |
|    entropy_loss         | -0.00508     |
|    explained_variance   | 0.326        |
|    learning_rate        | 0.0003       |
|    loss                 | 27.8         |
|    n_updates            | 3180         |
|    policy_gradient_loss | -8.8e-05     |
|    value_loss ------------------------------------------
| rollout/                |------------------------------------------
| rollout/                |              |
|    ep_len_mean          | 8.64e+04     |
|    ep_rew_mean          | 1.15e+04     |
| time/                   |              |
|    fps                  | 1293         |
|    iterations           | 320          |
|    time_elapsed         | 506          |
|    total_timesteps      | 655360       |
| train/                  |              |
|    approx_kl            | 0.0028537111 |
|    clip_fraction        | 0.00356      |
|    clip_range           | 0.2          |
|    entropy_loss         | -0.0142      |
|    explained_variance   | 0.746        |
|    learning_rate        | 0.0003       |
|    loss                 | 28.4         |
|    n_updates            | 3190         |
|    policy_gradient_loss | 0.000474     |
|    value_loss -------------------------------------------
| rollout/                -------------------------------------------
| rollout/                |               |
|    ep_len_mean          | 8.64e+04      |
|    ep_rew_mean          | 1.15e+04      |
| time/                   |               |
|    fps                  | 1296          |
|    iterations           | 321           |
|    time_elapsed         | 507           |
|    total_timesteps      | 657408        |
| train/                  |               |
|    approx_kl            | 1.4779624e-05 |
|    clip_fraction        | 0.000439      |
|    clip_range           | 0.2           |
|    entropy_loss         | -0.00794      |
|    explained_variance   | 0.27          |
|    learning_rate        | 0.0003        |
|    loss                 | 161           |
|    n_updates            | 3200          |
|    policy_gradient_loss | 0.000111      |
|    value_loss   -------------------------------------------
| rollout/                -------------------------------------------
| rollout/                |               |
|    ep_len_mean          | 8.64e+04      |
|    ep_rew_mean          | 1.15e+04      |
| time/                   |               |
|    fps                  | 1299          |
|    iterations           | 322           |
|    time_elapsed         | 507           |
|    total_timesteps      | 659456        |
| train/                  |               |
|    approx_kl            | 0.00021075085 |
|    clip_fraction        | 0.00122       |
|    clip_range           | 0.2           |
|    entropy_loss         | -0.00898      |
|    explained_variance   | 0.462         |
|    learning_rate        | 0.0003        |
|    loss                 | 120           |
|    n_updates            | 3210          |
|    policy_gradient_loss | -0.000126     |
|    value_loss     ⏱  step   660,000  │  FPS     639  │  RSS   5604 MB
----------  ⏱  step   660,000  │  FPS     639  │  RSS   5604 MB
------------------------------------------
| hw/                     |              |
|    fps                  | 639          |
|    rss_mb               | 5.6e+03      |
| rollout/                |              |
|    ep_len_mean          | 8.64e+04     |
|    ep_rew_mean          | 1.15e+04     |
| time/                   |              |
|    fps                  | 1302         |
|    iterations           | 323          |
|    time_elapsed         | 508          |
|    total_timesteps      | 661504       |
| train/                  |              |
|    approx_kl            | 4.270434e-06 |
|    clip_fraction        | 0            |
|    clip_range           | 0.2          |
|    entropy_loss         | -0.0046      |
|    explained_variance   | 0.727        |
|    learning_rate        | 0.0003       |
|    loss                 | 30.7         |
|    n_updates            | 3220         |
|    policy_gradient_loss | 7.95e-06     |
|    value_loss ------------------------------------------
| rollout/                |------------------------------------------
| rollout/                |              |
|    ep_len_mean          | 8.64e+04     |
|    ep_rew_mean          | 1.15e+04     |
| time/                   |              |
|    fps                  | 1304         |
|    iterations           | 324          |
|    time_elapsed         | 508          |
|    total_timesteps      | 663552       |
| train/                  |              |
|    approx_kl            | 0.0001180165 |
|    clip_fraction        | 0.000977     |
|    clip_range           | 0.2          |
|    entropy_loss         | -0.00618     |
|    explained_variance   | 0.576        |
|    learning_rate        | 0.0003       |
|    loss                 | 58.6         |
|    n_updates            | 3230         |
|    policy_gradient_loss | -0.000161    |
|    value_loss -------------------------------------------
| rollout/                -------------------------------------------
| rollout/                |               |
|    ep_len_mean          | 8.64e+04      |
|    ep_rew_mean          | 1.15e+04      |
| time/                   |               |
|    fps                  | 1307          |
|    iterations           | 325           |
|    time_elapsed         | 509           |
|    total_timesteps      | 665600        |
| train/                  |               |
|    approx_kl            | 5.9760292e-05 |
|    clip_fraction        | 0.000342      |
|    clip_range           | 0.2           |
|    entropy_loss         | -0.00266      |
|    explained_variance   | 0.124         |
|    learning_rate        | 0.0003        |
|    loss                 | 51.2          |
|    n_updates            | 3240          |
|    policy_gradient_loss | -0.000124     |
|    value_loss   ------------------------------------------
| rollout/                |------------------------------------------
| rollout/                |              |
|    ep_len_mean          | 8.64e+04     |
|    ep_rew_mean          | 1.15e+04     |
| time/                   |              |
|    fps                  | 1310         |
|    iterations           | 326          |
|    time_elapsed         | 509          |
|    total_timesteps      | 667648       |
| train/                  |              |
|    approx_kl            | 6.635429e-05 |
|    clip_fraction        | 0.000244     |
|    clip_range           | 0.2          |
|    entropy_loss         | -0.00461     |
|    explained_variance   | 0.695        |
|    learning_rate        | 0.0003       |
|    loss                 | 97.8         |
|    n_updates            | 3250         |
|    policy_gradient_loss | -0.000165    |
|    value_loss -------------------------------------------
| rollout/                -------------------------------------------
| rollout/                |               |
|    ep_len_mean          | 8.64e+04      |
|    ep_rew_mean          | 1.15e+04      |
| time/                   |               |
|    fps                  | 1312          |
|    iterations           | 327           |
|    time_elapsed         | 510           |
|    total_timesteps      | 669696        |
| train/                  |               |
|    approx_kl            | 3.4354918e-05 |
|    clip_fraction        | 0.000195      |
|    clip_range           | 0.2           |
|    entropy_loss         | -0.00385      |
|    explained_variance   | -0.328        |
|    learning_rate        | 0.0003        |
|    loss                 | 171           |
|    n_updates            | 3260          |
|    policy_gradient_loss | -9.9e-05      |
|    value_loss   -------------------------------------------
| rollout/                -------------------------------------------
| rollout/                |               |
|    ep_len_mean          | 8.64e+04      |
|    ep_rew_mean          | 1.15e+04      |
| time/                   |               |
|    fps                  | 1315          |
|    iterations           | 328           |
|    time_elapsed         | 510           |
|    total_timesteps      | 671744        |
| train/                  |               |
|    approx_kl            | 2.9191287e-05 |
|    clip_fraction        | 0.000244      |
|    clip_range           | 0.2           |
|    entropy_loss         | -0.00302      |
|    explained_variance   | -0.238        |
|    learning_rate        | 0.0003        |
|    loss                 | 311           |
|    n_updates            | 3270          |
|    policy_gradient_loss | -0.00014      |
|    value_loss   ------------------------------------------
| rollout/                |------------------------------------------
| rollout/                |              |
|    ep_len_mean          | 8.64e+04     |
|    ep_rew_mean          | 1.15e+04     |
| time/                   |              |
|    fps                  | 1318         |
|    iterations           | 329          |
|    time_elapsed         | 511          |
|    total_timesteps      | 673792       |
| train/                  |              |
|    approx_kl            | 8.442244e-05 |
|    clip_fraction        | 0.000684     |
|    clip_range           | 0.2          |
|    entropy_loss         | -0.0041      |
|    explained_variance   | 0.363        |
|    learning_rate        | 0.0003       |
|    loss                 | 16.9         |
|    n_updates            | 3280         |
|    policy_gradient_loss | -0.000171    |
|    value_loss -------------------------------------------
| rollout/                -------------------------------------------
| rollout/                |               |
|    ep_len_mean          | 8.64e+04      |
|    ep_rew_mean          | 1.15e+04      |
| time/                   |               |
|    fps                  | 1321          |
|    iterations           | 330           |
|    time_elapsed         | 511           |
|    total_timesteps      | 675840        |
| train/                  |               |
|    approx_kl            | 0.00021957088 |
|    clip_fraction        | 0.00103       |
|    clip_range           | 0.2           |
|    entropy_loss         | -0.00553      |
|    explained_variance   | -0.0829       |
|    learning_rate        | 0.0003        |
|    loss                 | 66.1          |
|    n_updates            | 3290          |
|    policy_gradient_loss | -0.000102     |
|    value_loss   -------------------------------------------
| rollout/                -------------------------------------------
| rollout/                |               |
|    ep_len_mean          | 8.64e+04      |
|    ep_rew_mean          | 1.15e+04      |
| time/                   |               |
|    fps                  | 1323          |
|    iterations           | 331           |
|    time_elapsed         | 512           |
|    total_timesteps      | 677888        |
| train/                  |               |
|    approx_kl            | 0.00028349107 |
|    clip_fraction        | 0.00171       |
|    clip_range           | 0.2           |
|    entropy_loss         | -0.00698      |
|    explained_variance   | 0.289         |
|    learning_rate        | 0.0003        |
|    loss                 | 25.7          |
|    n_updates            | 3300          |
|    policy_gradient_loss | -0.000166     |
|    value_loss   -------------------------------------------
| rollout/                -------------------------------------------
| rollout/                |               |
|    ep_len_mean          | 8.64e+04      |
|    ep_rew_mean          | 1.15e+04      |
| time/                   |               |
|    fps                  | 1326          |
|    iterations           | 332           |
|    time_elapsed         | 512           |
|    total_timesteps      | 679936        |
| train/                  |               |
|    approx_kl            | 0.00023926335 |
|    clip_fraction        | 0.00146       |
|    clip_range           | 0.2           |
|    entropy_loss         | -0.00791      |
|    explained_variance   | 0.805         |
|    learning_rate        | 0.0003        |
|    loss                 | 1.99          |
|    n_updates            | 3310          |
|    policy_gradient_loss | -1.24e-05     |
|    value_loss     ⏱  step   680,000  │  FPS    3978  │  RSS   5604 MB
----------  ⏱  step   680,000  │  FPS    3978  │  RSS   5604 MB
--------------------------------------------
| hw/                     |                |
|    fps                  | 3.98e+03       |
|    rss_mb               | 5.6e+03        |
| rollout/                |                |
|    ep_len_mean          | 8.64e+04       |
|    ep_rew_mean          | 1.15e+04       |
| time/                   |                |
|    fps                  | 1329           |
|    iterations           | 333            |
|    time_elapsed         | 513            |
|    total_timesteps      | 681984         |
| train/                  |                |
|    approx_kl            | 0.000115382194 |
|    clip_fraction        | 0.000293       |
|    clip_range           | 0.2            |
|    entropy_loss         | -0.00778       |
|    explained_variance   | -0.145         |
|    learning_rate        | 0.0003         |
|    loss                 | 91.3           |
|    n_updates            | 3320           |
|    policy_gradient_loss | -6.73e-05      |
|    value_loss     ------------------------------------------
| rollout/                |------------------------------------------
| rollout/                |              |
|    ep_len_mean          | 8.64e+04     |
|    ep_rew_mean          | 1.15e+04     |
| time/                   |              |
|    fps                  | 1331         |
|    iterations           | 334          |
|    time_elapsed         | 513          |
|    total_timesteps      | 684032       |
| train/                  |              |
|    approx_kl            | 8.157696e-05 |
|    clip_fraction        | 0.00181      |
|    clip_range           | 0.2          |
|    entropy_loss         | -0.0127      |
|    explained_variance   | 0.206        |
|    learning_rate        | 0.0003       |
|    loss                 | 44.5         |
|    n_updates            | 3330         |
|    policy_gradient_loss | -0.000182    |
|    value_loss -------------------------------------------
| rollout/                -------------------------------------------
| rollout/                |               |
|    ep_len_mean          | 8.64e+04      |
|    ep_rew_mean          | 1.15e+04      |
| time/                   |               |
|    fps                  | 1334          |
|    iterations           | 335           |
|    time_elapsed         | 514           |
|    total_timesteps      | 686080        |
| train/                  |               |
|    approx_kl            | 0.00097025407 |
|    clip_fraction        | 0.00342       |
|    clip_range           | 0.2           |
|    entropy_loss         | -0.0185       |
|    explained_variance   | 0.319         |
|    learning_rate        | 0.0003        |
|    loss                 | 34.2          |
|    n_updates            | 3340          |
|    policy_gradient_loss | -0.000694     |
|    value_loss   -------------------------------------------
| rollout/                -------------------------------------------
| rollout/                |               |
|    ep_len_mean          | 8.64e+04      |
|    ep_rew_mean          | 1.15e+04      |
| time/                   |               |
|    fps                  | 1337          |
|    iterations           | 336           |
|    time_elapsed         | 514           |
|    total_timesteps      | 688128        |
| train/                  |               |
|    approx_kl            | 6.3348736e-05 |
|    clip_fraction        | 0.00244       |
|    clip_range           | 0.2           |
|    entropy_loss         | -0.0177       |
|    explained_variance   | 0.434         |
|    learning_rate        | 0.0003        |
|    loss                 | 153           |
|    n_updates            | 3350          |
|    policy_gradient_loss | -0.000325     |
|    value_loss   ------------------------------------------
| rollout/                |------------------------------------------
| rollout/                |              |
|    ep_len_mean          | 8.64e+04     |
|    ep_rew_mean          | 1.15e+04     |
| time/                   |              |
|    fps                  | 1339         |
|    iterations           | 337          |
|    time_elapsed         | 515          |
|    total_timesteps      | 690176       |
| train/                  |              |
|    approx_kl            | 0.0039254646 |
|    clip_fraction        | 0.00825      |
|    clip_range           | 0.2          |
|    entropy_loss         | -0.0252      |
|    explained_variance   | 0.831        |
|    learning_rate        | 0.0003       |
|    loss                 | 6.31         |
|    n_updates            | 3360         |
|    policy_gradient_loss | -0.000947    |
|    value_loss -------------------------------------------
| rollout/                -------------------------------------------
| rollout/                |               |
|    ep_len_mean          | 8.64e+04      |
|    ep_rew_mean          | 1.32e+04      |
| time/                   |               |
|    fps                  | 1342          |
|    iterations           | 338           |
|    time_elapsed         | 515           |
|    total_timesteps      | 692224        |
| train/                  |               |
|    approx_kl            | 1.3069133e-05 |
|    clip_fraction        | 0             |
|    clip_range           | 0.2           |
|    entropy_loss         | -0.014        |
|    explained_variance   | 0.247         |
|    learning_rate        | 0.0003        |
|    loss                 | 184           |
|    n_updates            | 3370          |
|    policy_gradient_loss | -2.94e-05     |
|    value_loss   -------------------------------------------
| rollout/                -------------------------------------------
| rollout/                |               |
|    ep_len_mean          | 8.64e+04      |
|    ep_rew_mean          | 1.32e+04      |
| time/                   |               |
|    fps                  | 1345          |
|    iterations           | 339           |
|    time_elapsed         | 516           |
|    total_timesteps      | 694272        |
| train/                  |               |
|    approx_kl            | 2.6410213e-05 |
|    clip_fraction        | 0.000146      |
|    clip_range           | 0.2           |
|    entropy_loss         | -0.0102       |
|    explained_variance   | 0.363         |
|    learning_rate        | 0.0003        |
|    loss                 | 56.8          |
|    n_updates            | 3380          |
|    policy_gradient_loss | 3.16e-06      |
|    value_loss   ------------------------------------------
| rollout/                |------------------------------------------
| rollout/                |              |
|    ep_len_mean          | 8.64e+04     |
|    ep_rew_mean          | 1.32e+04     |
| time/                   |              |
|    fps                  | 1347         |
|    iterations           | 340          |
|    time_elapsed         | 516          |
|    total_timesteps      | 696320       |
| train/                  |              |
|    approx_kl            | 5.993998e-05 |
|    clip_fraction        | 0.000342     |
|    clip_range           | 0.2          |
|    entropy_loss         | -0.00822     |
|    explained_variance   | 0.62         |
|    learning_rate        | 0.0003       |
|    loss                 | 22.8         |
|    n_updates            | 3390         |
|    policy_gradient_loss | 1.95e-05     |
|    value_loss ------------------------------------------
| rollout/                |------------------------------------------
| rollout/                |              |
|    ep_len_mean          | 8.64e+04     |
|    ep_rew_mean          | 1.32e+04     |
| time/                   |              |
|    fps                  | 1350         |
|    iterations           | 341          |
|    time_elapsed         | 517          |
|    total_timesteps      | 698368       |
| train/                  |              |
|    approx_kl            | 0.0003849268 |
|    clip_fraction        | 0.0021       |
|    clip_range           | 0.2          |
|    entropy_loss         | -0.0107      |
|    explained_variance   | 0.832        |
|    learning_rate        | 0.0003       |
|    loss                 | 2.92         |
|    n_updates            | 3400         |
|    policy_gradient_loss | -4.61e-05    |
|    value_loss Eval num_timesteps=700000, episode_reward=33039.23 +/- 0.00
Episode leEval num_timesteps=700000, episode_reward=33039.23 +/- 0.00
Episode length: 86400.00 +/- 0.00
-----------------------------------------
| eval/                   |             |
|    mean_ep_length       | 8.64e+04    |
|    mean_reward          | 3.3e+04     |
| time/                   |             |
|    total_timesteps      | 700000      |
| train/                  |             |
|    approx_kl            | 0.002320471 |
|    clip_fraction        | 0.00166     |
|    clip_range           | 0.2         |
|    entropy_loss         | -0.0113     |
|    explained_variance   | -0.174      |
|    learning_rate        | 0.0003      |
|    loss                 | 36.4        |
|    n_updates            | 3410        |
|    policy_gradient_loss | -0.00109    |
|    value_losNew best mean reward!
  ⏱  step   700,000  │  FPS     643  │  RSNew best mean reward!
  ⏱  step   700,000  │  FPS     643  │  RSS   5604 MB
---------------------------------
| hw/                |          |
|    fps             | 643      |
|    rss_mb          | 5.6e+03  |
| rollout/           |          |
|    ep_len_mean     | 8.64e+04 |
|    ep_rew_mean     | 1.32e+04 |
| time/              |          |
|    fps             | 1287     |
|    iterations      | 342      |
|    time_elapsed    | 544      -------------------------------------------
| rollout/                -------------------------------------------
| rollout/                |               |
|    ep_len_mean          | 8.64e+04      |
|    ep_rew_mean          | 1.32e+04      |
| time/                   |               |
|    fps                  | 1290          |
|    iterations           | 343           |
|    time_elapsed         | 544           |
|    total_timesteps      | 702464        |
| train/                  |               |
|    approx_kl            | 5.8691803e-05 |
|    clip_fraction        | 0.000244      |
|    clip_range           | 0.2           |
|    entropy_loss         | -0.0146       |
|    explained_variance   | 0.494         |
|    learning_rate        | 0.0003        |
|    loss                 | 204           |
|    n_updates            | 3420          |
|    policy_gradient_loss | -5.54e-05     |
|    value_loss   -----------------------------------------
| rollout/                | -----------------------------------------
| rollout/                |             |
|    ep_len_mean          | 8.64e+04    |
|    ep_rew_mean          | 1.32e+04    |
| time/                   |             |
|    fps                  | 1292        |
|    iterations           | 344         |
|    time_elapsed         | 544         |
|    total_timesteps      | 704512      |
| train/                  |             |
|    approx_kl            | 0.008594513 |
|    clip_fraction        | 0.0922      |
|    clip_range           | 0.2         |
|    entropy_loss         | -0.0967     |
|    explained_variance   | 0.701       |
|    learning_rate        | 0.0003      |
|    loss                 | 9.06        |
|    n_updates            | 3430        |
|    policy_gradient_loss | -0.0143     |
|    value_los-------------------------------------------
| rollout/                -------------------------------------------
| rollout/                |               |
|    ep_len_mean          | 8.64e+04      |
|    ep_rew_mean          | 1.32e+04      |
| time/                   |               |
|    fps                  | 1295          |
|    iterations           | 345           |
|    time_elapsed         | 545           |
|    total_timesteps      | 706560        |
| train/                  |               |
|    approx_kl            | 0.00055295136 |
|    clip_fraction        | 0.00679       |
|    clip_range           | 0.2           |
|    entropy_loss         | -0.0885       |
|    explained_variance   | 0.298         |
|    learning_rate        | 0.0003        |
|    loss                 | 94.4          |
|    n_updates            | 3440          |
|    policy_gradient_loss | -0.000117     |
|    value_loss   ------------------------------------------
| rollout/                |------------------------------------------
| rollout/                |              |
|    ep_len_mean          | 8.64e+04     |
|    ep_rew_mean          | 1.32e+04     |
| time/                   |              |
|    fps                  | 1297         |
|    iterations           | 346          |
|    time_elapsed         | 545          |
|    total_timesteps      | 708608       |
| train/                  |              |
|    approx_kl            | 0.0049971873 |
|    clip_fraction        | 0.0126       |
|    clip_range           | 0.2          |
|    entropy_loss         | -0.075       |
|    explained_variance   | 0.685        |
|    learning_rate        | 0.0003       |
|    loss                 | 2.41         |
|    n_updates            | 3450         |
|    policy_gradient_loss | -0.000437    |
|    value_loss ------------------------------------------
| rollout/                |------------------------------------------
| rollout/                |              |
|    ep_len_mean          | 8.64e+04     |
|    ep_rew_mean          | 1.32e+04     |
| time/                   |              |
|    fps                  | 1300         |
|    iterations           | 347          |
|    time_elapsed         | 546          |
|    total_timesteps      | 710656       |
| train/                  |              |
|    approx_kl            | 0.0005756996 |
|    clip_fraction        | 0.00937      |
|    clip_range           | 0.2          |
|    entropy_loss         | -0.0583      |
|    explained_variance   | 0.516        |
|    learning_rate        | 0.0003       |
|    loss                 | 160          |
|    n_updates            | 3460         |
|    policy_gradient_loss | -0.00108     |
|    value_loss -------------------------------------------
| rollout/                -------------------------------------------
| rollout/                |               |
|    ep_len_mean          | 8.64e+04      |
|    ep_rew_mean          | 1.32e+04      |
| time/                   |               |
|    fps                  | 1302          |
|    iterations           | 348           |
|    time_elapsed         | 546           |
|    total_timesteps      | 712704        |
| train/                  |               |
|    approx_kl            | 0.00040180577 |
|    clip_fraction        | 0.00298       |
|    clip_range           | 0.2           |
|    entropy_loss         | -0.0408       |
|    explained_variance   | 0.416         |
|    learning_rate        | 0.0003        |
|    loss                 | 72.9          |
|    n_updates            | 3470          |
|    policy_gradient_loss | -0.000131     |
|    value_loss   ------------------------------------------
| rollout/                |------------------------------------------
| rollout/                |              |
|    ep_len_mean          | 8.64e+04     |
|    ep_rew_mean          | 1.32e+04     |
| time/                   |              |
|    fps                  | 1305         |
|    iterations           | 349          |
|    time_elapsed         | 547          |
|    total_timesteps      | 714752       |
| train/                  |              |
|    approx_kl            | 0.0003091996 |
|    clip_fraction        | 0.00229      |
|    clip_range           | 0.2          |
|    entropy_loss         | -0.0447      |
|    explained_variance   | 0.386        |
|    learning_rate        | 0.0003       |
|    loss                 | 48.3         |
|    n_updates            | 3480         |
|    policy_gradient_loss | 5.59e-06     |
|    value_loss ------------------------------------------
| rollout/                |------------------------------------------
| rollout/                |              |
|    ep_len_mean          | 8.64e+04     |
|    ep_rew_mean          | 1.32e+04     |
| time/                   |              |
|    fps                  | 1308         |
|    iterations           | 350          |
|    time_elapsed         | 548          |
|    total_timesteps      | 716800       |
| train/                  |              |
|    approx_kl            | 0.0005465513 |
|    clip_fraction        | 0.00508      |
|    clip_range           | 0.2          |
|    entropy_loss         | -0.0517      |
|    explained_variance   | 0.625        |
|    learning_rate        | 0.0003       |
|    loss                 | 116          |
|    n_updates            | 3490         |
|    policy_gradient_loss | -0.000598    |
|    value_loss -------------------------------------------
| rollout/                -------------------------------------------
| rollout/                |               |
|    ep_len_mean          | 8.64e+04      |
|    ep_rew_mean          | 1.32e+04      |
| time/                   |               |
|    fps                  | 1310          |
|    iterations           | 351           |
|    time_elapsed         | 548           |
|    total_timesteps      | 718848        |
| train/                  |               |
|    approx_kl            | 8.4197556e-05 |
|    clip_fraction        | 0.000781      |
|    clip_range           | 0.2           |
|    entropy_loss         | -0.0395       |
|    explained_variance   | 0.17          |
|    learning_rate        | 0.0003        |
|    loss                 | 37.3          |
|    n_updates            | 3500          |
|    policy_gradient_loss | -7.53e-05     |
|    value_loss     ⏱  step   720,000  │  FPS    4049  │  RSS   5604 MB
----------  ⏱  step   720,000  │  FPS    4049  │  RSS   5604 MB
-------------------------------------------
| hw/                     |               |
|    fps                  | 4.05e+03      |
|    rss_mb               | 5.6e+03       |
| rollout/                |               |
|    ep_len_mean          | 8.64e+04      |
|    ep_rew_mean          | 1.32e+04      |
| time/                   |               |
|    fps                  | 1313          |
|    iterations           | 352           |
|    time_elapsed         | 549           |
|    total_timesteps      | 720896        |
| train/                  |               |
|    approx_kl            | 0.00048535303 |
|    clip_fraction        | 0.00488       |
|    clip_range           | 0.2           |
|    entropy_loss         | -0.0472       |
|    explained_variance   | 0.718         |
|    learning_rate        | 0.0003        |
|    loss                 | 29            |
|    n_updates            | 3510          |
|    policy_gradient_loss | -0.000645     |
|    value_loss   -----------------------------------------
| rollout/                | -----------------------------------------
| rollout/                |             |
|    ep_len_mean          | 8.64e+04    |
|    ep_rew_mean          | 1.32e+04    |
| time/                   |             |
|    fps                  | 1315        |
|    iterations           | 353         |
|    time_elapsed         | 549         |
|    total_timesteps      | 722944      |
| train/                  |             |
|    approx_kl            | 0.002834578 |
|    clip_fraction        | 0.0129      |
|    clip_range           | 0.2         |
|    entropy_loss         | -0.0515     |
|    explained_variance   | 0.356       |
|    learning_rate        | 0.0003      |
|    loss                 | 73.5        |
|    n_updates            | 3520        |
|    policy_gradient_loss | -0.00229    |
|    value_los------------------------------------------
| rollout/                |------------------------------------------
| rollout/                |              |
|    ep_len_mean          | 8.64e+04     |
|    ep_rew_mean          | 1.32e+04     |
| time/                   |              |
|    fps                  | 1318         |
|    iterations           | 354          |
|    time_elapsed         | 550          |
|    total_timesteps      | 724992       |
| train/                  |              |
|    approx_kl            | 0.0064847944 |
|    clip_fraction        | 0.0108       |
|    clip_range           | 0.2          |
|    entropy_loss         | -0.07        |
|    explained_variance   | 0.601        |
|    learning_rate        | 0.0003       |
|    loss                 | 19.3         |
|    n_updates            | 3530         |
|    policy_gradient_loss | -0.00145     |
|    value_loss ------------------------------------------
| rollout/                |------------------------------------------
| rollout/                |              |
|    ep_len_mean          | 8.64e+04     |
|    ep_rew_mean          | 1.32e+04     |
| time/                   |              |
|    fps                  | 1320         |
|    iterations           | 355          |
|    time_elapsed         | 550          |
|    total_timesteps      | 727040       |
| train/                  |              |
|    approx_kl            | 0.0006847814 |
|    clip_fraction        | 0.00791      |
|    clip_range           | 0.2          |
|    entropy_loss         | -0.0518      |
|    explained_variance   | 0.812        |
|    learning_rate        | 0.0003       |
|    loss                 | 15.6         |
|    n_updates            | 3540         |
|    policy_gradient_loss | -0.00045     |
|    value_loss -------------------------------------------
| rollout/                -------------------------------------------
| rollout/                |               |
|    ep_len_mean          | 8.64e+04      |
|    ep_rew_mean          | 1.32e+04      |
| time/                   |               |
|    fps                  | 1323          |
|    iterations           | 356           |
|    time_elapsed         | 551           |
|    total_timesteps      | 729088        |
| train/                  |               |
|    approx_kl            | 0.00016026752 |
|    clip_fraction        | 0.00117       |
|    clip_range           | 0.2           |
|    entropy_loss         | -0.0516       |
|    explained_variance   | 0.438         |
|    learning_rate        | 0.0003        |
|    loss                 | 241           |
|    n_updates            | 3550          |
|    policy_gradient_loss | -0.000292     |
|    value_loss   -------------------------------------------
| rollout/                -------------------------------------------
| rollout/                |               |
|    ep_len_mean          | 8.64e+04      |
|    ep_rew_mean          | 1.32e+04      |
| time/                   |               |
|    fps                  | 1325          |
|    iterations           | 357           |
|    time_elapsed         | 551           |
|    total_timesteps      | 731136        |
| train/                  |               |
|    approx_kl            | 0.00031448275 |
|    clip_fraction        | 0.00635       |
|    clip_range           | 0.2           |
|    entropy_loss         | -0.0496       |
|    explained_variance   | -0.328        |
|    learning_rate        | 0.0003        |
|    loss                 | 114           |
|    n_updates            | 3560          |
|    policy_gradient_loss | -0.000675     |
|    value_loss   ------------------------------------------
| rollout/                |------------------------------------------
| rollout/                |              |
|    ep_len_mean          | 8.64e+04     |
|    ep_rew_mean          | 1.32e+04     |
| time/                   |              |
|    fps                  | 1328         |
|    iterations           | 358          |
|    time_elapsed         | 552          |
|    total_timesteps      | 733184       |
| train/                  |              |
|    approx_kl            | 0.0021216809 |
|    clip_fraction        | 0.0119       |
|    clip_range           | 0.2          |
|    entropy_loss         | -0.038       |
|    explained_variance   | 0.853        |
|    learning_rate        | 0.0003       |
|    loss                 | 3.61         |
|    n_updates            | 3570         |
|    policy_gradient_loss | -0.00143     |
|    value_loss -------------------------------------------
| rollout/                -------------------------------------------
| rollout/                |               |
|    ep_len_mean          | 8.64e+04      |
|    ep_rew_mean          | 1.32e+04      |
| time/                   |               |
|    fps                  | 1330          |
|    iterations           | 359           |
|    time_elapsed         | 552           |
|    total_timesteps      | 735232        |
| train/                  |               |
|    approx_kl            | 0.00015233766 |
|    clip_fraction        | 0.00254       |
|    clip_range           | 0.2           |
|    entropy_loss         | -0.0257       |
|    explained_variance   | 0.0676        |
|    learning_rate        | 0.0003        |
|    loss                 | 93.6          |
|    n_updates            | 3580          |
|    policy_gradient_loss | -6.73e-05     |
|    value_loss   -----------------------------------------
| rollout/                | -----------------------------------------
| rollout/                |             |
|    ep_len_mean          | 8.64e+04    |
|    ep_rew_mean          | 1.32e+04    |
| time/                   |             |
|    fps                  | 1333        |
|    iterations           | 360         |
|    time_elapsed         | 552         |
|    total_timesteps      | 737280      |
| train/                  |             |
|    approx_kl            | 0.000632748 |
|    clip_fraction        | 0.000684    |
|    clip_range           | 0.2         |
|    entropy_loss         | -0.0263     |
|    explained_variance   | -0.375      |
|    learning_rate        | 0.0003      |
|    loss                 | 37.1        |
|    n_updates            | 3590        |
|    policy_gradient_loss | 5.49e-05    |
|    value_los-------------------------------------------
| rollout/                -------------------------------------------
| rollout/                |               |
|    ep_len_mean          | 8.64e+04      |
|    ep_rew_mean          | 1.32e+04      |
| time/                   |               |
|    fps                  | 1335          |
|    iterations           | 361           |
|    time_elapsed         | 553           |
|    total_timesteps      | 739328        |
| train/                  |               |
|    approx_kl            | 0.00029260432 |
|    clip_fraction        | 0.00342       |
|    clip_range           | 0.2           |
|    entropy_loss         | -0.0306       |
|    explained_variance   | 0.43          |
|    learning_rate        | 0.0003        |
|    loss                 | 45.2          |
|    n_updates            | 3600          |
|    policy_gradient_loss | -0.000328     |
|    value_loss     ⏱  step   740,000  │  FPS    4072  │  RSS   5604 MB
----------  ⏱  step   740,000  │  FPS    4072  │  RSS   5604 MB
------------------------------------------
| hw/                     |              |
|    fps                  | 4.07e+03     |
|    rss_mb               | 5.6e+03      |
| rollout/                |              |
|    ep_len_mean          | 8.64e+04     |
|    ep_rew_mean          | 1.32e+04     |
| time/                   |              |
|    fps                  | 1338         |
|    iterations           | 362          |
|    time_elapsed         | 553          |
|    total_timesteps      | 741376       |
| train/                  |              |
|    approx_kl            | 3.520146e-05 |
|    clip_fraction        | 0.00146      |
|    clip_range           | 0.2          |
|    entropy_loss         | -0.0269      |
|    explained_variance   | -0.206       |
|    learning_rate        | 0.0003       |
|    loss                 | 64.7         |
|    n_updates            | 3610         |
|    policy_gradient_loss | -6.93e-05    |
|    value_loss -------------------------------------------
| rollout/                -------------------------------------------
| rollout/                |               |
|    ep_len_mean          | 8.64e+04      |
|    ep_rew_mean          | 1.32e+04      |
| time/                   |               |
|    fps                  | 1340          |
|    iterations           | 363           |
|    time_elapsed         | 554           |
|    total_timesteps      | 743424        |
| train/                  |               |
|    approx_kl            | 0.00019122838 |
|    clip_fraction        | 0.00249       |
|    clip_range           | 0.2           |
|    entropy_loss         | -0.0276       |
|    explained_variance   | 0.497         |
|    learning_rate        | 0.0003        |
|    loss                 | 73.4          |
|    n_updates            | 3620          |
|    policy_gradient_loss | -0.00032      |
|    value_loss   ------------------------------------------
| rollout/                |------------------------------------------
| rollout/                |              |
|    ep_len_mean          | 8.64e+04     |
|    ep_rew_mean          | 1.32e+04     |
| time/                   |              |
|    fps                  | 1343         |
|    iterations           | 364          |
|    time_elapsed         | 554          |
|    total_timesteps      | 745472       |
| train/                  |              |
|    approx_kl            | 9.134895e-05 |
|    clip_fraction        | 0.000732     |
|    clip_range           | 0.2          |
|    entropy_loss         | -0.0248      |
|    explained_variance   | 0.561        |
|    learning_rate        | 0.0003       |
|    loss                 | 132          |
|    n_updates            | 3630         |
|    policy_gradient_loss | -0.000194    |
|    value_loss -------------------------------------------
| rollout/                -------------------------------------------
| rollout/                |               |
|    ep_len_mean          | 8.64e+04      |
|    ep_rew_mean          | 1.32e+04      |
| time/                   |               |
|    fps                  | 1345          |
|    iterations           | 365           |
|    time_elapsed         | 555           |
|    total_timesteps      | 747520        |
| train/                  |               |
|    approx_kl            | 0.00039369726 |
|    clip_fraction        | 0.0042        |
|    clip_range           | 0.2           |
|    entropy_loss         | -0.0321       |
|    explained_variance   | 0.461         |
|    learning_rate        | 0.0003        |
|    loss                 | 74.5          |
|    n_updates            | 3640          |
|    policy_gradient_loss | -0.000664     |
|    value_loss   -------------------------------------------
| rollout/                -------------------------------------------
| rollout/                |               |
|    ep_len_mean          | 8.64e+04      |
|    ep_rew_mean          | 1.32e+04      |
| time/                   |               |
|    fps                  | 1348          |
|    iterations           | 366           |
|    time_elapsed         | 555           |
|    total_timesteps      | 749568        |
| train/                  |               |
|    approx_kl            | 0.00030617104 |
|    clip_fraction        | 0.00332       |
|    clip_range           | 0.2           |
|    entropy_loss         | -0.0181       |
|    explained_variance   | 0.621         |
|    learning_rate        | 0.0003        |
|    loss                 | 34.2          |
|    n_updates            | 3650          |
|    policy_gradient_loss | -0.000134     |
|    value_loss   Eval num_timesteps=750000, episode_reward=24370.28 +/- 5445.47
EpisodeEval num_timesteps=750000, episode_reward=24370.28 +/- 5445.47
Episode length: 86400.00 +/- 0.00
------------------------------------------
| eval/                   |              |
|    mean_ep_length       | 8.64e+04     |
|    mean_reward          | 2.44e+04     |
| time/                   |              |
|    total_timesteps      | 750000       |
| train/                  |              |
|    approx_kl            | 0.0002489001 |
|    clip_fraction        | 0.00225      |
|    clip_range           | 0.2          |
|    entropy_loss         | -0.0206      |
|    explained_variance   | 0.436        |
|    learning_rate        | 0.0003       |
|    loss                 | 95.2         |
|    n_updates            | 3660         |
|    policy_gradient_loss | -0.00024     |
|    value_loss ---------------------------------
| rollout/           |          |
| ---------------------------------
| rollout/           |          |
|    ep_len_mean     | 8.64e+04 |
|    ep_rew_mean     | 1.32e+04 |
| time/              |          |
|    fps             | 1288     |
|    iterations      | 367      |
|    time_elapsed    | 583      -------------------------------------------
| rollout/                -------------------------------------------
| rollout/                |               |
|    ep_len_mean          | 8.64e+04      |
|    ep_rew_mean          | 1.32e+04      |
| time/                   |               |
|    fps                  | 1291          |
|    iterations           | 368           |
|    time_elapsed         | 583           |
|    total_timesteps      | 753664        |
| train/                  |               |
|    approx_kl            | 2.8643553e-05 |
|    clip_fraction        | 9.77e-05      |
|    clip_range           | 0.2           |
|    entropy_loss         | -0.0141       |
|    explained_variance   | 0.566         |
|    learning_rate        | 0.0003        |
|    loss                 | 98.2          |
|    n_updates            | 3670          |
|    policy_gradient_loss | -2.68e-05     |
|    value_loss   ------------------------------------------
| rollout/                |------------------------------------------
| rollout/                |              |
|    ep_len_mean          | 8.64e+04     |
|    ep_rew_mean          | 1.32e+04     |
| time/                   |              |
|    fps                  | 1293         |
|    iterations           | 369          |
|    time_elapsed         | 584          |
|    total_timesteps      | 755712       |
| train/                  |              |
|    approx_kl            | 0.0003266866 |
|    clip_fraction        | 0.000781     |
|    clip_range           | 0.2          |
|    entropy_loss         | -0.0139      |
|    explained_variance   | 0.872        |
|    learning_rate        | 0.0003       |
|    loss                 | 5.07         |
|    n_updates            | 3680         |
|    policy_gradient_loss | -0.000183    |
|    value_loss ------------------------------------------
| rollout/                |------------------------------------------
| rollout/                |              |
|    ep_len_mean          | 8.64e+04     |
|    ep_rew_mean          | 1.32e+04     |
| time/                   |              |
|    fps                  | 1296         |
|    iterations           | 370          |
|    time_elapsed         | 584          |
|    total_timesteps      | 757760       |
| train/                  |              |
|    approx_kl            | 0.0006524237 |
|    clip_fraction        | 0.00376      |
|    clip_range           | 0.2          |
|    entropy_loss         | -0.0284      |
|    explained_variance   | 0.473        |
|    learning_rate        | 0.0003       |
|    loss                 | 21.7         |
|    n_updates            | 3690         |
|    policy_gradient_loss | -7.04e-05    |
|    value_loss -----------------------------------------
| rollout/                | -----------------------------------------
| rollout/                |             |
|    ep_len_mean          | 8.64e+04    |
|    ep_rew_mean          | 1.32e+04    |
| time/                   |             |
|    fps                  | 1298        |
|    iterations           | 371         |
|    time_elapsed         | 585         |
|    total_timesteps      | 759808      |
| train/                  |             |
|    approx_kl            | 0.000897314 |
|    clip_fraction        | 0.00234     |
|    clip_range           | 0.2         |
|    entropy_loss         | -0.0238     |
|    explained_variance   | 0.246       |
|    learning_rate        | 0.0003      |
|    loss                 | 82.5        |
|    n_updates            | 3700        |
|    policy_gradient_loss | -0.000899   |
|    value_los  ⏱  step   760,000  │  FPS     634  │  RSS   5604 MB
----------  ⏱  step   760,000  │  FPS     634  │  RSS   5604 MB
-------------------------------------------
| hw/                     |               |
|    fps                  | 634           |
|    rss_mb               | 5.6e+03       |
| rollout/                |               |
|    ep_len_mean          | 8.64e+04      |
|    ep_rew_mean          | 1.32e+04      |
| time/                   |               |
|    fps                  | 1301          |
|    iterations           | 372           |
|    time_elapsed         | 585           |
|    total_timesteps      | 761856        |
| train/                  |               |
|    approx_kl            | 0.00015591085 |
|    clip_fraction        | 0.00103       |
|    clip_range           | 0.2           |
|    entropy_loss         | -0.0172       |
|    explained_variance   | 0.416         |
|    learning_rate        | 0.0003        |
|    loss                 | 49.2          |
|    n_updates            | 3710          |
|    policy_gradient_loss | -0.000232     |
|    value_loss   -------------------------------------------
| rollout/                -------------------------------------------
| rollout/                |               |
|    ep_len_mean          | 8.64e+04      |
|    ep_rew_mean          | 1.32e+04      |
| time/                   |               |
|    fps                  | 1303          |
|    iterations           | 373           |
|    time_elapsed         | 586           |
|    total_timesteps      | 763904        |
| train/                  |               |
|    approx_kl            | 0.00013269187 |
|    clip_fraction        | 0.00176       |
|    clip_range           | 0.2           |
|    entropy_loss         | -0.0216       |
|    explained_variance   | -0.334        |
|    learning_rate        | 0.0003        |
|    loss                 | 23.3          |
|    n_updates            | 3720          |
|    policy_gradient_loss | -0.00029      |
|    value_loss   -----------------------------------------
| rollout/                | -----------------------------------------
| rollout/                |             |
|    ep_len_mean          | 8.64e+04    |
|    ep_rew_mean          | 1.32e+04    |
| time/                   |             |
|    fps                  | 1305        |
|    iterations           | 374         |
|    time_elapsed         | 586         |
|    total_timesteps      | 765952      |
| train/                  |             |
|    approx_kl            | 0.034511793 |
|    clip_fraction        | 0.115       |
|    clip_range           | 0.2         |
|    entropy_loss         | -0.121      |
|    explained_variance   | 0.438       |
|    learning_rate        | 0.0003      |
|    loss                 | 13.5        |
|    n_updates            | 3730        |
|    policy_gradient_loss | -0.0111     |
|    value_los------------------------------------------
| rollout/                |------------------------------------------
| rollout/                |              |
|    ep_len_mean          | 8.64e+04     |
|    ep_rew_mean          | 1.32e+04     |
| time/                   |              |
|    fps                  | 1308         |
|    iterations           | 375          |
|    time_elapsed         | 587          |
|    total_timesteps      | 768000       |
| train/                  |              |
|    approx_kl            | 0.0018407169 |
|    clip_fraction        | 0.0229       |
|    clip_range           | 0.2          |
|    entropy_loss         | -0.119       |
|    explained_variance   | 0.389        |
|    learning_rate        | 0.0003       |
|    loss                 | 22.8         |
|    n_updates            | 3740         |
|    policy_gradient_loss | -0.00137     |
|    value_loss -------------------------------------------
| rollout/                -------------------------------------------
| rollout/                |               |
|    ep_len_mean          | 8.64e+04      |
|    ep_rew_mean          | 1.32e+04      |
| time/                   |               |
|    fps                  | 1310          |
|    iterations           | 376           |
|    time_elapsed         | 587           |
|    total_timesteps      | 770048        |
| train/                  |               |
|    approx_kl            | 0.00042428882 |
|    clip_fraction        | 0.00303       |
|    clip_range           | 0.2           |
|    entropy_loss         | -0.0471       |
|    explained_variance   | 0.185         |
|    learning_rate        | 0.0003        |
|    loss                 | 70.8          |
|    n_updates            | 3750          |
|    policy_gradient_loss | -0.000458     |
|    value_loss   ------------------------------------------
| rollout/                |------------------------------------------
| rollout/                |              |
|    ep_len_mean          | 8.64e+04     |
|    ep_rew_mean          | 1.32e+04     |
| time/                   |              |
|    fps                  | 1312         |
|    iterations           | 377          |
|    time_elapsed         | 588          |
|    total_timesteps      | 772096       |
| train/                  |              |
|    approx_kl            | 0.0012975803 |
|    clip_fraction        | 0.00942      |
|    clip_range           | 0.2          |
|    entropy_loss         | -0.0856      |
|    explained_variance   | 0.725        |
|    learning_rate        | 0.0003       |
|    loss                 | 14.1         |
|    n_updates            | 3760         |
|    policy_gradient_loss | 0.000119     |
|    value_loss -------------------------------------------
| rollout/                -------------------------------------------
| rollout/                |               |
|    ep_len_mean          | 8.64e+04      |
|    ep_rew_mean          | 1.32e+04      |
| time/                   |               |
|    fps                  | 1315          |
|    iterations           | 378           |
|    time_elapsed         | 588           |
|    total_timesteps      | 774144        |
| train/                  |               |
|    approx_kl            | 0.00081881694 |
|    clip_fraction        | 0.014         |
|    clip_range           | 0.2           |
|    entropy_loss         | -0.096        |
|    explained_variance   | 0.599         |
|    learning_rate        | 0.0003        |
|    loss                 | 25.9          |
|    n_updates            | 3770          |
|    policy_gradient_loss | -0.00212      |
|    value_loss   ------------------------------------------
| rollout/                |------------------------------------------
| rollout/                |              |
|    ep_len_mean          | 8.64e+04     |
|    ep_rew_mean          | 1.32e+04     |
| time/                   |              |
|    fps                  | 1317         |
|    iterations           | 379          |
|    time_elapsed         | 589          |
|    total_timesteps      | 776192       |
| train/                  |              |
|    approx_kl            | 0.0017810483 |
|    clip_fraction        | 0.0128       |
|    clip_range           | 0.2          |
|    entropy_loss         | -0.0759      |
|    explained_variance   | -0.23        |
|    learning_rate        | 0.0003       |
|    loss                 | 9.28         |
|    n_updates            | 3780         |
|    policy_gradient_loss | -0.000616    |
|    value_loss ------------------------------------------
| rollout/                |------------------------------------------
| rollout/                |              |
|    ep_len_mean          | 8.64e+04     |
|    ep_rew_mean          | 1.45e+04     |
| time/                   |              |
|    fps                  | 1319         |
|    iterations           | 380          |
|    time_elapsed         | 589          |
|    total_timesteps      | 778240       |
| train/                  |              |
|    approx_kl            | 0.0027575158 |
|    clip_fraction        | 0.0116       |
|    clip_range           | 0.2          |
|    entropy_loss         | -0.0642      |
|    explained_variance   | 0.809        |
|    learning_rate        | 0.0003       |
|    loss                 | 11.7         |
|    n_updates            | 3790         |
|    policy_gradient_loss | 0.000456     |
|    value_loss   ⏱  step   780,000  │  FPS    4257  │  RSS   5604 MB
----------  ⏱  step   780,000  │  FPS    4257  │  RSS   5604 MB
----------------------------------------
| hw/                     |            |
|    fps                  | 4.26e+03   |
|    rss_mb               | 5.6e+03    |
| rollout/                |            |
|    ep_len_mean          | 8.64e+04   |
|    ep_rew_mean          | 1.45e+04   |
| time/                   |            |
|    fps                  | 1322       |
|    iterations           | 381        |
|    time_elapsed         | 590        |
|    total_timesteps      | 780288     |
| train/                  |            |
|    approx_kl            | 0.00193575 |
|    clip_fraction        | 0.01       |
|    clip_range           | 0.2        |
|    entropy_loss         | -0.0706    |
|    explained_variance   | 0.84       |
|    learning_rate        | 0.0003     |
|    loss                 | 3.24       |
|    n_updates            | 3800       |
|    policy_gradient_loss | -0.00112   |
|    value_l------------------------------------------
| rollout/                |------------------------------------------
| rollout/                |              |
|    ep_len_mean          | 8.64e+04     |
|    ep_rew_mean          | 1.45e+04     |
| time/                   |              |
|    fps                  | 1324         |
|    iterations           | 382          |
|    time_elapsed         | 590          |
|    total_timesteps      | 782336       |
| train/                  |              |
|    approx_kl            | 0.0007099862 |
|    clip_fraction        | 0.01         |
|    clip_range           | 0.2          |
|    entropy_loss         | -0.0494      |
|    explained_variance   | 0.799        |
|    learning_rate        | 0.0003       |
|    loss                 | 0.853        |
|    n_updates            | 3810         |
|    policy_gradient_loss | -0.000369    |
|    value_loss -------------------------------------------
| rollout/                -------------------------------------------
| rollout/                |               |
|    ep_len_mean          | 8.64e+04      |
|    ep_rew_mean          | 1.45e+04      |
| time/                   |               |
|    fps                  | 1327          |
|    iterations           | 383           |
|    time_elapsed         | 591           |
|    total_timesteps      | 784384        |
| train/                  |               |
|    approx_kl            | 0.00035812953 |
|    clip_fraction        | 0.00479       |
|    clip_range           | 0.2           |
|    entropy_loss         | -0.0428       |
|    explained_variance   | 0.626         |
|    learning_rate        | 0.0003        |
|    loss                 | 53.4          |
|    n_updates            | 3820          |
|    policy_gradient_loss | -0.000988     |
|    value_loss   -------------------------------------------
| rollout/                -------------------------------------------
| rollout/                |               |
|    ep_len_mean          | 8.64e+04      |
|    ep_rew_mean          | 1.45e+04      |
| time/                   |               |
|    fps                  | 1329          |
|    iterations           | 384           |
|    time_elapsed         | 591           |
|    total_timesteps      | 786432        |
| train/                  |               |
|    approx_kl            | 0.00016439546 |
|    clip_fraction        | 0.000977      |
|    clip_range           | 0.2           |
|    entropy_loss         | -0.0356       |
|    explained_variance   | 0.363         |
|    learning_rate        | 0.0003        |
|    loss                 | 140           |
|    n_updates            | 3830          |
|    policy_gradient_loss | -0.000361     |
|    value_loss   ------------------------------------------
| rollout/                |------------------------------------------
| rollout/                |              |
|    ep_len_mean          | 8.64e+04     |
|    ep_rew_mean          | 1.45e+04     |
| time/                   |              |
|    fps                  | 1331         |
|    iterations           | 385          |
|    time_elapsed         | 592          |
|    total_timesteps      | 788480       |
| train/                  |              |
|    approx_kl            | 9.376937e-05 |
|    clip_fraction        | 0.00117      |
|    clip_range           | 0.2          |
|    entropy_loss         | -0.0275      |
|    explained_variance   | 0.574        |
|    learning_rate        | 0.0003       |
|    loss                 | 60.7         |
|    n_updates            | 3840         |
|    policy_gradient_loss | -0.000249    |
|    value_loss ------------------------------------------
| rollout/                |------------------------------------------
| rollout/                |              |
|    ep_len_mean          | 8.64e+04     |
|    ep_rew_mean          | 1.45e+04     |
| time/                   |              |
|    fps                  | 1334         |
|    iterations           | 386          |
|    time_elapsed         | 592          |
|    total_timesteps      | 790528       |
| train/                  |              |
|    approx_kl            | 0.0007114847 |
|    clip_fraction        | 0.00498      |
|    clip_range           | 0.2          |
|    entropy_loss         | -0.0305      |
|    explained_variance   | 0.362        |
|    learning_rate        | 0.0003       |
|    loss                 | 139          |
|    n_updates            | 3850         |
|    policy_gradient_loss | -0.00062     |
|    value_loss --------------------------------------------
| rollout/               --------------------------------------------
| rollout/                |                |
|    ep_len_mean          | 8.64e+04       |
|    ep_rew_mean          | 1.45e+04       |
| time/                   |                |
|    fps                  | 1336           |
|    iterations           | 387            |
|    time_elapsed         | 593            |
|    total_timesteps      | 792576         |
| train/                  |                |
|    approx_kl            | 0.000114371825 |
|    clip_fraction        | 0.00249        |
|    clip_range           | 0.2            |
|    entropy_loss         | -0.0341        |
|    explained_variance   | 0.417          |
|    learning_rate        | 0.0003         |
|    loss                 | 187            |
|    n_updates            | 3860           |
|    policy_gradient_loss | -0.00016       |
|    value_loss     ------------------------------------------
| rollout/                |------------------------------------------
| rollout/                |              |
|    ep_len_mean          | 8.64e+04     |
|    ep_rew_mean          | 1.45e+04     |
| time/                   |              |
|    fps                  | 1338         |
|    iterations           | 388          |
|    time_elapsed         | 593          |
|    total_timesteps      | 794624       |
| train/                  |              |
|    approx_kl            | 0.0012909656 |
|    clip_fraction        | 0.00762      |
|    clip_range           | 0.2          |
|    entropy_loss         | -0.0354      |
|    explained_variance   | 0.674        |
|    learning_rate        | 0.0003       |
|    loss                 | 68.3         |
|    n_updates            | 3870         |
|    policy_gradient_loss | -0.00257     |
|    value_loss ------------------------------------------
| rollout/                |------------------------------------------
| rollout/                |              |
|    ep_len_mean          | 8.64e+04     |
|    ep_rew_mean          | 1.45e+04     |
| time/                   |              |
|    fps                  | 1341         |
|    iterations           | 389          |
|    time_elapsed         | 594          |
|    total_timesteps      | 796672       |
| train/                  |              |
|    approx_kl            | 6.748276e-05 |
|    clip_fraction        | 0.000537     |
|    clip_range           | 0.2          |
|    entropy_loss         | -0.0148      |
|    explained_variance   | -0.0691      |
|    learning_rate        | 0.0003       |
|    loss                 | 99.6         |
|    n_updates            | 3880         |
|    policy_gradient_loss | -6.45e-05    |
|    value_loss -------------------------------------------
| rollout/                -------------------------------------------
| rollout/                |               |
|    ep_len_mean          | 8.64e+04      |
|    ep_rew_mean          | 1.45e+04      |
| time/                   |               |
|    fps                  | 1343          |
|    iterations           | 390           |
|    time_elapsed         | 594           |
|    total_timesteps      | 798720        |
| train/                  |               |
|    approx_kl            | 0.00015009465 |
|    clip_fraction        | 0.000586      |
|    clip_range           | 0.2           |
|    entropy_loss         | -0.0166       |
|    explained_variance   | 0.313         |
|    learning_rate        | 0.0003        |
|    loss                 | 117           |
|    n_updates            | 3890          |
|    policy_gradient_loss | -7.93e-05     |
|    value_loss   Eval num_timesteps=800000, episode_reward=22384.36 +/- 1295.81
EpisodeEval num_timesteps=800000, episode_reward=22384.36 +/- 1295.81
Episode length: 86400.00 +/- 0.00
-------------------------------------------
| eval/                   |               |
|    mean_ep_length       | 8.64e+04      |
|    mean_reward          | 2.24e+04      |
| time/                   |               |
|    total_timesteps      | 800000        |
| train/                  |               |
|    approx_kl            | 8.6526066e-05 |
|    clip_fraction        | 0.00112       |
|    clip_range           | 0.2           |
|    entropy_loss         | -0.017        |
|    explained_variance   | 0.683         |
|    learning_rate        | 0.0003        |
|    loss                 | 174           |
|    n_updates            | 3900          |
|    policy_gradient_loss | -9.57e-05     |
|    value_loss     ⏱  step   800,000  │  FPS     637  │  RSS   5604 MB
----------  ⏱  step   800,000  │  FPS     637  │  RSS   5604 MB
---------------------------------
| hw/                |          |
|    fps             | 637      |
|    rss_mb          | 5.6e+03  |
| rollout/           |          |
|    ep_len_mean     | 8.64e+04 |
|    ep_rew_mean     | 1.45e+04 |
| time/              |          |
|    fps             | 1288     |
|    iterations      | 391      |
|    time_elapsed    | 621      -------------------------------------------
| rollout/                -------------------------------------------
| rollout/                |               |
|    ep_len_mean          | 8.64e+04      |
|    ep_rew_mean          | 1.45e+04      |
| time/                   |               |
|    fps                  | 1290          |
|    iterations           | 392           |
|    time_elapsed         | 622           |
|    total_timesteps      | 802816        |
| train/                  |               |
|    approx_kl            | 0.00025221883 |
|    clip_fraction        | 0.00356       |
|    clip_range           | 0.2           |
|    entropy_loss         | -0.0182       |
|    explained_variance   | 0.399         |
|    learning_rate        | 0.0003        |
|    loss                 | 136           |
|    n_updates            | 3910          |
|    policy_gradient_loss | -0.000399     |
|    value_loss   -------------------------------------------
| rollout/                -------------------------------------------
| rollout/                |               |
|    ep_len_mean          | 8.64e+04      |
|    ep_rew_mean          | 1.45e+04      |
| time/                   |               |
|    fps                  | 1292          |
|    iterations           | 393           |
|    time_elapsed         | 622           |
|    total_timesteps      | 804864        |
| train/                  |               |
|    approx_kl            | 0.00087607594 |
|    clip_fraction        | 0.00303       |
|    clip_range           | 0.2           |
|    entropy_loss         | -0.0229       |
|    explained_variance   | 0.813         |
|    learning_rate        | 0.0003        |
|    loss                 | 11.8          |
|    n_updates            | 3920          |
|    policy_gradient_loss | -0.000212     |
|    value_loss   ------------------------------------------
| rollout/                |------------------------------------------
| rollout/                |              |
|    ep_len_mean          | 8.64e+04     |
|    ep_rew_mean          | 1.45e+04     |
| time/                   |              |
|    fps                  | 1295         |
|    iterations           | 394          |
|    time_elapsed         | 623          |
|    total_timesteps      | 806912       |
| train/                  |              |
|    approx_kl            | 9.544467e-05 |
|    clip_fraction        | 0.000586     |
|    clip_range           | 0.2          |
|    entropy_loss         | -0.0126      |
|    explained_variance   | 0.26         |
|    learning_rate        | 0.0003       |
|    loss                 | 29.2         |
|    n_updates            | 3930         |
|    policy_gradient_loss | -0.000166    |
|    value_loss ------------------------------------------
| rollout/                |------------------------------------------
| rollout/                |              |
|    ep_len_mean          | 8.64e+04     |
|    ep_rew_mean          | 1.45e+04     |
| time/                   |              |
|    fps                  | 1297         |
|    iterations           | 395          |
|    time_elapsed         | 623          |
|    total_timesteps      | 808960       |
| train/                  |              |
|    approx_kl            | 0.0015364371 |
|    clip_fraction        | 0.0042       |
|    clip_range           | 0.2          |
|    entropy_loss         | -0.0228      |
|    explained_variance   | 0.0899       |
|    learning_rate        | 0.0003       |
|    loss                 | 139          |
|    n_updates            | 3940         |
|    policy_gradient_loss | -0.00061     |
|    value_loss -------------------------------------------
| rollout/                -------------------------------------------
| rollout/                |               |
|    ep_len_mean          | 8.64e+04      |
|    ep_rew_mean          | 1.45e+04      |
| time/                   |               |
|    fps                  | 1299          |
|    iterations           | 396           |
|    time_elapsed         | 624           |
|    total_timesteps      | 811008        |
| train/                  |               |
|    approx_kl            | 0.00018370504 |
|    clip_fraction        | 0.00181       |
|    clip_range           | 0.2           |
|    entropy_loss         | -0.0154       |
|    explained_variance   | 0.781         |
|    learning_rate        | 0.0003        |
|    loss                 | 61.5          |
|    n_updates            | 3950          |
|    policy_gradient_loss | -0.000415     |
|    value_loss   -------------------------------------------
| rollout/                -------------------------------------------
| rollout/                |               |
|    ep_len_mean          | 8.64e+04      |
|    ep_rew_mean          | 1.45e+04      |
| time/                   |               |
|    fps                  | 1301          |
|    iterations           | 397           |
|    time_elapsed         | 624           |
|    total_timesteps      | 813056        |
| train/                  |               |
|    approx_kl            | 1.1759985e-05 |
|    clip_fraction        | 0             |
|    clip_range           | 0.2           |
|    entropy_loss         | -0.00653      |
|    explained_variance   | 0.3           |
|    learning_rate        | 0.0003        |
|    loss                 | 147           |
|    n_updates            | 3960          |
|    policy_gradient_loss | -2.7e-05      |
|    value_loss   ------------------------------------------
| rollout/                |------------------------------------------
| rollout/                |              |
|    ep_len_mean          | 8.64e+04     |
|    ep_rew_mean          | 1.45e+04     |
| time/                   |              |
|    fps                  | 1304         |
|    iterations           | 398          |
|    time_elapsed         | 624          |
|    total_timesteps      | 815104       |
| train/                  |              |
|    approx_kl            | 8.749947e-05 |
|    clip_fraction        | 0.000586     |
|    clip_range           | 0.2          |
|    entropy_loss         | -0.0078      |
|    explained_variance   | 0.171        |
|    learning_rate        | 0.0003       |
|    loss                 | 104          |
|    n_updates            | 3970         |
|    policy_gradient_loss | -4.28e-05    |
|    value_loss -------------------------------------------
| rollout/                -------------------------------------------
| rollout/                |               |
|    ep_len_mean          | 8.64e+04      |
|    ep_rew_mean          | 1.45e+04      |
| time/                   |               |
|    fps                  | 1306          |
|    iterations           | 399           |
|    time_elapsed         | 625           |
|    total_timesteps      | 817152        |
| train/                  |               |
|    approx_kl            | 0.00018952636 |
|    clip_fraction        | 0.00122       |
|    clip_range           | 0.2           |
|    entropy_loss         | -0.00814      |
|    explained_variance   | 0.886         |
|    learning_rate        | 0.0003        |
|    loss                 | 8.87          |
|    n_updates            | 3980          |
|    policy_gradient_loss | -3.69e-05     |
|    value_loss   -------------------------------------------
| rollout/                -------------------------------------------
| rollout/                |               |
|    ep_len_mean          | 8.64e+04      |
|    ep_rew_mean          | 1.45e+04      |
| time/                   |               |
|    fps                  | 1308          |
|    iterations           | 400           |
|    time_elapsed         | 625           |
|    total_timesteps      | 819200        |
| train/                  |               |
|    approx_kl            | 0.00033174484 |
|    clip_fraction        | 0.000781      |
|    clip_range           | 0.2           |
|    entropy_loss         | -0.00415      |
|    explained_variance   | 0.67          |
|    learning_rate        | 0.0003        |
|    loss                 | 6.7           |
|    n_updates            | 3990          |
|    policy_gradient_loss | -0.00013      |
|    value_loss     ⏱  step   820,000  │  FPS    4124  │  RSS   5604 MB
----------  ⏱  step   820,000  │  FPS    4124  │  RSS   5604 MB
-------------------------------------------
| hw/                     |               |
|    fps                  | 4.12e+03      |
|    rss_mb               | 5.6e+03       |
| rollout/                |               |
|    ep_len_mean          | 8.64e+04      |
|    ep_rew_mean          | 1.45e+04      |
| time/                   |               |
|    fps                  | 1310          |
|    iterations           | 401           |
|    time_elapsed         | 626           |
|    total_timesteps      | 821248        |
| train/                  |               |
|    approx_kl            | 1.7875107e-05 |
|    clip_fraction        | 0.000146      |
|    clip_range           | 0.2           |
|    entropy_loss         | -0.00944      |
|    explained_variance   | -0.0753       |
|    learning_rate        | 0.0003        |
|    loss                 | 132           |
|    n_updates            | 4000          |
|    policy_gradient_loss | 2.99e-05      |
|    value_loss   -------------------------------------------
| rollout/                -------------------------------------------
| rollout/                |               |
|    ep_len_mean          | 8.64e+04      |
|    ep_rew_mean          | 1.45e+04      |
| time/                   |               |
|    fps                  | 1313          |
|    iterations           | 402           |
|    time_elapsed         | 626           |
|    total_timesteps      | 823296        |
| train/                  |               |
|    approx_kl            | 0.00037965784 |
|    clip_fraction        | 0.00103       |
|    clip_range           | 0.2           |
|    entropy_loss         | -0.00995      |
|    explained_variance   | 0.592         |
|    learning_rate        | 0.0003        |
|    loss                 | 33.5          |
|    n_updates            | 4010          |
|    policy_gradient_loss | -0.000139     |
|    value_loss   -------------------------------------------
| rollout/                -------------------------------------------
| rollout/                |               |
|    ep_len_mean          | 8.64e+04      |
|    ep_rew_mean          | 1.45e+04      |
| time/                   |               |
|    fps                  | 1315          |
|    iterations           | 403           |
|    time_elapsed         | 627           |
|    total_timesteps      | 825344        |
| train/                  |               |
|    approx_kl            | 1.8298102e-05 |
|    clip_fraction        | 0             |
|    clip_range           | 0.2           |
|    entropy_loss         | -0.00852      |
|    explained_variance   | 0.295         |
|    learning_rate        | 0.0003        |
|    loss                 | 149           |
|    n_updates            | 4020          |
|    policy_gradient_loss | -2.78e-05     |
|    value_loss   -------------------------------------------
| rollout/                -------------------------------------------
| rollout/                |               |
|    ep_len_mean          | 8.64e+04      |
|    ep_rew_mean          | 1.45e+04      |
| time/                   |               |
|    fps                  | 1317          |
|    iterations           | 404           |
|    time_elapsed         | 627           |
|    total_timesteps      | 827392        |
| train/                  |               |
|    approx_kl            | 0.00033261842 |
|    clip_fraction        | 0.00142       |
|    clip_range           | 0.2           |
|    entropy_loss         | -0.0162       |
|    explained_variance   | 0.61          |
|    learning_rate        | 0.0003        |
|    loss                 | 7.74          |
|    n_updates            | 4030          |
|    policy_gradient_loss | -0.000312     |
|    value_loss   ------------------------------------------
| rollout/                |------------------------------------------
| rollout/                |              |
|    ep_len_mean          | 8.64e+04     |
|    ep_rew_mean          | 1.45e+04     |
| time/                   |              |
|    fps                  | 1319         |
|    iterations           | 405          |
|    time_elapsed         | 628          |
|    total_timesteps      | 829440       |
| train/                  |              |
|    approx_kl            | 0.0004173592 |
|    clip_fraction        | 0.0021       |
|    clip_range           | 0.2          |
|    entropy_loss         | -0.0165      |
|    explained_variance   | 0.357        |
|    learning_rate        | 0.0003       |
|    loss                 | 41.7         |
|    n_updates            | 4040         |
|    policy_gradient_loss | -0.000242    |
|    value_loss ------------------------------------------
| rollout/                |------------------------------------------
| rollout/                |              |
|    ep_len_mean          | 8.64e+04     |
|    ep_rew_mean          | 1.45e+04     |
| time/                   |              |
|    fps                  | 1321         |
|    iterations           | 406          |
|    time_elapsed         | 628          |
|    total_timesteps      | 831488       |
| train/                  |              |
|    approx_kl            | 0.0057639643 |
|    clip_fraction        | 0.00264      |
|    clip_range           | 0.2          |
|    entropy_loss         | -0.0134      |
|    explained_variance   | 0.281        |
|    learning_rate        | 0.0003       |
|    loss                 | 19.4         |
|    n_updates            | 4050         |
|    policy_gradient_loss | -0.00127     |
|    value_loss ------------------------------------------
| rollout/                |------------------------------------------
| rollout/                |              |
|    ep_len_mean          | 8.64e+04     |
|    ep_rew_mean          | 1.45e+04     |
| time/                   |              |
|    fps                  | 1324         |
|    iterations           | 407          |
|    time_elapsed         | 629          |
|    total_timesteps      | 833536       |
| train/                  |              |
|    approx_kl            | 0.0015732807 |
|    clip_fraction        | 0.011        |
|    clip_range           | 0.2          |
|    entropy_loss         | -0.0391      |
|    explained_variance   | 0.817        |
|    learning_rate        | 0.0003       |
|    loss                 | 29.9         |
|    n_updates            | 4060         |
|    policy_gradient_loss | -0.00497     |
|    value_loss ------------------------------------------
| rollout/                |------------------------------------------
| rollout/                |              |
|    ep_len_mean          | 8.64e+04     |
|    ep_rew_mean          | 1.45e+04     |
| time/                   |              |
|    fps                  | 1326         |
|    iterations           | 408          |
|    time_elapsed         | 630          |
|    total_timesteps      | 835584       |
| train/                  |              |
|    approx_kl            | 0.0070367903 |
|    clip_fraction        | 0.00532      |
|    clip_range           | 0.2          |
|    entropy_loss         | -0.0329      |
|    explained_variance   | 0.247        |
|    learning_rate        | 0.0003       |
|    loss                 | 134          |
|    n_updates            | 4070         |
|    policy_gradient_loss | -0.00209     |
|    value_loss -------------------------------------------
| rollout/                -------------------------------------------
| rollout/                |               |
|    ep_len_mean          | 8.64e+04      |
|    ep_rew_mean          | 1.45e+04      |
| time/                   |               |
|    fps                  | 1328          |
|    iterations           | 409           |
|    time_elapsed         | 630           |
|    total_timesteps      | 837632        |
| train/                  |               |
|    approx_kl            | 0.00018062306 |
|    clip_fraction        | 0.00127       |
|    clip_range           | 0.2           |
|    entropy_loss         | -0.0235       |
|    explained_variance   | 0.0407        |
|    learning_rate        | 0.0003        |
|    loss                 | 126           |
|    n_updates            | 4080          |
|    policy_gradient_loss | -3.46e-05     |
|    value_loss   ------------------------------------------
| rollout/                |------------------------------------------
| rollout/                |              |
|    ep_len_mean          | 8.64e+04     |
|    ep_rew_mean          | 1.45e+04     |
| time/                   |              |
|    fps                  | 1330         |
|    iterations           | 410          |
|    time_elapsed         | 631          |
|    total_timesteps      | 839680       |
| train/                  |              |
|    approx_kl            | 0.0001123003 |
|    clip_fraction        | 0.00156      |
|    clip_range           | 0.2          |
|    entropy_loss         | -0.0161      |
|    explained_variance   | 0.502        |
|    learning_rate        | 0.0003       |
|    loss                 | 154          |
|    n_updates            | 4090         |
|    policy_gradient_loss | -0.000298    |
|    value_loss   ⏱  step   840,000  │  FPS    4020  │  RSS   5604 MB
----------  ⏱  step   840,000  │  FPS    4020  │  RSS   5604 MB
-------------------------------------------
| hw/                     |               |
|    fps                  | 4.02e+03      |
|    rss_mb               | 5.6e+03       |
| rollout/                |               |
|    ep_len_mean          | 8.64e+04      |
|    ep_rew_mean          | 1.45e+04      |
| time/                   |               |
|    fps                  | 1332          |
|    iterations           | 411           |
|    time_elapsed         | 631           |
|    total_timesteps      | 841728        |
| train/                  |               |
|    approx_kl            | 0.00016297484 |
|    clip_fraction        | 0.000977      |
|    clip_range           | 0.2           |
|    entropy_loss         | -0.0195       |
|    explained_variance   | 0.534         |
|    learning_rate        | 0.0003        |
|    loss                 | 176           |
|    n_updates            | 4100          |
|    policy_gradient_loss | -0.000151     |
|    value_loss   ------------------------------------------
| rollout/                |------------------------------------------
| rollout/                |              |
|    ep_len_mean          | 8.64e+04     |
|    ep_rew_mean          | 1.45e+04     |
| time/                   |              |
|    fps                  | 1335         |
|    iterations           | 412          |
|    time_elapsed         | 631          |
|    total_timesteps      | 843776       |
| train/                  |              |
|    approx_kl            | 0.0006700498 |
|    clip_fraction        | 0.00107      |
|    clip_range           | 0.2          |
|    entropy_loss         | -0.0187      |
|    explained_variance   | 0.511        |
|    learning_rate        | 0.0003       |
|    loss                 | 91.3         |
|    n_updates            | 4110         |
|    policy_gradient_loss | -0.000569    |
|    value_loss -----------------------------------------
| rollout/                | -----------------------------------------
| rollout/                |             |
|    ep_len_mean          | 8.64e+04    |
|    ep_rew_mean          | 1.45e+04    |
| time/                   |             |
|    fps                  | 1337        |
|    iterations           | 413         |
|    time_elapsed         | 632         |
|    total_timesteps      | 845824      |
| train/                  |             |
|    approx_kl            | 0.000738388 |
|    clip_fraction        | 0.00288     |
|    clip_range           | 0.2         |
|    entropy_loss         | -0.0192     |
|    explained_variance   | 0.913       |
|    learning_rate        | 0.0003      |
|    loss                 | 3.35        |
|    n_updates            | 4120        |
|    policy_gradient_loss | 0.000988    |
|    value_los-------------------------------------------
| rollout/                -------------------------------------------
| rollout/                |               |
|    ep_len_mean          | 8.64e+04      |
|    ep_rew_mean          | 1.45e+04      |
| time/                   |               |
|    fps                  | 1339          |
|    iterations           | 414           |
|    time_elapsed         | 632           |
|    total_timesteps      | 847872        |
| train/                  |               |
|    approx_kl            | 0.00029375032 |
|    clip_fraction        | 0.00313       |
|    clip_range           | 0.2           |
|    entropy_loss         | -0.0236       |
|    explained_variance   | 0.851         |
|    learning_rate        | 0.0003        |
|    loss                 | 18            |
|    n_updates            | 4130          |
|    policy_gradient_loss | -0.000791     |
|    value_loss   ------------------------------------------
| rollout/                |------------------------------------------
| rollout/                |              |
|    ep_len_mean          | 8.64e+04     |
|    ep_rew_mean          | 1.45e+04     |
| time/                   |              |
|    fps                  | 1341         |
|    iterations           | 415          |
|    time_elapsed         | 633          |
|    total_timesteps      | 849920       |
| train/                  |              |
|    approx_kl            | 0.0006699074 |
|    clip_fraction        | 0.00293      |
|    clip_range           | 0.2          |
|    entropy_loss         | -0.0215      |
|    explained_variance   | 0.838        |
|    learning_rate        | 0.0003       |
|    loss                 | 8.5          |
|    n_updates            | 4140         |
|    policy_gradient_loss | 4.43e-05     |
|    value_loss Eval num_timesteps=850000, episode_reward=30923.26 +/- 5357.34
EpisodeEval num_timesteps=850000, episode_reward=30923.26 +/- 5357.34
Episode length: 86400.00 +/- 0.00
-------------------------------------------
| eval/                   |               |
|    mean_ep_length       | 8.64e+04      |
|    mean_reward          | 3.09e+04      |
| time/                   |               |
|    total_timesteps      | 850000        |
| train/                  |               |
|    approx_kl            | 0.00020668382 |
|    clip_fraction        | 0.00137       |
|    clip_range           | 0.2           |
|    entropy_loss         | -0.0189       |
|    explained_variance   | 0.486         |
|    learning_rate        | 0.0003        |
|    loss                 | 65.8          |
|    n_updates            | 4150          |
|    policy_gradient_loss | -0.000214     |
|    value_loss   ---------------------------------
| rollout/           |          |
| ---------------------------------
| rollout/           |          |
|    ep_len_mean     | 8.64e+04 |
|    ep_rew_mean     | 1.45e+04 |
| time/              |          |
|    fps             | 1289     |
|    iterations      | 416      |
|    time_elapsed    | 660      ------------------------------------------
| rollout/                |------------------------------------------
| rollout/                |              |
|    ep_len_mean          | 8.64e+04     |
|    ep_rew_mean          | 1.45e+04     |
| time/                   |              |
|    fps                  | 1291         |
|    iterations           | 417          |
|    time_elapsed         | 661          |
|    total_timesteps      | 854016       |
| train/                  |              |
|    approx_kl            | 0.0011591024 |
|    clip_fraction        | 0.00342      |
|    clip_range           | 0.2          |
|    entropy_loss         | -0.0148      |
|    explained_variance   | 0.845        |
|    learning_rate        | 0.0003       |
|    loss                 | 2.76         |
|    n_updates            | 4160         |
|    policy_gradient_loss | -0.00162     |
|    value_loss ------------------------------------------
| rollout/                |------------------------------------------
| rollout/                |              |
|    ep_len_mean          | 8.64e+04     |
|    ep_rew_mean          | 1.45e+04     |
| time/                   |              |
|    fps                  | 1293         |
|    iterations           | 418          |
|    time_elapsed         | 661          |
|    total_timesteps      | 856064       |
| train/                  |              |
|    approx_kl            | 0.0024789376 |
|    clip_fraction        | 0.00728      |
|    clip_range           | 0.2          |
|    entropy_loss         | -0.0241      |
|    explained_variance   | 0.49         |
|    learning_rate        | 0.0003       |
|    loss                 | 25.5         |
|    n_updates            | 4170         |
|    policy_gradient_loss | -0.00059     |
|    value_loss -------------------------------------------
| rollout/                -------------------------------------------
| rollout/                |               |
|    ep_len_mean          | 8.64e+04      |
|    ep_rew_mean          | 1.45e+04      |
| time/                   |               |
|    fps                  | 1296          |
|    iterations           | 419           |
|    time_elapsed         | 662           |
|    total_timesteps      | 858112        |
| train/                  |               |
|    approx_kl            | 3.4863304e-05 |
|    clip_fraction        | 0.000439      |
|    clip_range           | 0.2           |
|    entropy_loss         | -0.0244       |
|    explained_variance   | 0.521         |
|    learning_rate        | 0.0003        |
|    loss                 | 63            |
|    n_updates            | 4180          |
|    policy_gradient_loss | -7.96e-05     |
|    value_loss     ⏱  step   860,000  │  FPS     639  │  RSS   5604 MB
----------  ⏱  step   860,000  │  FPS     639  │  RSS   5604 MB
-------------------------------------------
| hw/                     |               |
|    fps                  | 639           |
|    rss_mb               | 5.6e+03       |
| rollout/                |               |
|    ep_len_mean          | 8.64e+04      |
|    ep_rew_mean          | 1.45e+04      |
| time/                   |               |
|    fps                  | 1298          |
|    iterations           | 420           |
|    time_elapsed         | 662           |
|    total_timesteps      | 860160        |
| train/                  |               |
|    approx_kl            | 0.00084530504 |
|    clip_fraction        | 0.00352       |
|    clip_range           | 0.2           |
|    entropy_loss         | -0.018        |
|    explained_variance   | 0.715         |
|    learning_rate        | 0.0003        |
|    loss                 | 94.7          |
|    n_updates            | 4190          |
|    policy_gradient_loss | -0.000887     |
|    value_loss   -------------------------------------------
| rollout/                -------------------------------------------
| rollout/                |               |
|    ep_len_mean          | 8.64e+04      |
|    ep_rew_mean          | 1.45e+04      |
| time/                   |               |
|    fps                  | 1300          |
|    iterations           | 421           |
|    time_elapsed         | 663           |
|    total_timesteps      | 862208        |
| train/                  |               |
|    approx_kl            | 0.00043983522 |
|    clip_fraction        | 0.00171       |
|    clip_range           | 0.2           |
|    entropy_loss         | -0.0165       |
|    explained_variance   | 0.821         |
|    learning_rate        | 0.0003        |
|    loss                 | 84.7          |
|    n_updates            | 4200          |
|    policy_gradient_loss | 0.000108      |
|    value_loss   -------------------------------------------
| rollout/                -------------------------------------------
| rollout/                |               |
|    ep_len_mean          | 8.64e+04      |
|    ep_rew_mean          | 1.58e+04      |
| time/                   |               |
|    fps                  | 1302          |
|    iterations           | 422           |
|    time_elapsed         | 663           |
|    total_timesteps      | 864256        |
| train/                  |               |
|    approx_kl            | 5.4954056e-05 |
|    clip_fraction        | 0.000977      |
|    clip_range           | 0.2           |
|    entropy_loss         | -0.0202       |
|    explained_variance   | 0.604         |
|    learning_rate        | 0.0003        |
|    loss                 | 116           |
|    n_updates            | 4210          |
|    policy_gradient_loss | -1.85e-05     |
|    value_loss   -------------------------------------------
| rollout/                -------------------------------------------
| rollout/                |               |
|    ep_len_mean          | 8.64e+04      |
|    ep_rew_mean          | 1.58e+04      |
| time/                   |               |
|    fps                  | 1304          |
|    iterations           | 423           |
|    time_elapsed         | 664           |
|    total_timesteps      | 866304        |
| train/                  |               |
|    approx_kl            | 4.3517153e-05 |
|    clip_fraction        | 0.00103       |
|    clip_range           | 0.2           |
|    entropy_loss         | -0.0093       |
|    explained_variance   | 0.509         |
|    learning_rate        | 0.0003        |
|    loss                 | 63.1          |
|    n_updates            | 4220          |
|    policy_gradient_loss | -0.000121     |
|    value_loss   ---------------------------------------
| rollout/                |   ---------------------------------------
| rollout/                |           |
|    ep_len_mean          | 8.64e+04  |
|    ep_rew_mean          | 1.58e+04  |
| time/                   |           |
|    fps                  | 1306      |
|    iterations           | 424       |
|    time_elapsed         | 664       |
|    total_timesteps      | 868352    |
| train/                  |           |
|    approx_kl            | 0.0349074 |
|    clip_fraction        | 0.0415    |
|    clip_range           | 0.2       |
|    entropy_loss         | -0.0724   |
|    explained_variance   | 0.699     |
|    learning_rate        | 0.0003    |
|    loss                 | 20.7      |
|    n_updates            | 4230      |
|    policy_gradient_loss | -0.00422  |
|    value-------------------------------------------
| rollout/                -------------------------------------------
| rollout/                |               |
|    ep_len_mean          | 8.64e+04      |
|    ep_rew_mean          | 1.58e+04      |
| time/                   |               |
|    fps                  | 1308          |
|    iterations           | 425           |
|    time_elapsed         | 665           |
|    total_timesteps      | 870400        |
| train/                  |               |
|    approx_kl            | 0.00054252334 |
|    clip_fraction        | 0.00371       |
|    clip_range           | 0.2           |
|    entropy_loss         | -0.0181       |
|    explained_variance   | 0.643         |
|    learning_rate        | 0.0003        |
|    loss                 | 188           |
|    n_updates            | 4240          |
|    policy_gradient_loss | -0.00132      |
|    value_loss   -------------------------------------------
| rollout/                -------------------------------------------
| rollout/                |               |
|    ep_len_mean          | 8.64e+04      |
|    ep_rew_mean          | 1.58e+04      |
| time/                   |               |
|    fps                  | 1310          |
|    iterations           | 426           |
|    time_elapsed         | 665           |
|    total_timesteps      | 872448        |
| train/                  |               |
|    approx_kl            | 1.0008342e-05 |
|    clip_fraction        | 0.000684      |
|    clip_range           | 0.2           |
|    entropy_loss         | -0.0198       |
|    explained_variance   | 0.655         |
|    learning_rate        | 0.0003        |
|    loss                 | 340           |
|    n_updates            | 4250          |
|    policy_gradient_loss | -9.38e-06     |
|    value_loss   ------------------------------------------
| rollout/                |------------------------------------------
| rollout/                |              |
|    ep_len_mean          | 8.64e+04     |
|    ep_rew_mean          | 1.58e+04     |
| time/                   |              |
|    fps                  | 1312         |
|    iterations           | 427          |
|    time_elapsed         | 666          |
|    total_timesteps      | 874496       |
| train/                  |              |
|    approx_kl            | 0.0030267225 |
|    clip_fraction        | 0.0129       |
|    clip_range           | 0.2          |
|    entropy_loss         | -0.0329      |
|    explained_variance   | 0.311        |
|    learning_rate        | 0.0003       |
|    loss                 | 50.5         |
|    n_updates            | 4260         |
|    policy_gradient_loss | -0.00117     |
|    value_loss ------------------------------------------
| rollout/                |------------------------------------------
| rollout/                |              |
|    ep_len_mean          | 8.64e+04     |
|    ep_rew_mean          | 1.58e+04     |
| time/                   |              |
|    fps                  | 1315         |
|    iterations           | 428          |
|    time_elapsed         | 666          |
|    total_timesteps      | 876544       |
| train/                  |              |
|    approx_kl            | 0.0007620222 |
|    clip_fraction        | 0.00303      |
|    clip_range           | 0.2          |
|    entropy_loss         | -0.0169      |
|    explained_variance   | 0.62         |
|    learning_rate        | 0.0003       |
|    loss                 | 80.8         |
|    n_updates            | 4270         |
|    policy_gradient_loss | -0.00153     |
|    value_loss -------------------------------------------
| rollout/                -------------------------------------------
| rollout/                |               |
|    ep_len_mean          | 8.64e+04      |
|    ep_rew_mean          | 1.58e+04      |
| time/                   |               |
|    fps                  | 1317          |
|    iterations           | 429           |
|    time_elapsed         | 667           |
|    total_timesteps      | 878592        |
| train/                  |               |
|    approx_kl            | 2.9922638e-05 |
|    clip_fraction        | 0.000586      |
|    clip_range           | 0.2           |
|    entropy_loss         | -0.0128       |
|    explained_variance   | 0.666         |
|    learning_rate        | 0.0003        |
|    loss                 | 231           |
|    n_updates            | 4280          |
|    policy_gradient_loss | 4.47e-06      |
|    value_loss     ⏱  step   880,000  │  FPS    4073  │  RSS   5604 MB
----------  ⏱  step   880,000  │  FPS    4073  │  RSS   5604 MB
------------------------------------------
| hw/                     |              |
|    fps                  | 4.07e+03     |
|    rss_mb               | 5.6e+03      |
| rollout/                |              |
|    ep_len_mean          | 8.64e+04     |
|    ep_rew_mean          | 1.58e+04     |
| time/                   |              |
|    fps                  | 1319         |
|    iterations           | 430          |
|    time_elapsed         | 667          |
|    total_timesteps      | 880640       |
| train/                  |              |
|    approx_kl            | 0.0015800137 |
|    clip_fraction        | 0.00513      |
|    clip_range           | 0.2          |
|    entropy_loss         | -0.0211      |
|    explained_variance   | 0.938        |
|    learning_rate        | 0.0003       |
|    loss                 | 4.49         |
|    n_updates            | 4290         |
|    policy_gradient_loss | -0.000688    |
|    value_loss -----------------------------------------
| rollout/                | -----------------------------------------
| rollout/                |             |
|    ep_len_mean          | 8.64e+04    |
|    ep_rew_mean          | 1.58e+04    |
| time/                   |             |
|    fps                  | 1321        |
|    iterations           | 431         |
|    time_elapsed         | 668         |
|    total_timesteps      | 882688      |
| train/                  |             |
|    approx_kl            | 0.000985082 |
|    clip_fraction        | 0.00439     |
|    clip_range           | 0.2         |
|    entropy_loss         | -0.0195     |
|    explained_variance   | 0.817       |
|    learning_rate        | 0.0003      |
|    loss                 | 1.53        |
|    n_updates            | 4300        |
|    policy_gradient_loss | -0.000711   |
|    value_los----------------------------------------
| rollout/                |  ----------------------------------------
| rollout/                |            |
|    ep_len_mean          | 8.64e+04   |
|    ep_rew_mean          | 1.58e+04   |
| time/                   |            |
|    fps                  | 1323       |
|    iterations           | 432        |
|    time_elapsed         | 668        |
|    total_timesteps      | 884736     |
| train/                  |            |
|    approx_kl            | 0.07918746 |
|    clip_fraction        | 0.0423     |
|    clip_range           | 0.2        |
|    entropy_loss         | -0.0913    |
|    explained_variance   | 0.92       |
|    learning_rate        | 0.0003     |
|    loss                 | 3.28       |
|    n_updates            | 4310       |
|    policy_gradient_loss | -0.00608   |
|    value_l-----------------------------------------
| rollout/                | -----------------------------------------
| rollout/                |             |
|    ep_len_mean          | 8.64e+04    |
|    ep_rew_mean          | 1.58e+04    |
| time/                   |             |
|    fps                  | 1325        |
|    iterations           | 433         |
|    time_elapsed         | 669         |
|    total_timesteps      | 886784      |
| train/                  |             |
|    approx_kl            | 0.038777176 |
|    clip_fraction        | 0.0653      |
|    clip_range           | 0.2         |
|    entropy_loss         | -0.0994     |
|    explained_variance   | 0.447       |
|    learning_rate        | 0.0003      |
|    loss                 | 31.7        |
|    n_updates            | 4320        |
|    policy_gradient_loss | -0.00832    |
|    value_los-----------------------------------------
| rollout/                | -----------------------------------------
| rollout/                |             |
|    ep_len_mean          | 8.64e+04    |
|    ep_rew_mean          | 1.58e+04    |
| time/                   |             |
|    fps                  | 1327        |
|    iterations           | 434         |
|    time_elapsed         | 669         |
|    total_timesteps      | 888832      |
| train/                  |             |
|    approx_kl            | 4.42609e-05 |
|    clip_fraction        | 0.000195    |
|    clip_range           | 0.2         |
|    entropy_loss         | -0.0331     |
|    explained_variance   | 0.526       |
|    learning_rate        | 0.0003      |
|    loss                 | 239         |
|    n_updates            | 4330        |
|    policy_gradient_loss | 1.82e-05    |
|    value_los-------------------------------------------
| rollout/                -------------------------------------------
| rollout/                |               |
|    ep_len_mean          | 8.64e+04      |
|    ep_rew_mean          | 1.58e+04      |
| time/                   |               |
|    fps                  | 1329          |
|    iterations           | 435           |
|    time_elapsed         | 670           |
|    total_timesteps      | 890880        |
| train/                  |               |
|    approx_kl            | 0.00023441613 |
|    clip_fraction        | 0.000635      |
|    clip_range           | 0.2           |
|    entropy_loss         | -0.0336       |
|    explained_variance   | 0.685         |
|    learning_rate        | 0.0003        |
|    loss                 | 60.3          |
|    n_updates            | 4340          |
|    policy_gradient_loss | -9.83e-05     |
|    value_loss   ------------------------------------------
| rollout/                |------------------------------------------
| rollout/                |              |
|    ep_len_mean          | 8.64e+04     |
|    ep_rew_mean          | 1.58e+04     |
| time/                   |              |
|    fps                  | 1331         |
|    iterations           | 436          |
|    time_elapsed         | 670          |
|    total_timesteps      | 892928       |
| train/                  |              |
|    approx_kl            | 0.0047636237 |
|    clip_fraction        | 0.0163       |
|    clip_range           | 0.2          |
|    entropy_loss         | -0.0716      |
|    explained_variance   | 0.589        |
|    learning_rate        | 0.0003       |
|    loss                 | 83.7         |
|    n_updates            | 4350         |
|    policy_gradient_loss | -0.00159     |
|    value_loss -------------------------------------------
| rollout/                -------------------------------------------
| rollout/                |               |
|    ep_len_mean          | 8.64e+04      |
|    ep_rew_mean          | 1.58e+04      |
| time/                   |               |
|    fps                  | 1333          |
|    iterations           | 437           |
|    time_elapsed         | 671           |
|    total_timesteps      | 894976        |
| train/                  |               |
|    approx_kl            | 0.00019723849 |
|    clip_fraction        | 0.00298       |
|    clip_range           | 0.2           |
|    entropy_loss         | -0.0359       |
|    explained_variance   | 0.377         |
|    learning_rate        | 0.0003        |
|    loss                 | 55.8          |
|    n_updates            | 4360          |
|    policy_gradient_loss | -0.000229     |
|    value_loss   ------------------------------------------
| rollout/                |------------------------------------------
| rollout/                |              |
|    ep_len_mean          | 8.64e+04     |
|    ep_rew_mean          | 1.58e+04     |
| time/                   |              |
|    fps                  | 1335         |
|    iterations           | 438          |
|    time_elapsed         | 671          |
|    total_timesteps      | 897024       |
| train/                  |              |
|    approx_kl            | 0.0007035878 |
|    clip_fraction        | 0.00278      |
|    clip_range           | 0.2          |
|    entropy_loss         | -0.0415      |
|    explained_variance   | 0.873        |
|    learning_rate        | 0.0003       |
|    loss                 | 70.4         |
|    n_updates            | 4370         |
|    policy_gradient_loss | -0.000558    |
|    value_loss -----------------------------------------
| rollout/                | -----------------------------------------
| rollout/                |             |
|    ep_len_mean          | 8.64e+04    |
|    ep_rew_mean          | 1.58e+04    |
| time/                   |             |
|    fps                  | 1337        |
|    iterations           | 439         |
|    time_elapsed         | 672         |
|    total_timesteps      | 899072      |
| train/                  |             |
|    approx_kl            | 0.007903576 |
|    clip_fraction        | 0.00645     |
|    clip_range           | 0.2         |
|    entropy_loss         | -0.0489     |
|    explained_variance   | 0.337       |
|    learning_rate        | 0.0003      |
|    loss                 | 88.1        |
|    n_updates            | 4380        |
|    policy_gradient_loss | -0.00112    |
|    value_losEval num_timesteps=900000, episode_reward=37900.12 +/- 7756.01
EpisodeEval num_timesteps=900000, episode_reward=37900.12 +/- 7756.01
Episode length: 86400.00 +/- 0.00
------------------------------------------
| eval/                   |              |
|    mean_ep_length       | 8.64e+04     |
|    mean_reward          | 3.79e+04     |
| time/                   |              |
|    total_timesteps      | 900000       |
| train/                  |              |
|    approx_kl            | 0.0023760982 |
|    clip_fraction        | 0.00986      |
|    clip_range           | 0.2          |
|    entropy_loss         | -0.0429      |
|    explained_variance   | 0.872        |
|    learning_rate        | 0.0003       |
|    loss                 | 6.87         |
|    n_updates            | 4390         |
|    policy_gradient_loss | 0.00048      |
|    value_loss New best mean reward!
  ⏱  step   900,000  │  FPS     632  │  RSNew best mean reward!
  ⏱  step   900,000  │  FPS     632  │  RSS   5604 MB
---------------------------------
| hw/                |          |
|    fps             | 632      |
|    rss_mb          | 5.6e+03  |
| rollout/           |          |
|    ep_len_mean     | 8.64e+04 |
|    ep_rew_mean     | 1.58e+04 |
| time/              |          |
|    fps             | 1288     |
|    iterations      | 440      |
|    time_elapsed    | 699      ------------------------------------------
| rollout/                |------------------------------------------
| rollout/                |              |
|    ep_len_mean          | 8.64e+04     |
|    ep_rew_mean          | 1.58e+04     |
| time/                   |              |
|    fps                  | 1290         |
|    iterations           | 441          |
|    time_elapsed         | 699          |
|    total_timesteps      | 903168       |
| train/                  |              |
|    approx_kl            | 0.0005804358 |
|    clip_fraction        | 0.00225      |
|    clip_range           | 0.2          |
|    entropy_loss         | -0.0346      |
|    explained_variance   | 0.726        |
|    learning_rate        | 0.0003       |
|    loss                 | 40           |
|    n_updates            | 4400         |
|    policy_gradient_loss | -0.000307    |
|    value_loss --------------------------------------------
| rollout/               --------------------------------------------
| rollout/                |                |
|    ep_len_mean          | 8.64e+04       |
|    ep_rew_mean          | 1.58e+04       |
| time/                   |                |
|    fps                  | 1292           |
|    iterations           | 442            |
|    time_elapsed         | 700            |
|    total_timesteps      | 905216         |
| train/                  |                |
|    approx_kl            | 0.000117711636 |
|    clip_fraction        | 0.00181        |
|    clip_range           | 0.2            |
|    entropy_loss         | -0.0309        |
|    explained_variance   | -0.0498        |
|    learning_rate        | 0.0003         |
|    loss                 | 49.4           |
|    n_updates            | 4410           |
|    policy_gradient_loss | -0.000133      |
|    value_loss     ------------------------------------------
| rollout/                |------------------------------------------
| rollout/                |              |
|    ep_len_mean          | 8.64e+04     |
|    ep_rew_mean          | 1.58e+04     |
| time/                   |              |
|    fps                  | 1294         |
|    iterations           | 443          |
|    time_elapsed         | 700          |
|    total_timesteps      | 907264       |
| train/                  |              |
|    approx_kl            | 0.0012482379 |
|    clip_fraction        | 0.00679      |
|    clip_range           | 0.2          |
|    entropy_loss         | -0.0371      |
|    explained_variance   | -0.114       |
|    learning_rate        | 0.0003       |
|    loss                 | 18.4         |
|    n_updates            | 4420         |
|    policy_gradient_loss | -0.000766    |
|    value_loss ------------------------------------------
| rollout/                |------------------------------------------
| rollout/                |              |
|    ep_len_mean          | 8.64e+04     |
|    ep_rew_mean          | 1.58e+04     |
| time/                   |              |
|    fps                  | 1296         |
|    iterations           | 444          |
|    time_elapsed         | 701          |
|    total_timesteps      | 909312       |
| train/                  |              |
|    approx_kl            | 0.0042214883 |
|    clip_fraction        | 0.00796      |
|    clip_range           | 0.2          |
|    entropy_loss         | -0.0457      |
|    explained_variance   | 0.497        |
|    learning_rate        | 0.0003       |
|    loss                 | 104          |
|    n_updates            | 4430         |
|    policy_gradient_loss | -0.000976    |
|    value_loss -------------------------------------------
| rollout/                -------------------------------------------
| rollout/                |               |
|    ep_len_mean          | 8.64e+04      |
|    ep_rew_mean          | 1.58e+04      |
| time/                   |               |
|    fps                  | 1298          |
|    iterations           | 445           |
|    time_elapsed         | 701           |
|    total_timesteps      | 911360        |
| train/                  |               |
|    approx_kl            | 5.9751183e-05 |
|    clip_fraction        | 0.00112       |
|    clip_range           | 0.2           |
|    entropy_loss         | -0.0355       |
|    explained_variance   | 0.353         |
|    learning_rate        | 0.0003        |
|    loss                 | 157           |
|    n_updates            | 4440          |
|    policy_gradient_loss | -0.000119     |
|    value_loss   ------------------------------------------
| rollout/                |------------------------------------------
| rollout/                |              |
|    ep_len_mean          | 8.64e+04     |
|    ep_rew_mean          | 1.58e+04     |
| time/                   |              |
|    fps                  | 1300         |
|    iterations           | 446          |
|    time_elapsed         | 702          |
|    total_timesteps      | 913408       |
| train/                  |              |
|    approx_kl            | 0.0003925144 |
|    clip_fraction        | 0.00483      |
|    clip_range           | 0.2          |
|    entropy_loss         | -0.0313      |
|    explained_variance   | 0.329        |
|    learning_rate        | 0.0003       |
|    loss                 | 7.69         |
|    n_updates            | 4450         |
|    policy_gradient_loss | 0.000146     |
|    value_loss ------------------------------------------
| rollout/                |------------------------------------------
| rollout/                |              |
|    ep_len_mean          | 8.64e+04     |
|    ep_rew_mean          | 1.58e+04     |
| time/                   |              |
|    fps                  | 1302         |
|    iterations           | 447          |
|    time_elapsed         | 702          |
|    total_timesteps      | 915456       |
| train/                  |              |
|    approx_kl            | 0.0010409908 |
|    clip_fraction        | 0.00376      |
|    clip_range           | 0.2          |
|    entropy_loss         | -0.038       |
|    explained_variance   | 0.708        |
|    learning_rate        | 0.0003       |
|    loss                 | 22.3         |
|    n_updates            | 4460         |
|    policy_gradient_loss | -0.000529    |
|    value_loss -----------------------------------------
| rollout/                | -----------------------------------------
| rollout/                |             |
|    ep_len_mean          | 8.64e+04    |
|    ep_rew_mean          | 1.58e+04    |
| time/                   |             |
|    fps                  | 1304        |
|    iterations           | 448         |
|    time_elapsed         | 703         |
|    total_timesteps      | 917504      |
| train/                  |             |
|    approx_kl            | 0.000312816 |
|    clip_fraction        | 0.00571     |
|    clip_range           | 0.2         |
|    entropy_loss         | -0.0304     |
|    explained_variance   | 0.502       |
|    learning_rate        | 0.0003      |
|    loss                 | 60.4        |
|    n_updates            | 4470        |
|    policy_gradient_loss | -0.000685   |
|    value_los-------------------------------------------
| rollout/                -------------------------------------------
| rollout/                |               |
|    ep_len_mean          | 8.64e+04      |
|    ep_rew_mean          | 1.58e+04      |
| time/                   |               |
|    fps                  | 1306          |
|    iterations           | 449           |
|    time_elapsed         | 703           |
|    total_timesteps      | 919552        |
| train/                  |               |
|    approx_kl            | 0.00053805916 |
|    clip_fraction        | 0.00366       |
|    clip_range           | 0.2           |
|    entropy_loss         | -0.0358       |
|    explained_variance   | 0.716         |
|    learning_rate        | 0.0003        |
|    loss                 | 9.37          |
|    n_updates            | 4480          |
|    policy_gradient_loss | 8.97e-05      |
|    value_loss     ⏱  step   920,000  │  FPS    4059  │  RSS   5604 MB
----------  ⏱  step   920,000  │  FPS    4059  │  RSS   5604 MB
-----------------------------------------
| hw/                     |             |
|    fps                  | 4.06e+03    |
|    rss_mb               | 5.6e+03     |
| rollout/                |             |
|    ep_len_mean          | 8.64e+04    |
|    ep_rew_mean          | 1.58e+04    |
| time/                   |             |
|    fps                  | 1308        |
|    iterations           | 450         |
|    time_elapsed         | 704         |
|    total_timesteps      | 921600      |
| train/                  |             |
|    approx_kl            | 0.005879124 |
|    clip_fraction        | 0.00923     |
|    clip_range           | 0.2         |
|    entropy_loss         | -0.0345     |
|    explained_variance   | 0.723       |
|    learning_rate        | 0.0003      |
|    loss                 | 65.9        |
|    n_updates            | 4490        |
|    policy_gradient_loss | -0.00317    |
|    value_los-------------------------------------------
| rollout/                -------------------------------------------
| rollout/                |               |
|    ep_len_mean          | 8.64e+04      |
|    ep_rew_mean          | 1.58e+04      |
| time/                   |               |
|    fps                  | 1310          |
|    iterations           | 451           |
|    time_elapsed         | 704           |
|    total_timesteps      | 923648        |
| train/                  |               |
|    approx_kl            | 0.00027316753 |
|    clip_fraction        | 0.00376       |
|    clip_range           | 0.2           |
|    entropy_loss         | -0.0344       |
|    explained_variance   | 0.472         |
|    learning_rate        | 0.0003        |
|    loss                 | 107           |
|    n_updates            | 4500          |
|    policy_gradient_loss | -0.000545     |
|    value_loss   ------------------------------------------
| rollout/                |------------------------------------------
| rollout/                |              |
|    ep_len_mean          | 8.64e+04     |
|    ep_rew_mean          | 1.58e+04     |
| time/                   |              |
|    fps                  | 1312         |
|    iterations           | 452          |
|    time_elapsed         | 705          |
|    total_timesteps      | 925696       |
| train/                  |              |
|    approx_kl            | 0.0005952519 |
|    clip_fraction        | 0.00361      |
|    clip_range           | 0.2          |
|    entropy_loss         | -0.0239      |
|    explained_variance   | 0.742        |
|    learning_rate        | 0.0003       |
|    loss                 | 76.6         |
|    n_updates            | 4510         |
|    policy_gradient_loss | -0.000332    |
|    value_loss ------------------------------------------
| rollout/                |------------------------------------------
| rollout/                |              |
|    ep_len_mean          | 8.64e+04     |
|    ep_rew_mean          | 1.58e+04     |
| time/                   |              |
|    fps                  | 1314         |
|    iterations           | 453          |
|    time_elapsed         | 705          |
|    total_timesteps      | 927744       |
| train/                  |              |
|    approx_kl            | 0.0020201073 |
|    clip_fraction        | 0.00249      |
|    clip_range           | 0.2          |
|    entropy_loss         | -0.0281      |
|    explained_variance   | 0.424        |
|    learning_rate        | 0.0003       |
|    loss                 | 13.9         |
|    n_updates            | 4520         |
|    policy_gradient_loss | -0.000424    |
|    value_loss -------------------------------------------
| rollout/                -------------------------------------------
| rollout/                |               |
|    ep_len_mean          | 8.64e+04      |
|    ep_rew_mean          | 1.58e+04      |
| time/                   |               |
|    fps                  | 1316          |
|    iterations           | 454           |
|    time_elapsed         | 706           |
|    total_timesteps      | 929792        |
| train/                  |               |
|    approx_kl            | 0.00077973155 |
|    clip_fraction        | 0.00591       |
|    clip_range           | 0.2           |
|    entropy_loss         | -0.0383       |
|    explained_variance   | 0.83          |
|    learning_rate        | 0.0003        |
|    loss                 | 9.22          |
|    n_updates            | 4530          |
|    policy_gradient_loss | -0.000243     |
|    value_loss   ------------------------------------------
| rollout/                |------------------------------------------
| rollout/                |              |
|    ep_len_mean          | 8.64e+04     |
|    ep_rew_mean          | 1.58e+04     |
| time/                   |              |
|    fps                  | 1318         |
|    iterations           | 455          |
|    time_elapsed         | 706          |
|    total_timesteps      | 931840       |
| train/                  |              |
|    approx_kl            | 0.0068190508 |
|    clip_fraction        | 0.00854      |
|    clip_range           | 0.2          |
|    entropy_loss         | -0.0355      |
|    explained_variance   | 0.785        |
|    learning_rate        | 0.0003       |
|    loss                 | 12.6         |
|    n_updates            | 4540         |
|    policy_gradient_loss | -0.000636    |
|    value_loss -------------------------------------------
| rollout/                -------------------------------------------
| rollout/                |               |
|    ep_len_mean          | 8.64e+04      |
|    ep_rew_mean          | 1.58e+04      |
| time/                   |               |
|    fps                  | 1320          |
|    iterations           | 456           |
|    time_elapsed         | 707           |
|    total_timesteps      | 933888        |
| train/                  |               |
|    approx_kl            | 0.00032817875 |
|    clip_fraction        | 0.0063        |
|    clip_range           | 0.2           |
|    entropy_loss         | -0.0448       |
|    explained_variance   | 0.626         |
|    learning_rate        | 0.0003        |
|    loss                 | 120           |
|    n_updates            | 4550          |
|    policy_gradient_loss | -0.000458     |
|    value_loss   ----------------------------------------
| rollout/                |  ----------------------------------------
| rollout/                |            |
|    ep_len_mean          | 8.64e+04   |
|    ep_rew_mean          | 1.58e+04   |
| time/                   |            |
|    fps                  | 1322       |
|    iterations           | 457        |
|    time_elapsed         | 707        |
|    total_timesteps      | 935936     |
| train/                  |            |
|    approx_kl            | 0.00885374 |
|    clip_fraction        | 0.00659    |
|    clip_range           | 0.2        |
|    entropy_loss         | -0.0443    |
|    explained_variance   | 0.398      |
|    learning_rate        | 0.0003     |
|    loss                 | 14.8       |
|    n_updates            | 4560       |
|    policy_gradient_loss | 0.000579   |
|    value_l------------------------------------------
| rollout/                |------------------------------------------
| rollout/                |              |
|    ep_len_mean          | 8.64e+04     |
|    ep_rew_mean          | 1.58e+04     |
| time/                   |              |
|    fps                  | 1324         |
|    iterations           | 458          |
|    time_elapsed         | 708          |
|    total_timesteps      | 937984       |
| train/                  |              |
|    approx_kl            | 0.0006626408 |
|    clip_fraction        | 0.00459      |
|    clip_range           | 0.2          |
|    entropy_loss         | -0.0284      |
|    explained_variance   | 0.492        |
|    learning_rate        | 0.0003       |
|    loss                 | 5.52         |
|    n_updates            | 4570         |
|    policy_gradient_loss | -0.000998    |
|    value_loss   ⏱  step   940,000  │  FPS    4275  │  RSS   5604 MB
----------  ⏱  step   940,000  │  FPS    4275  │  RSS   5604 MB
------------------------------------------
| hw/                     |              |
|    fps                  | 4.28e+03     |
|    rss_mb               | 5.6e+03      |
| rollout/                |              |
|    ep_len_mean          | 8.64e+04     |
|    ep_rew_mean          | 1.58e+04     |
| time/                   |              |
|    fps                  | 1326         |
|    iterations           | 459          |
|    time_elapsed         | 708          |
|    total_timesteps      | 940032       |
| train/                  |              |
|    approx_kl            | 0.0001080544 |
|    clip_fraction        | 0.00225      |
|    clip_range           | 0.2          |
|    entropy_loss         | -0.0216      |
|    explained_variance   | 0.311        |
|    learning_rate        | 0.0003       |
|    loss                 | 43.5         |
|    n_updates            | 4580         |
|    policy_gradient_loss | -0.000392    |
|    value_loss -------------------------------------------
| rollout/                -------------------------------------------
| rollout/                |               |
|    ep_len_mean          | 8.64e+04      |
|    ep_rew_mean          | 1.58e+04      |
| time/                   |               |
|    fps                  | 1328          |
|    iterations           | 460           |
|    time_elapsed         | 709           |
|    total_timesteps      | 942080        |
| train/                  |               |
|    approx_kl            | 0.00053508946 |
|    clip_fraction        | 0.00396       |
|    clip_range           | 0.2           |
|    entropy_loss         | -0.0305       |
|    explained_variance   | 0.232         |
|    learning_rate        | 0.0003        |
|    loss                 | 49            |
|    n_updates            | 4590          |
|    policy_gradient_loss | -0.000871     |
|    value_loss   -------------------------------------------
| rollout/                -------------------------------------------
| rollout/                |               |
|    ep_len_mean          | 8.64e+04      |
|    ep_rew_mean          | 1.58e+04      |
| time/                   |               |
|    fps                  | 1330          |
|    iterations           | 461           |
|    time_elapsed         | 709           |
|    total_timesteps      | 944128        |
| train/                  |               |
|    approx_kl            | 0.00015409157 |
|    clip_fraction        | 0.00313       |
|    clip_range           | 0.2           |
|    entropy_loss         | -0.0261       |
|    explained_variance   | -0.0205       |
|    learning_rate        | 0.0003        |
|    loss                 | 103           |
|    n_updates            | 4600          |
|    policy_gradient_loss | -0.000254     |
|    value_loss   -------------------------------------------
| rollout/                -------------------------------------------
| rollout/                |               |
|    ep_len_mean          | 8.64e+04      |
|    ep_rew_mean          | 1.58e+04      |
| time/                   |               |
|    fps                  | 1332          |
|    iterations           | 462           |
|    time_elapsed         | 710           |
|    total_timesteps      | 946176        |
| train/                  |               |
|    approx_kl            | 1.3837154e-05 |
|    clip_fraction        | 0.000342      |
|    clip_range           | 0.2           |
|    entropy_loss         | -0.0115       |
|    explained_variance   | -0.716        |
|    learning_rate        | 0.0003        |
|    loss                 | 95.9          |
|    n_updates            | 4610          |
|    policy_gradient_loss | -5.35e-05     |
|    value_loss   ------------------------------------------
| rollout/                |------------------------------------------
| rollout/                |              |
|    ep_len_mean          | 8.64e+04     |
|    ep_rew_mean          | 1.58e+04     |
| time/                   |              |
|    fps                  | 1334         |
|    iterations           | 463          |
|    time_elapsed         | 710          |
|    total_timesteps      | 948224       |
| train/                  |              |
|    approx_kl            | 0.0007335953 |
|    clip_fraction        | 0.00332      |
|    clip_range           | 0.2          |
|    entropy_loss         | -0.0145      |
|    explained_variance   | 0.746        |
|    learning_rate        | 0.0003       |
|    loss                 | 3.13         |
|    n_updates            | 4620         |
|    policy_gradient_loss | 0.000519     |
|    value_loss Eval num_timesteps=950000, episode_reward=25741.09 +/- 9251.60
EpisodeEval num_timesteps=950000, episode_reward=25741.09 +/- 9251.60
Episode length: 86400.00 +/- 0.00
------------------------------------------
| eval/                   |              |
|    mean_ep_length       | 8.64e+04     |
|    mean_reward          | 2.57e+04     |
| time/                   |              |
|    total_timesteps      | 950000       |
| train/                  |              |
|    approx_kl            | 0.0004769641 |
|    clip_fraction        | 0.00366      |
|    clip_range           | 0.2          |
|    entropy_loss         | -0.0109      |
|    explained_variance   | 0.781        |
|    learning_rate        | 0.0003       |
|    loss                 | 10.3         |
|    n_updates            | 4630         |
|    policy_gradient_loss | -0.00036     |
|    value_loss ---------------------------------
| rollout/           |          |
| ---------------------------------
| rollout/           |          |
|    ep_len_mean     | 8.64e+04 |
|    ep_rew_mean     | 1.58e+04 |
| time/              |          |
|    fps             | 1287     |
|    iterations      | 464      |
|    time_elapsed    | 737      ------------------------------------------
| rollout/                |------------------------------------------
| rollout/                |              |
|    ep_len_mean          | 8.64e+04     |
|    ep_rew_mean          | 1.68e+04     |
| time/                   |              |
|    fps                  | 1289         |
|    iterations           | 465          |
|    time_elapsed         | 738          |
|    total_timesteps      | 952320       |
| train/                  |              |
|    approx_kl            | 0.0004560631 |
|    clip_fraction        | 0.00283      |
|    clip_range           | 0.2          |
|    entropy_loss         | -0.00882     |
|    explained_variance   | 0.849        |
|    learning_rate        | 0.0003       |
|    loss                 | 5.54         |
|    n_updates            | 4640         |
|    policy_gradient_loss | -0.000388    |
|    value_loss ------------------------------------------
| rollout/                |------------------------------------------
| rollout/                |              |
|    ep_len_mean          | 8.64e+04     |
|    ep_rew_mean          | 1.68e+04     |
| time/                   |              |
|    fps                  | 1291         |
|    iterations           | 466          |
|    time_elapsed         | 738          |
|    total_timesteps      | 954368       |
| train/                  |              |
|    approx_kl            | 0.0003201742 |
|    clip_fraction        | 0.0022       |
|    clip_range           | 0.2          |
|    entropy_loss         | -0.0188      |
|    explained_variance   | 0.33         |
|    learning_rate        | 0.0003       |
|    loss                 | 38.6         |
|    n_updates            | 4650         |
|    policy_gradient_loss | -0.000487    |
|    value_loss -------------------------------------------
| rollout/                -------------------------------------------
| rollout/                |               |
|    ep_len_mean          | 8.64e+04      |
|    ep_rew_mean          | 1.68e+04      |
| time/                   |               |
|    fps                  | 1293          |
|    iterations           | 467           |
|    time_elapsed         | 739           |
|    total_timesteps      | 956416        |
| train/                  |               |
|    approx_kl            | 0.00012701438 |
|    clip_fraction        | 0.00142       |
|    clip_range           | 0.2           |
|    entropy_loss         | -0.0247       |
|    explained_variance   | -0.0068       |
|    learning_rate        | 0.0003        |
|    loss                 | 261           |
|    n_updates            | 4660          |
|    policy_gradient_loss | -0.00036      |
|    value_loss   ------------------------------------------
| rollout/                |------------------------------------------
| rollout/                |              |
|    ep_len_mean          | 8.64e+04     |
|    ep_rew_mean          | 1.68e+04     |
| time/                   |              |
|    fps                  | 1295         |
|    iterations           | 468          |
|    time_elapsed         | 739          |
|    total_timesteps      | 958464       |
| train/                  |              |
|    approx_kl            | 0.0030334115 |
|    clip_fraction        | 0.00596      |
|    clip_range           | 0.2          |
|    entropy_loss         | -0.0343      |
|    explained_variance   | 0.341        |
|    learning_rate        | 0.0003       |
|    loss                 | 294          |
|    n_updates            | 4670         |
|    policy_gradient_loss | -0.00118     |
|    value_loss   ⏱  step   960,000  │  FPS     634  │  RSS   5604 MB
----------  ⏱  step   960,000  │  FPS     634  │  RSS   5604 MB
------------------------------------------
| hw/                     |              |
|    fps                  | 634          |
|    rss_mb               | 5.6e+03      |
| rollout/                |              |
|    ep_len_mean          | 8.64e+04     |
|    ep_rew_mean          | 1.68e+04     |
| time/                   |              |
|    fps                  | 1297         |
|    iterations           | 469          |
|    time_elapsed         | 740          |
|    total_timesteps      | 960512       |
| train/                  |              |
|    approx_kl            | 0.0018135742 |
|    clip_fraction        | 0.00488      |
|    clip_range           | 0.2          |
|    entropy_loss         | -0.0199      |
|    explained_variance   | 0.415        |
|    learning_rate        | 0.0003       |
|    loss                 | 287          |
|    n_updates            | 4680         |
|    policy_gradient_loss | -0.000818    |
|    value_loss -------------------------------------------
| rollout/                -------------------------------------------
| rollout/                |               |
|    ep_len_mean          | 8.64e+04      |
|    ep_rew_mean          | 1.68e+04      |
| time/                   |               |
|    fps                  | 1299          |
|    iterations           | 470           |
|    time_elapsed         | 740           |
|    total_timesteps      | 962560        |
| train/                  |               |
|    approx_kl            | 0.00022165329 |
|    clip_fraction        | 0.00146       |
|    clip_range           | 0.2           |
|    entropy_loss         | -0.0175       |
|    explained_variance   | 0.156         |
|    learning_rate        | 0.0003        |
|    loss                 | 212           |
|    n_updates            | 4690          |
|    policy_gradient_loss | -0.000138     |
|    value_loss   -----------------------------------------
| rollout/                | -----------------------------------------
| rollout/                |             |
|    ep_len_mean          | 8.64e+04    |
|    ep_rew_mean          | 1.68e+04    |
| time/                   |             |
|    fps                  | 1301        |
|    iterations           | 471         |
|    time_elapsed         | 741         |
|    total_timesteps      | 964608      |
| train/                  |             |
|    approx_kl            | 0.005126509 |
|    clip_fraction        | 0.0101      |
|    clip_range           | 0.2         |
|    entropy_loss         | -0.0368     |
|    explained_variance   | 0.653       |
|    learning_rate        | 0.0003      |
|    loss                 | 18.2        |
|    n_updates            | 4700        |
|    policy_gradient_loss | -0.00211    |
|    value_los------------------------------------------
| rollout/                |------------------------------------------
| rollout/                |              |
|    ep_len_mean          | 8.64e+04     |
|    ep_rew_mean          | 1.68e+04     |
| time/                   |              |
|    fps                  | 1303         |
|    iterations           | 472          |
|    time_elapsed         | 741          |
|    total_timesteps      | 966656       |
| train/                  |              |
|    approx_kl            | 0.0001859486 |
|    clip_fraction        | 0.00288      |
|    clip_range           | 0.2          |
|    entropy_loss         | -0.0417      |
|    explained_variance   | 0.436        |
|    learning_rate        | 0.0003       |
|    loss                 | 67           |
|    n_updates            | 4710         |
|    policy_gradient_loss | -0.000174    |
|    value_loss -----------------------------------------
| rollout/                | -----------------------------------------
| rollout/                |             |
|    ep_len_mean          | 8.64e+04    |
|    ep_rew_mean          | 1.68e+04    |
| time/                   |             |
|    fps                  | 1304        |
|    iterations           | 473         |
|    time_elapsed         | 742         |
|    total_timesteps      | 968704      |
| train/                  |             |
|    approx_kl            | 0.003122241 |
|    clip_fraction        | 0.00806     |
|    clip_range           | 0.2         |
|    entropy_loss         | -0.0446     |
|    explained_variance   | 0.629       |
|    learning_rate        | 0.0003      |
|    loss                 | 72.8        |
|    n_updates            | 4720        |
|    policy_gradient_loss | -0.00283    |
|    value_los-----------------------------------------
| rollout/                | -----------------------------------------
| rollout/                |             |
|    ep_len_mean          | 8.64e+04    |
|    ep_rew_mean          | 1.68e+04    |
| time/                   |             |
|    fps                  | 1306        |
|    iterations           | 474         |
|    time_elapsed         | 742         |
|    total_timesteps      | 970752      |
| train/                  |             |
|    approx_kl            | 0.002735212 |
|    clip_fraction        | 0.01        |
|    clip_range           | 0.2         |
|    entropy_loss         | -0.0505     |
|    explained_variance   | 0.882       |
|    learning_rate        | 0.0003      |
|    loss                 | 19.9        |
|    n_updates            | 4730        |
|    policy_gradient_loss | 9.05e-06    |
|    value_los------------------------------------------
| rollout/                |------------------------------------------
| rollout/                |              |
|    ep_len_mean          | 8.64e+04     |
|    ep_rew_mean          | 1.68e+04     |
| time/                   |              |
|    fps                  | 1308         |
|    iterations           | 475          |
|    time_elapsed         | 743          |
|    total_timesteps      | 972800       |
| train/                  |              |
|    approx_kl            | 0.0004930758 |
|    clip_fraction        | 0.00361      |
|    clip_range           | 0.2          |
|    entropy_loss         | -0.0299      |
|    explained_variance   | 0.256        |
|    learning_rate        | 0.0003       |
|    loss                 | 233          |
|    n_updates            | 4740         |
|    policy_gradient_loss | -0.000427    |
|    value_loss ------------------------------------------
| rollout/                |------------------------------------------
| rollout/                |              |
|    ep_len_mean          | 8.64e+04     |
|    ep_rew_mean          | 1.68e+04     |
| time/                   |              |
|    fps                  | 1310         |
|    iterations           | 476          |
|    time_elapsed         | 743          |
|    total_timesteps      | 974848       |
| train/                  |              |
|    approx_kl            | 0.0010567995 |
|    clip_fraction        | 0.00728      |
|    clip_range           | 0.2          |
|    entropy_loss         | -0.0367      |
|    explained_variance   | 0.732        |
|    learning_rate        | 0.0003       |
|    loss                 | 18.5         |
|    n_updates            | 4750         |
|    policy_gradient_loss | -0.000305    |
|    value_loss -------------------------------------------
| rollout/                -------------------------------------------
| rollout/                |               |
|    ep_len_mean          | 8.64e+04      |
|    ep_rew_mean          | 1.68e+04      |
| time/                   |               |
|    fps                  | 1312          |
|    iterations           | 477           |
|    time_elapsed         | 744           |
|    total_timesteps      | 976896        |
| train/                  |               |
|    approx_kl            | 0.00043564336 |
|    clip_fraction        | 0.00376       |
|    clip_range           | 0.2           |
|    entropy_loss         | -0.0278       |
|    explained_variance   | -0.0672       |
|    learning_rate        | 0.0003        |
|    loss                 | 114           |
|    n_updates            | 4760          |
|    policy_gradient_loss | -0.000348     |
|    value_loss   -------------------------------------------
| rollout/                -------------------------------------------
| rollout/                |               |
|    ep_len_mean          | 8.64e+04      |
|    ep_rew_mean          | 1.68e+04      |
| time/                   |               |
|    fps                  | 1314          |
|    iterations           | 478           |
|    time_elapsed         | 744           |
|    total_timesteps      | 978944        |
| train/                  |               |
|    approx_kl            | 0.00018643512 |
|    clip_fraction        | 0.00132       |
|    clip_range           | 0.2           |
|    entropy_loss         | -0.0278       |
|    explained_variance   | 0.172         |
|    learning_rate        | 0.0003        |
|    loss                 | 31.7          |
|    n_updates            | 4770          |
|    policy_gradient_loss | -0.000267     |
|    value_loss     ⏱  step   980,000  │  FPS    4097  │  RSS   5604 MB
----------  ⏱  step   980,000  │  FPS    4097  │  RSS   5604 MB
-----------------------------------------
| hw/                     |             |
|    fps                  | 4.1e+03     |
|    rss_mb               | 5.6e+03     |
| rollout/                |             |
|    ep_len_mean          | 8.64e+04    |
|    ep_rew_mean          | 1.68e+04    |
| time/                   |             |
|    fps                  | 1316        |
|    iterations           | 479         |
|    time_elapsed         | 745         |
|    total_timesteps      | 980992      |
| train/                  |             |
|    approx_kl            | 0.036166318 |
|    clip_fraction        | 0.0115      |
|    clip_range           | 0.2         |
|    entropy_loss         | -0.0294     |
|    explained_variance   | 0.688       |
|    learning_rate        | 0.0003      |
|    loss                 | 4.22        |
|    n_updates            | 4780        |
|    policy_gradient_loss | -0.0031     |
|    value_los-------------------------------------------
| rollout/                -------------------------------------------
| rollout/                |               |
|    ep_len_mean          | 8.64e+04      |
|    ep_rew_mean          | 1.68e+04      |
| time/                   |               |
|    fps                  | 1318          |
|    iterations           | 480           |
|    time_elapsed         | 745           |
|    total_timesteps      | 983040        |
| train/                  |               |
|    approx_kl            | 5.9079815e-05 |
|    clip_fraction        | 0.000586      |
|    clip_range           | 0.2           |
|    entropy_loss         | -0.0188       |
|    explained_variance   | 0.488         |
|    learning_rate        | 0.0003        |
|    loss                 | 44.3          |
|    n_updates            | 4790          |
|    policy_gradient_loss | -3.11e-05     |
|    value_loss   ------------------------------------------
| rollout/                |------------------------------------------
| rollout/                |              |
|    ep_len_mean          | 8.64e+04     |
|    ep_rew_mean          | 1.68e+04     |
| time/                   |              |
|    fps                  | 1320         |
|    iterations           | 481          |
|    time_elapsed         | 746          |
|    total_timesteps      | 985088       |
| train/                  |              |
|    approx_kl            | 0.0003241136 |
|    clip_fraction        | 0.00171      |
|    clip_range           | 0.2          |
|    entropy_loss         | -0.0168      |
|    explained_variance   | 0.191        |
|    learning_rate        | 0.0003       |
|    loss                 | 86.5         |
|    n_updates            | 4800         |
|    policy_gradient_loss | -0.000492    |
|    value_loss -----------------------------------------
| rollout/                | -----------------------------------------
| rollout/                |             |
|    ep_len_mean          | 8.64e+04    |
|    ep_rew_mean          | 1.68e+04    |
| time/                   |             |
|    fps                  | 1321        |
|    iterations           | 482         |
|    time_elapsed         | 746         |
|    total_timesteps      | 987136      |
| train/                  |             |
|    approx_kl            | 0.022249822 |
|    clip_fraction        | 0.135       |
|    clip_range           | 0.2         |
|    entropy_loss         | -0.108      |
|    explained_variance   | 0.533       |
|    learning_rate        | 0.0003      |
|    loss                 | 17.1        |
|    n_updates            | 4810        |
|    policy_gradient_loss | -0.0148     |
|    value_los-----------------------------------------
| rollout/                | -----------------------------------------
| rollout/                |             |
|    ep_len_mean          | 8.64e+04    |
|    ep_rew_mean          | 1.68e+04    |
| time/                   |             |
|    fps                  | 1323        |
|    iterations           | 483         |
|    time_elapsed         | 747         |
|    total_timesteps      | 989184      |
| train/                  |             |
|    approx_kl            | 0.029906362 |
|    clip_fraction        | 0.0133      |
|    clip_range           | 0.2         |
|    entropy_loss         | -0.0245     |
|    explained_variance   | 0.791       |
|    learning_rate        | 0.0003      |
|    loss                 | 7.45        |
|    n_updates            | 4820        |
|    policy_gradient_loss | -0.0012     |
|    value_los------------------------------------------
| rollout/                |------------------------------------------
| rollout/                |              |
|    ep_len_mean          | 8.64e+04     |
|    ep_rew_mean          | 1.68e+04     |
| time/                   |              |
|    fps                  | 1325         |
|    iterations           | 484          |
|    time_elapsed         | 747          |
|    total_timesteps      | 991232       |
| train/                  |              |
|    approx_kl            | 4.389917e-05 |
|    clip_fraction        | 0.00273      |
|    clip_range           | 0.2          |
|    entropy_loss         | -0.0254      |
|    explained_variance   | 0.209        |
|    learning_rate        | 0.0003       |
|    loss                 | 59.8         |
|    n_updates            | 4830         |
|    policy_gradient_loss | 0.000584     |
|    value_loss -------------------------------------------
| rollout/                -------------------------------------------
| rollout/                |               |
|    ep_len_mean          | 8.64e+04      |
|    ep_rew_mean          | 1.68e+04      |
| time/                   |               |
|    fps                  | 1327          |
|    iterations           | 485           |
|    time_elapsed         | 748           |
|    total_timesteps      | 993280        |
| train/                  |               |
|    approx_kl            | 0.00046226778 |
|    clip_fraction        | 0.00386       |
|    clip_range           | 0.2           |
|    entropy_loss         | -0.0253       |
|    explained_variance   | 0.39          |
|    learning_rate        | 0.0003        |
|    loss                 | 28.9          |
|    n_updates            | 4840          |
|    policy_gradient_loss | -0.000189     |
|    value_loss   -------------------------------------------
| rollout/                -------------------------------------------
| rollout/                |               |
|    ep_len_mean          | 8.64e+04      |
|    ep_rew_mean          | 1.68e+04      |
| time/                   |               |
|    fps                  | 1329          |
|    iterations           | 486           |
|    time_elapsed         | 748           |
|    total_timesteps      | 995328        |
| train/                  |               |
|    approx_kl            | 0.00021080032 |
|    clip_fraction        | 0.00337       |
|    clip_range           | 0.2           |
|    entropy_loss         | -0.024        |
|    explained_variance   | -0.0174       |
|    learning_rate        | 0.0003        |
|    loss                 | 221           |
|    n_updates            | 4850          |
|    policy_gradient_loss | -0.000257     |
|    value_loss   -------------------------------------------
| rollout/                -------------------------------------------
| rollout/                |               |
|    ep_len_mean          | 8.64e+04      |
|    ep_rew_mean          | 1.68e+04      |
| time/                   |               |
|    fps                  | 1331          |
|    iterations           | 487           |
|    time_elapsed         | 749           |
|    total_timesteps      | 997376        |
| train/                  |               |
|    approx_kl            | 6.0887134e-05 |
|    clip_fraction        | 0.00229       |
|    clip_range           | 0.2           |
|    entropy_loss         | -0.0303       |
|    explained_variance   | 0.314         |
|    learning_rate        | 0.0003        |
|    loss                 | 91.5          |
|    n_updates            | 4860          |
|    policy_gradient_loss | 9.85e-05      |
|    value_loss   ------------------------------------------
| rollout/                |------------------------------------------
| rollout/                |              |
|    ep_len_mean          | 8.64e+04     |
|    ep_rew_mean          | 1.68e+04     |
| time/                   |              |
|    fps                  | 1333         |
|    iterations           | 488          |
|    time_elapsed         | 749          |
|    total_timesteps      | 999424       |
| train/                  |              |
|    approx_kl            | 0.0027329016 |
|    clip_fraction        | 0.00308      |
|    clip_range           | 0.2          |
|    entropy_loss         | -0.0198      |
|    explained_variance   | 0.147        |
|    learning_rate        | 0.0003       |
|    loss                 | 25.3         |
|    n_updates            | 4870         |
|    policy_gradient_loss | -0.00184     |
|    value_loss Eval num_timesteps=1000000, episode_reward=28937.88 +/- 6912.41
EpisodEval num_timesteps=1000000, episode_reward=28937.88 +/- 6912.41
Episode length: 86400.00 +/- 0.00
-------------------------------------------
| eval/                   |               |
|    mean_ep_length       | 8.64e+04      |
|    mean_reward          | 2.89e+04      |
| time/                   |               |
|    total_timesteps      | 1000000       |
| train/                  |               |
|    approx_kl            | 0.00025042798 |
|    clip_fraction        | 0.00283       |
|    clip_range           | 0.2           |
|    entropy_loss         | -0.0302       |
|    explained_variance   | -0.478        |
|    learning_rate        | 0.0003        |
|    loss                 | 109           |
|    n_updates            | 4880          |
|    policy_gradient_loss | -0.000209     |
|    value_loss     ⏱  step 1,000,000  │  FPS     637  │  RSS   5604 MB
----------  ⏱  step 1,000,000  │  FPS     637  │  RSS   5604 MB
---------------------------------
| hw/                |          |
|    fps             | 637      |
|    rss_mb          | 5.6e+03  |
| rollout/           |          |
|    ep_len_mean     | 8.64e+04 |
|    ep_rew_mean     | 1.68e+04 |
| time/              |          |
|    fps             | 1289     |
|    iterations      | 489      |
|    time_elapsed    | 776      
  Training complete — 777.0 s  (1,289 steps/s)
  Timesteps complete
  Training complete —   ✓ Final model saved → /Users/aishwarya/satellite-project/models/  ✓ Final model saved → /Users/aishwarya/satellite-project/models/stability_ppo_m4.zip

────────────────────────────────────────────────────────────────────────
  Post-Training Evaluation  —  5 full-orbit episodes (86,400 s each)
─────────────────────────────────────────────────  [Phase 2] Loading topology: topology_dataset.npz … done.  T=86400 steps, N=60 sats, 24 ground stations, ISL threshold=394done.  T=86400 steps, N=60 sats, 24 ground stations, ISL threshold=3941 km, peak RAM≈2488 MB
    Ep 1/5  sat_12  │  HO:   212  │  Lat:  9.126 ms  │  GS:  15.9%  │  Return:   36642.32  │  Deaths:   30  │  Invalid:    0
    Ep 2/5  sat_54  │  HO:   361  │  Lat:  9.497 ms  │  GS:  12.0%  │  Return:   16684.54  │  Deaths:   60  │  Invalid:    0
    Ep 3/5  sat_36  │  HO:   301  │  Lat:  8.801 ms  │  GS:  20.1%  │  Return:   52572.82  │  Deaths:   90  │  Invalid:    0
    Ep 4/5  sat_17  │  HO:   211  │  Lat:  8.815 ms  │  GS:  16.2%  │  Return:   38763.34  │  Deaths:   30  │  Invalid:    0
    Ep 5/5  sat_43  │  HO:   362  │  Lat:  9.064 ms  │  GS:  19.2%  │  Return:   46082.18  │  Deaths:  121  │  Invalid:    0

========================================================================
  EVALUATION RESULTS  —  Research Metrics for IEEE Submission
========================================================================
  Metric                                                          Value
  ──────────────────────────────────────── ────────────────────────────
  Handover Jitter (switches/ep)                 289.4 ± 67.3
  Mean Propagation Delay [ms]                  9.0606 ± 0.2538
  GS Network Availability [%]                   16.69 ± 2.85
  Mean Episode Return                        38149.04 ± 12119.01
  Reward Stability (σ of return)             12119.01
  LRL Death Events / episode                     66.2
  Invalid Actions / episode                       0.0
  ──────────────────────────────────────── ────────────────────────────
  Episodes                                                            5
  Steps / episode                                                86,400
  Policy                                     universal (current_sat=-1)
========================================================================

  🗺️  Trajectory log saved → /Users/aishwarya/satellite-project/docs/eval_trajectories.json
       (5 episodes × 86,400 steps, 432,000 total records)

  📝 Training log finalized → /Users/aishwarya/satellite-project/docs/TRAINING_LOG.md
  Final Hardware State
    MPS available  : yes (unused — CPU used for MlpPolicy)
    MPS allocated  : 0.00 MB
    MPS driver     : 0.48 MB
    Peak system RSS: 5604.2 MB
    Training FPS   : 1,289 steps/s
    Wall-clock     : 777.0 s  (12.9 min)
    Finished       : 2026-03-01 21:45:28

  ☕ caffeinate terminated — system sleep re-enabled
  Log saved → /Users/aishwarya/satellite-project/logs/training_output.log
