  ☕ caffeinate started (PID 2581) — display + idle sleep blocked
========================================================================
  Phase 3 — PPO Agent Training  (IEEE Submission-Grade)
  Started   : 2026-03-02 23:56:33
  Dataset   : topology_dataset.npz  (82.5 MB)
  Log file  : /Users/aishwarya/satellite-project/logs/training_output.log
========================================================================
  ✓ MPS detected — using CPU (faster for MlpPolicy, 24-dim obs)
  Hardware validation:
    PyTorch          : 2.10.0
    Device           : cpu
    Matmul (256×256) : ✓  on cpu
    System RSS       :    284.0 MB

  Building training environment   (current_sat=-1, randomised) …
  [Phase 2] Loading topology: topology_dataset.npz … done.  T=86400 steps, N=60 sats, 24 ground stations, ISL threshold=3941 km, peak RAM≈2488 MB
  Building evaluation environment (current_sat=-1, randomised) …
  [Phase 2] Loading topology: topology_dataset.npz … done.  T=86400 steps, N=60 sats, 24 ground stations, ISL threshold=3941 km, peak RAM≈2488 MB

  Hyperparameters
  ┌─────────────────────────────────────────┐
  │  learning_rate        = 0.0003 → 0 (linear)│
  │  n_steps              = 4096              │
  │  batch_size           = 256               │
  │  n_epochs             = 3                 │
  │  gamma                = 0.99              │
  │  gae_lambda           = 0.98              │
  │  ent_coef             = 0.05              │
  │  target_kl            = 0.02              │
  │  max_grad_norm        = 0.5               │
  │  total_timesteps      = 3,000,000         │
  │  device               = cpu               │
  │  policy               = MlpPolicy         │
  │  current_sat          = -1 (random)       │
  └─────────────────────────────────────────┘

Using cpu device
Wrapping the env in a DummyVecEnv.
  💾 Model checkpoints → /Users/aishwarya/satellite-project/models/checkpoints  (every 100k steps)
  📋 Training log will be written to /Users/aishwarya/satellite-project/docs/TRAINING_LOG.md after training completes
────────────────────────────────────────────────────────────────────────
  Ready to train for 3,000,000 timesteps.
  Estimated time: ~45 min on Apple M4.
────────────────────────────────────────────────────────────────────────
  ✓ Launching training loop

Logging to /Users/aishwarya/satellite-project/logs/ppo_satellite_1
-----------------------------
| time/              |      |
|    fps             | 7476 |
|    iterations      | 1    |
|    time_elapsed    | 0    |
|    total_timesteps | 4096 |
-----------------------------
------------------------------------------
| time/                   |              |
|    fps                  | 7229         |
|    iterations           | 2            |
|    time_elapsed         | 1            |
|    total_timesteps      | 8192         |
| train/                  |              |
|    approx_kl            | 0.0013688054 |
|    clip_fraction        | 0            |
|    clip_range           | 0.2          |
|    entropy_loss         | -2.08        |
|    explained_variance   | -0.00279     |
|    learning_rate        | 0.0003       |
|    loss                 | 1.15e+04     |
|    n_updates            | 3            |
|    policy_gradient_loss | -0.00228     |
|    value_loss           | 2.63e+04     |
------------------------------------------
------------------------------------------
| time/                   |              |
|    fps                  | 7174         |
|    iterations           | 3            |
|    time_elapsed         | 1            |
|    total_timesteps      | 12288        |
| train/                  |              |
|    approx_kl            | 0.0015605334 |
|    clip_fraction        | 0            |
|    clip_range           | 0.2          |
|    entropy_loss         | -2.08        |
|    explained_variance   | 0.00764      |
|    learning_rate        | 0.000299     |
|    loss                 | 1.01e+04     |
|    n_updates            | 6            |
|    policy_gradient_loss | -0.00298     |
|    value_loss           | 2.11e+04     |
------------------------------------------
------------------------------------------
| time/                   |              |
|    fps                  | 7127         |
|    iterations           | 4            |
|    time_elapsed         | 2            |
|    total_timesteps      | 16384        |
| train/                  |              |
|    approx_kl            | 0.0024004893 |
|    clip_fraction        | 0            |
|    clip_range           | 0.2          |
|    entropy_loss         | -2.07        |
|    explained_variance   | 0.0203       |
|    learning_rate        | 0.000299     |
|    loss                 | 7.53e+03     |
|    n_updates            | 9            |
|    policy_gradient_loss | -0.00488     |
|    value_loss           | 1.59e+04     |
------------------------------------------
  ⏱  step    20,000  │  FPS    7110  │  RSS   3566 MB
------------------------------------------
| hw/                     |              |
|    fps                  | 7.11e+03     |
|    rss_mb               | 3.57e+03     |
| time/                   |              |
|    fps                  | 7094         |
|    iterations           | 5            |
|    time_elapsed         | 2            |
|    total_timesteps      | 20480        |
| train/                  |              |
|    approx_kl            | 0.0012719198 |
|    clip_fraction        | 0            |
|    clip_range           | 0.2          |
|    entropy_loss         | -2.05        |
|    explained_variance   | 0.00319      |
|    learning_rate        | 0.000298     |
|    loss                 | 7.93e+03     |
|    n_updates            | 12           |
|    policy_gradient_loss | -0.00252     |
|    value_loss           | 1.69e+04     |
------------------------------------------
------------------------------------------
| time/                   |              |
|    fps                  | 7026         |
|    iterations           | 6            |
|    time_elapsed         | 3            |
|    total_timesteps      | 24576        |
| train/                  |              |
|    approx_kl            | 0.0023283157 |
|    clip_fraction        | 0            |
|    clip_range           | 0.2          |
|    entropy_loss         | -2.04        |
|    explained_variance   | 0.0116       |
|    learning_rate        | 0.000298     |
|    loss                 | 6.78e+03     |
|    n_updates            | 15           |
|    policy_gradient_loss | -0.00481     |
|    value_loss           | 1.32e+04     |
------------------------------------------
------------------------------------------
| time/                   |              |
|    fps                  | 7040         |
|    iterations           | 7            |
|    time_elapsed         | 4            |
|    total_timesteps      | 28672        |
| train/                  |              |
|    approx_kl            | 0.0025796576 |
|    clip_fraction        | 0            |
|    clip_range           | 0.2          |
|    entropy_loss         | -2.02        |
|    explained_variance   | 0.00795      |
|    learning_rate        | 0.000298     |
|    loss                 | 5.72e+03     |
|    n_updates            | 18           |
|    policy_gradient_loss | -0.00481     |
|    value_loss           | 1.1e+04      |
------------------------------------------
------------------------------------------
| time/                   |              |
|    fps                  | 7041         |
|    iterations           | 8            |
|    time_elapsed         | 4            |
|    total_timesteps      | 32768        |
| train/                  |              |
|    approx_kl            | 0.0026399803 |
|    clip_fraction        | 0            |
|    clip_range           | 0.2          |
|    entropy_loss         | -1.99        |
|    explained_variance   | 0.00662      |
|    learning_rate        | 0.000297     |
|    loss                 | 4.15e+03     |
|    n_updates            | 21           |
|    policy_gradient_loss | -0.0054      |
|    value_loss           | 8.27e+03     |
------------------------------------------
-----------------------------------------
| time/                   |             |
|    fps                  | 7018        |
|    iterations           | 9           |
|    time_elapsed         | 5           |
|    total_timesteps      | 36864       |
| train/                  |             |
|    approx_kl            | 0.003351815 |
|    clip_fraction        | 0           |
|    clip_range           | 0.2         |
|    entropy_loss         | -1.95       |
|    explained_variance   | 0.00502     |
|    learning_rate        | 0.000297    |
|    loss                 | 3.97e+03    |
|    n_updates            | 24          |
|    policy_gradient_loss | -0.00631    |
|    value_loss           | 8.12e+03    |
-----------------------------------------
  ⏱  step    40,000  │  FPS    6917  │  RSS   3731 MB
------------------------------------------
| hw/                     |              |
|    fps                  | 6.92e+03     |
|    rss_mb               | 3.73e+03     |
| time/                   |              |
|    fps                  | 7010         |
|    iterations           | 10           |
|    time_elapsed         | 5            |
|    total_timesteps      | 40960        |
| train/                  |              |
|    approx_kl            | 0.0018767496 |
|    clip_fraction        | 0            |
|    clip_range           | 0.2          |
|    entropy_loss         | -1.91        |
|    explained_variance   | 0.00131      |
|    learning_rate        | 0.000296     |
|    loss                 | 4.33e+03     |
|    n_updates            | 27           |
|    policy_gradient_loss | -0.00266     |
|    value_loss           | 7.66e+03     |
------------------------------------------
------------------------------------------
| time/                   |              |
|    fps                  | 6960         |
|    iterations           | 11           |
|    time_elapsed         | 6            |
|    total_timesteps      | 45056        |
| train/                  |              |
|    approx_kl            | 0.0018561959 |
|    clip_fraction        | 0            |
|    clip_range           | 0.2          |
|    entropy_loss         | -1.89        |
|    explained_variance   | 0.000675     |
|    learning_rate        | 0.000296     |
|    loss                 | 3.5e+03      |
|    n_updates            | 30           |
|    policy_gradient_loss | -0.00201     |
|    value_loss           | 6.75e+03     |
------------------------------------------
------------------------------------------
| time/                   |              |
|    fps                  | 6938         |
|    iterations           | 12           |
|    time_elapsed         | 7            |
|    total_timesteps      | 49152        |
| train/                  |              |
|    approx_kl            | 0.0024157574 |
|    clip_fraction        | 0            |
|    clip_range           | 0.2          |
|    entropy_loss         | -1.88        |
|    explained_variance   | 0.000496     |
|    learning_rate        | 0.000295     |
|    loss                 | 3.05e+03     |
|    n_updates            | 33           |
|    policy_gradient_loss | -0.00275     |
|    value_loss           | 6.35e+03     |
------------------------------------------
Eval num_timesteps=50000, episode_reward=-28986.30 +/- 1926.33
Episode length: 86400.00 +/- 0.00
-----------------------------------------
| eval/                   |             |
|    mean_ep_length       | 8.64e+04    |
|    mean_reward          | -2.9e+04    |
| time/                   |             |
|    total_timesteps      | 50000       |
| train/                  |             |
|    approx_kl            | 0.003927165 |
|    clip_fraction        | 0.0106      |
|    clip_range           | 0.2         |
|    entropy_loss         | -1.84       |
|    explained_variance   | 0.00235     |
|    learning_rate        | 0.000295    |
|    loss                 | 2.13e+03    |
|    n_updates            | 36          |
|    policy_gradient_loss | -0.00678    |
|    value_loss           | 4.23e+03    |
-----------------------------------------
New best mean reward!
------------------------------
| time/              |       |
|    fps             | 1487  |
|    iterations      | 13    |
|    time_elapsed    | 35    |
|    total_timesteps | 53248 |
------------------------------
------------------------------------------
| time/                   |              |
|    fps                  | 1574         |
|    iterations           | 14           |
|    time_elapsed         | 36           |
|    total_timesteps      | 57344        |
| train/                  |              |
|    approx_kl            | 0.0014256564 |
|    clip_fraction        | 0            |
|    clip_range           | 0.2          |
|    entropy_loss         | -1.8         |
|    explained_variance   | 0.000242     |
|    learning_rate        | 0.000295     |
|    loss                 | 2.49e+03     |
|    n_updates            | 39           |
|    policy_gradient_loss | -0.00208     |
|    value_loss           | 6.13e+03     |
------------------------------------------
  ⏱  step    60,000  │  FPS     642  │  RSS   5136 MB
-----------------------------------------
| hw/                     |             |
|    fps                  | 642         |
|    rss_mb               | 5.14e+03    |
| time/                   |             |
|    fps                  | 1657        |
|    iterations           | 15          |
|    time_elapsed         | 37          |
|    total_timesteps      | 61440       |
| train/                  |             |
|    approx_kl            | 0.005411211 |
|    clip_fraction        | 0.0148      |
|    clip_range           | 0.2         |
|    entropy_loss         | -1.76       |
|    explained_variance   | 0.00178     |
|    learning_rate        | 0.000294    |
|    loss                 | 1.27e+03    |
|    n_updates            | 42          |
|    policy_gradient_loss | -0.00715    |
|    value_loss           | 2.56e+03    |
-----------------------------------------
-----------------------------------------
| time/                   |             |
|    fps                  | 1738        |
|    iterations           | 16          |
|    time_elapsed         | 37          |
|    total_timesteps      | 65536       |
| train/                  |             |
|    approx_kl            | 0.007759191 |
|    clip_fraction        | 0.0303      |
|    clip_range           | 0.2         |
|    entropy_loss         | -1.7        |
|    explained_variance   | 0.00117     |
|    learning_rate        | 0.000294    |
|    loss                 | 1.2e+03     |
|    n_updates            | 45          |
|    policy_gradient_loss | -0.00883    |
|    value_loss           | 2.54e+03    |
-----------------------------------------
------------------------------------------
| time/                   |              |
|    fps                  | 1818         |
|    iterations           | 17           |
|    time_elapsed         | 38           |
|    total_timesteps      | 69632        |
| train/                  |              |
|    approx_kl            | 0.0022798462 |
|    clip_fraction        | 0.00936      |
|    clip_range           | 0.2          |
|    entropy_loss         | -1.66        |
|    explained_variance   | 0.00116      |
|    learning_rate        | 0.000293     |
|    loss                 | 868          |
|    n_updates            | 48           |
|    policy_gradient_loss | -0.00461     |
|    value_loss           | 1.91e+03     |
------------------------------------------
------------------------------------------
| time/                   |              |
|    fps                  | 1894         |
|    iterations           | 18           |
|    time_elapsed         | 38           |
|    total_timesteps      | 73728        |
| train/                  |              |
|    approx_kl            | 0.0047121714 |
|    clip_fraction        | 0.013        |
|    clip_range           | 0.2          |
|    entropy_loss         | -1.6         |
|    explained_variance   | 0.000112     |
|    learning_rate        | 0.000293     |
|    loss                 | 888          |
|    n_updates            | 51           |
|    policy_gradient_loss | -0.00577     |
|    value_loss           | 1.77e+03     |
------------------------------------------
------------------------------------------
| time/                   |              |
|    fps                  | 1968         |
|    iterations           | 19           |
|    time_elapsed         | 39           |
|    total_timesteps      | 77824        |
| train/                  |              |
|    approx_kl            | 0.0036567925 |
|    clip_fraction        | 0.0104       |
|    clip_range           | 0.2          |
|    entropy_loss         | -1.58        |
|    explained_variance   | 0.000189     |
|    learning_rate        | 0.000293     |
|    loss                 | 705          |
|    n_updates            | 54           |
|    policy_gradient_loss | -0.00518     |
|    value_loss           | 1.47e+03     |
------------------------------------------
  ⏱  step    80,000  │  FPS    6512  │  RSS   5136 MB
-----------------------------------------
| hw/                     |             |
|    fps                  | 6.51e+03    |
|    rss_mb               | 5.14e+03    |
| time/                   |             |
|    fps                  | 2038        |
|    iterations           | 20          |
|    time_elapsed         | 40          |
|    total_timesteps      | 81920       |
| train/                  |             |
|    approx_kl            | 0.004735198 |
|    clip_fraction        | 0.0206      |
|    clip_range           | 0.2         |
|    entropy_loss         | -1.54       |
|    explained_variance   | -0.000162   |
|    learning_rate        | 0.000292    |
|    loss                 | 602         |
|    n_updates            | 57          |
|    policy_gradient_loss | -0.00511    |
|    value_loss           | 1.22e+03    |
-----------------------------------------
-----------------------------------------
| time/                   |             |
|    fps                  | 2108        |
|    iterations           | 21          |
|    time_elapsed         | 40          |
|    total_timesteps      | 86016       |
| train/                  |             |
|    approx_kl            | 0.002175362 |
|    clip_fraction        | 0.007       |
|    clip_range           | 0.2         |
|    entropy_loss         | -1.51       |
|    explained_variance   | 0.000156    |
|    learning_rate        | 0.000292    |
|    loss                 | 560         |
|    n_updates            | 60          |
|    policy_gradient_loss | -0.00365    |
|    value_loss           | 1.15e+03    |
-----------------------------------------
-----------------------------------------
| rollout/                |             |
|    ep_len_mean          | 8.64e+04    |
|    ep_rew_mean          | -2.09e+05   |
| time/                   |             |
|    fps                  | 2175        |
|    iterations           | 22          |
|    time_elapsed         | 41          |
|    total_timesteps      | 90112       |
| train/                  |             |
|    approx_kl            | 0.006383498 |
|    clip_fraction        | 0.00448     |
|    clip_range           | 0.2         |
|    entropy_loss         | -1.49       |
|    explained_variance   | 0.000173    |
|    learning_rate        | 0.000291    |
|    loss                 | 420         |
|    n_updates            | 63          |
|    policy_gradient_loss | -0.00389    |
|    value_loss           | 883         |
-----------------------------------------
------------------------------------------
| rollout/                |              |
|    ep_len_mean          | 8.64e+04     |
|    ep_rew_mean          | -2.09e+05    |
| time/                   |              |
|    fps                  | 2241         |
|    iterations           | 23           |
|    time_elapsed         | 42           |
|    total_timesteps      | 94208        |
| train/                  |              |
|    approx_kl            | 0.0073622754 |
|    clip_fraction        | 0.00944      |
|    clip_range           | 0.2          |
|    entropy_loss         | -1.44        |
|    explained_variance   | 0.000166     |
|    learning_rate        | 0.000291     |
|    loss                 | 421          |
|    n_updates            | 66           |
|    policy_gradient_loss | -0.00431     |
|    value_loss           | 895          |
------------------------------------------
-----------------------------------------
| rollout/                |             |
|    ep_len_mean          | 8.64e+04    |
|    ep_rew_mean          | -2.09e+05   |
| time/                   |             |
|    fps                  | 2305        |
|    iterations           | 24          |
|    time_elapsed         | 42          |
|    total_timesteps      | 98304       |
| train/                  |             |
|    approx_kl            | 0.008704714 |
|    clip_fraction        | 0.0155      |
|    clip_range           | 0.2         |
|    entropy_loss         | -1.4        |
|    explained_variance   | 0.000248    |
|    learning_rate        | 0.000291    |
|    loss                 | 378         |
|    n_updates            | 69          |
|    policy_gradient_loss | -0.00354    |
|    value_loss           | 787         |
-----------------------------------------
Eval num_timesteps=100000, episode_reward=-27392.07 +/- 379.79
Episode length: 86400.00 +/- 0.00
-----------------------------------------
| eval/                   |             |
|    mean_ep_length       | 8.64e+04    |
|    mean_reward          | -2.74e+04   |
| time/                   |             |
|    total_timesteps      | 100000      |
| train/                  |             |
|    approx_kl            | 0.007853442 |
|    clip_fraction        | 0.0291      |
|    clip_range           | 0.2         |
|    entropy_loss         | -1.33       |
|    explained_variance   | -0.00057    |
|    learning_rate        | 0.00029     |
|    loss                 | 344         |
|    n_updates            | 72          |
|    policy_gradient_loss | -0.00681    |
|    value_loss           | 703         |
-----------------------------------------
New best mean reward!
  ⏱  step   100,000  │  FPS     643  │  RSS   5136 MB
----------------------------------
| hw/                |           |
|    fps             | 643       |
|    rss_mb          | 5.14e+03  |
| rollout/           |           |
|    ep_len_mean     | 8.64e+04  |
|    ep_rew_mean     | -2.09e+05 |
| time/              |           |
|    fps             | 1435      |
|    iterations      | 25        |
|    time_elapsed    | 71        |
|    total_timesteps | 102400    |
----------------------------------
---------------------------------------
| rollout/                |           |
|    ep_len_mean          | 8.64e+04  |
|    ep_rew_mean          | -2.09e+05 |
| time/                   |           |
|    fps                  | 1479      |
|    iterations           | 26        |
|    time_elapsed         | 71        |
|    total_timesteps      | 106496    |
| train/                  |           |
|    approx_kl            | 0.0088663 |
|    clip_fraction        | 0.00521   |
|    clip_range           | 0.2       |
|    entropy_loss         | -1.28     |
|    explained_variance   | -0.000549 |
|    learning_rate        | 0.00029   |
|    loss                 | 334       |
|    n_updates            | 75        |
|    policy_gradient_loss | -0.00451  |
|    value_loss           | 663       |
---------------------------------------
-----------------------------------------
| rollout/                |             |
|    ep_len_mean          | 8.64e+04    |
|    ep_rew_mean          | -2.09e+05   |
| time/                   |             |
|    fps                  | 1523        |
|    iterations           | 27          |
|    time_elapsed         | 72          |
|    total_timesteps      | 110592      |
| train/                  |             |
|    approx_kl            | 0.009299787 |
|    clip_fraction        | 0.0203      |
|    clip_range           | 0.2         |
|    entropy_loss         | -1.22       |
|    explained_variance   | -0.000269   |
|    learning_rate        | 0.000289    |
|    loss                 | 286         |
|    n_updates            | 78          |
|    policy_gradient_loss | -0.0046     |
|    value_loss           | 572         |
-----------------------------------------
-----------------------------------------
| rollout/                |             |
|    ep_len_mean          | 8.64e+04    |
|    ep_rew_mean          | -2.09e+05   |
| time/                   |             |
|    fps                  | 1566        |
|    iterations           | 28          |
|    time_elapsed         | 73          |
|    total_timesteps      | 114688      |
| train/                  |             |
|    approx_kl            | 0.012042051 |
|    clip_fraction        | 0.0708      |
|    clip_range           | 0.2         |
|    entropy_loss         | -1.09       |
|    explained_variance   | -0.000219   |
|    learning_rate        | 0.000289    |
|    loss                 | 250         |
|    n_updates            | 81          |
|    policy_gradient_loss | -0.0107     |
|    value_loss           | 496         |
-----------------------------------------
-----------------------------------------
| rollout/                |             |
|    ep_len_mean          | 8.64e+04    |
|    ep_rew_mean          | -2.09e+05   |
| time/                   |             |
|    fps                  | 1608        |
|    iterations           | 29          |
|    time_elapsed         | 73          |
|    total_timesteps      | 118784      |
| train/                  |             |
|    approx_kl            | 0.007833102 |
|    clip_fraction        | 0.0184      |
|    clip_range           | 0.2         |
|    entropy_loss         | -0.998      |
|    explained_variance   | -0.000571   |
|    learning_rate        | 0.000289    |
|    loss                 | 171         |
|    n_updates            | 84          |
|    policy_gradient_loss | -0.0054     |
|    value_loss           | 371         |
-----------------------------------------
  ⏱  step   120,000  │  FPS    6666  │  RSS   5136 MB
----------------------------------------
| hw/                     |            |
|    fps                  | 6.67e+03   |
|    rss_mb               | 5.14e+03   |
| rollout/                |            |
|    ep_len_mean          | 8.64e+04   |
|    ep_rew_mean          | -2.09e+05  |
| time/                   |            |
|    fps                  | 1650       |
|    iterations           | 30         |
|    time_elapsed         | 74         |
|    total_timesteps      | 122880     |
| train/                  |            |
|    approx_kl            | 0.00585002 |
|    clip_fraction        | 0.0487     |
|    clip_range           | 0.2        |
|    entropy_loss         | -0.888     |
|    explained_variance   | -0.000643  |
|    learning_rate        | 0.000288   |
|    loss                 | 147        |
|    n_updates            | 87         |
|    policy_gradient_loss | -0.00779   |
|    value_loss           | 301        |
----------------------------------------
-----------------------------------------
| rollout/                |             |
|    ep_len_mean          | 8.64e+04    |
|    ep_rew_mean          | -2.09e+05   |
| time/                   |             |
|    fps                  | 1691        |
|    iterations           | 31          |
|    time_elapsed         | 75          |
|    total_timesteps      | 126976      |
| train/                  |             |
|    approx_kl            | 0.006701003 |
|    clip_fraction        | 0.0775      |
|    clip_range           | 0.2         |
|    entropy_loss         | -0.756      |
|    explained_variance   | -0.00032    |
|    learning_rate        | 0.000288    |
|    loss                 | 106         |
|    n_updates            | 90          |
|    policy_gradient_loss | -0.00979    |
|    value_loss           | 234         |
-----------------------------------------
------------------------------------------
| rollout/                |              |
|    ep_len_mean          | 8.64e+04     |
|    ep_rew_mean          | -2.09e+05    |
| time/                   |              |
|    fps                  | 1732         |
|    iterations           | 32           |
|    time_elapsed         | 75           |
|    total_timesteps      | 131072       |
| train/                  |              |
|    approx_kl            | 0.0050756326 |
|    clip_fraction        | 0.0704       |
|    clip_range           | 0.2          |
|    entropy_loss         | -0.656       |
|    explained_variance   | -0.000511    |
|    learning_rate        | 0.000287     |
|    loss                 | 84.2         |
|    n_updates            | 93           |
|    policy_gradient_loss | -0.0107      |
|    value_loss           | 180          |
------------------------------------------
------------------------------------------
| rollout/                |              |
|    ep_len_mean          | 8.64e+04     |
|    ep_rew_mean          | -2.09e+05    |
| time/                   |              |
|    fps                  | 1772         |
|    iterations           | 33           |
|    time_elapsed         | 76           |
|    total_timesteps      | 135168       |
| train/                  |              |
|    approx_kl            | 0.0033558104 |
|    clip_fraction        | 0.0358       |
|    clip_range           | 0.2          |
|    entropy_loss         | -0.577       |
|    explained_variance   | -4.26e-05    |
|    learning_rate        | 0.000287     |
|    loss                 | 51.5         |
|    n_updates            | 96           |
|    policy_gradient_loss | -0.00662     |
|    value_loss           | 114          |
------------------------------------------
------------------------------------------
| rollout/                |              |
|    ep_len_mean          | 8.64e+04     |
|    ep_rew_mean          | -2.09e+05    |
| time/                   |              |
|    fps                  | 1811         |
|    iterations           | 34           |
|    time_elapsed         | 76           |
|    total_timesteps      | 139264       |
| train/                  |              |
|    approx_kl            | 0.0020516282 |
|    clip_fraction        | 0.017        |
|    clip_range           | 0.2          |
|    entropy_loss         | -0.517       |
|    explained_variance   | -0.000169    |
|    learning_rate        | 0.000286     |
|    loss                 | 46.9         |
|    n_updates            | 99           |
|    policy_gradient_loss | -0.0035      |
|    value_loss           | 102          |
------------------------------------------
  ⏱  step   140,000  │  FPS    6653  │  RSS   5136 MB
-----------------------------------------
| hw/                     |             |
|    fps                  | 6.65e+03    |
|    rss_mb               | 5.14e+03    |
| rollout/                |             |
|    ep_len_mean          | 8.64e+04    |
|    ep_rew_mean          | -2.09e+05   |
| time/                   |             |
|    fps                  | 1849        |
|    iterations           | 35          |
|    time_elapsed         | 77          |
|    total_timesteps      | 143360      |
| train/                  |             |
|    approx_kl            | 0.002331994 |
|    clip_fraction        | 0.0284      |
|    clip_range           | 0.2         |
|    entropy_loss         | -0.423      |
|    explained_variance   | -0.000207   |
|    learning_rate        | 0.000286    |
|    loss                 | 36.4        |
|    n_updates            | 102         |
|    policy_gradient_loss | -0.00495    |
|    value_loss           | 78          |
-----------------------------------------
------------------------------------------
| rollout/                |              |
|    ep_len_mean          | 8.64e+04     |
|    ep_rew_mean          | -2.09e+05    |
| time/                   |              |
|    fps                  | 1887         |
|    iterations           | 36           |
|    time_elapsed         | 78           |
|    total_timesteps      | 147456       |
| train/                  |              |
|    approx_kl            | 0.0011820421 |
|    clip_fraction        | 0.0165       |
|    clip_range           | 0.2          |
|    entropy_loss         | -0.411       |
|    explained_variance   | -0.000113    |
|    learning_rate        | 0.000286     |
|    loss                 | 24.2         |
|    n_updates            | 105          |
|    policy_gradient_loss | -0.00269     |
|    value_loss           | 47.4         |
------------------------------------------
Eval num_timesteps=150000, episode_reward=-28581.10 +/- 1915.06
Episode length: 86400.00 +/- 0.00
------------------------------------------
| eval/                   |              |
|    mean_ep_length       | 8.64e+04     |
|    mean_reward          | -2.86e+04    |
| time/                   |              |
|    total_timesteps      | 150000       |
| train/                  |              |
|    approx_kl            | 0.0030950257 |
|    clip_fraction        | 0.034        |
|    clip_range           | 0.2          |
|    entropy_loss         | -0.408       |
|    explained_variance   | 7.69e-05     |
|    learning_rate        | 0.000285     |
|    loss                 | 28.8         |
|    n_updates            | 108          |
|    policy_gradient_loss | 0.00152      |
|    value_loss           | 58.3         |
------------------------------------------
----------------------------------
| rollout/           |           |
|    ep_len_mean     | 8.64e+04  |
|    ep_rew_mean     | -2.09e+05 |
| time/              |           |
|    fps             | 1432      |
|    iterations      | 37        |
|    time_elapsed    | 105       |
|    total_timesteps | 151552    |
----------------------------------
------------------------------------------
| rollout/                |              |
|    ep_len_mean          | 8.64e+04     |
|    ep_rew_mean          | -2.09e+05    |
| time/                   |              |
|    fps                  | 1463         |
|    iterations           | 38           |
|    time_elapsed         | 106          |
|    total_timesteps      | 155648       |
| train/                  |              |
|    approx_kl            | 0.0034169322 |
|    clip_fraction        | 0.0317       |
|    clip_range           | 0.2          |
|    entropy_loss         | -0.331       |
|    explained_variance   | 0.000266     |
|    learning_rate        | 0.000285     |
|    loss                 | 22.9         |
|    n_updates            | 111          |
|    policy_gradient_loss | -0.00322     |
|    value_loss           | 44.8         |
------------------------------------------
------------------------------------------
| rollout/                |              |
|    ep_len_mean          | 8.64e+04     |
|    ep_rew_mean          | -2.09e+05    |
| time/                   |              |
|    fps                  | 1493         |
|    iterations           | 39           |
|    time_elapsed         | 106          |
|    total_timesteps      | 159744       |
| train/                  |              |
|    approx_kl            | 0.0013414182 |
|    clip_fraction        | 0.00944      |
|    clip_range           | 0.2          |
|    entropy_loss         | -0.304       |
|    explained_variance   | 6.65e-05     |
|    learning_rate        | 0.000284     |
|    loss                 | 19.5         |
|    n_updates            | 114          |
|    policy_gradient_loss | -0.0029      |
|    value_loss           | 38.9         |
------------------------------------------
  ⏱  step   160,000  │  FPS     666  │  RSS   5136 MB
------------------------------------------
| hw/                     |              |
|    fps                  | 666          |
|    rss_mb               | 5.14e+03     |
| rollout/                |              |
|    ep_len_mean          | 8.64e+04     |
|    ep_rew_mean          | -2.09e+05    |
| time/                   |              |
|    fps                  | 1521         |
|    iterations           | 40           |
|    time_elapsed         | 107          |
|    total_timesteps      | 163840       |
| train/                  |              |
|    approx_kl            | 0.0005748848 |
|    clip_fraction        | 0.00407      |
|    clip_range           | 0.2          |
|    entropy_loss         | -0.279       |
|    explained_variance   | 0.000298     |
|    learning_rate        | 0.000284     |
|    loss                 | 10.1         |
|    n_updates            | 117          |
|    policy_gradient_loss | -0.0011      |
|    value_loss           | 21.2         |
------------------------------------------
------------------------------------------
| rollout/                |              |
|    ep_len_mean          | 8.64e+04     |
|    ep_rew_mean          | -2.09e+05    |
| time/                   |              |
|    fps                  | 1550         |
|    iterations           | 41           |
|    time_elapsed         | 108          |
|    total_timesteps      | 167936       |
| train/                  |              |
|    approx_kl            | 0.0009969843 |
|    clip_fraction        | 0.00708      |
|    clip_range           | 0.2          |
|    entropy_loss         | -0.254       |
|    explained_variance   | 6.27e-05     |
|    learning_rate        | 0.000284     |
|    loss                 | 26.6         |
|    n_updates            | 120          |
|    policy_gradient_loss | -0.00249     |
|    value_loss           | 65.1         |
------------------------------------------
------------------------------------------
| rollout/                |              |
|    ep_len_mean          | 8.64e+04     |
|    ep_rew_mean          | -2.09e+05    |
| time/                   |              |
|    fps                  | 1579         |
|    iterations           | 42           |
|    time_elapsed         | 108          |
|    total_timesteps      | 172032       |
| train/                  |              |
|    approx_kl            | 0.0010346298 |
|    clip_fraction        | 0.0148       |
|    clip_range           | 0.2          |
|    entropy_loss         | -0.214       |
|    explained_variance   | 6.72e-05     |
|    learning_rate        | 0.000283     |
|    loss                 | 13.3         |
|    n_updates            | 123          |
|    policy_gradient_loss | -0.00364     |
|    value_loss           | 25.6         |
------------------------------------------
------------------------------------------
| rollout/                |              |
|    ep_len_mean          | 8.64e+04     |
|    ep_rew_mean          | -1.35e+05    |
| time/                   |              |
|    fps                  | 1607         |
|    iterations           | 43           |
|    time_elapsed         | 109          |
|    total_timesteps      | 176128       |
| train/                  |              |
|    approx_kl            | 0.0005459378 |
|    clip_fraction        | 0.00309      |
|    clip_range           | 0.2          |
|    entropy_loss         | -0.203       |
|    explained_variance   | 0.000175     |
|    learning_rate        | 0.000283     |
|    loss                 | 22.9         |
|    n_updates            | 126          |
|    policy_gradient_loss | -0.000843    |
|    value_loss           | 47.2         |
------------------------------------------
  ⏱  step   180,000  │  FPS    6496  │  RSS   5136 MB
-------------------------------------------
| hw/                     |               |
|    fps                  | 6.5e+03       |
|    rss_mb               | 5.14e+03      |
| rollout/                |               |
|    ep_len_mean          | 8.64e+04      |
|    ep_rew_mean          | -1.35e+05     |
| time/                   |               |
|    fps                  | 1635          |
|    iterations           | 44            |
|    time_elapsed         | 110           |
|    total_timesteps      | 180224        |
| train/                  |               |
|    approx_kl            | 0.00021499422 |
|    clip_fraction        | 8.14e-05      |
|    clip_range           | 0.2           |
|    entropy_loss         | -0.196        |
|    explained_variance   | -4.39e-05     |
|    learning_rate        | 0.000282      |
|    loss                 | 25.3          |
|    n_updates            | 129           |
|    policy_gradient_loss | -0.000564     |
|    value_loss           | 40            |
-------------------------------------------
------------------------------------------
| rollout/                |              |
|    ep_len_mean          | 8.64e+04     |
|    ep_rew_mean          | -1.35e+05    |
| time/                   |              |
|    fps                  | 1662         |
|    iterations           | 45           |
|    time_elapsed         | 110          |
|    total_timesteps      | 184320       |
| train/                  |              |
|    approx_kl            | 0.0012421643 |
|    clip_fraction        | 0.0148       |
|    clip_range           | 0.2          |
|    entropy_loss         | -0.179       |
|    explained_variance   | 3.98e-05     |
|    learning_rate        | 0.000282     |
|    loss                 | 24.2         |
|    n_updates            | 132          |
|    policy_gradient_loss | -0.000214    |
|    value_loss           | 48           |
------------------------------------------
------------------------------------------
| rollout/                |              |
|    ep_len_mean          | 8.64e+04     |
|    ep_rew_mean          | -1.35e+05    |
| time/                   |              |
|    fps                  | 1690         |
|    iterations           | 46           |
|    time_elapsed         | 111          |
|    total_timesteps      | 188416       |
| train/                  |              |
|    approx_kl            | 0.0007304657 |
|    clip_fraction        | 0.00968      |
|    clip_range           | 0.2          |
|    entropy_loss         | -0.158       |
|    explained_variance   | -7.28e-05    |
|    learning_rate        | 0.000282     |
|    loss                 | 16.4         |
|    n_updates            | 135          |
|    policy_gradient_loss | -0.00142     |
|    value_loss           | 38.9         |
------------------------------------------
-------------------------------------------
| rollout/                |               |
|    ep_len_mean          | 8.64e+04      |
|    ep_rew_mean          | -1.35e+05     |
| time/                   |               |
|    fps                  | 1718          |
|    iterations           | 47            |
|    time_elapsed         | 112           |
|    total_timesteps      | 192512        |
| train/                  |               |
|    approx_kl            | 0.00046260556 |
|    clip_fraction        | 0.00366       |
|    clip_range           | 0.2           |
|    entropy_loss         | -0.14         |
|    explained_variance   | 0.00125       |
|    learning_rate        | 0.000281      |
|    loss                 | 18            |
|    n_updates            | 138           |
|    policy_gradient_loss | -0.00122      |
|    value_loss           | 37.9          |
-------------------------------------------
------------------------------------------
| rollout/                |              |
|    ep_len_mean          | 8.64e+04     |
|    ep_rew_mean          | -1.35e+05    |
| time/                   |              |
|    fps                  | 1745         |
|    iterations           | 48           |
|    time_elapsed         | 112          |
|    total_timesteps      | 196608       |
| train/                  |              |
|    approx_kl            | 0.0004078888 |
|    clip_fraction        | 0.0083       |
|    clip_range           | 0.2          |
|    entropy_loss         | -0.117       |
|    explained_variance   | 0.00561      |
|    learning_rate        | 0.000281     |
|    loss                 | 11.8         |
|    n_updates            | 141          |
|    policy_gradient_loss | -0.00131     |
|    value_loss           | 24           |
------------------------------------------
Eval num_timesteps=200000, episode_reward=-27363.15 +/- 987.83
Episode length: 86400.00 +/- 0.00
-------------------------------------------
| eval/                   |               |
|    mean_ep_length       | 8.64e+04      |
|    mean_reward          | -2.74e+04     |
| time/                   |               |
|    total_timesteps      | 200000        |
| train/                  |               |
|    approx_kl            | 0.00015578914 |
|    clip_fraction        | 8.14e-05      |
|    clip_range           | 0.2           |
|    entropy_loss         | -0.124        |
|    explained_variance   | 0.131         |
|    learning_rate        | 0.00028       |
|    loss                 | 17.9          |
|    n_updates            | 144           |
|    policy_gradient_loss | -0.000486     |
|    value_loss           | 35.3          |
-------------------------------------------
New best mean reward!
  ⏱  step   200,000  │  FPS     638  │  RSS   5136 MB
----------------------------------
| hw/                |           |
|    fps             | 638       |
|    rss_mb          | 5.14e+03  |
| rollout/           |           |
|    ep_len_mean     | 8.64e+04  |
|    ep_rew_mean     | -1.35e+05 |
| time/              |           |
|    fps             | 1417      |
|    iterations      | 49        |
|    time_elapsed    | 141       |
|    total_timesteps | 200704    |
----------------------------------
-------------------------------------------
| rollout/                |               |
|    ep_len_mean          | 8.64e+04      |
|    ep_rew_mean          | -1.35e+05     |
| time/                   |               |
|    fps                  | 1438          |
|    iterations           | 50            |
|    time_elapsed         | 142           |
|    total_timesteps      | 204800        |
| train/                  |               |
|    approx_kl            | 0.00038618155 |
|    clip_fraction        | 0.00122       |
|    clip_range           | 0.2           |
|    entropy_loss         | -0.107        |
|    explained_variance   | 0.24          |
|    learning_rate        | 0.00028       |
|    loss                 | 6.15          |
|    n_updates            | 147           |
|    policy_gradient_loss | -0.000804     |
|    value_loss           | 16.9          |
-------------------------------------------
-------------------------------------------
| rollout/                |               |
|    ep_len_mean          | 8.64e+04      |
|    ep_rew_mean          | -1.35e+05     |
| time/                   |               |
|    fps                  | 1460          |
|    iterations           | 51            |
|    time_elapsed         | 142           |
|    total_timesteps      | 208896        |
| train/                  |               |
|    approx_kl            | 2.8019567e-06 |
|    clip_fraction        | 0             |
|    clip_range           | 0.2           |
|    entropy_loss         | -0.0946       |
|    explained_variance   | 0.214         |
|    learning_rate        | 0.00028       |
|    loss                 | 18.2          |
|    n_updates            | 150           |
|    policy_gradient_loss | -1.72e-05     |
|    value_loss           | 41.7          |
-------------------------------------------
-------------------------------------------
| rollout/                |               |
|    ep_len_mean          | 8.64e+04      |
|    ep_rew_mean          | -1.35e+05     |
| time/                   |               |
|    fps                  | 1483          |
|    iterations           | 52            |
|    time_elapsed         | 143           |
|    total_timesteps      | 212992        |
| train/                  |               |
|    approx_kl            | 0.00010303171 |
|    clip_fraction        | 8.14e-05      |
|    clip_range           | 0.2           |
|    entropy_loss         | -0.0958       |
|    explained_variance   | 0.385         |
|    learning_rate        | 0.000279      |
|    loss                 | 4.31          |
|    n_updates            | 153           |
|    policy_gradient_loss | -0.000183     |
|    value_loss           | 10.5          |
-------------------------------------------
-------------------------------------------
| rollout/                |               |
|    ep_len_mean          | 8.64e+04      |
|    ep_rew_mean          | -1.35e+05     |
| time/                   |               |
|    fps                  | 1505          |
|    iterations           | 53            |
|    time_elapsed         | 144           |
|    total_timesteps      | 217088        |
| train/                  |               |
|    approx_kl            | 0.00025011378 |
|    clip_fraction        | 0.00195       |
|    clip_range           | 0.2           |
|    entropy_loss         | -0.0811       |
|    explained_variance   | 0.554         |
|    learning_rate        | 0.000279      |
|    loss                 | 5.85          |
|    n_updates            | 156           |
|    policy_gradient_loss | -0.000776     |
|    value_loss           | 14.6          |
-------------------------------------------
  ⏱  step   220,000  │  FPS    6253  │  RSS   5136 MB
------------------------------------------
| hw/                     |              |
|    fps                  | 6.25e+03     |
|    rss_mb               | 5.14e+03     |
| rollout/                |              |
|    ep_len_mean          | 8.64e+04     |
|    ep_rew_mean          | -1.35e+05    |
| time/                   |              |
|    fps                  | 1527         |
|    iterations           | 54           |
|    time_elapsed         | 144          |
|    total_timesteps      | 221184       |
| train/                  |              |
|    approx_kl            | 7.728078e-05 |
|    clip_fraction        | 0.000163     |
|    clip_range           | 0.2          |
|    entropy_loss         | -0.0749      |
|    explained_variance   | 0.654        |
|    learning_rate        | 0.000278     |
|    loss                 | 4.01         |
|    n_updates            | 159          |
|    policy_gradient_loss | -0.000292    |
|    value_loss           | 10.1         |
------------------------------------------
------------------------------------------
| rollout/                |              |
|    ep_len_mean          | 8.64e+04     |
|    ep_rew_mean          | -1.35e+05    |
| time/                   |              |
|    fps                  | 1548         |
|    iterations           | 55           |
|    time_elapsed         | 145          |
|    total_timesteps      | 225280       |
| train/                  |              |
|    approx_kl            | 7.016238e-05 |
|    clip_fraction        | 0            |
|    clip_range           | 0.2          |
|    entropy_loss         | -0.0687      |
|    explained_variance   | 0.505        |
|    learning_rate        | 0.000278     |
|    loss                 | 11.9         |
|    n_updates            | 162          |
|    policy_gradient_loss | -0.000279    |
|    value_loss           | 25.3         |
------------------------------------------
-----------------------------------------
| rollout/                |             |
|    ep_len_mean          | 8.64e+04    |
|    ep_rew_mean          | -1.35e+05   |
| time/                   |             |
|    fps                  | 1570        |
|    iterations           | 56          |
|    time_elapsed         | 146         |
|    total_timesteps      | 229376      |
| train/                  |             |
|    approx_kl            | 3.15762e-07 |
|    clip_fraction        | 0           |
|    clip_range           | 0.2         |
|    entropy_loss         | -0.0629     |
|    explained_variance   | 0.378       |
|    learning_rate        | 0.000277    |
|    loss                 | 26.6        |
|    n_updates            | 165         |
|    policy_gradient_loss | -1.09e-05   |
|    value_loss           | 54.9        |
-----------------------------------------
------------------------------------------
| rollout/                |              |
|    ep_len_mean          | 8.64e+04     |
|    ep_rew_mean          | -1.35e+05    |
| time/                   |              |
|    fps                  | 1591         |
|    iterations           | 57           |
|    time_elapsed         | 146          |
|    total_timesteps      | 233472       |
| train/                  |              |
|    approx_kl            | 7.701936e-06 |
|    clip_fraction        | 0            |
|    clip_range           | 0.2          |
|    entropy_loss         | -0.0652      |
|    explained_variance   | 0.245        |
|    learning_rate        | 0.000277     |
|    loss                 | 21.2         |
|    n_updates            | 168          |
|    policy_gradient_loss | 2.86e-05     |
|    value_loss           | 42.6         |
------------------------------------------
-------------------------------------------
| rollout/                |               |
|    ep_len_mean          | 8.64e+04      |
|    ep_rew_mean          | -1.35e+05     |
| time/                   |               |
|    fps                  | 1613          |
|    iterations           | 58            |
|    time_elapsed         | 147           |
|    total_timesteps      | 237568        |
| train/                  |               |
|    approx_kl            | 2.2282664e-05 |
|    clip_fraction        | 0             |
|    clip_range           | 0.2           |
|    entropy_loss         | -0.0626       |
|    explained_variance   | 0.526         |
|    learning_rate        | 0.000277      |
|    loss                 | 11.2          |
|    n_updates            | 171           |
|    policy_gradient_loss | -0.000166     |
|    value_loss           | 25.9          |
-------------------------------------------
  ⏱  step   240,000  │  FPS    6738  │  RSS   5136 MB
-------------------------------------------
| hw/                     |               |
|    fps                  | 6.74e+03      |
|    rss_mb               | 5.14e+03      |
| rollout/                |               |
|    ep_len_mean          | 8.64e+04      |
|    ep_rew_mean          | -1.35e+05     |
| time/                   |               |
|    fps                  | 1634          |
|    iterations           | 59            |
|    time_elapsed         | 147           |
|    total_timesteps      | 241664        |
| train/                  |               |
|    approx_kl            | 2.0461492e-05 |
|    clip_fraction        | 0             |
|    clip_range           | 0.2           |
|    entropy_loss         | -0.0594       |
|    explained_variance   | 0.317         |
|    learning_rate        | 0.000276      |
|    loss                 | 16.6          |
|    n_updates            | 174           |
|    policy_gradient_loss | -0.000188     |
|    value_loss           | 38.8          |
-------------------------------------------
-------------------------------------------
| rollout/                |               |
|    ep_len_mean          | 8.64e+04      |
|    ep_rew_mean          | -1.35e+05     |
| time/                   |               |
|    fps                  | 1654          |
|    iterations           | 60            |
|    time_elapsed         | 148           |
|    total_timesteps      | 245760        |
| train/                  |               |
|    approx_kl            | 1.1341501e-05 |
|    clip_fraction        | 0             |
|    clip_range           | 0.2           |
|    entropy_loss         | -0.0591       |
|    explained_variance   | 0.438         |
|    learning_rate        | 0.000276      |
|    loss                 | 12.7          |
|    n_updates            | 177           |
|    policy_gradient_loss | -4.68e-05     |
|    value_loss           | 28.6          |
-------------------------------------------
-------------------------------------------
| rollout/                |               |
|    ep_len_mean          | 8.64e+04      |
|    ep_rew_mean          | -1.35e+05     |
| time/                   |               |
|    fps                  | 1675          |
|    iterations           | 61            |
|    time_elapsed         | 149           |
|    total_timesteps      | 249856        |
| train/                  |               |
|    approx_kl            | 2.3663946e-05 |
|    clip_fraction        | 0             |
|    clip_range           | 0.2           |
|    entropy_loss         | -0.0586       |
|    explained_variance   | 0.505         |
|    learning_rate        | 0.000275      |
|    loss                 | 7.81          |
|    n_updates            | 180           |
|    policy_gradient_loss | -9.81e-05     |
|    value_loss           | 16.2          |
-------------------------------------------
Eval num_timesteps=250000, episode_reward=-27644.28 +/- 3466.20
Episode length: 86400.00 +/- 0.00
------------------------------------------
| eval/                   |              |
|    mean_ep_length       | 8.64e+04     |
|    mean_reward          | -2.76e+04    |
| time/                   |              |
|    total_timesteps      | 250000       |
| train/                  |              |
|    approx_kl            | 8.880187e-05 |
|    clip_fraction        | 0            |
|    clip_range           | 0.2          |
|    entropy_loss         | -0.0512      |
|    explained_variance   | 0.451        |
|    learning_rate        | 0.000275     |
|    loss                 | 10.9         |
|    n_updates            | 183          |
|    policy_gradient_loss | -0.000411    |
|    value_loss           | 23.7         |
------------------------------------------
----------------------------------
| rollout/           |           |
|    ep_len_mean     | 8.64e+04  |
|    ep_rew_mean     | -1.35e+05 |
| time/              |           |
|    fps             | 1431      |
|    iterations      | 62        |
|    time_elapsed    | 177       |
|    total_timesteps | 253952    |
----------------------------------
------------------------------------------
| rollout/                |              |
|    ep_len_mean          | 8.64e+04     |
|    ep_rew_mean          | -1.35e+05    |
| time/                   |              |
|    fps                  | 1449         |
|    iterations           | 63           |
|    time_elapsed         | 177          |
|    total_timesteps      | 258048       |
| train/                  |              |
|    approx_kl            | 4.097262e-05 |
|    clip_fraction        | 0            |
|    clip_range           | 0.2          |
|    entropy_loss         | -0.0454      |
|    explained_variance   | 0.476        |
|    learning_rate        | 0.000275     |
|    loss                 | 21.6         |
|    n_updates            | 186          |
|    policy_gradient_loss | -0.000222    |
|    value_loss           | 51.1         |
------------------------------------------
  ⏱  step   260,000  │  FPS     653  │  RSS   5136 MB
-----------------------------------------
| hw/                     |             |
|    fps                  | 653         |
|    rss_mb               | 5.14e+03    |
| rollout/                |             |
|    ep_len_mean          | 8.64e+04    |
|    ep_rew_mean          | -1.01e+05   |
| time/                   |             |
|    fps                  | 1467        |
|    iterations           | 64          |
|    time_elapsed         | 178         |
|    total_timesteps      | 262144      |
| train/                  |             |
|    approx_kl            | 3.51957e-05 |
|    clip_fraction        | 0           |
|    clip_range           | 0.2         |
|    entropy_loss         | -0.0423     |
|    explained_variance   | 0.506       |
|    learning_rate        | 0.000274    |
|    loss                 | 16.4        |
|    n_updates            | 189         |
|    policy_gradient_loss | -0.000195   |
|    value_loss           | 29          |
-----------------------------------------
-------------------------------------------
| rollout/                |               |
|    ep_len_mean          | 8.64e+04      |
|    ep_rew_mean          | -1.01e+05     |
| time/                   |               |
|    fps                  | 1484          |
|    iterations           | 65            |
|    time_elapsed         | 179           |
|    total_timesteps      | 266240        |
| train/                  |               |
|    approx_kl            | 3.0147203e-07 |
|    clip_fraction        | 0             |
|    clip_range           | 0.2           |
|    entropy_loss         | -0.0391       |
|    explained_variance   | 0.645         |
|    learning_rate        | 0.000274      |
|    loss                 | 19.7          |
|    n_updates            | 192           |
|    policy_gradient_loss | -3.87e-07     |
|    value_loss           | 36.1          |
-------------------------------------------
-------------------------------------------
| rollout/                |               |
|    ep_len_mean          | 8.64e+04      |
|    ep_rew_mean          | -1.01e+05     |
| time/                   |               |
|    fps                  | 1502          |
|    iterations           | 66            |
|    time_elapsed         | 179           |
|    total_timesteps      | 270336        |
| train/                  |               |
|    approx_kl            | 1.4310353e-07 |
|    clip_fraction        | 0             |
|    clip_range           | 0.2           |
|    entropy_loss         | -0.0392       |
|    explained_variance   | 0.748         |
|    learning_rate        | 0.000273      |
|    loss                 | 13.2          |
|    n_updates            | 195           |
|    policy_gradient_loss | 4.75e-06      |
|    value_loss           | 27            |
-------------------------------------------
-------------------------------------------
| rollout/                |               |
|    ep_len_mean          | 8.64e+04      |
|    ep_rew_mean          | -1.01e+05     |
| time/                   |               |
|    fps                  | 1519          |
|    iterations           | 67            |
|    time_elapsed         | 180           |
|    total_timesteps      | 274432        |
| train/                  |               |
|    approx_kl            | 2.9657851e-05 |
|    clip_fraction        | 0             |
|    clip_range           | 0.2           |
|    entropy_loss         | -0.0372       |
|    explained_variance   | 0.697         |
|    learning_rate        | 0.000273      |
|    loss                 | 11.3          |
|    n_updates            | 198           |
|    policy_gradient_loss | -0.000176     |
|    value_loss           | 22.5          |
-------------------------------------------
-------------------------------------------
| rollout/                |               |
|    ep_len_mean          | 8.64e+04      |
|    ep_rew_mean          | -1.01e+05     |
| time/                   |               |
|    fps                  | 1537          |
|    iterations           | 68            |
|    time_elapsed         | 181           |
|    total_timesteps      | 278528        |
| train/                  |               |
|    approx_kl            | 1.1358497e-06 |
|    clip_fraction        | 0             |
|    clip_range           | 0.2           |
|    entropy_loss         | -0.0353       |
|    explained_variance   | 0.452         |
|    learning_rate        | 0.000273      |
|    loss                 | 22.3          |
|    n_updates            | 201           |
|    policy_gradient_loss | -4.21e-05     |
|    value_loss           | 52.1          |
-------------------------------------------
  ⏱  step   280,000  │  FPS    6407  │  RSS   5136 MB
-------------------------------------------
| hw/                     |               |
|    fps                  | 6.41e+03      |
|    rss_mb               | 5.14e+03      |
| rollout/                |               |
|    ep_len_mean          | 8.64e+04      |
|    ep_rew_mean          | -1.01e+05     |
| time/                   |               |
|    fps                  | 1554          |
|    iterations           | 69            |
|    time_elapsed         | 181           |
|    total_timesteps      | 282624        |
| train/                  |               |
|    approx_kl            | 2.3157918e-07 |
|    clip_fraction        | 0             |
|    clip_range           | 0.2           |
|    entropy_loss         | -0.0342       |
|    explained_variance   | 0.749         |
|    learning_rate        | 0.000272      |
|    loss                 | 5.05          |
|    n_updates            | 204           |
|    policy_gradient_loss | -9.78e-06     |
|    value_loss           | 15.8          |
-------------------------------------------
------------------------------------------
| rollout/                |              |
|    ep_len_mean          | 8.64e+04     |
|    ep_rew_mean          | -1.01e+05    |
| time/                   |              |
|    fps                  | 1571         |
|    iterations           | 70           |
|    time_elapsed         | 182          |
|    total_timesteps      | 286720       |
| train/                  |              |
|    approx_kl            | 3.766254e-06 |
|    clip_fraction        | 0            |
|    clip_range           | 0.2          |
|    entropy_loss         | -0.0356      |
|    explained_variance   | 0.816        |
|    learning_rate        | 0.000272     |
|    loss                 | 6.06         |
|    n_updates            | 207          |
|    policy_gradient_loss | 8.43e-06     |
|    value_loss           | 11.4         |
------------------------------------------
-------------------------------------------
| rollout/                |               |
|    ep_len_mean          | 8.64e+04      |
|    ep_rew_mean          | -1.01e+05     |
| time/                   |               |
|    fps                  | 1588          |
|    iterations           | 71            |
|    time_elapsed         | 183           |
|    total_timesteps      | 290816        |
| train/                  |               |
|    approx_kl            | 4.3420005e-06 |
|    clip_fraction        | 0             |
|    clip_range           | 0.2           |
|    entropy_loss         | -0.0371       |
|    explained_variance   | 0.797         |
|    learning_rate        | 0.000271      |
|    loss                 | 8.73          |
|    n_updates            | 210           |
|    policy_gradient_loss | -3.73e-05     |
|    value_loss           | 18            |
-------------------------------------------
-------------------------------------------
| rollout/                |               |
|    ep_len_mean          | 8.64e+04      |
|    ep_rew_mean          | -1.01e+05     |
| time/                   |               |
|    fps                  | 1605          |
|    iterations           | 72            |
|    time_elapsed         | 183           |
|    total_timesteps      | 294912        |
| train/                  |               |
|    approx_kl            | 2.4014007e-06 |
|    clip_fraction        | 0             |
|    clip_range           | 0.2           |
|    entropy_loss         | -0.0369       |
|    explained_variance   | 0.755         |
|    learning_rate        | 0.000271      |
|    loss                 | 12.6          |
|    n_updates            | 213           |
|    policy_gradient_loss | -1.46e-05     |
|    value_loss           | 21.5          |
-------------------------------------------
-------------------------------------------
| rollout/                |               |
|    ep_len_mean          | 8.64e+04      |
|    ep_rew_mean          | -1.01e+05     |
| time/                   |               |
|    fps                  | 1622          |
|    iterations           | 73            |
|    time_elapsed         | 184           |
|    total_timesteps      | 299008        |
| train/                  |               |
|    approx_kl            | 4.0731247e-06 |
|    clip_fraction        | 0             |
|    clip_range           | 0.2           |
|    entropy_loss         | -0.0371       |
|    explained_variance   | 0.633         |
|    learning_rate        | 0.000271      |
|    loss                 | 18.6          |
|    n_updates            | 216           |
|    policy_gradient_loss | -3.65e-05     |
|    value_loss           | 40.3          |
-------------------------------------------
Eval num_timesteps=300000, episode_reward=-27057.63 +/- 813.05
Episode length: 86400.00 +/- 0.00
-------------------------------------------
| eval/                   |               |
|    mean_ep_length       | 8.64e+04      |
|    mean_reward          | -2.71e+04     |
| time/                   |               |
|    total_timesteps      | 300000        |
| train/                  |               |
|    approx_kl            | 1.9037107e-05 |
|    clip_fraction        | 0             |
|    clip_range           | 0.2           |
|    entropy_loss         | -0.0392       |
|    explained_variance   | 0.705         |
|    learning_rate        | 0.00027       |
|    loss                 | 12.7          |
|    n_updates            | 219           |
|    policy_gradient_loss | -6.6e-06      |
|    value_loss           | 26.5          |
-------------------------------------------
New best mean reward!
  ⏱  step   300,000  │  FPS     655  │  RSS   5136 MB
----------------------------------
| hw/                |           |
|    fps             | 655       |
|    rss_mb          | 5.14e+03  |
| rollout/           |           |
|    ep_len_mean     | 8.64e+04  |
|    ep_rew_mean     | -1.01e+05 |
| time/              |           |
|    fps             | 1427      |
|    iterations      | 74        |
|    time_elapsed    | 212       |
|    total_timesteps | 303104    |
----------------------------------
------------------------------------------
| rollout/                |              |
|    ep_len_mean          | 8.64e+04     |
|    ep_rew_mean          | -1.01e+05    |
| time/                   |              |
|    fps                  | 1442         |
|    iterations           | 75           |
|    time_elapsed         | 212          |
|    total_timesteps      | 307200       |
| train/                  |              |
|    approx_kl            | 4.575064e-06 |
|    clip_fraction        | 0            |
|    clip_range           | 0.2          |
|    entropy_loss         | -0.0412      |
|    explained_variance   | 0.782        |
|    learning_rate        | 0.00027      |
|    loss                 | 9.57         |
|    n_updates            | 222          |
|    policy_gradient_loss | -2.66e-05    |
|    value_loss           | 21.3         |
------------------------------------------
-------------------------------------------
| rollout/                |               |
|    ep_len_mean          | 8.64e+04      |
|    ep_rew_mean          | -1.01e+05     |
| time/                   |               |
|    fps                  | 1457          |
|    iterations           | 76            |
|    time_elapsed         | 213           |
|    total_timesteps      | 311296        |
| train/                  |               |
|    approx_kl            | 2.4125766e-06 |
|    clip_fraction        | 0             |
|    clip_range           | 0.2           |
|    entropy_loss         | -0.0385       |
|    explained_variance   | 0.505         |
|    learning_rate        | 0.000269      |
|    loss                 | 18            |
|    n_updates            | 225           |
|    policy_gradient_loss | -5.1e-05      |
|    value_loss           | 35.2          |
-------------------------------------------
-------------------------------------------
| rollout/                |               |
|    ep_len_mean          | 8.64e+04      |
|    ep_rew_mean          | -1.01e+05     |
| time/                   |               |
|    fps                  | 1472          |
|    iterations           | 77            |
|    time_elapsed         | 214           |
|    total_timesteps      | 315392        |
| train/                  |               |
|    approx_kl            | 2.4011417e-05 |
|    clip_fraction        | 0             |
|    clip_range           | 0.2           |
|    entropy_loss         | -0.0375       |
|    explained_variance   | 0.547         |
|    learning_rate        | 0.000269      |
|    loss                 | 16            |
|    n_updates            | 228           |
|    policy_gradient_loss | -0.00019      |
|    value_loss           | 26.9          |
-------------------------------------------
------------------------------------------
| rollout/                |              |
|    ep_len_mean          | 8.64e+04     |
|    ep_rew_mean          | -1.01e+05    |
| time/                   |              |
|    fps                  | 1487         |
|    iterations           | 78           |
|    time_elapsed         | 214          |
|    total_timesteps      | 319488       |
| train/                  |              |
|    approx_kl            | 7.640076e-06 |
|    clip_fraction        | 0            |
|    clip_range           | 0.2          |
|    entropy_loss         | -0.0335      |
|    explained_variance   | 0.679        |
|    learning_rate        | 0.000268     |
|    loss                 | 8.23         |
|    n_updates            | 231          |
|    policy_gradient_loss | -8.69e-05    |
|    value_loss           | 23.4         |
------------------------------------------
  ⏱  step   320,000  │  FPS    6729  │  RSS   5136 MB
------------------------------------------
| hw/                     |              |
|    fps                  | 6.73e+03     |
|    rss_mb               | 5.14e+03     |
| rollout/                |              |
|    ep_len_mean          | 8.64e+04     |
|    ep_rew_mean          | -1.01e+05    |
| time/                   |              |
|    fps                  | 1501         |
|    iterations           | 79           |
|    time_elapsed         | 215          |
|    total_timesteps      | 323584       |
| train/                  |              |
|    approx_kl            | 8.020899e-06 |
|    clip_fraction        | 0            |
|    clip_range           | 0.2          |
|    entropy_loss         | -0.034       |
|    explained_variance   | 0.743        |
|    learning_rate        | 0.000268     |
|    loss                 | 8.18         |
|    n_updates            | 234          |
|    policy_gradient_loss | -1.6e-05     |
|    value_loss           | 15.4         |
------------------------------------------
------------------------------------------
| rollout/                |              |
|    ep_len_mean          | 8.64e+04     |
|    ep_rew_mean          | -1.01e+05    |
| time/                   |              |
|    fps                  | 1516         |
|    iterations           | 80           |
|    time_elapsed         | 216          |
|    total_timesteps      | 327680       |
| train/                  |              |
|    approx_kl            | 1.975306e-06 |
|    clip_fraction        | 0            |
|    clip_range           | 0.2          |
|    entropy_loss         | -0.0355      |
|    explained_variance   | 0.643        |
|    learning_rate        | 0.000268     |
|    loss                 | 22.7         |
|    n_updates            | 237          |
|    policy_gradient_loss | 3.32e-06     |
|    value_loss           | 47.6         |
------------------------------------------
------------------------------------------
| rollout/                |              |
|    ep_len_mean          | 8.64e+04     |
|    ep_rew_mean          | -1.01e+05    |
| time/                   |              |
|    fps                  | 1531         |
|    iterations           | 81           |
|    time_elapsed         | 216          |
|    total_timesteps      | 331776       |
| train/                  |              |
|    approx_kl            | 2.749788e-06 |
|    clip_fraction        | 0            |
|    clip_range           | 0.2          |
|    entropy_loss         | -0.0362      |
|    explained_variance   | 0.725        |
|    learning_rate        | 0.000267     |
|    loss                 | 13.8         |
|    n_updates            | 240          |
|    policy_gradient_loss | -2.71e-05    |
|    value_loss           | 25.9         |
------------------------------------------
------------------------------------------
| rollout/                |              |
|    ep_len_mean          | 8.64e+04     |
|    ep_rew_mean          | -1.01e+05    |
| time/                   |              |
|    fps                  | 1545         |
|    iterations           | 82           |
|    time_elapsed         | 217          |
|    total_timesteps      | 335872       |
| train/                  |              |
|    approx_kl            | 7.641356e-07 |
|    clip_fraction        | 0            |
|    clip_range           | 0.2          |
|    entropy_loss         | -0.0344      |
|    explained_variance   | 0.654        |
|    learning_rate        | 0.000267     |
|    loss                 | 21.3         |
|    n_updates            | 243          |
|    policy_gradient_loss | -2.49e-05    |
|    value_loss           | 48.7         |
------------------------------------------
-------------------------------------------
| rollout/                |               |
|    ep_len_mean          | 8.64e+04      |
|    ep_rew_mean          | -1.01e+05     |
| time/                   |               |
|    fps                  | 1560          |
|    iterations           | 83            |
|    time_elapsed         | 217           |
|    total_timesteps      | 339968        |
| train/                  |               |
|    approx_kl            | 1.0087388e-06 |
|    clip_fraction        | 0             |
|    clip_range           | 0.2           |
|    entropy_loss         | -0.0338       |
|    explained_variance   | 0.672         |
|    learning_rate        | 0.000266      |
|    loss                 | 15.3          |
|    n_updates            | 246           |
|    policy_gradient_loss | -2.39e-05     |
|    value_loss           | 30.8          |
-------------------------------------------
  ⏱  step   340,000  │  FPS    6595  │  RSS   5334 MB
-------------------------------------------
| hw/                     |               |
|    fps                  | 6.6e+03       |
|    rss_mb               | 5.33e+03      |
| rollout/                |               |
|    ep_len_mean          | 8.64e+04      |
|    ep_rew_mean          | -1.01e+05     |
| time/                   |               |
|    fps                  | 1574          |
|    iterations           | 84            |
|    time_elapsed         | 218           |
|    total_timesteps      | 344064        |
| train/                  |               |
|    approx_kl            | 4.9139344e-06 |
|    clip_fraction        | 0             |
|    clip_range           | 0.2           |
|    entropy_loss         | -0.0347       |
|    explained_variance   | 0.716         |
|    learning_rate        | 0.000266      |
|    loss                 | 10.2          |
|    n_updates            | 249           |
|    policy_gradient_loss | -0.000112     |
|    value_loss           | 19.4          |
-------------------------------------------
-------------------------------------------
| rollout/                |               |
|    ep_len_mean          | 8.64e+04      |
|    ep_rew_mean          | -8.26e+04     |
| time/                   |               |
|    fps                  | 1588          |
|    iterations           | 85            |
|    time_elapsed         | 219           |
|    total_timesteps      | 348160        |
| train/                  |               |
|    approx_kl            | 1.4419347e-06 |
|    clip_fraction        | 0             |
|    clip_range           | 0.2           |
|    entropy_loss         | -0.0338       |
|    explained_variance   | 0.797         |
|    learning_rate        | 0.000266      |
|    loss                 | 7.73          |
|    n_updates            | 252           |
|    policy_gradient_loss | -8.47e-06     |
|    value_loss           | 22.4          |
-------------------------------------------
Eval num_timesteps=350000, episode_reward=-27474.98 +/- 941.51
Episode length: 86400.00 +/- 0.00
-------------------------------------------
| eval/                   |               |
|    mean_ep_length       | 8.64e+04      |
|    mean_reward          | -2.75e+04     |
| time/                   |               |
|    total_timesteps      | 350000        |
| train/                  |               |
|    approx_kl            | 1.9768195e-06 |
|    clip_fraction        | 0             |
|    clip_range           | 0.2           |
|    entropy_loss         | -0.034        |
|    explained_variance   | 0.677         |
|    learning_rate        | 0.000265      |
|    loss                 | 7.45          |
|    n_updates            | 255           |
|    policy_gradient_loss | -2.95e-05     |
|    value_loss           | 15.6          |
-------------------------------------------
----------------------------------
| rollout/           |           |
|    ep_len_mean     | 8.64e+04  |
|    ep_rew_mean     | -8.26e+04 |
| time/              |           |
|    fps             | 1426      |
|    iterations      | 86        |
|    time_elapsed    | 247       |
|    total_timesteps | 352256    |
----------------------------------
-------------------------------------------
| rollout/                |               |
|    ep_len_mean          | 8.64e+04      |
|    ep_rew_mean          | -8.26e+04     |
| time/                   |               |
|    fps                  | 1439          |
|    iterations           | 87            |
|    time_elapsed         | 247           |
|    total_timesteps      | 356352        |
| train/                  |               |
|    approx_kl            | 4.1642634e-06 |
|    clip_fraction        | 0             |
|    clip_range           | 0.2           |
|    entropy_loss         | -0.036        |
|    explained_variance   | 0.521         |
|    learning_rate        | 0.000265      |
|    loss                 | 7.71          |
|    n_updates            | 258           |
|    policy_gradient_loss | 2.5e-05       |
|    value_loss           | 15.2          |
-------------------------------------------
  ⏱  step   360,000  │  FPS     662  │  RSS   5353 MB
-------------------------------------------
| hw/                     |               |
|    fps                  | 662           |
|    rss_mb               | 5.35e+03      |
| rollout/                |               |
|    ep_len_mean          | 8.64e+04      |
|    ep_rew_mean          | -8.26e+04     |
| time/                   |               |
|    fps                  | 1452          |
|    iterations           | 88            |
|    time_elapsed         | 248           |
|    total_timesteps      | 360448        |
| train/                  |               |
|    approx_kl            | 3.2352968e-05 |
|    clip_fraction        | 8.14e-05      |
|    clip_range           | 0.2           |
|    entropy_loss         | -0.0388       |
|    explained_variance   | 0.402         |
|    learning_rate        | 0.000264      |
|    loss                 | 7.08          |
|    n_updates            | 261           |
|    policy_gradient_loss | 3.64e-05      |
|    value_loss           | 18.4          |
-------------------------------------------
-------------------------------------------
| rollout/                |               |
|    ep_len_mean          | 8.64e+04      |
|    ep_rew_mean          | -8.26e+04     |
| time/                   |               |
|    fps                  | 1464          |
|    iterations           | 89            |
|    time_elapsed         | 248           |
|    total_timesteps      | 364544        |
| train/                  |               |
|    approx_kl            | 1.2364762e-05 |
|    clip_fraction        | 0             |
|    clip_range           | 0.2           |
|    entropy_loss         | -0.0434       |
|    explained_variance   | 0.237         |
|    learning_rate        | 0.000264      |
|    loss                 | 20            |
|    n_updates            | 264           |
|    policy_gradient_loss | 5.59e-05      |
|    value_loss           | 37.3          |
-------------------------------------------
------------------------------------------
| rollout/                |              |
|    ep_len_mean          | 8.64e+04     |
|    ep_rew_mean          | -8.26e+04    |
| time/                   |              |
|    fps                  | 1477         |
|    iterations           | 90           |
|    time_elapsed         | 249          |
|    total_timesteps      | 368640       |
| train/                  |              |
|    approx_kl            | 3.260441e-05 |
|    clip_fraction        | 0            |
|    clip_range           | 0.2          |
|    entropy_loss         | -0.0438      |
|    explained_variance   | 0.388        |
|    learning_rate        | 0.000264     |
|    loss                 | 13.3         |
|    n_updates            | 267          |
|    policy_gradient_loss | -0.000148    |
|    value_loss           | 24.3         |
------------------------------------------
-------------------------------------------
| rollout/                |               |
|    ep_len_mean          | 8.64e+04      |
|    ep_rew_mean          | -8.26e+04     |
| time/                   |               |
|    fps                  | 1490          |
|    iterations           | 91            |
|    time_elapsed         | 250           |
|    total_timesteps      | 372736        |
| train/                  |               |
|    approx_kl            | 8.6302025e-06 |
|    clip_fraction        | 0             |
|    clip_range           | 0.2           |
|    entropy_loss         | -0.0399       |
|    explained_variance   | 0.658         |
|    learning_rate        | 0.000263      |
|    loss                 | 4.86          |
|    n_updates            | 270           |
|    policy_gradient_loss | -5.33e-05     |
|    value_loss           | 12.6          |
-------------------------------------------
-------------------------------------------
| rollout/                |               |
|    ep_len_mean          | 8.64e+04      |
|    ep_rew_mean          | -8.26e+04     |
| time/                   |               |
|    fps                  | 1503          |
|    iterations           | 92            |
|    time_elapsed         | 250           |
|    total_timesteps      | 376832        |
| train/                  |               |
|    approx_kl            | 4.0828774e-05 |
|    clip_fraction        | 0             |
|    clip_range           | 0.2           |
|    entropy_loss         | -0.0449       |
|    explained_variance   | 0.498         |
|    learning_rate        | 0.000263      |
|    loss                 | 5.98          |
|    n_updates            | 273           |
|    policy_gradient_loss | 5.82e-05      |
|    value_loss           | 18.4          |
-------------------------------------------
  ⏱  step   380,000  │  FPS    6695  │  RSS   5476 MB
------------------------------------------
| hw/                     |              |
|    fps                  | 6.7e+03      |
|    rss_mb               | 5.48e+03     |
| rollout/                |              |
|    ep_len_mean          | 8.64e+04     |
|    ep_rew_mean          | -8.26e+04    |
| time/                   |              |
|    fps                  | 1515         |
|    iterations           | 93           |
|    time_elapsed         | 251          |
|    total_timesteps      | 380928       |
| train/                  |              |
|    approx_kl            | 8.501604e-05 |
|    clip_fraction        | 8.14e-05     |
|    clip_range           | 0.2          |
|    entropy_loss         | -0.0439      |
|    explained_variance   | 0.626        |
|    learning_rate        | 0.000262     |
|    loss                 | 5.14         |
|    n_updates            | 276          |
|    policy_gradient_loss | -0.000455    |
|    value_loss           | 13.8         |
------------------------------------------
-------------------------------------------
| rollout/                |               |
|    ep_len_mean          | 8.64e+04      |
|    ep_rew_mean          | -8.26e+04     |
| time/                   |               |
|    fps                  | 1528          |
|    iterations           | 94            |
|    time_elapsed         | 251           |
|    total_timesteps      | 385024        |
| train/                  |               |
|    approx_kl            | 6.4955093e-06 |
|    clip_fraction        | 0             |
|    clip_range           | 0.2           |
|    entropy_loss         | -0.0386       |
|    explained_variance   | 0.3           |
|    learning_rate        | 0.000262      |
|    loss                 | 14.8          |
|    n_updates            | 279           |
|    policy_gradient_loss | -6.46e-05     |
|    value_loss           | 30.7          |
-------------------------------------------
------------------------------------------
| rollout/                |              |
|    ep_len_mean          | 8.64e+04     |
|    ep_rew_mean          | -8.26e+04    |
| time/                   |              |
|    fps                  | 1541         |
|    iterations           | 95           |
|    time_elapsed         | 252          |
|    total_timesteps      | 389120       |
| train/                  |              |
|    approx_kl            | 3.657522e-06 |
|    clip_fraction        | 0            |
|    clip_range           | 0.2          |
|    entropy_loss         | -0.0391      |
|    explained_variance   | 0.589        |
|    learning_rate        | 0.000261     |
|    loss                 | 7.29         |
|    n_updates            | 282          |
|    policy_gradient_loss | 2.19e-05     |
|    value_loss           | 20           |
------------------------------------------
-------------------------------------------
| rollout/                |               |
|    ep_len_mean          | 8.64e+04      |
|    ep_rew_mean          | -8.26e+04     |
| time/                   |               |
|    fps                  | 1553          |
|    iterations           | 96            |
|    time_elapsed         | 253           |
|    total_timesteps      | 393216        |
| train/                  |               |
|    approx_kl            | 2.1767235e-05 |
|    clip_fraction        | 0             |
|    clip_range           | 0.2           |
|    entropy_loss         | -0.0375       |
|    explained_variance   | 0.425         |
|    learning_rate        | 0.000261      |
|    loss                 | 13.3          |
|    n_updates            | 285           |
|    policy_gradient_loss | -0.000119     |
|    value_loss           | 28.7          |
-------------------------------------------
-------------------------------------------
| rollout/                |               |
|    ep_len_mean          | 8.64e+04      |
|    ep_rew_mean          | -8.26e+04     |
| time/                   |               |
|    fps                  | 1566          |
|    iterations           | 97            |
|    time_elapsed         | 253           |
|    total_timesteps      | 397312        |
| train/                  |               |
|    approx_kl            | 2.4082838e-06 |
|    clip_fraction        | 0             |
|    clip_range           | 0.2           |
|    entropy_loss         | -0.0356       |
|    explained_variance   | 0.234         |
|    learning_rate        | 0.000261      |
|    loss                 | 17.7          |
|    n_updates            | 288           |
|    policy_gradient_loss | -2.49e-05     |
|    value_loss           | 36.8          |
-------------------------------------------
Eval num_timesteps=400000, episode_reward=-27348.03 +/- 696.73
Episode length: 86400.00 +/- 0.00
-------------------------------------------
| eval/                   |               |
|    mean_ep_length       | 8.64e+04      |
|    mean_reward          | -2.73e+04     |
| time/                   |               |
|    total_timesteps      | 400000        |
| train/                  |               |
|    approx_kl            | 1.0433709e-05 |
|    clip_fraction        | 0             |
|    clip_range           | 0.2           |
|    entropy_loss         | -0.0349       |
|    explained_variance   | 0.464         |
|    learning_rate        | 0.00026       |
|    loss                 | 8.52          |
|    n_updates            | 291           |
|    policy_gradient_loss | -8.37e-05     |
|    value_loss           | 18.9          |
-------------------------------------------
  ⏱  step   400,000  │  FPS     651  │  RSS   5477 MB
----------------------------------
| hw/                |           |
|    fps             | 651       |
|    rss_mb          | 5.48e+03  |
| rollout/           |           |
|    ep_len_mean     | 8.64e+04  |
|    ep_rew_mean     | -8.26e+04 |
| time/              |           |
|    fps             | 1423      |
|    iterations      | 98        |
|    time_elapsed    | 282       |
|    total_timesteps | 401408    |
----------------------------------
-------------------------------------------
| rollout/                |               |
|    ep_len_mean          | 8.64e+04      |
|    ep_rew_mean          | -8.26e+04     |
| time/                   |               |
|    fps                  | 1434          |
|    iterations           | 99            |
|    time_elapsed         | 282           |
|    total_timesteps      | 405504        |
| train/                  |               |
|    approx_kl            | 1.2066157e-06 |
|    clip_fraction        | 0             |
|    clip_range           | 0.2           |
|    entropy_loss         | -0.0325       |
|    explained_variance   | 0.392         |
|    learning_rate        | 0.00026       |
|    loss                 | 12.3          |
|    n_updates            | 294           |
|    policy_gradient_loss | -8.85e-06     |
|    value_loss           | 29            |
-------------------------------------------
-------------------------------------------
| rollout/                |               |
|    ep_len_mean          | 8.64e+04      |
|    ep_rew_mean          | -8.26e+04     |
| time/                   |               |
|    fps                  | 1445          |
|    iterations           | 100           |
|    time_elapsed         | 283           |
|    total_timesteps      | 409600        |
| train/                  |               |
|    approx_kl            | 3.4590543e-05 |
|    clip_fraction        | 0.000244      |
|    clip_range           | 0.2           |
|    entropy_loss         | -0.035        |
|    explained_variance   | 0.5           |
|    learning_rate        | 0.000259      |
|    loss                 | 12.9          |
|    n_updates            | 297           |
|    policy_gradient_loss | -0.000101     |
|    value_loss           | 26            |
-------------------------------------------
-------------------------------------------
| rollout/                |               |
|    ep_len_mean          | 8.64e+04      |
|    ep_rew_mean          | -8.26e+04     |
| time/                   |               |
|    fps                  | 1457          |
|    iterations           | 101           |
|    time_elapsed         | 283           |
|    total_timesteps      | 413696        |
| train/                  |               |
|    approx_kl            | 1.3151555e-05 |
|    clip_fraction        | 0             |
|    clip_range           | 0.2           |
|    entropy_loss         | -0.0384       |
|    explained_variance   | 0.298         |
|    learning_rate        | 0.000259      |
|    loss                 | 14.1          |
|    n_updates            | 300           |
|    policy_gradient_loss | -6.32e-05     |
|    value_loss           | 27.4          |
-------------------------------------------
------------------------------------------
| rollout/                |              |
|    ep_len_mean          | 8.64e+04     |
|    ep_rew_mean          | -8.26e+04    |
| time/                   |              |
|    fps                  | 1468         |
|    iterations           | 102          |
|    time_elapsed         | 284          |
|    total_timesteps      | 417792       |
| train/                  |              |
|    approx_kl            | 4.424232e-05 |
|    clip_fraction        | 0            |
|    clip_range           | 0.2          |
|    entropy_loss         | -0.0333      |
|    explained_variance   | 0.586        |
|    learning_rate        | 0.000259     |
|    loss                 | 6.6          |
|    n_updates            | 303          |
|    policy_gradient_loss | -0.000242    |
|    value_loss           | 14.7         |
------------------------------------------
  ⏱  step   420,000  │  FPS    6588  │  RSS   5477 MB
-------------------------------------------
| hw/                     |               |
|    fps                  | 6.59e+03      |
|    rss_mb               | 5.48e+03      |
| rollout/                |               |
|    ep_len_mean          | 8.64e+04      |
|    ep_rew_mean          | -8.26e+04     |
| time/                   |               |
|    fps                  | 1479          |
|    iterations           | 103           |
|    time_elapsed         | 285           |
|    total_timesteps      | 421888        |
| train/                  |               |
|    approx_kl            | 9.1719266e-07 |
|    clip_fraction        | 0             |
|    clip_range           | 0.2           |
|    entropy_loss         | -0.0308       |
|    explained_variance   | 0.277         |
|    learning_rate        | 0.000258      |
|    loss                 | 24.2          |
|    n_updates            | 306           |
|    policy_gradient_loss | -7.83e-06     |
|    value_loss           | 53.4          |
-------------------------------------------
------------------------------------------
| rollout/                |              |
|    ep_len_mean          | 8.64e+04     |
|    ep_rew_mean          | -8.26e+04    |
| time/                   |              |
|    fps                  | 1490         |
|    iterations           | 104          |
|    time_elapsed         | 285          |
|    total_timesteps      | 425984       |
| train/                  |              |
|    approx_kl            | 2.916719e-05 |
|    clip_fraction        | 0            |
|    clip_range           | 0.2          |
|    entropy_loss         | -0.033       |
|    explained_variance   | 0.447        |
|    learning_rate        | 0.000258     |
|    loss                 | 18.3         |
|    n_updates            | 309          |
|    policy_gradient_loss | -0.000104    |
|    value_loss           | 36.6         |
------------------------------------------
------------------------------------------
| rollout/                |              |
|    ep_len_mean          | 8.64e+04     |
|    ep_rew_mean          | -8.26e+04    |
| time/                   |              |
|    fps                  | 1501         |
|    iterations           | 105          |
|    time_elapsed         | 286          |
|    total_timesteps      | 430080       |
| train/                  |              |
|    approx_kl            | 6.310831e-06 |
|    clip_fraction        | 0            |
|    clip_range           | 0.2          |
|    entropy_loss         | -0.0373      |
|    explained_variance   | 0.52         |
|    learning_rate        | 0.000257     |
|    loss                 | 5.65         |
|    n_updates            | 312          |
|    policy_gradient_loss | 8.59e-05     |
|    value_loss           | 15.5         |
------------------------------------------
------------------------------------------
| rollout/                |              |
|    ep_len_mean          | 8.64e+04     |
|    ep_rew_mean          | -7.24e+04    |
| time/                   |              |
|    fps                  | 1512         |
|    iterations           | 106          |
|    time_elapsed         | 287          |
|    total_timesteps      | 434176       |
| train/                  |              |
|    approx_kl            | 6.989857e-05 |
|    clip_fraction        | 0.000244     |
|    clip_range           | 0.2          |
|    entropy_loss         | -0.0349      |
|    explained_variance   | 0.639        |
|    learning_rate        | 0.000257     |
|    loss                 | 3.83         |
|    n_updates            | 315          |
|    policy_gradient_loss | -0.000252    |
|    value_loss           | 9.85         |
------------------------------------------
-------------------------------------------
| rollout/                |               |
|    ep_len_mean          | 8.64e+04      |
|    ep_rew_mean          | -7.24e+04     |
| time/                   |               |
|    fps                  | 1523          |
|    iterations           | 107           |
|    time_elapsed         | 287           |
|    total_timesteps      | 438272        |
| train/                  |               |
|    approx_kl            | 1.0323711e-06 |
|    clip_fraction        | 0             |
|    clip_range           | 0.2           |
|    entropy_loss         | -0.0314       |
|    explained_variance   | 0.436         |
|    learning_rate        | 0.000257      |
|    loss                 | 8.05          |
|    n_updates            | 318           |
|    policy_gradient_loss | -2.25e-05     |
|    value_loss           | 17.1          |
-------------------------------------------
  ⏱  step   440,000  │  FPS    6609  │  RSS   5602 MB
--------------------------------------------
| hw/                     |                |
|    fps                  | 6.61e+03       |
|    rss_mb               | 5.6e+03        |
| rollout/                |                |
|    ep_len_mean          | 8.64e+04       |
|    ep_rew_mean          | -7.24e+04      |
| time/                   |                |
|    fps                  | 1534           |
|    iterations           | 108            |
|    time_elapsed         | 288            |
|    total_timesteps      | 442368         |
| train/                  |                |
|    approx_kl            | 1.06932275e-05 |
|    clip_fraction        | 0              |
|    clip_range           | 0.2            |
|    entropy_loss         | -0.0316        |
|    explained_variance   | 0.458          |
|    learning_rate        | 0.000256       |
|    loss                 | 6.42           |
|    n_updates            | 321            |
|    policy_gradient_loss | -5.68e-05      |
|    value_loss           | 19.1           |
--------------------------------------------
-------------------------------------------
| rollout/                |               |
|    ep_len_mean          | 8.64e+04      |
|    ep_rew_mean          | -7.24e+04     |
| time/                   |               |
|    fps                  | 1545          |
|    iterations           | 109           |
|    time_elapsed         | 288           |
|    total_timesteps      | 446464        |
| train/                  |               |
|    approx_kl            | 5.5846525e-05 |
|    clip_fraction        | 0.000163      |
|    clip_range           | 0.2           |
|    entropy_loss         | -0.0291       |
|    explained_variance   | 0.339         |
|    learning_rate        | 0.000256      |
|    loss                 | 9.35          |
|    n_updates            | 324           |
|    policy_gradient_loss | -0.000266     |
|    value_loss           | 22.7          |
-------------------------------------------
Eval num_timesteps=450000, episode_reward=-28487.66 +/- 1185.73
Episode length: 86400.00 +/- 0.00
-------------------------------------------
| eval/                   |               |
|    mean_ep_length       | 8.64e+04      |
|    mean_reward          | -2.85e+04     |
| time/                   |               |
|    total_timesteps      | 450000        |
| train/                  |               |
|    approx_kl            | 4.9948576e-05 |
|    clip_fraction        | 8.14e-05      |
|    clip_range           | 0.2           |
|    entropy_loss         | -0.0271       |
|    explained_variance   | 0.401         |
|    learning_rate        | 0.000255      |
|    loss                 | 9.87          |
|    n_updates            | 327           |
|    policy_gradient_loss | -0.000225     |
|    value_loss           | 23.6          |
-------------------------------------------
----------------------------------
| rollout/           |           |
|    ep_len_mean     | 8.64e+04  |
|    ep_rew_mean     | -7.24e+04 |
| time/              |           |
|    fps             | 1421      |
|    iterations      | 110       |
|    time_elapsed    | 316       |
|    total_timesteps | 450560    |
----------------------------------
-------------------------------------------
| rollout/                |               |
|    ep_len_mean          | 8.64e+04      |
|    ep_rew_mean          | -7.24e+04     |
| time/                   |               |
|    fps                  | 1431          |
|    iterations           | 111           |
|    time_elapsed         | 317           |
|    total_timesteps      | 454656        |
| train/                  |               |
|    approx_kl            | 1.5862897e-06 |
|    clip_fraction        | 0             |
|    clip_range           | 0.2           |
|    entropy_loss         | -0.0258       |
|    explained_variance   | 0.205         |
|    learning_rate        | 0.000255      |
|    loss                 | 23            |
|    n_updates            | 330           |
|    policy_gradient_loss | 1.41e-05      |
|    value_loss           | 51.8          |
-------------------------------------------
-------------------------------------------
| rollout/                |               |
|    ep_len_mean          | 8.64e+04      |
|    ep_rew_mean          | -7.24e+04     |
| time/                   |               |
|    fps                  | 1441          |
|    iterations           | 112           |
|    time_elapsed         | 318           |
|    total_timesteps      | 458752        |
| train/                  |               |
|    approx_kl            | 1.1463504e-05 |
|    clip_fraction        | 0             |
|    clip_range           | 0.2           |
|    entropy_loss         | -0.027        |
|    explained_variance   | 0.543         |
|    learning_rate        | 0.000255      |
|    loss                 | 8.8           |
|    n_updates            | 333           |
|    policy_gradient_loss | -4.01e-05     |
|    value_loss           | 19.6          |
-------------------------------------------
  ⏱  step   460,000  │  FPS     656  │  RSS   5693 MB
-------------------------------------------
| hw/                     |               |
|    fps                  | 656           |
|    rss_mb               | 5.69e+03      |
| rollout/                |               |
|    ep_len_mean          | 8.64e+04      |
|    ep_rew_mean          | -7.24e+04     |
| time/                   |               |
|    fps                  | 1451          |
|    iterations           | 113           |
|    time_elapsed         | 318           |
|    total_timesteps      | 462848        |
| train/                  |               |
|    approx_kl            | 3.3971446e-07 |
|    clip_fraction        | 0             |
|    clip_range           | 0.2           |
|    entropy_loss         | -0.0295       |
|    explained_variance   | 0.254         |
|    learning_rate        | 0.000254      |
|    loss                 | 9.82          |
|    n_updates            | 336           |
|    policy_gradient_loss | 4.11e-05      |
|    value_loss           | 25.4          |
-------------------------------------------
------------------------------------------
| rollout/                |              |
|    ep_len_mean          | 8.64e+04     |
|    ep_rew_mean          | -7.24e+04    |
| time/                   |              |
|    fps                  | 1461         |
|    iterations           | 114          |
|    time_elapsed         | 319          |
|    total_timesteps      | 466944       |
| train/                  |              |
|    approx_kl            | 3.793015e-06 |
|    clip_fraction        | 0            |
|    clip_range           | 0.2          |
|    entropy_loss         | -0.0281      |
|    explained_variance   | 0.189        |
|    learning_rate        | 0.000254     |
|    loss                 | 13.9         |
|    n_updates            | 339          |
|    policy_gradient_loss | -3.63e-05    |
|    value_loss           | 31           |
------------------------------------------
-------------------------------------------
| rollout/                |               |
|    ep_len_mean          | 8.64e+04      |
|    ep_rew_mean          | -7.24e+04     |
| time/                   |               |
|    fps                  | 1471          |
|    iterations           | 115           |
|    time_elapsed         | 320           |
|    total_timesteps      | 471040        |
| train/                  |               |
|    approx_kl            | 2.3998364e-05 |
|    clip_fraction        | 0             |
|    clip_range           | 0.2           |
|    entropy_loss         | -0.0293       |
|    explained_variance   | 0.582         |
|    learning_rate        | 0.000253      |
|    loss                 | 6.21          |
|    n_updates            | 342           |
|    policy_gradient_loss | 2.88e-05      |
|    value_loss           | 13.4          |
-------------------------------------------
-------------------------------------------
| rollout/                |               |
|    ep_len_mean          | 8.64e+04      |
|    ep_rew_mean          | -7.24e+04     |
| time/                   |               |
|    fps                  | 1481          |
|    iterations           | 116           |
|    time_elapsed         | 320           |
|    total_timesteps      | 475136        |
| train/                  |               |
|    approx_kl            | 2.2313383e-05 |
|    clip_fraction        | 0             |
|    clip_range           | 0.2           |
|    entropy_loss         | -0.0306       |
|    explained_variance   | 0.52          |
|    learning_rate        | 0.000253      |
|    loss                 | 7.64          |
|    n_updates            | 345           |
|    policy_gradient_loss | -0.000159     |
|    value_loss           | 13.6          |
-------------------------------------------
-------------------------------------------
| rollout/                |               |
|    ep_len_mean          | 8.64e+04      |
|    ep_rew_mean          | -7.24e+04     |
| time/                   |               |
|    fps                  | 1491          |
|    iterations           | 117           |
|    time_elapsed         | 321           |
|    total_timesteps      | 479232        |
| train/                  |               |
|    approx_kl            | 7.4975105e-06 |
|    clip_fraction        | 0             |
|    clip_range           | 0.2           |
|    entropy_loss         | -0.0342       |
|    explained_variance   | 0.574         |
|    learning_rate        | 0.000252      |
|    loss                 | 10.6          |
|    n_updates            | 348           |
|    policy_gradient_loss | 0.000122      |
|    value_loss           | 18            |
-------------------------------------------
  ⏱  step   480,000  │  FPS    6719  │  RSS   5693 MB
-------------------------------------------
| hw/                     |               |
|    fps                  | 6.72e+03      |
|    rss_mb               | 5.69e+03      |
| rollout/                |               |
|    ep_len_mean          | 8.64e+04      |
|    ep_rew_mean          | -7.24e+04     |
| time/                   |               |
|    fps                  | 1501          |
|    iterations           | 118           |
|    time_elapsed         | 321           |
|    total_timesteps      | 483328        |
| train/                  |               |
|    approx_kl            | 2.5368383e-05 |
|    clip_fraction        | 8.14e-05      |
|    clip_range           | 0.2           |
|    entropy_loss         | -0.0305       |
|    explained_variance   | 0.588         |
|    learning_rate        | 0.000252      |
|    loss                 | 7.93          |
|    n_updates            | 351           |
|    policy_gradient_loss | -0.000165     |
|    value_loss           | 16.2          |
-------------------------------------------
-------------------------------------------
| rollout/                |               |
|    ep_len_mean          | 8.64e+04      |
|    ep_rew_mean          | -7.24e+04     |
| time/                   |               |
|    fps                  | 1511          |
|    iterations           | 119           |
|    time_elapsed         | 322           |
|    total_timesteps      | 487424        |
| train/                  |               |
|    approx_kl            | 1.5441008e-05 |
|    clip_fraction        | 0             |
|    clip_range           | 0.2           |
|    entropy_loss         | -0.0309       |
|    explained_variance   | 0.491         |
|    learning_rate        | 0.000252      |
|    loss                 | 10.7          |
|    n_updates            | 354           |
|    policy_gradient_loss | -2.61e-05     |
|    value_loss           | 24.8          |
-------------------------------------------
-------------------------------------------
| rollout/                |               |
|    ep_len_mean          | 8.64e+04      |
|    ep_rew_mean          | -7.24e+04     |
| time/                   |               |
|    fps                  | 1521          |
|    iterations           | 120           |
|    time_elapsed         | 323           |
|    total_timesteps      | 491520        |
| train/                  |               |
|    approx_kl            | 3.9298466e-06 |
|    clip_fraction        | 0             |
|    clip_range           | 0.2           |
|    entropy_loss         | -0.033        |
|    explained_variance   | 0.381         |
|    learning_rate        | 0.000251      |
|    loss                 | 7.2           |
|    n_updates            | 357           |
|    policy_gradient_loss | 2.09e-05      |
|    value_loss           | 17.6          |
-------------------------------------------
-------------------------------------------
| rollout/                |               |
|    ep_len_mean          | 8.64e+04      |
|    ep_rew_mean          | -7.24e+04     |
| time/                   |               |
|    fps                  | 1531          |
|    iterations           | 121           |
|    time_elapsed         | 323           |
|    total_timesteps      | 495616        |
| train/                  |               |
|    approx_kl            | 7.5097487e-06 |
|    clip_fraction        | 0             |
|    clip_range           | 0.2           |
|    entropy_loss         | -0.0342       |
|    explained_variance   | 0.453         |
|    learning_rate        | 0.000251      |
|    loss                 | 11.5          |
|    n_updates            | 360           |
|    policy_gradient_loss | -2.24e-05     |
|    value_loss           | 25.9          |
-------------------------------------------
------------------------------------------
| rollout/                |              |
|    ep_len_mean          | 8.64e+04     |
|    ep_rew_mean          | -7.24e+04    |
| time/                   |              |
|    fps                  | 1540         |
|    iterations           | 122          |
|    time_elapsed         | 324          |
|    total_timesteps      | 499712       |
| train/                  |              |
|    approx_kl            | 7.611541e-05 |
|    clip_fraction        | 0            |
|    clip_range           | 0.2          |
|    entropy_loss         | -0.0344      |
|    explained_variance   | 0.588        |
|    learning_rate        | 0.00025      |
|    loss                 | 8.76         |
|    n_updates            | 363          |
|    policy_gradient_loss | -0.000201    |
|    value_loss           | 17.3         |
------------------------------------------
Eval num_timesteps=500000, episode_reward=-27049.69 +/- 4009.79
Episode length: 86400.00 +/- 0.00
------------------------------------------
| eval/                   |              |
|    mean_ep_length       | 8.64e+04     |
|    mean_reward          | -2.7e+04     |
| time/                   |              |
|    total_timesteps      | 500000       |
| train/                  |              |
|    approx_kl            | 5.353283e-05 |
|    clip_fraction        | 0.000244     |
|    clip_range           | 0.2          |
|    entropy_loss         | -0.0281      |
|    explained_variance   | 0.588        |
|    learning_rate        | 0.00025      |
|    loss                 | 5.58         |
|    n_updates            | 366          |
|    policy_gradient_loss | -0.000113    |
|    value_loss           | 11.2         |
------------------------------------------
New best mean reward!
  ⏱  step   500,000  │  FPS     668  │  RSS   5693 MB
----------------------------------
| hw/                |           |
|    fps             | 668       |
|    rss_mb          | 5.69e+03  |
| rollout/           |           |
|    ep_len_mean     | 8.64e+04  |
|    ep_rew_mean     | -7.24e+04 |
| time/              |           |
|    fps             | 1431      |
|    iterations      | 123       |
|    time_elapsed    | 351       |
|    total_timesteps | 503808    |
----------------------------------
-------------------------------------------
| rollout/                |               |
|    ep_len_mean          | 8.64e+04      |
|    ep_rew_mean          | -7.24e+04     |
| time/                   |               |
|    fps                  | 1440          |
|    iterations           | 124           |
|    time_elapsed         | 352           |
|    total_timesteps      | 507904        |
| train/                  |               |
|    approx_kl            | 3.3069373e-06 |
|    clip_fraction        | 0             |
|    clip_range           | 0.2           |
|    entropy_loss         | -0.0251       |
|    explained_variance   | 0.475         |
|    learning_rate        | 0.00025       |
|    loss                 | 13.1          |
|    n_updates            | 369           |
|    policy_gradient_loss | -2.55e-05     |
|    value_loss           | 28.3          |
-------------------------------------------
-------------------------------------------
| rollout/                |               |
|    ep_len_mean          | 8.64e+04      |
|    ep_rew_mean          | -7.24e+04     |
| time/                   |               |
|    fps                  | 1449          |
|    iterations           | 125           |
|    time_elapsed         | 353           |
|    total_timesteps      | 512000        |
| train/                  |               |
|    approx_kl            | 2.0313018e-06 |
|    clip_fraction        | 0             |
|    clip_range           | 0.2           |
|    entropy_loss         | -0.0257       |
|    explained_variance   | 0.246         |
|    learning_rate        | 0.000249      |
|    loss                 | 19.1          |
|    n_updates            | 372           |
|    policy_gradient_loss | 8.08e-06      |
|    value_loss           | 40.8          |
-------------------------------------------
-------------------------------------------
| rollout/                |               |
|    ep_len_mean          | 8.64e+04      |
|    ep_rew_mean          | -7.24e+04     |
| time/                   |               |
|    fps                  | 1458          |
|    iterations           | 126           |
|    time_elapsed         | 353           |
|    total_timesteps      | 516096        |
| train/                  |               |
|    approx_kl            | 1.3964018e-07 |
|    clip_fraction        | 0             |
|    clip_range           | 0.2           |
|    entropy_loss         | -0.0259       |
|    explained_variance   | 0.458         |
|    learning_rate        | 0.000249      |
|    loss                 | 14.7          |
|    n_updates            | 375           |
|    policy_gradient_loss | -2.81e-06     |
|    value_loss           | 32.5          |
-------------------------------------------
  ⏱  step   520,000  │  FPS    6707  │  RSS   5693 MB
-------------------------------------------
| hw/                     |               |
|    fps                  | 6.71e+03      |
|    rss_mb               | 5.69e+03      |
| rollout/                |               |
|    ep_len_mean          | 8.64e+04      |
|    ep_rew_mean          | -6.53e+04     |
| time/                   |               |
|    fps                  | 1467          |
|    iterations           | 127           |
|    time_elapsed         | 354           |
|    total_timesteps      | 520192        |
| train/                  |               |
|    approx_kl            | 0.00012156695 |
|    clip_fraction        | 0.000977      |
|    clip_range           | 0.2           |
|    entropy_loss         | -0.024        |
|    explained_variance   | 0.424         |
|    learning_rate        | 0.000248      |
|    loss                 | 13.7          |
|    n_updates            | 378           |
|    policy_gradient_loss | -0.000373     |
|    value_loss           | 26.1          |
-------------------------------------------
-------------------------------------------
| rollout/                |               |
|    ep_len_mean          | 8.64e+04      |
|    ep_rew_mean          | -6.53e+04     |
| time/                   |               |
|    fps                  | 1477          |
|    iterations           | 128           |
|    time_elapsed         | 354           |
|    total_timesteps      | 524288        |
| train/                  |               |
|    approx_kl            | 4.7369394e-07 |
|    clip_fraction        | 0             |
|    clip_range           | 0.2           |
|    entropy_loss         | -0.0214       |
|    explained_variance   | 0.378         |
|    learning_rate        | 0.000248      |
|    loss                 | 15.4          |
|    n_updates            | 381           |
|    policy_gradient_loss | 5.12e-06      |
|    value_loss           | 33.3          |
-------------------------------------------
------------------------------------------
| rollout/                |              |
|    ep_len_mean          | 8.64e+04     |
|    ep_rew_mean          | -6.53e+04    |
| time/                   |              |
|    fps                  | 1485         |
|    iterations           | 129          |
|    time_elapsed         | 355          |
|    total_timesteps      | 528384       |
| train/                  |              |
|    approx_kl            | 1.060238e-06 |
|    clip_fraction        | 0            |
|    clip_range           | 0.2          |
|    entropy_loss         | -0.021       |
|    explained_variance   | 0.67         |
|    learning_rate        | 0.000248     |
|    loss                 | 16.2         |
|    n_updates            | 384          |
|    policy_gradient_loss | -2.03e-05    |
|    value_loss           | 28.8         |
------------------------------------------
--------------------------------------------
| rollout/                |                |
|    ep_len_mean          | 8.64e+04       |
|    ep_rew_mean          | -6.53e+04      |
| time/                   |                |
|    fps                  | 1494           |
|    iterations           | 130            |
|    time_elapsed         | 356            |
|    total_timesteps      | 532480         |
| train/                  |                |
|    approx_kl            | 1.15915755e-05 |
|    clip_fraction        | 0              |
|    clip_range           | 0.2            |
|    entropy_loss         | -0.0196        |
|    explained_variance   | 0.513          |
|    learning_rate        | 0.000247       |
|    loss                 | 20.2           |
|    n_updates            | 387            |
|    policy_gradient_loss | -0.000115      |
|    value_loss           | 44.2           |
--------------------------------------------
------------------------------------------
| rollout/                |              |
|    ep_len_mean          | 8.64e+04     |
|    ep_rew_mean          | -6.53e+04    |
| time/                   |              |
|    fps                  | 1503         |
|    iterations           | 131          |
|    time_elapsed         | 356          |
|    total_timesteps      | 536576       |
| train/                  |              |
|    approx_kl            | 6.058108e-07 |
|    clip_fraction        | 0            |
|    clip_range           | 0.2          |
|    entropy_loss         | -0.0183      |
|    explained_variance   | 0.551        |
|    learning_rate        | 0.000247     |
|    loss                 | 16.3         |
|    n_updates            | 390          |
|    policy_gradient_loss | -1.45e-05    |
|    value_loss           | 39.6         |
------------------------------------------
  ⏱  step   540,000  │  FPS    6771  │  RSS   5693 MB
-------------------------------------------
| hw/                     |               |
|    fps                  | 6.77e+03      |
|    rss_mb               | 5.69e+03      |
| rollout/                |               |
|    ep_len_mean          | 8.64e+04      |
|    ep_rew_mean          | -6.53e+04     |
| time/                   |               |
|    fps                  | 1512          |
|    iterations           | 132           |
|    time_elapsed         | 357           |
|    total_timesteps      | 540672        |
| train/                  |               |
|    approx_kl            | 4.0547893e-06 |
|    clip_fraction        | 0             |
|    clip_range           | 0.2           |
|    entropy_loss         | -0.0185       |
|    explained_variance   | 0.401         |
|    learning_rate        | 0.000246      |
|    loss                 | 16.8          |
|    n_updates            | 393           |
|    policy_gradient_loss | -2.84e-05     |
|    value_loss           | 37.6          |
-------------------------------------------
------------------------------------------
| rollout/                |              |
|    ep_len_mean          | 8.64e+04     |
|    ep_rew_mean          | -6.53e+04    |
| time/                   |              |
|    fps                  | 1521         |
|    iterations           | 133          |
|    time_elapsed         | 357          |
|    total_timesteps      | 544768       |
| train/                  |              |
|    approx_kl            | 1.174747e-06 |
|    clip_fraction        | 0            |
|    clip_range           | 0.2          |
|    entropy_loss         | -0.0198      |
|    explained_variance   | 0.513        |
|    learning_rate        | 0.000246     |
|    loss                 | 14.4         |
|    n_updates            | 396          |
|    policy_gradient_loss | 6.52e-06     |
|    value_loss           | 32.5         |
------------------------------------------
------------------------------------------
| rollout/                |              |
|    ep_len_mean          | 8.64e+04     |
|    ep_rew_mean          | -6.53e+04    |
| time/                   |              |
|    fps                  | 1530         |
|    iterations           | 134          |
|    time_elapsed         | 358          |
|    total_timesteps      | 548864       |
| train/                  |              |
|    approx_kl            | 6.723567e-07 |
|    clip_fraction        | 0            |
|    clip_range           | 0.2          |
|    entropy_loss         | -0.0198      |
|    explained_variance   | 0.799        |
|    learning_rate        | 0.000246     |
|    loss                 | 5.28         |
|    n_updates            | 399          |
|    policy_gradient_loss | -8.83e-06    |
|    value_loss           | 14           |
------------------------------------------
Eval num_timesteps=550000, episode_reward=-27315.10 +/- 1541.75
Episode length: 86400.00 +/- 0.00
-------------------------------------------
| eval/                   |               |
|    mean_ep_length       | 8.64e+04      |
|    mean_reward          | -2.73e+04     |
| time/                   |               |
|    total_timesteps      | 550000        |
| train/                  |               |
|    approx_kl            | 4.7461072e-07 |
|    clip_fraction        | 0             |
|    clip_range           | 0.2           |
|    entropy_loss         | -0.0191       |
|    explained_variance   | 0.572         |
|    learning_rate        | 0.000245      |
|    loss                 | 22.5          |
|    n_updates            | 402           |
|    policy_gradient_loss | -1.43e-05     |
|    value_loss           | 49.4          |
-------------------------------------------
----------------------------------
| rollout/           |           |
|    ep_len_mean     | 8.64e+04  |
|    ep_rew_mean     | -6.53e+04 |
| time/              |           |
|    fps             | 1429      |
|    iterations      | 135       |
|    time_elapsed    | 386       |
|    total_timesteps | 552960    |
----------------------------------
------------------------------------------
| rollout/                |              |
|    ep_len_mean          | 8.64e+04     |
|    ep_rew_mean          | -6.53e+04    |
| time/                   |              |
|    fps                  | 1437         |
|    iterations           | 136          |
|    time_elapsed         | 387          |
|    total_timesteps      | 557056       |
| train/                  |              |
|    approx_kl            | 1.617882e-07 |
|    clip_fraction        | 0            |
|    clip_range           | 0.2          |
|    entropy_loss         | -0.0191      |
|    explained_variance   | 0.587        |
|    learning_rate        | 0.000245     |
|    loss                 | 26.6         |
|    n_updates            | 405          |
|    policy_gradient_loss | 3.4e-06      |
|    value_loss           | 54.3         |
------------------------------------------
  ⏱  step   560,000  │  FPS     654  │  RSS   5693 MB
------------------------------------------
| hw/                     |              |
|    fps                  | 654          |
|    rss_mb               | 5.69e+03     |
| rollout/                |              |
|    ep_len_mean          | 8.64e+04     |
|    ep_rew_mean          | -6.53e+04    |
| time/                   |              |
|    fps                  | 1446         |
|    iterations           | 137          |
|    time_elapsed         | 388          |
|    total_timesteps      | 561152       |
| train/                  |              |
|    approx_kl            | 9.543626e-06 |
|    clip_fraction        | 0            |
|    clip_range           | 0.2          |
|    entropy_loss         | -0.0187      |
|    explained_variance   | 0.701        |
|    learning_rate        | 0.000244     |
|    loss                 | 9.33         |
|    n_updates            | 408          |
|    policy_gradient_loss | -7.63e-05    |
|    value_loss           | 22.6         |
------------------------------------------
-------------------------------------------
| rollout/                |               |
|    ep_len_mean          | 8.64e+04      |
|    ep_rew_mean          | -6.53e+04     |
| time/                   |               |
|    fps                  | 1454          |
|    iterations           | 138           |
|    time_elapsed         | 388           |
|    total_timesteps      | 565248        |
| train/                  |               |
|    approx_kl            | 2.4930196e-06 |
|    clip_fraction        | 0             |
|    clip_range           | 0.2           |
|    entropy_loss         | -0.0178       |
|    explained_variance   | 0.542         |
|    learning_rate        | 0.000244      |
|    loss                 | 14.5          |
|    n_updates            | 411           |
|    policy_gradient_loss | -2.97e-05     |
|    value_loss           | 36.2          |
-------------------------------------------
------------------------------------------
| rollout/                |              |
|    ep_len_mean          | 8.64e+04     |
|    ep_rew_mean          | -6.53e+04    |
| time/                   |              |
|    fps                  | 1462         |
|    iterations           | 139          |
|    time_elapsed         | 389          |
|    total_timesteps      | 569344       |
| train/                  |              |
|    approx_kl            | 5.738024e-06 |
|    clip_fraction        | 0            |
|    clip_range           | 0.2          |
|    entropy_loss         | -0.0171      |
|    explained_variance   | 0.697        |
|    learning_rate        | 0.000243     |
|    loss                 | 13.7         |
|    n_updates            | 414          |
|    policy_gradient_loss | -5.83e-05    |
|    value_loss           | 27.4         |
------------------------------------------
-------------------------------------------
| rollout/                |               |
|    ep_len_mean          | 8.64e+04      |
|    ep_rew_mean          | -6.53e+04     |
| time/                   |               |
|    fps                  | 1470          |
|    iterations           | 140           |
|    time_elapsed         | 389           |
|    total_timesteps      | 573440        |
| train/                  |               |
|    approx_kl            | 3.6091515e-06 |
|    clip_fraction        | 0             |
|    clip_range           | 0.2           |
|    entropy_loss         | -0.0164       |
|    explained_variance   | 0.613         |
|    learning_rate        | 0.000243      |
|    loss                 | 15.7          |
|    n_updates            | 417           |
|    policy_gradient_loss | -2.84e-05     |
|    value_loss           | 33.4          |
-------------------------------------------
-------------------------------------------
| rollout/                |               |
|    ep_len_mean          | 8.64e+04      |
|    ep_rew_mean          | -6.53e+04     |
| time/                   |               |
|    fps                  | 1478          |
|    iterations           | 141           |
|    time_elapsed         | 390           |
|    total_timesteps      | 577536        |
| train/                  |               |
|    approx_kl            | 3.2240932e-06 |
|    clip_fraction        | 0             |
|    clip_range           | 0.2           |
|    entropy_loss         | -0.0158       |
|    explained_variance   | 0.712         |
|    learning_rate        | 0.000243      |
|    loss                 | 9.5           |
|    n_updates            | 420           |
|    policy_gradient_loss | -4.09e-05     |
|    value_loss           | 19.9          |
-------------------------------------------
  ⏱  step   580,000  │  FPS    6659  │  RSS   5693 MB
-------------------------------------------
| hw/                     |               |
|    fps                  | 6.66e+03      |
|    rss_mb               | 5.69e+03      |
| rollout/                |               |
|    ep_len_mean          | 8.64e+04      |
|    ep_rew_mean          | -6.53e+04     |
| time/                   |               |
|    fps                  | 1487          |
|    iterations           | 142           |
|    time_elapsed         | 391           |
|    total_timesteps      | 581632        |
| train/                  |               |
|    approx_kl            | 1.5236437e-06 |
|    clip_fraction        | 0             |
|    clip_range           | 0.2           |
|    entropy_loss         | -0.0159       |
|    explained_variance   | 0.54          |
|    learning_rate        | 0.000242      |
|    loss                 | 32            |
|    n_updates            | 423           |
|    policy_gradient_loss | 4.14e-06      |
|    value_loss           | 73.8          |
-------------------------------------------
------------------------------------------
| rollout/                |              |
|    ep_len_mean          | 8.64e+04     |
|    ep_rew_mean          | -6.53e+04    |
| time/                   |              |
|    fps                  | 1495         |
|    iterations           | 143          |
|    time_elapsed         | 391          |
|    total_timesteps      | 585728       |
| train/                  |              |
|    approx_kl            | 8.411298e-07 |
|    clip_fraction        | 0            |
|    clip_range           | 0.2          |
|    entropy_loss         | -0.0162      |
|    explained_variance   | 0.727        |
|    learning_rate        | 0.000242     |
|    loss                 | 15.7         |
|    n_updates            | 426          |
|    policy_gradient_loss | -1.11e-05    |
|    value_loss           | 32.8         |
------------------------------------------
-------------------------------------------
| rollout/                |               |
|    ep_len_mean          | 8.64e+04      |
|    ep_rew_mean          | -6.53e+04     |
| time/                   |               |
|    fps                  | 1503          |
|    iterations           | 144           |
|    time_elapsed         | 392           |
|    total_timesteps      | 589824        |
| train/                  |               |
|    approx_kl            | 3.9631705e-06 |
|    clip_fraction        | 0             |
|    clip_range           | 0.2           |
|    entropy_loss         | -0.0154       |
|    explained_variance   | 0.838         |
|    learning_rate        | 0.000241      |
|    loss                 | 5.51          |
|    n_updates            | 429           |
|    policy_gradient_loss | -4.17e-05     |
|    value_loss           | 15.7          |
-------------------------------------------
-------------------------------------------
| rollout/                |               |
|    ep_len_mean          | 8.64e+04      |
|    ep_rew_mean          | -6.53e+04     |
| time/                   |               |
|    fps                  | 1511          |
|    iterations           | 145           |
|    time_elapsed         | 392           |
|    total_timesteps      | 593920        |
| train/                  |               |
|    approx_kl            | 4.8724323e-06 |
|    clip_fraction        | 0             |
|    clip_range           | 0.2           |
|    entropy_loss         | -0.0144       |
|    explained_variance   | 0.745         |
|    learning_rate        | 0.000241      |
|    loss                 | 10.9          |
|    n_updates            | 432           |
|    policy_gradient_loss | -5.12e-05     |
|    value_loss           | 23.2          |
-------------------------------------------
-------------------------------------------
| rollout/                |               |
|    ep_len_mean          | 8.64e+04      |
|    ep_rew_mean          | -6.53e+04     |
| time/                   |               |
|    fps                  | 1519          |
|    iterations           | 146           |
|    time_elapsed         | 393           |
|    total_timesteps      | 598016        |
| train/                  |               |
|    approx_kl            | 1.1619413e-06 |
|    clip_fraction        | 0             |
|    clip_range           | 0.2           |
|    entropy_loss         | -0.0136       |
|    explained_variance   | 0.692         |
|    learning_rate        | 0.000241      |
|    loss                 | 16.7          |
|    n_updates            | 435           |
|    policy_gradient_loss | -2.47e-05     |
|    value_loss           | 29.9          |
-------------------------------------------
Eval num_timesteps=600000, episode_reward=-29047.47 +/- 1719.09
Episode length: 86400.00 +/- 0.00
-------------------------------------------
| eval/                   |               |
|    mean_ep_length       | 8.64e+04      |
|    mean_reward          | -2.9e+04      |
| time/                   |               |
|    total_timesteps      | 600000        |
| train/                  |               |
|    approx_kl            | 4.0294253e-07 |
|    clip_fraction        | 0             |
|    clip_range           | 0.2           |
|    entropy_loss         | -0.0131       |
|    explained_variance   | 0.517         |
|    learning_rate        | 0.00024       |
|    loss                 | 31.4          |
|    n_updates            | 438           |
|    policy_gradient_loss | -1.48e-05     |
|    value_loss           | 68.7          |
-------------------------------------------
  ⏱  step   600,000  │  FPS     643  │  RSS   5693 MB
----------------------------------
| hw/                |           |
|    fps             | 643       |
|    rss_mb          | 5.69e+03  |
| rollout/           |           |
|    ep_len_mean     | 8.64e+04  |
|    ep_rew_mean     | -6.53e+04 |
| time/              |           |
|    fps             | 1425      |
|    iterations      | 147       |
|    time_elapsed    | 422       |
|    total_timesteps | 602112    |
----------------------------------
-------------------------------------------
| rollout/                |               |
|    ep_len_mean          | 8.64e+04      |
|    ep_rew_mean          | -5.91e+04     |
| time/                   |               |
|    fps                  | 1433          |
|    iterations           | 148           |
|    time_elapsed         | 422           |
|    total_timesteps      | 606208        |
| train/                  |               |
|    approx_kl            | 1.1583907e-06 |
|    clip_fraction        | 0             |
|    clip_range           | 0.2           |
|    entropy_loss         | -0.0127       |
|    explained_variance   | 0.526         |
|    learning_rate        | 0.00024       |
|    loss                 | 17.1          |
|    n_updates            | 441           |
|    policy_gradient_loss | -2.29e-05     |
|    value_loss           | 39.4          |
-------------------------------------------
-------------------------------------------
| rollout/                |               |
|    ep_len_mean          | 8.64e+04      |
|    ep_rew_mean          | -5.91e+04     |
| time/                   |               |
|    fps                  | 1441          |
|    iterations           | 149           |
|    time_elapsed         | 423           |
|    total_timesteps      | 610304        |
| train/                  |               |
|    approx_kl            | 1.5366822e-08 |
|    clip_fraction        | 0             |
|    clip_range           | 0.2           |
|    entropy_loss         | -0.0125       |
|    explained_variance   | 0.625         |
|    learning_rate        | 0.000239      |
|    loss                 | 11.2          |
|    n_updates            | 444           |
|    policy_gradient_loss | -2.53e-07     |
|    value_loss           | 28.6          |
-------------------------------------------
-------------------------------------------
| rollout/                |               |
|    ep_len_mean          | 8.64e+04      |
|    ep_rew_mean          | -5.91e+04     |
| time/                   |               |
|    fps                  | 1448          |
|    iterations           | 150           |
|    time_elapsed         | 424           |
|    total_timesteps      | 614400        |
| train/                  |               |
|    approx_kl            | 1.3187237e-06 |
|    clip_fraction        | 0             |
|    clip_range           | 0.2           |
|    entropy_loss         | -0.0125       |
|    explained_variance   | 0.606         |
|    learning_rate        | 0.000239      |
|    loss                 | 18.5          |
|    n_updates            | 447           |
|    policy_gradient_loss | -1.54e-05     |
|    value_loss           | 34.9          |
-------------------------------------------
-------------------------------------------
| rollout/                |               |
|    ep_len_mean          | 8.64e+04      |
|    ep_rew_mean          | -5.91e+04     |
| time/                   |               |
|    fps                  | 1456          |
|    iterations           | 151           |
|    time_elapsed         | 424           |
|    total_timesteps      | 618496        |
| train/                  |               |
|    approx_kl            | 4.3048785e-06 |
|    clip_fraction        | 0             |
|    clip_range           | 0.2           |
|    entropy_loss         | -0.0121       |
|    explained_variance   | 0.178         |
|    learning_rate        | 0.000239      |
|    loss                 | 15            |
|    n_updates            | 450           |
|    policy_gradient_loss | -5.52e-05     |
|    value_loss           | 38.7          |
-------------------------------------------
  ⏱  step   620,000  │  FPS    6615  │  RSS   5693 MB
-------------------------------------------
| hw/                     |               |
|    fps                  | 6.62e+03      |
|    rss_mb               | 5.69e+03      |
| rollout/                |               |
|    ep_len_mean          | 8.64e+04      |
|    ep_rew_mean          | -5.91e+04     |
| time/                   |               |
|    fps                  | 1463          |
|    iterations           | 152           |
|    time_elapsed         | 425           |
|    total_timesteps      | 622592        |
| train/                  |               |
|    approx_kl            | 5.9357262e-08 |
|    clip_fraction        | 0             |
|    clip_range           | 0.2           |
|    entropy_loss         | -0.012        |
|    explained_variance   | 0.628         |
|    learning_rate        | 0.000238      |
|    loss                 | 15.1          |
|    n_updates            | 453           |
|    policy_gradient_loss | 7.44e-07      |
|    value_loss           | 34.5          |
-------------------------------------------
-------------------------------------------
| rollout/                |               |
|    ep_len_mean          | 8.64e+04      |
|    ep_rew_mean          | -5.91e+04     |
| time/                   |               |
|    fps                  | 1471          |
|    iterations           | 153           |
|    time_elapsed         | 425           |
|    total_timesteps      | 626688        |
| train/                  |               |
|    approx_kl            | 2.7660979e-05 |
|    clip_fraction        | 0.000488      |
|    clip_range           | 0.2           |
|    entropy_loss         | -0.0131       |
|    explained_variance   | 0.441         |
|    learning_rate        | 0.000238      |
|    loss                 | 12.8          |
|    n_updates            | 456           |
|    policy_gradient_loss | -0.000112     |
|    value_loss           | 27.3          |
-------------------------------------------
-------------------------------------------
| rollout/                |               |
|    ep_len_mean          | 8.64e+04      |
|    ep_rew_mean          | -5.91e+04     |
| time/                   |               |
|    fps                  | 1478          |
|    iterations           | 154           |
|    time_elapsed         | 426           |
|    total_timesteps      | 630784        |
| train/                  |               |
|    approx_kl            | 1.6539983e-05 |
|    clip_fraction        | 0             |
|    clip_range           | 0.2           |
|    entropy_loss         | -0.0127       |
|    explained_variance   | 0.862         |
|    learning_rate        | 0.000237      |
|    loss                 | 2.29          |
|    n_updates            | 459           |
|    policy_gradient_loss | -8.03e-05     |
|    value_loss           | 6.21          |
-------------------------------------------
------------------------------------------
| rollout/                |              |
|    ep_len_mean          | 8.64e+04     |
|    ep_rew_mean          | -5.91e+04    |
| time/                   |              |
|    fps                  | 1485         |
|    iterations           | 155          |
|    time_elapsed         | 427          |
|    total_timesteps      | 634880       |
| train/                  |              |
|    approx_kl            | 9.317955e-06 |
|    clip_fraction        | 0            |
|    clip_range           | 0.2          |
|    entropy_loss         | -0.0115      |
|    explained_variance   | 0.65         |
|    learning_rate        | 0.000237     |
|    loss                 | 19.1         |
|    n_updates            | 462          |
|    policy_gradient_loss | -1.13e-05    |
|    value_loss           | 34.4         |
------------------------------------------
------------------------------------------
| rollout/                |              |
|    ep_len_mean          | 8.64e+04     |
|    ep_rew_mean          | -5.91e+04    |
| time/                   |              |
|    fps                  | 1493         |
|    iterations           | 156          |
|    time_elapsed         | 427          |
|    total_timesteps      | 638976       |
| train/                  |              |
|    approx_kl            | 6.951741e-07 |
|    clip_fraction        | 0            |
|    clip_range           | 0.2          |
|    entropy_loss         | -0.0128      |
|    explained_variance   | 0.244        |
|    learning_rate        | 0.000237     |
|    loss                 | 21.7         |
|    n_updates            | 465          |
|    policy_gradient_loss | 1.23e-05     |
|    value_loss           | 50.5         |
------------------------------------------
  ⏱  step   640,000  │  FPS    6505  │  RSS   5693 MB
------------------------------------------
| hw/                     |              |
|    fps                  | 6.5e+03      |
|    rss_mb               | 5.69e+03     |
| rollout/                |              |
|    ep_len_mean          | 8.64e+04     |
|    ep_rew_mean          | -5.91e+04    |
| time/                   |              |
|    fps                  | 1500         |
|    iterations           | 157          |
|    time_elapsed         | 428          |
|    total_timesteps      | 643072       |
| train/                  |              |
|    approx_kl            | 4.891408e-06 |
|    clip_fraction        | 0            |
|    clip_range           | 0.2          |
|    entropy_loss         | -0.0125      |
|    explained_variance   | 0.673        |
|    learning_rate        | 0.000236     |
|    loss                 | 5.91         |
|    n_updates            | 468          |
|    policy_gradient_loss | -2.95e-05    |
|    value_loss           | 18.5         |
------------------------------------------
-------------------------------------------
| rollout/                |               |
|    ep_len_mean          | 8.64e+04      |
|    ep_rew_mean          | -5.91e+04     |
| time/                   |               |
|    fps                  | 1507          |
|    iterations           | 158           |
|    time_elapsed         | 429           |
|    total_timesteps      | 647168        |
| train/                  |               |
|    approx_kl            | 3.4167897e-07 |
|    clip_fraction        | 0             |
|    clip_range           | 0.2           |
|    entropy_loss         | -0.0115       |
|    explained_variance   | 0.626         |
|    learning_rate        | 0.000236      |
|    loss                 | 7.19          |
|    n_updates            | 471           |
|    policy_gradient_loss | -1.31e-05     |
|    value_loss           | 15.2          |
-------------------------------------------
Eval num_timesteps=650000, episode_reward=-28059.29 +/- 2500.83
Episode length: 86400.00 +/- 0.00
-------------------------------------------
| eval/                   |               |
|    mean_ep_length       | 8.64e+04      |
|    mean_reward          | -2.81e+04     |
| time/                   |               |
|    total_timesteps      | 650000        |
| train/                  |               |
|    approx_kl            | 1.7379352e-07 |
|    clip_fraction        | 0             |
|    clip_range           | 0.2           |
|    entropy_loss         | -0.0114       |
|    explained_variance   | 0.801         |
|    learning_rate        | 0.000235      |
|    loss                 | 5.72          |
|    n_updates            | 474           |
|    policy_gradient_loss | -2.62e-06     |
|    value_loss           | 10.4          |
-------------------------------------------
----------------------------------
| rollout/           |           |
|    ep_len_mean     | 8.64e+04  |
|    ep_rew_mean     | -5.91e+04 |
| time/              |           |
|    fps             | 1424      |
|    iterations      | 159       |
|    time_elapsed    | 457       |
|    total_timesteps | 651264    |
----------------------------------
-------------------------------------------
| rollout/                |               |
|    ep_len_mean          | 8.64e+04      |
|    ep_rew_mean          | -5.91e+04     |
| time/                   |               |
|    fps                  | 1431          |
|    iterations           | 160           |
|    time_elapsed         | 457           |
|    total_timesteps      | 655360        |
| train/                  |               |
|    approx_kl            | 0.00010489687 |
|    clip_fraction        | 0.000732      |
|    clip_range           | 0.2           |
|    entropy_loss         | -0.0103       |
|    explained_variance   | 0.634         |
|    learning_rate        | 0.000235      |
|    loss                 | 11.1          |
|    n_updates            | 477           |
|    policy_gradient_loss | -0.000211     |
|    value_loss           | 22            |
-------------------------------------------
-------------------------------------------
| rollout/                |               |
|    ep_len_mean          | 8.64e+04      |
|    ep_rew_mean          | -5.91e+04     |
| time/                   |               |
|    fps                  | 1438          |
|    iterations           | 161           |
|    time_elapsed         | 458           |
|    total_timesteps      | 659456        |
| train/                  |               |
|    approx_kl            | 3.2443495e-07 |
|    clip_fraction        | 0             |
|    clip_range           | 0.2           |
|    entropy_loss         | -0.00914      |
|    explained_variance   | 0.551         |
|    learning_rate        | 0.000234      |
|    loss                 | 14.1          |
|    n_updates            | 480           |
|    policy_gradient_loss | -7.51e-06     |
|    value_loss           | 33.6          |
-------------------------------------------
  ⏱  step   660,000  │  FPS     654  │  RSS   5693 MB
-------------------------------------------
| hw/                     |               |
|    fps                  | 654           |
|    rss_mb               | 5.69e+03      |
| rollout/                |               |
|    ep_len_mean          | 8.64e+04      |
|    ep_rew_mean          | -5.91e+04     |
| time/                   |               |
|    fps                  | 1445          |
|    iterations           | 162           |
|    time_elapsed         | 459           |
|    total_timesteps      | 663552        |
| train/                  |               |
|    approx_kl            | 2.0259322e-06 |
|    clip_fraction        | 0             |
|    clip_range           | 0.2           |
|    entropy_loss         | -0.0088       |
|    explained_variance   | 0.597         |
|    learning_rate        | 0.000234      |
|    loss                 | 14.3          |
|    n_updates            | 483           |
|    policy_gradient_loss | -1.12e-05     |
|    value_loss           | 31            |
-------------------------------------------
-------------------------------------------
| rollout/                |               |
|    ep_len_mean          | 8.64e+04      |
|    ep_rew_mean          | -5.91e+04     |
| time/                   |               |
|    fps                  | 1452          |
|    iterations           | 163           |
|    time_elapsed         | 459           |
|    total_timesteps      | 667648        |
| train/                  |               |
|    approx_kl            | 1.6177073e-06 |
|    clip_fraction        | 0             |
|    clip_range           | 0.2           |
|    entropy_loss         | -0.00881      |
|    explained_variance   | 0.33          |
|    learning_rate        | 0.000234      |
|    loss                 | 24.7          |
|    n_updates            | 486           |
|    policy_gradient_loss | -8.57e-06     |
|    value_loss           | 44.8          |
-------------------------------------------
-------------------------------------------
| rollout/                |               |
|    ep_len_mean          | 8.64e+04      |
|    ep_rew_mean          | -5.91e+04     |
| time/                   |               |
|    fps                  | 1459          |
|    iterations           | 164           |
|    time_elapsed         | 460           |
|    total_timesteps      | 671744        |
| train/                  |               |
|    approx_kl            | 5.3827534e-08 |
|    clip_fraction        | 0             |
|    clip_range           | 0.2           |
|    entropy_loss         | -0.00911      |
|    explained_variance   | 0.506         |
|    learning_rate        | 0.000233      |
|    loss                 | 16.6          |
|    n_updates            | 489           |
|    policy_gradient_loss | 1.65e-06      |
|    value_loss           | 39.4          |
-------------------------------------------
-------------------------------------------
| rollout/                |               |
|    ep_len_mean          | 8.64e+04      |
|    ep_rew_mean          | -5.91e+04     |
| time/                   |               |
|    fps                  | 1466          |
|    iterations           | 165           |
|    time_elapsed         | 460           |
|    total_timesteps      | 675840        |
| train/                  |               |
|    approx_kl            | 8.3945633e-07 |
|    clip_fraction        | 0             |
|    clip_range           | 0.2           |
|    entropy_loss         | -0.00889      |
|    explained_variance   | 0.484         |
|    learning_rate        | 0.000233      |
|    loss                 | 14.5          |
|    n_updates            | 492           |
|    policy_gradient_loss | -1.38e-05     |
|    value_loss           | 24.3          |
-------------------------------------------
------------------------------------------
| rollout/                |              |
|    ep_len_mean          | 8.64e+04     |
|    ep_rew_mean          | -5.91e+04    |
| time/                   |              |
|    fps                  | 1472         |
|    iterations           | 166          |
|    time_elapsed         | 461          |
|    total_timesteps      | 679936       |
| train/                  |              |
|    approx_kl            | 8.902862e-08 |
|    clip_fraction        | 0            |
|    clip_range           | 0.2          |
|    entropy_loss         | -0.00845     |
|    explained_variance   | 0.584        |
|    learning_rate        | 0.000232     |
|    loss                 | 11.2         |
|    n_updates            | 495          |
|    policy_gradient_loss | -7.54e-07    |
|    value_loss           | 23.9         |
------------------------------------------
  ⏱  step   680,000  │  FPS    6671  │  RSS   5693 MB
-------------------------------------------
| hw/                     |               |
|    fps                  | 6.67e+03      |
|    rss_mb               | 5.69e+03      |
| rollout/                |               |
|    ep_len_mean          | 8.64e+04      |
|    ep_rew_mean          | -5.91e+04     |
| time/                   |               |
|    fps                  | 1479          |
|    iterations           | 167           |
|    time_elapsed         | 462           |
|    total_timesteps      | 684032        |
| train/                  |               |
|    approx_kl            | 2.0867446e-08 |
|    clip_fraction        | 0             |
|    clip_range           | 0.2           |
|    entropy_loss         | -0.00839      |
|    explained_variance   | 0.39          |
|    learning_rate        | 0.000232      |
|    loss                 | 10.9          |
|    n_updates            | 498           |
|    policy_gradient_loss | 1.12e-06      |
|    value_loss           | 27.2          |
-------------------------------------------
-------------------------------------------
| rollout/                |               |
|    ep_len_mean          | 8.64e+04      |
|    ep_rew_mean          | -5.91e+04     |
| time/                   |               |
|    fps                  | 1486          |
|    iterations           | 168           |
|    time_elapsed         | 462           |
|    total_timesteps      | 688128        |
| train/                  |               |
|    approx_kl            | 1.2225064e-07 |
|    clip_fraction        | 0             |
|    clip_range           | 0.2           |
|    entropy_loss         | -0.00869      |
|    explained_variance   | 0.453         |
|    learning_rate        | 0.000232      |
|    loss                 | 15.5          |
|    n_updates            | 501           |
|    policy_gradient_loss | 5.32e-07      |
|    value_loss           | 32.8          |
-------------------------------------------
--------------------------------------------
| rollout/                |                |
|    ep_len_mean          | 8.64e+04       |
|    ep_rew_mean          | -5.55e+04      |
| time/                   |                |
|    fps                  | 1493           |
|    iterations           | 169            |
|    time_elapsed         | 463            |
|    total_timesteps      | 692224         |
| train/                  |                |
|    approx_kl            | 1.13529095e-05 |
|    clip_fraction        | 0.000163       |
|    clip_range           | 0.2            |
|    entropy_loss         | -0.00968       |
|    explained_variance   | 0.555          |
|    learning_rate        | 0.000231       |
|    loss                 | 17             |
|    n_updates            | 504            |
|    policy_gradient_loss | -6.99e-05      |
|    value_loss           | 34.4           |
--------------------------------------------
-----------------------------------------
| rollout/                |             |
|    ep_len_mean          | 8.64e+04    |
|    ep_rew_mean          | -5.55e+04   |
| time/                   |             |
|    fps                  | 1500        |
|    iterations           | 170         |
|    time_elapsed         | 464         |
|    total_timesteps      | 696320      |
| train/                  |             |
|    approx_kl            | 5.62433e-06 |
|    clip_fraction        | 0           |
|    clip_range           | 0.2         |
|    entropy_loss         | -0.0118     |
|    explained_variance   | 0.416       |
|    learning_rate        | 0.000231    |
|    loss                 | 22.8        |
|    n_updates            | 507         |
|    policy_gradient_loss | -2.08e-05   |
|    value_loss           | 51.8        |
-----------------------------------------
Eval num_timesteps=700000, episode_reward=-27695.75 +/- 0.00
Episode length: 86400.00 +/- 0.00
------------------------------------------
| eval/                   |              |
|    mean_ep_length       | 8.64e+04     |
|    mean_reward          | -2.77e+04    |
| time/                   |              |
|    total_timesteps      | 700000       |
| train/                  |              |
|    approx_kl            | 2.995308e-06 |
|    clip_fraction        | 0            |
|    clip_range           | 0.2          |
|    entropy_loss         | -0.0123      |
|    explained_variance   | 0.775        |
|    learning_rate        | 0.00023      |
|    loss                 | 5.47         |
|    n_updates            | 510          |
|    policy_gradient_loss | -1.78e-05    |
|    value_loss           | 17.6         |
------------------------------------------
  ⏱  step   700,000  │  FPS     654  │  RSS   5693 MB
----------------------------------
| hw/                |           |
|    fps             | 654       |
|    rss_mb          | 5.69e+03  |
| rollout/           |           |
|    ep_len_mean     | 8.64e+04  |
|    ep_rew_mean     | -5.55e+04 |
| time/              |           |
|    fps             | 1422      |
|    iterations      | 171       |
|    time_elapsed    | 492       |
|    total_timesteps | 700416    |
----------------------------------
-------------------------------------------
| rollout/                |               |
|    ep_len_mean          | 8.64e+04      |
|    ep_rew_mean          | -5.55e+04     |
| time/                   |               |
|    fps                  | 1429          |
|    iterations           | 172           |
|    time_elapsed         | 492           |
|    total_timesteps      | 704512        |
| train/                  |               |
|    approx_kl            | 3.4406548e-07 |
|    clip_fraction        | 0             |
|    clip_range           | 0.2           |
|    entropy_loss         | -0.0111       |
|    explained_variance   | 0.602         |
|    learning_rate        | 0.00023       |
|    loss                 | 9.86          |
|    n_updates            | 513           |
|    policy_gradient_loss | -1.62e-06     |
|    value_loss           | 25.9          |
-------------------------------------------
-------------------------------------------
| rollout/                |               |
|    ep_len_mean          | 8.64e+04      |
|    ep_rew_mean          | -5.55e+04     |
| time/                   |               |
|    fps                  | 1435          |
|    iterations           | 173           |
|    time_elapsed         | 493           |
|    total_timesteps      | 708608        |
| train/                  |               |
|    approx_kl            | 1.2423203e-05 |
|    clip_fraction        | 0             |
|    clip_range           | 0.2           |
|    entropy_loss         | -0.0111       |
|    explained_variance   | 0.728         |
|    learning_rate        | 0.00023       |
|    loss                 | 14.6          |
|    n_updates            | 516           |
|    policy_gradient_loss | -5.91e-05     |
|    value_loss           | 26.4          |
-------------------------------------------
-------------------------------------------
| rollout/                |               |
|    ep_len_mean          | 8.64e+04      |
|    ep_rew_mean          | -5.55e+04     |
| time/                   |               |
|    fps                  | 1442          |
|    iterations           | 174           |
|    time_elapsed         | 494           |
|    total_timesteps      | 712704        |
| train/                  |               |
|    approx_kl            | 1.2537057e-06 |
|    clip_fraction        | 0             |
|    clip_range           | 0.2           |
|    entropy_loss         | -0.0109       |
|    explained_variance   | 0.64          |
|    learning_rate        | 0.000229      |
|    loss                 | 14.1          |
|    n_updates            | 519           |
|    policy_gradient_loss | 4.4e-06       |
|    value_loss           | 29.5          |
-------------------------------------------
-------------------------------------------
| rollout/                |               |
|    ep_len_mean          | 8.64e+04      |
|    ep_rew_mean          | -5.55e+04     |
| time/                   |               |
|    fps                  | 1448          |
|    iterations           | 175           |
|    time_elapsed         | 494           |
|    total_timesteps      | 716800        |
| train/                  |               |
|    approx_kl            | 3.0408119e-05 |
|    clip_fraction        | 0.000244      |
|    clip_range           | 0.2           |
|    entropy_loss         | -0.0121       |
|    explained_variance   | 0.553         |
|    learning_rate        | 0.000229      |
|    loss                 | 14.7          |
|    n_updates            | 522           |
|    policy_gradient_loss | -5.09e-05     |
|    value_loss           | 36.8          |
-------------------------------------------
  ⏱  step   720,000  │  FPS    6655  │  RSS   5693 MB
-------------------------------------------
| hw/                     |               |
|    fps                  | 6.66e+03      |
|    rss_mb               | 5.69e+03      |
| rollout/                |               |
|    ep_len_mean          | 8.64e+04      |
|    ep_rew_mean          | -5.55e+04     |
| time/                   |               |
|    fps                  | 1455          |
|    iterations           | 176           |
|    time_elapsed         | 495           |
|    total_timesteps      | 720896        |
| train/                  |               |
|    approx_kl            | 7.9293386e-07 |
|    clip_fraction        | 0             |
|    clip_range           | 0.2           |
|    entropy_loss         | -0.0138       |
|    explained_variance   | 0.737         |
|    learning_rate        | 0.000228      |
|    loss                 | 14.4          |
|    n_updates            | 525           |
|    policy_gradient_loss | 1.65e-05      |
|    value_loss           | 24.3          |
-------------------------------------------
------------------------------------------
| rollout/                |              |
|    ep_len_mean          | 8.64e+04     |
|    ep_rew_mean          | -5.55e+04    |
| time/                   |              |
|    fps                  | 1461         |
|    iterations           | 177          |
|    time_elapsed         | 495          |
|    total_timesteps      | 724992       |
| train/                  |              |
|    approx_kl            | 9.180076e-06 |
|    clip_fraction        | 8.14e-05     |
|    clip_range           | 0.2          |
|    entropy_loss         | -0.0142      |
|    explained_variance   | 0.657        |
|    learning_rate        | 0.000228     |
|    loss                 | 11.5         |
|    n_updates            | 528          |
|    policy_gradient_loss | -8.56e-05    |
|    value_loss           | 24.2         |
------------------------------------------
------------------------------------------
| rollout/                |              |
|    ep_len_mean          | 8.64e+04     |
|    ep_rew_mean          | -5.55e+04    |
| time/                   |              |
|    fps                  | 1468         |
|    iterations           | 178          |
|    time_elapsed         | 496          |
|    total_timesteps      | 729088       |
| train/                  |              |
|    approx_kl            | 8.260977e-07 |
|    clip_fraction        | 0            |
|    clip_range           | 0.2          |
|    entropy_loss         | -0.014       |
|    explained_variance   | 0.783        |
|    learning_rate        | 0.000228     |
|    loss                 | 9.72         |
|    n_updates            | 531          |
|    policy_gradient_loss | 2.02e-06     |
|    value_loss           | 19.3         |
------------------------------------------
------------------------------------------
| rollout/                |              |
|    ep_len_mean          | 8.64e+04     |
|    ep_rew_mean          | -5.55e+04    |
| time/                   |              |
|    fps                  | 1474         |
|    iterations           | 179          |
|    time_elapsed         | 497          |
|    total_timesteps      | 733184       |
| train/                  |              |
|    approx_kl            | 2.423345e-06 |
|    clip_fraction        | 0            |
|    clip_range           | 0.2          |
|    entropy_loss         | -0.0138      |
|    explained_variance   | 0.591        |
|    learning_rate        | 0.000227     |
|    loss                 | 17.9         |
|    n_updates            | 534          |
|    policy_gradient_loss | -1.08e-05    |
|    value_loss           | 39.5         |
------------------------------------------
------------------------------------------
| rollout/                |              |
|    ep_len_mean          | 8.64e+04     |
|    ep_rew_mean          | -5.55e+04    |
| time/                   |              |
|    fps                  | 1480         |
|    iterations           | 180          |
|    time_elapsed         | 497          |
|    total_timesteps      | 737280       |
| train/                  |              |
|    approx_kl            | 4.777103e-07 |
|    clip_fraction        | 0            |
|    clip_range           | 0.2          |
|    entropy_loss         | -0.0136      |
|    explained_variance   | 0.601        |
|    learning_rate        | 0.000227     |
|    loss                 | 20.5         |
|    n_updates            | 537          |
|    policy_gradient_loss | -3.51e-06    |
|    value_loss           | 47.6         |
------------------------------------------
  ⏱  step   740,000  │  FPS    6645  │  RSS   5693 MB
-------------------------------------------
| hw/                     |               |
|    fps                  | 6.65e+03      |
|    rss_mb               | 5.69e+03      |
| rollout/                |               |
|    ep_len_mean          | 8.64e+04      |
|    ep_rew_mean          | -5.55e+04     |
| time/                   |               |
|    fps                  | 1487          |
|    iterations           | 181           |
|    time_elapsed         | 498           |
|    total_timesteps      | 741376        |
| train/                  |               |
|    approx_kl            | 7.2689727e-07 |
|    clip_fraction        | 0             |
|    clip_range           | 0.2           |
|    entropy_loss         | -0.0131       |
|    explained_variance   | 0.644         |
|    learning_rate        | 0.000226      |
|    loss                 | 11.5          |
|    n_updates            | 540           |
|    policy_gradient_loss | 6.67e-06      |
|    value_loss           | 25.7          |
-------------------------------------------
-------------------------------------------
| rollout/                |               |
|    ep_len_mean          | 8.64e+04      |
|    ep_rew_mean          | -5.55e+04     |
| time/                   |               |
|    fps                  | 1493          |
|    iterations           | 182           |
|    time_elapsed         | 499           |
|    total_timesteps      | 745472        |
| train/                  |               |
|    approx_kl            | 1.3567551e-05 |
|    clip_fraction        | 8.14e-05      |
|    clip_range           | 0.2           |
|    entropy_loss         | -0.0138       |
|    explained_variance   | 0.562         |
|    learning_rate        | 0.000226      |
|    loss                 | 25.8          |
|    n_updates            | 543           |
|    policy_gradient_loss | -2.09e-05     |
|    value_loss           | 46.8          |
-------------------------------------------
-------------------------------------------
| rollout/                |               |
|    ep_len_mean          | 8.64e+04      |
|    ep_rew_mean          | -5.55e+04     |
| time/                   |               |
|    fps                  | 1500          |
|    iterations           | 183           |
|    time_elapsed         | 499           |
|    total_timesteps      | 749568        |
| train/                  |               |
|    approx_kl            | 6.9296075e-06 |
|    clip_fraction        | 0             |
|    clip_range           | 0.2           |
|    entropy_loss         | -0.0144       |
|    explained_variance   | 0.591         |
|    learning_rate        | 0.000225      |
|    loss                 | 18.4          |
|    n_updates            | 546           |
|    policy_gradient_loss | -3.7e-05      |
|    value_loss           | 39.4          |
-------------------------------------------
Eval num_timesteps=750000, episode_reward=-26600.17 +/- 3066.46
Episode length: 86400.00 +/- 0.00
-------------------------------------------
| eval/                   |               |
|    mean_ep_length       | 8.64e+04      |
|    mean_reward          | -2.66e+04     |
| time/                   |               |
|    total_timesteps      | 750000        |
| train/                  |               |
|    approx_kl            | 2.5875837e-05 |
|    clip_fraction        | 0.000163      |
|    clip_range           | 0.2           |
|    entropy_loss         | -0.013        |
|    explained_variance   | 0.515         |
|    learning_rate        | 0.000225      |
|    loss                 | 14.6          |
|    n_updates            | 549           |
|    policy_gradient_loss | -0.00015      |
|    value_loss           | 32.3          |
-------------------------------------------
New best mean reward!
----------------------------------
| rollout/           |           |
|    ep_len_mean     | 8.64e+04  |
|    ep_rew_mean     | -5.55e+04 |
| time/              |           |
|    fps             | 1428      |
|    iterations      | 184       |
|    time_elapsed    | 527       |
|    total_timesteps | 753664    |
----------------------------------
-------------------------------------------
| rollout/                |               |
|    ep_len_mean          | 8.64e+04      |
|    ep_rew_mean          | -5.55e+04     |
| time/                   |               |
|    fps                  | 1434          |
|    iterations           | 185           |
|    time_elapsed         | 528           |
|    total_timesteps      | 757760        |
| train/                  |               |
|    approx_kl            | 3.8434853e-05 |
|    clip_fraction        | 0             |
|    clip_range           | 0.2           |
|    entropy_loss         | -0.0114       |
|    explained_variance   | 0.629         |
|    learning_rate        | 0.000225      |
|    loss                 | 15.5          |
|    n_updates            | 552           |
|    policy_gradient_loss | -0.000133     |
|    value_loss           | 32.3          |
-------------------------------------------
  ⏱  step   760,000  │  FPS     660  │  RSS   5693 MB
-------------------------------------------
| hw/                     |               |
|    fps                  | 660           |
|    rss_mb               | 5.69e+03      |
| rollout/                |               |
|    ep_len_mean          | 8.64e+04      |
|    ep_rew_mean          | -5.55e+04     |
| time/                   |               |
|    fps                  | 1440          |
|    iterations           | 186           |
|    time_elapsed         | 528           |
|    total_timesteps      | 761856        |
| train/                  |               |
|    approx_kl            | 8.3682244e-07 |
|    clip_fraction        | 0             |
|    clip_range           | 0.2           |
|    entropy_loss         | -0.0104       |
|    explained_variance   | 0.606         |
|    learning_rate        | 0.000224      |
|    loss                 | 15.8          |
|    n_updates            | 555           |
|    policy_gradient_loss | -1.46e-05     |
|    value_loss           | 33.4          |
-------------------------------------------
-----------------------------------------
| rollout/                |             |
|    ep_len_mean          | 8.64e+04    |
|    ep_rew_mean          | -5.55e+04   |
| time/                   |             |
|    fps                  | 1446        |
|    iterations           | 187         |
|    time_elapsed         | 529         |
|    total_timesteps      | 765952      |
| train/                  |             |
|    approx_kl            | 6.87351e-06 |
|    clip_fraction        | 0           |
|    clip_range           | 0.2         |
|    entropy_loss         | -0.0111     |
|    explained_variance   | 0.586       |
|    learning_rate        | 0.000224    |
|    loss                 | 14.6        |
|    n_updates            | 558         |
|    policy_gradient_loss | -5.56e-05   |
|    value_loss           | 33          |
-----------------------------------------
-------------------------------------------
| rollout/                |               |
|    ep_len_mean          | 8.64e+04      |
|    ep_rew_mean          | -5.55e+04     |
| time/                   |               |
|    fps                  | 1452          |
|    iterations           | 188           |
|    time_elapsed         | 530           |
|    total_timesteps      | 770048        |
| train/                  |               |
|    approx_kl            | 2.0672276e-05 |
|    clip_fraction        | 8.14e-05      |
|    clip_range           | 0.2           |
|    entropy_loss         | -0.0124       |
|    explained_variance   | 0.695         |
|    learning_rate        | 0.000223      |
|    loss                 | 8.68          |
|    n_updates            | 561           |
|    policy_gradient_loss | -1.74e-05     |
|    value_loss           | 24            |
-------------------------------------------
-------------------------------------------
| rollout/                |               |
|    ep_len_mean          | 8.64e+04      |
|    ep_rew_mean          | -5.55e+04     |
| time/                   |               |
|    fps                  | 1458          |
|    iterations           | 189           |
|    time_elapsed         | 530           |
|    total_timesteps      | 774144        |
| train/                  |               |
|    approx_kl            | 2.5572823e-05 |
|    clip_fraction        | 0.000244      |
|    clip_range           | 0.2           |
|    entropy_loss         | -0.0148       |
|    explained_variance   | 0.661         |
|    learning_rate        | 0.000223      |
|    loss                 | 19.8          |
|    n_updates            | 564           |
|    policy_gradient_loss | -6.55e-05     |
|    value_loss           | 35.1          |
-------------------------------------------
-------------------------------------------
| rollout/                |               |
|    ep_len_mean          | 8.64e+04      |
|    ep_rew_mean          | -5.25e+04     |
| time/                   |               |
|    fps                  | 1464          |
|    iterations           | 190           |
|    time_elapsed         | 531           |
|    total_timesteps      | 778240        |
| train/                  |               |
|    approx_kl            | 1.3703291e-05 |
|    clip_fraction        | 0.000163      |
|    clip_range           | 0.2           |
|    entropy_loss         | -0.0174       |
|    explained_variance   | 0.773         |
|    learning_rate        | 0.000223      |
|    loss                 | 11.3          |
|    n_updates            | 567           |
|    policy_gradient_loss | -6.34e-05     |
|    value_loss           | 24.4          |
-------------------------------------------
  ⏱  step   780,000  │  FPS    6600  │  RSS   5693 MB
------------------------------------------
| hw/                     |              |
|    fps                  | 6.6e+03      |
|    rss_mb               | 5.69e+03     |
| rollout/                |              |
|    ep_len_mean          | 8.64e+04     |
|    ep_rew_mean          | -5.25e+04    |
| time/                   |              |
|    fps                  | 1470         |
|    iterations           | 191          |
|    time_elapsed         | 531          |
|    total_timesteps      | 782336       |
| train/                  |              |
|    approx_kl            | 7.749323e-05 |
|    clip_fraction        | 0.00057      |
|    clip_range           | 0.2          |
|    entropy_loss         | -0.0158      |
|    explained_variance   | 0.822        |
|    learning_rate        | 0.000222     |
|    loss                 | 6.21         |
|    n_updates            | 570          |
|    policy_gradient_loss | -0.000289    |
|    value_loss           | 12           |
------------------------------------------
------------------------------------------
| rollout/                |              |
|    ep_len_mean          | 8.64e+04     |
|    ep_rew_mean          | -5.25e+04    |
| time/                   |              |
|    fps                  | 1476         |
|    iterations           | 192          |
|    time_elapsed         | 532          |
|    total_timesteps      | 786432       |
| train/                  |              |
|    approx_kl            | 8.654271e-06 |
|    clip_fraction        | 0            |
|    clip_range           | 0.2          |
|    entropy_loss         | -0.0134      |
|    explained_variance   | 0.615        |
|    learning_rate        | 0.000222     |
|    loss                 | 14.8         |
|    n_updates            | 573          |
|    policy_gradient_loss | -7.45e-05    |
|    value_loss           | 30.5         |
------------------------------------------
-------------------------------------------
| rollout/                |               |
|    ep_len_mean          | 8.64e+04      |
|    ep_rew_mean          | -5.25e+04     |
| time/                   |               |
|    fps                  | 1482          |
|    iterations           | 193           |
|    time_elapsed         | 533           |
|    total_timesteps      | 790528        |
| train/                  |               |
|    approx_kl            | 1.5909187e-05 |
|    clip_fraction        | 0             |
|    clip_range           | 0.2           |
|    entropy_loss         | -0.0122       |
|    explained_variance   | 0.599         |
|    learning_rate        | 0.000221      |
|    loss                 | 14.5          |
|    n_updates            | 576           |
|    policy_gradient_loss | -0.000118     |
|    value_loss           | 33.5          |
-------------------------------------------
------------------------------------------
| rollout/                |              |
|    ep_len_mean          | 8.64e+04     |
|    ep_rew_mean          | -5.25e+04    |
| time/                   |              |
|    fps                  | 1488         |
|    iterations           | 194          |
|    time_elapsed         | 533          |
|    total_timesteps      | 794624       |
| train/                  |              |
|    approx_kl            | 4.171423e-06 |
|    clip_fraction        | 0            |
|    clip_range           | 0.2          |
|    entropy_loss         | -0.0132      |
|    explained_variance   | 0.518        |
|    learning_rate        | 0.000221     |
|    loss                 | 18.8         |
|    n_updates            | 579          |
|    policy_gradient_loss | 3e-05        |
|    value_loss           | 43.9         |
------------------------------------------
-----------------------------------------
| rollout/                |             |
|    ep_len_mean          | 8.64e+04    |
|    ep_rew_mean          | -5.25e+04   |
| time/                   |             |
|    fps                  | 1494        |
|    iterations           | 195         |
|    time_elapsed         | 534         |
|    total_timesteps      | 798720      |
| train/                  |             |
|    approx_kl            | 2.46571e-05 |
|    clip_fraction        | 0           |
|    clip_range           | 0.2         |
|    entropy_loss         | -0.0127     |
|    explained_variance   | 0.431       |
|    learning_rate        | 0.000221    |
|    loss                 | 16          |
|    n_updates            | 582         |
|    policy_gradient_loss | -0.000119   |
|    value_loss           | 38.6        |
-----------------------------------------
Eval num_timesteps=800000, episode_reward=-22124.30 +/- 1182.67
Episode length: 86400.00 +/- 0.00
-------------------------------------------
| eval/                   |               |
|    mean_ep_length       | 8.64e+04      |
|    mean_reward          | -2.21e+04     |
| time/                   |               |
|    total_timesteps      | 800000        |
| train/                  |               |
|    approx_kl            | 6.8066583e-07 |
|    clip_fraction        | 0             |
|    clip_range           | 0.2           |
|    entropy_loss         | -0.0117       |
|    explained_variance   | 0.556         |
|    learning_rate        | 0.00022       |
|    loss                 | 15.4          |
|    n_updates            | 585           |
|    policy_gradient_loss | -1.26e-05     |
|    value_loss           | 37.1          |
-------------------------------------------
New best mean reward!
  ⏱  step   800,000  │  FPS     665  │  RSS   5693 MB
----------------------------------
| hw/                |           |
|    fps             | 665       |
|    rss_mb          | 5.69e+03  |
| rollout/           |           |
|    ep_len_mean     | 8.64e+04  |
|    ep_rew_mean     | -5.25e+04 |
| time/              |           |
|    fps             | 1428      |
|    iterations      | 196       |
|    time_elapsed    | 562       |
|    total_timesteps | 802816    |
----------------------------------
-------------------------------------------
| rollout/                |               |
|    ep_len_mean          | 8.64e+04      |
|    ep_rew_mean          | -5.25e+04     |
| time/                   |               |
|    fps                  | 1434          |
|    iterations           | 197           |
|    time_elapsed         | 562           |
|    total_timesteps      | 806912        |
| train/                  |               |
|    approx_kl            | 1.8862076e-05 |
|    clip_fraction        | 8.14e-05      |
|    clip_range           | 0.2           |
|    entropy_loss         | -0.0111       |
|    explained_variance   | 0.804         |
|    learning_rate        | 0.00022       |
|    loss                 | 9.14          |
|    n_updates            | 588           |
|    policy_gradient_loss | -0.000105     |
|    value_loss           | 16.2          |
-------------------------------------------
------------------------------------------
| rollout/                |              |
|    ep_len_mean          | 8.64e+04     |
|    ep_rew_mean          | -5.25e+04    |
| time/                   |              |
|    fps                  | 1439         |
|    iterations           | 198          |
|    time_elapsed         | 563          |
|    total_timesteps      | 811008       |
| train/                  |              |
|    approx_kl            | 2.393208e-07 |
|    clip_fraction        | 0            |
|    clip_range           | 0.2          |
|    entropy_loss         | -0.01        |
|    explained_variance   | 0.612        |
|    learning_rate        | 0.000219     |
|    loss                 | 24           |
|    n_updates            | 591          |
|    policy_gradient_loss | -1.91e-06    |
|    value_loss           | 49.6         |
------------------------------------------
-------------------------------------------
| rollout/                |               |
|    ep_len_mean          | 8.64e+04      |
|    ep_rew_mean          | -5.25e+04     |
| time/                   |               |
|    fps                  | 1445          |
|    iterations           | 199           |
|    time_elapsed         | 563           |
|    total_timesteps      | 815104        |
| train/                  |               |
|    approx_kl            | 2.6593334e-06 |
|    clip_fraction        | 0             |
|    clip_range           | 0.2           |
|    entropy_loss         | -0.0101       |
|    explained_variance   | 0.58          |
|    learning_rate        | 0.000219      |
|    loss                 | 19.6          |
|    n_updates            | 594           |
|    policy_gradient_loss | -2.99e-06     |
|    value_loss           | 41.2          |
-------------------------------------------
-------------------------------------------
| rollout/                |               |
|    ep_len_mean          | 8.64e+04      |
|    ep_rew_mean          | -5.25e+04     |
| time/                   |               |
|    fps                  | 1451          |
|    iterations           | 200           |
|    time_elapsed         | 564           |
|    total_timesteps      | 819200        |
| train/                  |               |
|    approx_kl            | 2.0697335e-06 |
|    clip_fraction        | 0             |
|    clip_range           | 0.2           |
|    entropy_loss         | -0.0102       |
|    explained_variance   | 0.61          |
|    learning_rate        | 0.000218      |
|    loss                 | 21.4          |
|    n_updates            | 597           |
|    policy_gradient_loss | -2.29e-05     |
|    value_loss           | 41.1          |
-------------------------------------------
  ⏱  step   820,000  │  FPS    6722  │  RSS   5693 MB
------------------------------------------
| hw/                     |              |
|    fps                  | 6.72e+03     |
|    rss_mb               | 5.69e+03     |
| rollout/                |              |
|    ep_len_mean          | 8.64e+04     |
|    ep_rew_mean          | -5.25e+04    |
| time/                   |              |
|    fps                  | 1456         |
|    iterations           | 201          |
|    time_elapsed         | 565          |
|    total_timesteps      | 823296       |
| train/                  |              |
|    approx_kl            | 7.339986e-07 |
|    clip_fraction        | 0            |
|    clip_range           | 0.2          |
|    entropy_loss         | -0.0104      |
|    explained_variance   | 0.571        |
|    learning_rate        | 0.000218     |
|    loss                 | 18           |
|    n_updates            | 600          |
|    policy_gradient_loss | -6.71e-06    |
|    value_loss           | 33.2         |
------------------------------------------
------------------------------------------
| rollout/                |              |
|    ep_len_mean          | 8.64e+04     |
|    ep_rew_mean          | -5.25e+04    |
| time/                   |              |
|    fps                  | 1462         |
|    iterations           | 202          |
|    time_elapsed         | 565          |
|    total_timesteps      | 827392       |
| train/                  |              |
|    approx_kl            | 2.653629e-06 |
|    clip_fraction        | 0            |
|    clip_range           | 0.2          |
|    entropy_loss         | -0.0102      |
|    explained_variance   | 0.722        |
|    learning_rate        | 0.000218     |
|    loss                 | 14.6         |
|    n_updates            | 603          |
|    policy_gradient_loss | -3.07e-05    |
|    value_loss           | 33.1         |
------------------------------------------
-------------------------------------------
| rollout/                |               |
|    ep_len_mean          | 8.64e+04      |
|    ep_rew_mean          | -5.25e+04     |
| time/                   |               |
|    fps                  | 1468          |
|    iterations           | 203           |
|    time_elapsed         | 566           |
|    total_timesteps      | 831488        |
| train/                  |               |
|    approx_kl            | 4.8984657e-07 |
|    clip_fraction        | 0             |
|    clip_range           | 0.2           |
|    entropy_loss         | -0.0098       |
|    explained_variance   | 0.838         |
|    learning_rate        | 0.000217      |
|    loss                 | 6.81          |
|    n_updates            | 606           |
|    policy_gradient_loss | 3.93e-06      |
|    value_loss           | 12.3          |
-------------------------------------------
------------------------------------------
| rollout/                |              |
|    ep_len_mean          | 8.64e+04     |
|    ep_rew_mean          | -5.25e+04    |
| time/                   |              |
|    fps                  | 1473         |
|    iterations           | 204          |
|    time_elapsed         | 566          |
|    total_timesteps      | 835584       |
| train/                  |              |
|    approx_kl            | 4.986505e-07 |
|    clip_fraction        | 0            |
|    clip_range           | 0.2          |
|    entropy_loss         | -0.0103      |
|    explained_variance   | 0.593        |
|    learning_rate        | 0.000217     |
|    loss                 | 11.4         |
|    n_updates            | 609          |
|    policy_gradient_loss | 1.52e-06     |
|    value_loss           | 31.6         |
------------------------------------------
------------------------------------------
| rollout/                |              |
|    ep_len_mean          | 8.64e+04     |
|    ep_rew_mean          | -5.25e+04    |
| time/                   |              |
|    fps                  | 1479         |
|    iterations           | 205          |
|    time_elapsed         | 567          |
|    total_timesteps      | 839680       |
| train/                  |              |
|    approx_kl            | 6.064947e-07 |
|    clip_fraction        | 0            |
|    clip_range           | 0.2          |
|    entropy_loss         | -0.0106      |
|    explained_variance   | 0.511        |
|    learning_rate        | 0.000216     |
|    loss                 | 30.4         |
|    n_updates            | 612          |
|    policy_gradient_loss | 1.04e-05     |
|    value_loss           | 65.5         |
------------------------------------------
  ⏱  step   840,000  │  FPS    6691  │  RSS   5693 MB
-------------------------------------------
| hw/                     |               |
|    fps                  | 6.69e+03      |
|    rss_mb               | 5.69e+03      |
| rollout/                |               |
|    ep_len_mean          | 8.64e+04      |
|    ep_rew_mean          | -5.25e+04     |
| time/                   |               |
|    fps                  | 1485          |
|    iterations           | 206           |
|    time_elapsed         | 568           |
|    total_timesteps      | 843776        |
| train/                  |               |
|    approx_kl            | 3.2657263e-06 |
|    clip_fraction        | 0             |
|    clip_range           | 0.2           |
|    entropy_loss         | -0.0106       |
|    explained_variance   | 0.527         |
|    learning_rate        | 0.000216      |
|    loss                 | 27            |
|    n_updates            | 615           |
|    policy_gradient_loss | -3.72e-05     |
|    value_loss           | 60.9          |
-------------------------------------------
-------------------------------------------
| rollout/                |               |
|    ep_len_mean          | 8.64e+04      |
|    ep_rew_mean          | -5.25e+04     |
| time/                   |               |
|    fps                  | 1490          |
|    iterations           | 207           |
|    time_elapsed         | 568           |
|    total_timesteps      | 847872        |
| train/                  |               |
|    approx_kl            | 3.8332684e-05 |
|    clip_fraction        | 0.000326      |
|    clip_range           | 0.2           |
|    entropy_loss         | -0.00948      |
|    explained_variance   | 0.858         |
|    learning_rate        | 0.000216      |
|    loss                 | 5.73          |
|    n_updates            | 618           |
|    policy_gradient_loss | -0.000205     |
|    value_loss           | 15.9          |
-------------------------------------------
Eval num_timesteps=850000, episode_reward=-25696.03 +/- 2928.09
Episode length: 86400.00 +/- 0.00
-------------------------------------------
| eval/                   |               |
|    mean_ep_length       | 8.64e+04      |
|    mean_reward          | -2.57e+04     |
| time/                   |               |
|    total_timesteps      | 850000        |
| train/                  |               |
|    approx_kl            | 5.2546966e-06 |
|    clip_fraction        | 0             |
|    clip_range           | 0.2           |
|    entropy_loss         | -0.00839      |
|    explained_variance   | 0.713         |
|    learning_rate        | 0.000215      |
|    loss                 | 10.1          |
|    n_updates            | 621           |
|    policy_gradient_loss | -4.68e-05     |
|    value_loss           | 21.4          |
-------------------------------------------
----------------------------------
| rollout/           |           |
|    ep_len_mean     | 8.64e+04  |
|    ep_rew_mean     | -5.25e+04 |
| time/              |           |
|    fps             | 1428      |
|    iterations      | 208       |
|    time_elapsed    | 596       |
|    total_timesteps | 851968    |
----------------------------------
-------------------------------------------
| rollout/                |               |
|    ep_len_mean          | 8.64e+04      |
|    ep_rew_mean          | -5.25e+04     |
| time/                   |               |
|    fps                  | 1433          |
|    iterations           | 209           |
|    time_elapsed         | 596           |
|    total_timesteps      | 856064        |
| train/                  |               |
|    approx_kl            | 2.6154012e-06 |
|    clip_fraction        | 0             |
|    clip_range           | 0.2           |
|    entropy_loss         | -0.00791      |
|    explained_variance   | 0.783         |
|    learning_rate        | 0.000215      |
|    loss                 | 6.74          |
|    n_updates            | 624           |
|    policy_gradient_loss | -2.01e-05     |
|    value_loss           | 18.9          |
-------------------------------------------
  ⏱  step   860,000  │  FPS     669  │  RSS   5728 MB
-------------------------------------------
| hw/                     |               |
|    fps                  | 669           |
|    rss_mb               | 5.73e+03      |
| rollout/                |               |
|    ep_len_mean          | 8.64e+04      |
|    ep_rew_mean          | -5.25e+04     |
| time/                   |               |
|    fps                  | 1439          |
|    iterations           | 210           |
|    time_elapsed         | 597           |
|    total_timesteps      | 860160        |
| train/                  |               |
|    approx_kl            | 1.4111865e-06 |
|    clip_fraction        | 0             |
|    clip_range           | 0.2           |
|    entropy_loss         | -0.00928      |
|    explained_variance   | 0.588         |
|    learning_rate        | 0.000214      |
|    loss                 | 21.6          |
|    n_updates            | 627           |
|    policy_gradient_loss | 4.09e-06      |
|    value_loss           | 47            |
-------------------------------------------
-------------------------------------------
| rollout/                |               |
|    ep_len_mean          | 8.64e+04      |
|    ep_rew_mean          | -4.95e+04     |
| time/                   |               |
|    fps                  | 1444          |
|    iterations           | 211           |
|    time_elapsed         | 598           |
|    total_timesteps      | 864256        |
| train/                  |               |
|    approx_kl            | 5.5137207e-08 |
|    clip_fraction        | 0             |
|    clip_range           | 0.2           |
|    entropy_loss         | -0.00949      |
|    explained_variance   | 0.474         |
|    learning_rate        | 0.000214      |
|    loss                 | 30.9          |
|    n_updates            | 630           |
|    policy_gradient_loss | 4.16e-06      |
|    value_loss           | 65.6          |
-------------------------------------------
-------------------------------------------
| rollout/                |               |
|    ep_len_mean          | 8.64e+04      |
|    ep_rew_mean          | -4.95e+04     |
| time/                   |               |
|    fps                  | 1450          |
|    iterations           | 212           |
|    time_elapsed         | 598           |
|    total_timesteps      | 868352        |
| train/                  |               |
|    approx_kl            | 1.1641532e-10 |
|    clip_fraction        | 0             |
|    clip_range           | 0.2           |
|    entropy_loss         | -0.00953      |
|    explained_variance   | 0.57          |
|    learning_rate        | 0.000214      |
|    loss                 | 12.1          |
|    n_updates            | 633           |
|    policy_gradient_loss | 1.47e-07      |
|    value_loss           | 29.4          |
-------------------------------------------
------------------------------------------
| rollout/                |              |
|    ep_len_mean          | 8.64e+04     |
|    ep_rew_mean          | -4.95e+04    |
| time/                   |              |
|    fps                  | 1455         |
|    iterations           | 213          |
|    time_elapsed         | 599          |
|    total_timesteps      | 872448       |
| train/                  |              |
|    approx_kl            | 2.462184e-07 |
|    clip_fraction        | 0            |
|    clip_range           | 0.2          |
|    entropy_loss         | -0.00986     |
|    explained_variance   | 0.731        |
|    learning_rate        | 0.000213     |
|    loss                 | 13.8         |
|    n_updates            | 636          |
|    policy_gradient_loss | 5.44e-06     |
|    value_loss           | 30           |
------------------------------------------
------------------------------------------
| rollout/                |              |
|    ep_len_mean          | 8.64e+04     |
|    ep_rew_mean          | -4.95e+04    |
| time/                   |              |
|    fps                  | 1461         |
|    iterations           | 214          |
|    time_elapsed         | 599          |
|    total_timesteps      | 876544       |
| train/                  |              |
|    approx_kl            | 4.626214e-06 |
|    clip_fraction        | 0            |
|    clip_range           | 0.2          |
|    entropy_loss         | -0.0101      |
|    explained_variance   | 0.794        |
|    learning_rate        | 0.000213     |
|    loss                 | 7.31         |
|    n_updates            | 639          |
|    policy_gradient_loss | -1.14e-05    |
|    value_loss           | 17.6         |
------------------------------------------
  ⏱  step   880,000  │  FPS    7044  │  RSS   5729 MB
------------------------------------------
| hw/                     |              |
|    fps                  | 7.04e+03     |
|    rss_mb               | 5.73e+03     |
| rollout/                |              |
|    ep_len_mean          | 8.64e+04     |
|    ep_rew_mean          | -4.95e+04    |
| time/                   |              |
|    fps                  | 1466         |
|    iterations           | 215          |
|    time_elapsed         | 600          |
|    total_timesteps      | 880640       |
| train/                  |              |
|    approx_kl            | 7.723036e-05 |
|    clip_fraction        | 0.000895     |
|    clip_range           | 0.2          |
|    entropy_loss         | -0.00942     |
|    explained_variance   | 0.601        |
|    learning_rate        | 0.000212     |
|    loss                 | 14.9         |
|    n_updates            | 642          |
|    policy_gradient_loss | -0.000199    |
|    value_loss           | 34.8         |
------------------------------------------
--------------------------------------------
| rollout/                |                |
|    ep_len_mean          | 8.64e+04       |
|    ep_rew_mean          | -4.95e+04      |
| time/                   |                |
|    fps                  | 1471           |
|    iterations           | 216            |
|    time_elapsed         | 601            |
|    total_timesteps      | 884736         |
| train/                  |                |
|    approx_kl            | 1.08761014e-07 |
|    clip_fraction        | 0              |
|    clip_range           | 0.2            |
|    entropy_loss         | -0.00837       |
|    explained_variance   | 0.69           |
|    learning_rate        | 0.000212       |
|    loss                 | 10.9           |
|    n_updates            | 645            |
|    policy_gradient_loss | -1.59e-06      |
|    value_loss           | 24.7           |
--------------------------------------------
------------------------------------------
| rollout/                |              |
|    ep_len_mean          | 8.64e+04     |
|    ep_rew_mean          | -4.95e+04    |
| time/                   |              |
|    fps                  | 1477         |
|    iterations           | 217          |
|    time_elapsed         | 601          |
|    total_timesteps      | 888832       |
| train/                  |              |
|    approx_kl            | 6.778908e-06 |
|    clip_fraction        | 0            |
|    clip_range           | 0.2          |
|    entropy_loss         | -0.00795     |
|    explained_variance   | 0.73         |
|    learning_rate        | 0.000212     |
|    loss                 | 7.19         |
|    n_updates            | 648          |
|    policy_gradient_loss | -3.8e-05     |
|    value_loss           | 16.4         |
------------------------------------------
-------------------------------------------
| rollout/                |               |
|    ep_len_mean          | 8.64e+04      |
|    ep_rew_mean          | -4.95e+04     |
| time/                   |               |
|    fps                  | 1482          |
|    iterations           | 218           |
|    time_elapsed         | 602           |
|    total_timesteps      | 892928        |
| train/                  |               |
|    approx_kl            | 2.0954758e-09 |
|    clip_fraction        | 0             |
|    clip_range           | 0.2           |
|    entropy_loss         | -0.00707      |
|    explained_variance   | 0.862         |
|    learning_rate        | 0.000211      |
|    loss                 | 6.17          |
|    n_updates            | 651           |
|    policy_gradient_loss | 1.13e-07      |
|    value_loss           | 11.8          |
-------------------------------------------
------------------------------------------
| rollout/                |              |
|    ep_len_mean          | 8.64e+04     |
|    ep_rew_mean          | -4.95e+04    |
| time/                   |              |
|    fps                  | 1488         |
|    iterations           | 219          |
|    time_elapsed         | 602          |
|    total_timesteps      | 897024       |
| train/                  |              |
|    approx_kl            | 8.604344e-06 |
|    clip_fraction        | 0            |
|    clip_range           | 0.2          |
|    entropy_loss         | -0.00709     |
|    explained_variance   | 0.669        |
|    learning_rate        | 0.000211     |
|    loss                 | 10.8         |
|    n_updates            | 654          |
|    policy_gradient_loss | -4.92e-05    |
|    value_loss           | 27.1         |
------------------------------------------
Eval num_timesteps=900000, episode_reward=-26420.43 +/- 2434.35
Episode length: 86400.00 +/- 0.00
------------------------------------------
| eval/                   |              |
|    mean_ep_length       | 8.64e+04     |
|    mean_reward          | -2.64e+04    |
| time/                   |              |
|    total_timesteps      | 900000       |
| train/                  |              |
|    approx_kl            | 2.689485e-07 |
|    clip_fraction        | 0            |
|    clip_range           | 0.2          |
|    entropy_loss         | -0.00639     |
|    explained_variance   | 0.696        |
|    learning_rate        | 0.00021      |
|    loss                 | 19.1         |
|    n_updates            | 657          |
|    policy_gradient_loss | -6.88e-06    |
|    value_loss           | 38.1         |
------------------------------------------
  ⏱  step   900,000  │  FPS     672  │  RSS   5729 MB
----------------------------------
| hw/                |           |
|    fps             | 672       |
|    rss_mb          | 5.73e+03  |
| rollout/           |           |
|    ep_len_mean     | 8.64e+04  |
|    ep_rew_mean     | -4.95e+04 |
| time/              |           |
|    fps             | 1429      |
|    iterations      | 220       |
|    time_elapsed    | 630       |
|    total_timesteps | 901120    |
----------------------------------
-------------------------------------------
| rollout/                |               |
|    ep_len_mean          | 8.64e+04      |
|    ep_rew_mean          | -4.95e+04     |
| time/                   |               |
|    fps                  | 1434          |
|    iterations           | 221           |
|    time_elapsed         | 630           |
|    total_timesteps      | 905216        |
| train/                  |               |
|    approx_kl            | 2.2373715e-06 |
|    clip_fraction        | 0             |
|    clip_range           | 0.2           |
|    entropy_loss         | -0.00624      |
|    explained_variance   | 0.76          |
|    learning_rate        | 0.00021       |
|    loss                 | 9.4           |
|    n_updates            | 660           |
|    policy_gradient_loss | -1.08e-05     |
|    value_loss           | 21            |
-------------------------------------------
------------------------------------------
| rollout/                |              |
|    ep_len_mean          | 8.64e+04     |
|    ep_rew_mean          | -4.95e+04    |
| time/                   |              |
|    fps                  | 1440         |
|    iterations           | 222          |
|    time_elapsed         | 631          |
|    total_timesteps      | 909312       |
| train/                  |              |
|    approx_kl            | 8.502277e-06 |
|    clip_fraction        | 0            |
|    clip_range           | 0.2          |
|    entropy_loss         | -0.00554     |
|    explained_variance   | 0.607        |
|    learning_rate        | 0.000209     |
|    loss                 | 17.2         |
|    n_updates            | 663          |
|    policy_gradient_loss | -4.66e-05    |
|    value_loss           | 35.5         |
------------------------------------------
-------------------------------------------
| rollout/                |               |
|    ep_len_mean          | 8.64e+04      |
|    ep_rew_mean          | -4.95e+04     |
| time/                   |               |
|    fps                  | 1445          |
|    iterations           | 223           |
|    time_elapsed         | 632           |
|    total_timesteps      | 913408        |
| train/                  |               |
|    approx_kl            | 8.2710176e-07 |
|    clip_fraction        | 0             |
|    clip_range           | 0.2           |
|    entropy_loss         | -0.00494      |
|    explained_variance   | 0.47          |
|    learning_rate        | 0.000209      |
|    loss                 | 20.1          |
|    n_updates            | 666           |
|    policy_gradient_loss | -1.55e-05     |
|    value_loss           | 46.8          |
-------------------------------------------
-------------------------------------------
| rollout/                |               |
|    ep_len_mean          | 8.64e+04      |
|    ep_rew_mean          | -4.95e+04     |
| time/                   |               |
|    fps                  | 1450          |
|    iterations           | 224           |
|    time_elapsed         | 632           |
|    total_timesteps      | 917504        |
| train/                  |               |
|    approx_kl            | 4.3121385e-05 |
|    clip_fraction        | 0.000244      |
|    clip_range           | 0.2           |
|    entropy_loss         | -0.00547      |
|    explained_variance   | 0.57          |
|    learning_rate        | 0.000209      |
|    loss                 | 11.8          |
|    n_updates            | 669           |
|    policy_gradient_loss | -8.87e-05     |
|    value_loss           | 26.5          |
-------------------------------------------
  ⏱  step   920,000  │  FPS    7141  │  RSS   5729 MB
------------------------------------------
| hw/                     |              |
|    fps                  | 7.14e+03     |
|    rss_mb               | 5.73e+03     |
| rollout/                |              |
|    ep_len_mean          | 8.64e+04     |
|    ep_rew_mean          | -4.95e+04    |
| time/                   |              |
|    fps                  | 1455         |
|    iterations           | 225          |
|    time_elapsed         | 633          |
|    total_timesteps      | 921600       |
| train/                  |              |
|    approx_kl            | 8.393574e-06 |
|    clip_fraction        | 8.14e-05     |
|    clip_range           | 0.2          |
|    entropy_loss         | -0.00665     |
|    explained_variance   | 0.761        |
|    learning_rate        | 0.000208     |
|    loss                 | 6.9          |
|    n_updates            | 672          |
|    policy_gradient_loss | -2.72e-05    |
|    value_loss           | 15.5         |
------------------------------------------
-------------------------------------------
| rollout/                |               |
|    ep_len_mean          | 8.64e+04      |
|    ep_rew_mean          | -4.95e+04     |
| time/                   |               |
|    fps                  | 1460          |
|    iterations           | 226           |
|    time_elapsed         | 633           |
|    total_timesteps      | 925696        |
| train/                  |               |
|    approx_kl            | 3.3166725e-07 |
|    clip_fraction        | 0             |
|    clip_range           | 0.2           |
|    entropy_loss         | -0.00725      |
|    explained_variance   | 0.707         |
|    learning_rate        | 0.000208      |
|    loss                 | 7.11          |
|    n_updates            | 675           |
|    policy_gradient_loss | -1.85e-06     |
|    value_loss           | 16.1          |
-------------------------------------------
------------------------------------------
| rollout/                |              |
|    ep_len_mean          | 8.64e+04     |
|    ep_rew_mean          | -4.95e+04    |
| time/                   |              |
|    fps                  | 1465         |
|    iterations           | 227          |
|    time_elapsed         | 634          |
|    total_timesteps      | 929792       |
| train/                  |              |
|    approx_kl            | 5.810143e-07 |
|    clip_fraction        | 0            |
|    clip_range           | 0.2          |
|    entropy_loss         | -0.00666     |
|    explained_variance   | 0.589        |
|    learning_rate        | 0.000207     |
|    loss                 | 23.3         |
|    n_updates            | 678          |
|    policy_gradient_loss | -1.48e-05    |
|    value_loss           | 53.5         |
------------------------------------------
------------------------------------------
| rollout/                |              |
|    ep_len_mean          | 8.64e+04     |
|    ep_rew_mean          | -4.95e+04    |
| time/                   |              |
|    fps                  | 1471         |
|    iterations           | 228          |
|    time_elapsed         | 634          |
|    total_timesteps      | 933888       |
| train/                  |              |
|    approx_kl            | 2.240151e-06 |
|    clip_fraction        | 0            |
|    clip_range           | 0.2          |
|    entropy_loss         | -0.00648     |
|    explained_variance   | 0.732        |
|    learning_rate        | 0.000207     |
|    loss                 | 6.85         |
|    n_updates            | 681          |
|    policy_gradient_loss | -1.04e-05    |
|    value_loss           | 19.9         |
------------------------------------------
-------------------------------------------
| rollout/                |               |
|    ep_len_mean          | 8.64e+04      |
|    ep_rew_mean          | -4.95e+04     |
| time/                   |               |
|    fps                  | 1476          |
|    iterations           | 229           |
|    time_elapsed         | 635           |
|    total_timesteps      | 937984        |
| train/                  |               |
|    approx_kl            | 1.5328114e-06 |
|    clip_fraction        | 0             |
|    clip_range           | 0.2           |
|    entropy_loss         | -0.00639      |
|    explained_variance   | 0.69          |
|    learning_rate        | 0.000207      |
|    loss                 | 15            |
|    n_updates            | 684           |
|    policy_gradient_loss | 4.9e-06       |
|    value_loss           | 30            |
-------------------------------------------
  ⏱  step   940,000  │  FPS    7156  │  RSS   5730 MB
---------------------------------------
| hw/                     |           |
|    fps                  | 7.16e+03  |
|    rss_mb               | 5.73e+03  |
| rollout/                |           |
|    ep_len_mean          | 8.64e+04  |
|    ep_rew_mean          | -4.95e+04 |
| time/                   |           |
|    fps                  | 1481      |
|    iterations           | 230       |
|    time_elapsed         | 635       |
|    total_timesteps      | 942080    |
| train/                  |           |
|    approx_kl            | 0.0       |
|    clip_fraction        | 0         |
|    clip_range           | 0.2       |
|    entropy_loss         | -0.00627  |
|    explained_variance   | 0.564     |
|    learning_rate        | 0.000206  |
|    loss                 | 16.2      |
|    n_updates            | 687       |
|    policy_gradient_loss | -1.78e-07 |
|    value_loss           | 35.8      |
---------------------------------------
------------------------------------------
| rollout/                |              |
|    ep_len_mean          | 8.64e+04     |
|    ep_rew_mean          | -4.95e+04    |
| time/                   |              |
|    fps                  | 1486         |
|    iterations           | 231          |
|    time_elapsed         | 636          |
|    total_timesteps      | 946176       |
| train/                  |              |
|    approx_kl            | 2.033019e-06 |
|    clip_fraction        | 0            |
|    clip_range           | 0.2          |
|    entropy_loss         | -0.00638     |
|    explained_variance   | 0.537        |
|    learning_rate        | 0.000206     |
|    loss                 | 13.2         |
|    n_updates            | 690          |
|    policy_gradient_loss | -1.48e-05    |
|    value_loss           | 32           |
------------------------------------------
Eval num_timesteps=950000, episode_reward=-28208.89 +/- 1779.05
Episode length: 86400.00 +/- 0.00
-------------------------------------------
| eval/                   |               |
|    mean_ep_length       | 8.64e+04      |
|    mean_reward          | -2.82e+04     |
| time/                   |               |
|    total_timesteps      | 950000        |
| train/                  |               |
|    approx_kl            | 8.5064676e-07 |
|    clip_fraction        | 0             |
|    clip_range           | 0.2           |
|    entropy_loss         | -0.00592      |
|    explained_variance   | 0.763         |
|    learning_rate        | 0.000205      |
|    loss                 | 10            |
|    n_updates            | 693           |
|    policy_gradient_loss | -2.16e-05     |
|    value_loss           | 24.7          |
-------------------------------------------
----------------------------------
| rollout/           |           |
|    ep_len_mean     | 8.64e+04  |
|    ep_rew_mean     | -4.95e+04 |
| time/              |           |
|    fps             | 1431      |
|    iterations      | 232       |
|    time_elapsed    | 664       |
|    total_timesteps | 950272    |
----------------------------------
-------------------------------------------
| rollout/                |               |
|    ep_len_mean          | 8.64e+04      |
|    ep_rew_mean          | -4.75e+04     |
| time/                   |               |
|    fps                  | 1436          |
|    iterations           | 233           |
|    time_elapsed         | 664           |
|    total_timesteps      | 954368        |
| train/                  |               |
|    approx_kl            | 6.1112223e-07 |
|    clip_fraction        | 0             |
|    clip_range           | 0.2           |
|    entropy_loss         | -0.00572      |
|    explained_variance   | 0.88          |
|    learning_rate        | 0.000205      |
|    loss                 | 3.2           |
|    n_updates            | 696           |
|    policy_gradient_loss | -1.32e-05     |
|    value_loss           | 8.13          |
-------------------------------------------
---------------------------------------
| rollout/                |           |
|    ep_len_mean          | 8.64e+04  |
|    ep_rew_mean          | -4.75e+04 |
| time/                   |           |
|    fps                  | 1440      |
|    iterations           | 234       |
|    time_elapsed         | 665       |
|    total_timesteps      | 958464    |
| train/                  |           |
|    approx_kl            | 0.0       |
|    clip_fraction        | 0         |
|    clip_range           | 0.2       |
|    entropy_loss         | -0.00567  |
|    explained_variance   | 0.488     |
|    learning_rate        | 0.000205  |
|    loss                 | 15.5      |
|    n_updates            | 699       |
|    policy_gradient_loss | 9.5e-09   |
|    value_loss           | 31.7      |
---------------------------------------
  ⏱  step   960,000  │  FPS     674  │  RSS   5730 MB
-------------------------------------------
| hw/                     |               |
|    fps                  | 674           |
|    rss_mb               | 5.73e+03      |
| rollout/                |               |
|    ep_len_mean          | 8.64e+04      |
|    ep_rew_mean          | -4.75e+04     |
| time/                   |               |
|    fps                  | 1445          |
|    iterations           | 235           |
|    time_elapsed         | 665           |
|    total_timesteps      | 962560        |
| train/                  |               |
|    approx_kl            | 3.7432474e-06 |
|    clip_fraction        | 0             |
|    clip_range           | 0.2           |
|    entropy_loss         | -0.00637      |
|    explained_variance   | 0.36          |
|    learning_rate        | 0.000204      |
|    loss                 | 15.7          |
|    n_updates            | 702           |
|    policy_gradient_loss | -4.77e-07     |
|    value_loss           | 32.4          |
-------------------------------------------
-------------------------------------------
| rollout/                |               |
|    ep_len_mean          | 8.64e+04      |
|    ep_rew_mean          | -4.75e+04     |
| time/                   |               |
|    fps                  | 1450          |
|    iterations           | 236           |
|    time_elapsed         | 666           |
|    total_timesteps      | 966656        |
| train/                  |               |
|    approx_kl            | 1.6862177e-06 |
|    clip_fraction        | 0             |
|    clip_range           | 0.2           |
|    entropy_loss         | -0.00699      |
|    explained_variance   | 0.6           |
|    learning_rate        | 0.000204      |
|    loss                 | 13.9          |
|    n_updates            | 705           |
|    policy_gradient_loss | -1.91e-05     |
|    value_loss           | 29.3          |
-------------------------------------------
------------------------------------------
| rollout/                |              |
|    ep_len_mean          | 8.64e+04     |
|    ep_rew_mean          | -4.75e+04    |
| time/                   |              |
|    fps                  | 1455         |
|    iterations           | 237          |
|    time_elapsed         | 666          |
|    total_timesteps      | 970752       |
| train/                  |              |
|    approx_kl            | 5.766633e-06 |
|    clip_fraction        | 8.14e-05     |
|    clip_range           | 0.2          |
|    entropy_loss         | -0.00738     |
|    explained_variance   | 0.697        |
|    learning_rate        | 0.000203     |
|    loss                 | 10.4         |
|    n_updates            | 708          |
|    policy_gradient_loss | -3.02e-05    |
|    value_loss           | 26.1         |
------------------------------------------
-------------------------------------------
| rollout/                |               |
|    ep_len_mean          | 8.64e+04      |
|    ep_rew_mean          | -4.75e+04     |
| time/                   |               |
|    fps                  | 1460          |
|    iterations           | 238           |
|    time_elapsed         | 667           |
|    total_timesteps      | 974848        |
| train/                  |               |
|    approx_kl            | 3.4229597e-06 |
|    clip_fraction        | 0             |
|    clip_range           | 0.2           |
|    entropy_loss         | -0.00748      |
|    explained_variance   | 0.562         |
|    learning_rate        | 0.000203      |
|    loss                 | 22.9          |
|    n_updates            | 711           |
|    policy_gradient_loss | -2.99e-05     |
|    value_loss           | 44.6          |
-------------------------------------------
-------------------------------------------
| rollout/                |               |
|    ep_len_mean          | 8.64e+04      |
|    ep_rew_mean          | -4.75e+04     |
| time/                   |               |
|    fps                  | 1465          |
|    iterations           | 239           |
|    time_elapsed         | 668           |
|    total_timesteps      | 978944        |
| train/                  |               |
|    approx_kl            | 1.7245344e-05 |
|    clip_fraction        | 8.14e-05      |
|    clip_range           | 0.2           |
|    entropy_loss         | -0.00672      |
|    explained_variance   | 0.695         |
|    learning_rate        | 0.000203      |
|    loss                 | 11.2          |
|    n_updates            | 714           |
|    policy_gradient_loss | -7.26e-05     |
|    value_loss           | 20.8          |
-------------------------------------------
  ⏱  step   980,000  │  FPS    6954  │  RSS   5730 MB
-------------------------------------------
| hw/                     |               |
|    fps                  | 6.95e+03      |
|    rss_mb               | 5.73e+03      |
| rollout/                |               |
|    ep_len_mean          | 8.64e+04      |
|    ep_rew_mean          | -4.75e+04     |
| time/                   |               |
|    fps                  | 1470          |
|    iterations           | 240           |
|    time_elapsed         | 668           |
|    total_timesteps      | 983040        |
| train/                  |               |
|    approx_kl            | 1.3367477e-05 |
|    clip_fraction        | 8.14e-05      |
|    clip_range           | 0.2           |
|    entropy_loss         | -0.00772      |
|    explained_variance   | 0.637         |
|    learning_rate        | 0.000202      |
|    loss                 | 11.4          |
|    n_updates            | 717           |
|    policy_gradient_loss | -3.69e-05     |
|    value_loss           | 19.3          |
-------------------------------------------
-------------------------------------------
| rollout/                |               |
|    ep_len_mean          | 8.64e+04      |
|    ep_rew_mean          | -4.75e+04     |
| time/                   |               |
|    fps                  | 1474          |
|    iterations           | 241           |
|    time_elapsed         | 669           |
|    total_timesteps      | 987136        |
| train/                  |               |
|    approx_kl            | 1.0693504e-05 |
|    clip_fraction        | 8.14e-05      |
|    clip_range           | 0.2           |
|    entropy_loss         | -0.00922      |
|    explained_variance   | 0.687         |
|    learning_rate        | 0.000202      |
|    loss                 | 13.8          |
|    n_updates            | 720           |
|    policy_gradient_loss | -1.97e-05     |
|    value_loss           | 31.9          |
-------------------------------------------
------------------------------------------
| rollout/                |              |
|    ep_len_mean          | 8.64e+04     |
|    ep_rew_mean          | -4.75e+04    |
| time/                   |              |
|    fps                  | 1479         |
|    iterations           | 242          |
|    time_elapsed         | 669          |
|    total_timesteps      | 991232       |
| train/                  |              |
|    approx_kl            | 2.015382e-06 |
|    clip_fraction        | 0            |
|    clip_range           | 0.2          |
|    entropy_loss         | -0.00977     |
|    explained_variance   | 0.69         |
|    learning_rate        | 0.000201     |
|    loss                 | 9.64         |
|    n_updates            | 723          |
|    policy_gradient_loss | 4.12e-06     |
|    value_loss           | 18.1         |
------------------------------------------
------------------------------------------
| rollout/                |              |
|    ep_len_mean          | 8.64e+04     |
|    ep_rew_mean          | -4.75e+04    |
| time/                   |              |
|    fps                  | 1484         |
|    iterations           | 243          |
|    time_elapsed         | 670          |
|    total_timesteps      | 995328       |
| train/                  |              |
|    approx_kl            | 2.480796e-06 |
|    clip_fraction        | 0            |
|    clip_range           | 0.2          |
|    entropy_loss         | -0.0106      |
|    explained_variance   | 0.665        |
|    learning_rate        | 0.000201     |
|    loss                 | 12.6         |
|    n_updates            | 726          |
|    policy_gradient_loss | 2.19e-06     |
|    value_loss           | 27.1         |
------------------------------------------
-------------------------------------------
| rollout/                |               |
|    ep_len_mean          | 8.64e+04      |
|    ep_rew_mean          | -4.75e+04     |
| time/                   |               |
|    fps                  | 1489          |
|    iterations           | 244           |
|    time_elapsed         | 671           |
|    total_timesteps      | 999424        |
| train/                  |               |
|    approx_kl            | 4.9670634e-06 |
|    clip_fraction        | 0             |
|    clip_range           | 0.2           |
|    entropy_loss         | -0.0114       |
|    explained_variance   | 0.624         |
|    learning_rate        | 0.0002        |
|    loss                 | 12.6          |
|    n_updates            | 729           |
|    policy_gradient_loss | -9.08e-06     |
|    value_loss           | 35.5          |
-------------------------------------------
Eval num_timesteps=1000000, episode_reward=-28556.39 +/- 713.91
Episode length: 86400.00 +/- 0.00
------------------------------------------
| eval/                   |              |
|    mean_ep_length       | 8.64e+04     |
|    mean_reward          | -2.86e+04    |
| time/                   |              |
|    total_timesteps      | 1000000      |
| train/                  |              |
|    approx_kl            | 5.114489e-06 |
|    clip_fraction        | 0            |
|    clip_range           | 0.2          |
|    entropy_loss         | -0.0127      |
|    explained_variance   | 0.789        |
|    learning_rate        | 0.0002       |
|    loss                 | 6.4          |
|    n_updates            | 732          |
|    policy_gradient_loss | 6.94e-06     |
|    value_loss           | 15.9         |
------------------------------------------
  ⏱  step 1,000,000  │  FPS     664  │  RSS   5730 MB
----------------------------------
| hw/                |           |
|    fps             | 664       |
|    rss_mb          | 5.73e+03  |
| rollout/           |           |
|    ep_len_mean     | 8.64e+04  |
|    ep_rew_mean     | -4.75e+04 |
| time/              |           |
|    fps             | 1435      |
|    iterations      | 245       |
|    time_elapsed    | 698       |
|    total_timesteps | 1003520   |
----------------------------------
------------------------------------------
| rollout/                |              |
|    ep_len_mean          | 8.64e+04     |
|    ep_rew_mean          | -4.75e+04    |
| time/                   |              |
|    fps                  | 1440         |
|    iterations           | 246          |
|    time_elapsed         | 699          |
|    total_timesteps      | 1007616      |
| train/                  |              |
|    approx_kl            | 5.142548e-05 |
|    clip_fraction        | 0.000244     |
|    clip_range           | 0.2          |
|    entropy_loss         | -0.0156      |
|    explained_variance   | 0.704        |
|    learning_rate        | 0.0002       |
|    loss                 | 11.2         |
|    n_updates            | 735          |
|    policy_gradient_loss | -9.02e-06    |
|    value_loss           | 15.9         |
------------------------------------------
------------------------------------------
| rollout/                |              |
|    ep_len_mean          | 8.64e+04     |
|    ep_rew_mean          | -4.75e+04    |
| time/                   |              |
|    fps                  | 1445         |
|    iterations           | 247          |
|    time_elapsed         | 700          |
|    total_timesteps      | 1011712      |
| train/                  |              |
|    approx_kl            | 1.993282e-05 |
|    clip_fraction        | 0.000163     |
|    clip_range           | 0.2          |
|    entropy_loss         | -0.0208      |
|    explained_variance   | 0.593        |
|    learning_rate        | 0.000199     |
|    loss                 | 12.2         |
|    n_updates            | 738          |
|    policy_gradient_loss | 4.98e-05     |
|    value_loss           | 31.7         |
------------------------------------------
-------------------------------------------
| rollout/                |               |
|    ep_len_mean          | 8.64e+04      |
|    ep_rew_mean          | -4.75e+04     |
| time/                   |               |
|    fps                  | 1449          |
|    iterations           | 248           |
|    time_elapsed         | 700           |
|    total_timesteps      | 1015808       |
| train/                  |               |
|    approx_kl            | 1.1403448e-05 |
|    clip_fraction        | 0             |
|    clip_range           | 0.2           |
|    entropy_loss         | -0.0201       |
|    explained_variance   | 0.69          |
|    learning_rate        | 0.000199      |
|    loss                 | 15.9          |
|    n_updates            | 741           |
|    policy_gradient_loss | -5.49e-05     |
|    value_loss           | 34            |
-------------------------------------------
-------------------------------------------
| rollout/                |               |
|    ep_len_mean          | 8.64e+04      |
|    ep_rew_mean          | -4.75e+04     |
| time/                   |               |
|    fps                  | 1454          |
|    iterations           | 249           |
|    time_elapsed         | 701           |
|    total_timesteps      | 1019904       |
| train/                  |               |
|    approx_kl            | 1.3579411e-06 |
|    clip_fraction        | 0             |
|    clip_range           | 0.2           |
|    entropy_loss         | -0.0209       |
|    explained_variance   | 0.743         |
|    learning_rate        | 0.000198      |
|    loss                 | 11.8          |
|    n_updates            | 744           |
|    policy_gradient_loss | 2.92e-05      |
|    value_loss           | 21.4          |
-------------------------------------------
  ⏱  step 1,020,000  │  FPS    7078  │  RSS   5730 MB
------------------------------------------
| hw/                     |              |
|    fps                  | 7.08e+03     |
|    rss_mb               | 5.73e+03     |
| rollout/                |              |
|    ep_len_mean          | 8.64e+04     |
|    ep_rew_mean          | -4.75e+04    |
| time/                   |              |
|    fps                  | 1459         |
|    iterations           | 250          |
|    time_elapsed         | 701          |
|    total_timesteps      | 1024000      |
| train/                  |              |
|    approx_kl            | 3.379234e-05 |
|    clip_fraction        | 0.000163     |
|    clip_range           | 0.2          |
|    entropy_loss         | -0.0203      |
|    explained_variance   | 0.921        |
|    learning_rate        | 0.000198     |
|    loss                 | 3.69         |
|    n_updates            | 747          |
|    policy_gradient_loss | -0.000132    |
|    value_loss           | 6.45         |
------------------------------------------
-------------------------------------------
| rollout/                |               |
|    ep_len_mean          | 8.64e+04      |
|    ep_rew_mean          | -4.75e+04     |
| time/                   |               |
|    fps                  | 1463          |
|    iterations           | 251           |
|    time_elapsed         | 702           |
|    total_timesteps      | 1028096       |
| train/                  |               |
|    approx_kl            | 1.4913123e-05 |
|    clip_fraction        | 8.14e-05      |
|    clip_range           | 0.2           |
|    entropy_loss         | -0.0172       |
|    explained_variance   | 0.444         |
|    learning_rate        | 0.000198      |
|    loss                 | 17.4          |
|    n_updates            | 750           |
|    policy_gradient_loss | -4.21e-05     |
|    value_loss           | 39.9          |
-------------------------------------------
-------------------------------------------
| rollout/                |               |
|    ep_len_mean          | 8.64e+04      |
|    ep_rew_mean          | -4.75e+04     |
| time/                   |               |
|    fps                  | 1468          |
|    iterations           | 252           |
|    time_elapsed         | 702           |
|    total_timesteps      | 1032192       |
| train/                  |               |
|    approx_kl            | 1.1331431e-06 |
|    clip_fraction        | 0             |
|    clip_range           | 0.2           |
|    entropy_loss         | -0.0188       |
|    explained_variance   | 0.595         |
|    learning_rate        | 0.000197      |
|    loss                 | 29.6          |
|    n_updates            | 753           |
|    policy_gradient_loss | -5.01e-06     |
|    value_loss           | 61.9          |
-------------------------------------------
-------------------------------------------
| rollout/                |               |
|    ep_len_mean          | 8.64e+04      |
|    ep_rew_mean          | -4.75e+04     |
| time/                   |               |
|    fps                  | 1473          |
|    iterations           | 253           |
|    time_elapsed         | 703           |
|    total_timesteps      | 1036288       |
| train/                  |               |
|    approx_kl            | 2.1579253e-05 |
|    clip_fraction        | 0.000163      |
|    clip_range           | 0.2           |
|    entropy_loss         | -0.0205       |
|    explained_variance   | 0.745         |
|    learning_rate        | 0.000197      |
|    loss                 | 8.62          |
|    n_updates            | 756           |
|    policy_gradient_loss | 3.08e-05      |
|    value_loss           | 21            |
-------------------------------------------
  ⏱  step 1,040,000  │  FPS    7261  │  RSS   5730 MB
------------------------------------------
| hw/                     |              |
|    fps                  | 7.26e+03     |
|    rss_mb               | 5.73e+03     |
| rollout/                |              |
|    ep_len_mean          | 8.64e+04     |
|    ep_rew_mean          | -4.59e+04    |
| time/                   |              |
|    fps                  | 1477         |
|    iterations           | 254          |
|    time_elapsed         | 704          |
|    total_timesteps      | 1040384      |
| train/                  |              |
|    approx_kl            | 5.496599e-05 |
|    clip_fraction        | 0.000326     |
|    clip_range           | 0.2          |
|    entropy_loss         | -0.0209      |
|    explained_variance   | 0.638        |
|    learning_rate        | 0.000196     |
|    loss                 | 13           |
|    n_updates            | 759          |
|    policy_gradient_loss | -0.000205    |
|    value_loss           | 26.6         |
------------------------------------------
-------------------------------------------
| rollout/                |               |
|    ep_len_mean          | 8.64e+04      |
|    ep_rew_mean          | -4.59e+04     |
| time/                   |               |
|    fps                  | 1482          |
|    iterations           | 255           |
|    time_elapsed         | 704           |
|    total_timesteps      | 1044480       |
| train/                  |               |
|    approx_kl            | 8.5325155e-07 |
|    clip_fraction        | 0             |
|    clip_range           | 0.2           |
|    entropy_loss         | -0.0186       |
|    explained_variance   | 0.603         |
|    learning_rate        | 0.000196      |
|    loss                 | 31.3          |
|    n_updates            | 762           |
|    policy_gradient_loss | -2.58e-06     |
|    value_loss           | 64.9          |
-------------------------------------------
-------------------------------------------
| rollout/                |               |
|    ep_len_mean          | 8.64e+04      |
|    ep_rew_mean          | -4.59e+04     |
| time/                   |               |
|    fps                  | 1486          |
|    iterations           | 256           |
|    time_elapsed         | 705           |
|    total_timesteps      | 1048576       |
| train/                  |               |
|    approx_kl            | 1.8261577e-05 |
|    clip_fraction        | 0             |
|    clip_range           | 0.2           |
|    entropy_loss         | -0.0174       |
|    explained_variance   | 0.443         |
|    learning_rate        | 0.000196      |
|    loss                 | 20.2          |
|    n_updates            | 765           |
|    policy_gradient_loss | -8.49e-05     |
|    value_loss           | 41            |
-------------------------------------------
Eval num_timesteps=1050000, episode_reward=-27621.20 +/- 1202.79
Episode length: 86400.00 +/- 0.00
-------------------------------------------
| eval/                   |               |
|    mean_ep_length       | 8.64e+04      |
|    mean_reward          | -2.76e+04     |
| time/                   |               |
|    total_timesteps      | 1050000       |
| train/                  |               |
|    approx_kl            | 1.1691009e-07 |
|    clip_fraction        | 0             |
|    clip_range           | 0.2           |
|    entropy_loss         | -0.0175       |
|    explained_variance   | 0.632         |
|    learning_rate        | 0.000195      |
|    loss                 | 21.6          |
|    n_updates            | 768           |
|    policy_gradient_loss | 2.92e-07      |
|    value_loss           | 37.6          |
-------------------------------------------
----------------------------------
| rollout/           |           |
|    ep_len_mean     | 8.64e+04  |
|    ep_rew_mean     | -4.59e+04 |
| time/              |           |
|    fps             | 1436      |
|    iterations      | 257       |
|    time_elapsed    | 732       |
|    total_timesteps | 1052672   |
----------------------------------
-------------------------------------------
| rollout/                |               |
|    ep_len_mean          | 8.64e+04      |
|    ep_rew_mean          | -4.59e+04     |
| time/                   |               |
|    fps                  | 1441          |
|    iterations           | 258           |
|    time_elapsed         | 733           |
|    total_timesteps      | 1056768       |
| train/                  |               |
|    approx_kl            | 1.3352168e-05 |
|    clip_fraction        | 0             |
|    clip_range           | 0.2           |
|    entropy_loss         | -0.0172       |
|    explained_variance   | 0.655         |
|    learning_rate        | 0.000195      |
|    loss                 | 14.5          |
|    n_updates            | 771           |
|    policy_gradient_loss | -0.000108     |
|    value_loss           | 30.4          |
-------------------------------------------
  ⏱  step 1,060,000  │  FPS     672  │  RSS   5730 MB
------------------------------------------
| hw/                     |              |
|    fps                  | 672          |
|    rss_mb               | 5.73e+03     |
| rollout/                |              |
|    ep_len_mean          | 8.64e+04     |
|    ep_rew_mean          | -4.59e+04    |
| time/                   |              |
|    fps                  | 1445         |
|    iterations           | 259          |
|    time_elapsed         | 733          |
|    total_timesteps      | 1060864      |
| train/                  |              |
|    approx_kl            | 7.289446e-05 |
|    clip_fraction        | 0.000732     |
|    clip_range           | 0.2          |
|    entropy_loss         | -0.0168      |
|    explained_variance   | 0.639        |
|    learning_rate        | 0.000194     |
|    loss                 | 7.85         |
|    n_updates            | 774          |
|    policy_gradient_loss | -3.9e-05     |
|    value_loss           | 19.4         |
------------------------------------------
------------------------------------------
| rollout/                |              |
|    ep_len_mean          | 8.64e+04     |
|    ep_rew_mean          | -4.59e+04    |
| time/                   |              |
|    fps                  | 1450         |
|    iterations           | 260          |
|    time_elapsed         | 734          |
|    total_timesteps      | 1064960      |
| train/                  |              |
|    approx_kl            | 3.091611e-05 |
|    clip_fraction        | 0.000244     |
|    clip_range           | 0.2          |
|    entropy_loss         | -0.0207      |
|    explained_variance   | 0.638        |
|    learning_rate        | 0.000194     |
|    loss                 | 16.9         |
|    n_updates            | 777          |
|    policy_gradient_loss | 4.75e-06     |
|    value_loss           | 34           |
------------------------------------------
-------------------------------------------
| rollout/                |               |
|    ep_len_mean          | 8.64e+04      |
|    ep_rew_mean          | -4.59e+04     |
| time/                   |               |
|    fps                  | 1454          |
|    iterations           | 261           |
|    time_elapsed         | 734           |
|    total_timesteps      | 1069056       |
| train/                  |               |
|    approx_kl            | 5.7108948e-05 |
|    clip_fraction        | 0.000651      |
|    clip_range           | 0.2           |
|    entropy_loss         | -0.0245       |
|    explained_variance   | 0.32          |
|    learning_rate        | 0.000194      |
|    loss                 | 17.4          |
|    n_updates            | 780           |
|    policy_gradient_loss | 3.5e-05       |
|    value_loss           | 41.6          |
-------------------------------------------
-------------------------------------------
| rollout/                |               |
|    ep_len_mean          | 8.64e+04      |
|    ep_rew_mean          | -4.59e+04     |
| time/                   |               |
|    fps                  | 1458          |
|    iterations           | 262           |
|    time_elapsed         | 735           |
|    total_timesteps      | 1073152       |
| train/                  |               |
|    approx_kl            | 6.1968356e-05 |
|    clip_fraction        | 0.000488      |
|    clip_range           | 0.2           |
|    entropy_loss         | -0.0287       |
|    explained_variance   | 0.509         |
|    learning_rate        | 0.000193      |
|    loss                 | 14            |
|    n_updates            | 783           |
|    policy_gradient_loss | 1.97e-05      |
|    value_loss           | 31.3          |
-------------------------------------------
------------------------------------------
| rollout/                |              |
|    ep_len_mean          | 8.64e+04     |
|    ep_rew_mean          | -4.59e+04    |
| time/                   |              |
|    fps                  | 1463         |
|    iterations           | 263          |
|    time_elapsed         | 736          |
|    total_timesteps      | 1077248      |
| train/                  |              |
|    approx_kl            | 6.463604e-05 |
|    clip_fraction        | 0.00057      |
|    clip_range           | 0.2          |
|    entropy_loss         | -0.0343      |
|    explained_variance   | 0.57         |
|    learning_rate        | 0.000193     |
|    loss                 | 8.18         |
|    n_updates            | 786          |
|    policy_gradient_loss | 0.000133     |
|    value_loss           | 16.8         |
------------------------------------------
  ⏱  step 1,080,000  │  FPS    7194  │  RSS   5730 MB
-------------------------------------------
| hw/                     |               |
|    fps                  | 7.19e+03      |
|    rss_mb               | 5.73e+03      |
| rollout/                |               |
|    ep_len_mean          | 8.64e+04      |
|    ep_rew_mean          | -4.59e+04     |
| time/                   |               |
|    fps                  | 1467          |
|    iterations           | 264           |
|    time_elapsed         | 736           |
|    total_timesteps      | 1081344       |
| train/                  |               |
|    approx_kl            | 0.00014555869 |
|    clip_fraction        | 0.00106       |
|    clip_range           | 0.2           |
|    entropy_loss         | -0.036        |
|    explained_variance   | 0.816         |
|    learning_rate        | 0.000192      |
|    loss                 | 3.92          |
|    n_updates            | 789           |
|    policy_gradient_loss | -0.000384     |
|    value_loss           | 6.1           |
-------------------------------------------
-------------------------------------------
| rollout/                |               |
|    ep_len_mean          | 8.64e+04      |
|    ep_rew_mean          | -4.59e+04     |
| time/                   |               |
|    fps                  | 1472          |
|    iterations           | 265           |
|    time_elapsed         | 737           |
|    total_timesteps      | 1085440       |
| train/                  |               |
|    approx_kl            | 0.00011518231 |
|    clip_fraction        | 0.00146       |
|    clip_range           | 0.2           |
|    entropy_loss         | -0.0278       |
|    explained_variance   | 0.75          |
|    learning_rate        | 0.000192      |
|    loss                 | 9.77          |
|    n_updates            | 792           |
|    policy_gradient_loss | -0.000406     |
|    value_loss           | 17            |
-------------------------------------------
------------------------------------------
| rollout/                |              |
|    ep_len_mean          | 8.64e+04     |
|    ep_rew_mean          | -4.59e+04    |
| time/                   |              |
|    fps                  | 1476         |
|    iterations           | 266          |
|    time_elapsed         | 737          |
|    total_timesteps      | 1089536      |
| train/                  |              |
|    approx_kl            | 7.943847e-06 |
|    clip_fraction        | 0            |
|    clip_range           | 0.2          |
|    entropy_loss         | -0.0274      |
|    explained_variance   | 0.594        |
|    learning_rate        | 0.000191     |
|    loss                 | 11.9         |
|    n_updates            | 795          |
|    policy_gradient_loss | 3.14e-05     |
|    value_loss           | 20.2         |
------------------------------------------
-------------------------------------------
| rollout/                |               |
|    ep_len_mean          | 8.64e+04      |
|    ep_rew_mean          | -4.59e+04     |
| time/                   |               |
|    fps                  | 1481          |
|    iterations           | 267           |
|    time_elapsed         | 738           |
|    total_timesteps      | 1093632       |
| train/                  |               |
|    approx_kl            | 1.9522893e-05 |
|    clip_fraction        | 0             |
|    clip_range           | 0.2           |
|    entropy_loss         | -0.0303       |
|    explained_variance   | 0.682         |
|    learning_rate        | 0.000191      |
|    loss                 | 17.1          |
|    n_updates            | 798           |
|    policy_gradient_loss | 6.27e-05      |
|    value_loss           | 31.1          |
-------------------------------------------
-------------------------------------------
| rollout/                |               |
|    ep_len_mean          | 8.64e+04      |
|    ep_rew_mean          | -4.59e+04     |
| time/                   |               |
|    fps                  | 1485          |
|    iterations           | 268           |
|    time_elapsed         | 738           |
|    total_timesteps      | 1097728       |
| train/                  |               |
|    approx_kl            | 1.5462865e-06 |
|    clip_fraction        | 0             |
|    clip_range           | 0.2           |
|    entropy_loss         | -0.0308       |
|    explained_variance   | 0.373         |
|    learning_rate        | 0.000191      |
|    loss                 | 23.4          |
|    n_updates            | 801           |
|    policy_gradient_loss | -2.13e-05     |
|    value_loss           | 49.5          |
-------------------------------------------
Eval num_timesteps=1100000, episode_reward=-28185.57 +/- 1359.23
Episode length: 86400.00 +/- 0.00
-------------------------------------------
| eval/                   |               |
|    mean_ep_length       | 8.64e+04      |
|    mean_reward          | -2.82e+04     |
| time/                   |               |
|    total_timesteps      | 1100000       |
| train/                  |               |
|    approx_kl            | 1.8788851e-06 |
|    clip_fraction        | 0             |
|    clip_range           | 0.2           |
|    entropy_loss         | -0.0298       |
|    explained_variance   | 0.458         |
|    learning_rate        | 0.00019       |
|    loss                 | 22.5          |
|    n_updates            | 804           |
|    policy_gradient_loss | -2e-05        |
|    value_loss           | 50.2          |
-------------------------------------------
  ⏱  step 1,100,000  │  FPS     675  │  RSS   5730 MB
----------------------------------
| hw/                |           |
|    fps             | 675       |
|    rss_mb          | 5.73e+03  |
| rollout/           |           |
|    ep_len_mean     | 8.64e+04  |
|    ep_rew_mean     | -4.59e+04 |
| time/              |           |
|    fps             | 1437      |
|    iterations      | 269       |
|    time_elapsed    | 766       |
|    total_timesteps | 1101824   |
----------------------------------
-------------------------------------------
| rollout/                |               |
|    ep_len_mean          | 8.64e+04      |
|    ep_rew_mean          | -4.59e+04     |
| time/                   |               |
|    fps                  | 1441          |
|    iterations           | 270           |
|    time_elapsed         | 766           |
|    total_timesteps      | 1105920       |
| train/                  |               |
|    approx_kl            | 1.6641003e-05 |
|    clip_fraction        | 0             |
|    clip_range           | 0.2           |
|    entropy_loss         | -0.0286       |
|    explained_variance   | 0.545         |
|    learning_rate        | 0.00019       |
|    loss                 | 9.97          |
|    n_updates            | 807           |
|    policy_gradient_loss | -0.000111     |
|    value_loss           | 18.8          |
-------------------------------------------
-------------------------------------------
| rollout/                |               |
|    ep_len_mean          | 8.64e+04      |
|    ep_rew_mean          | -4.59e+04     |
| time/                   |               |
|    fps                  | 1446          |
|    iterations           | 271           |
|    time_elapsed         | 767           |
|    total_timesteps      | 1110016       |
| train/                  |               |
|    approx_kl            | 2.7122456e-05 |
|    clip_fraction        | 0             |
|    clip_range           | 0.2           |
|    entropy_loss         | -0.0278       |
|    explained_variance   | 0.428         |
|    learning_rate        | 0.000189      |
|    loss                 | 13.9          |
|    n_updates            | 810           |
|    policy_gradient_loss | 4.35e-05      |
|    value_loss           | 27.6          |
-------------------------------------------
------------------------------------------
| rollout/                |              |
|    ep_len_mean          | 8.64e+04     |
|    ep_rew_mean          | -4.59e+04    |
| time/                   |              |
|    fps                  | 1450         |
|    iterations           | 272          |
|    time_elapsed         | 768          |
|    total_timesteps      | 1114112      |
| train/                  |              |
|    approx_kl            | 9.835958e-05 |
|    clip_fraction        | 0.00106      |
|    clip_range           | 0.2          |
|    entropy_loss         | -0.0336      |
|    explained_variance   | 0.65         |
|    learning_rate        | 0.000189     |
|    loss                 | 8.64         |
|    n_updates            | 813          |
|    policy_gradient_loss | 4.83e-05     |
|    value_loss           | 19.7         |
------------------------------------------
-------------------------------------------
| rollout/                |               |
|    ep_len_mean          | 8.64e+04      |
|    ep_rew_mean          | -4.59e+04     |
| time/                   |               |
|    fps                  | 1454          |
|    iterations           | 273           |
|    time_elapsed         | 768           |
|    total_timesteps      | 1118208       |
| train/                  |               |
|    approx_kl            | 1.5381956e-05 |
|    clip_fraction        | 0             |
|    clip_range           | 0.2           |
|    entropy_loss         | -0.0386       |
|    explained_variance   | 0.392         |
|    learning_rate        | 0.000189      |
|    loss                 | 16.3          |
|    n_updates            | 816           |
|    policy_gradient_loss | 5.81e-05      |
|    value_loss           | 33            |
-------------------------------------------
  ⏱  step 1,120,000  │  FPS    7064  │  RSS   5730 MB
----------------------------------------
| hw/                     |            |
|    fps                  | 7.06e+03   |
|    rss_mb               | 5.73e+03   |
| rollout/                |            |
|    ep_len_mean          | 8.64e+04   |
|    ep_rew_mean          | -4.59e+04  |
| time/                   |            |
|    fps                  | 1458       |
|    iterations           | 274        |
|    time_elapsed         | 769        |
|    total_timesteps      | 1122304    |
| train/                  |            |
|    approx_kl            | 5.6494e-05 |
|    clip_fraction        | 0          |
|    clip_range           | 0.2        |
|    entropy_loss         | -0.0411    |
|    explained_variance   | 0.47       |
|    learning_rate        | 0.000188   |
|    loss                 | 25.9       |
|    n_updates            | 819        |
|    policy_gradient_loss | 8.76e-05   |
|    value_loss           | 52.1       |
----------------------------------------
-------------------------------------------
| rollout/                |               |
|    ep_len_mean          | 8.64e+04      |
|    ep_rew_mean          | -4.47e+04     |
| time/                   |               |
|    fps                  | 1463          |
|    iterations           | 275           |
|    time_elapsed         | 769           |
|    total_timesteps      | 1126400       |
| train/                  |               |
|    approx_kl            | 1.8043662e-05 |
|    clip_fraction        | 0             |
|    clip_range           | 0.2           |
|    entropy_loss         | -0.0445       |
|    explained_variance   | 0.543         |
|    learning_rate        | 0.000188      |
|    loss                 | 19            |
|    n_updates            | 822           |
|    policy_gradient_loss | -3.22e-05     |
|    value_loss           | 34.6          |
-------------------------------------------
------------------------------------------
| rollout/                |              |
|    ep_len_mean          | 8.64e+04     |
|    ep_rew_mean          | -4.47e+04    |
| time/                   |              |
|    fps                  | 1467         |
|    iterations           | 276          |
|    time_elapsed         | 770          |
|    total_timesteps      | 1130496      |
| train/                  |              |
|    approx_kl            | 3.486185e-05 |
|    clip_fraction        | 0            |
|    clip_range           | 0.2          |
|    entropy_loss         | -0.042       |
|    explained_variance   | 0.587        |
|    learning_rate        | 0.000187     |
|    loss                 | 21.2         |
|    n_updates            | 825          |
|    policy_gradient_loss | -0.000134    |
|    value_loss           | 38.1         |
------------------------------------------
-------------------------------------------
| rollout/                |               |
|    ep_len_mean          | 8.64e+04      |
|    ep_rew_mean          | -4.47e+04     |
| time/                   |               |
|    fps                  | 1471          |
|    iterations           | 277           |
|    time_elapsed         | 771           |
|    total_timesteps      | 1134592       |
| train/                  |               |
|    approx_kl            | 2.3937188e-05 |
|    clip_fraction        | 0             |
|    clip_range           | 0.2           |
|    entropy_loss         | -0.0424       |
|    explained_variance   | 0.433         |
|    learning_rate        | 0.000187      |
|    loss                 | 15.5          |
|    n_updates            | 828           |
|    policy_gradient_loss | 7.85e-05      |
|    value_loss           | 28.6          |
-------------------------------------------
-------------------------------------------
| rollout/                |               |
|    ep_len_mean          | 8.64e+04      |
|    ep_rew_mean          | -4.47e+04     |
| time/                   |               |
|    fps                  | 1475          |
|    iterations           | 278           |
|    time_elapsed         | 771           |
|    total_timesteps      | 1138688       |
| train/                  |               |
|    approx_kl            | 0.00010178094 |
|    clip_fraction        | 0.000651      |
|    clip_range           | 0.2           |
|    entropy_loss         | -0.0435       |
|    explained_variance   | 0.473         |
|    learning_rate        | 0.000187      |
|    loss                 | 19.4          |
|    n_updates            | 831           |
|    policy_gradient_loss | -0.000301     |
|    value_loss           | 43.8          |
-------------------------------------------
  ⏱  step 1,140,000  │  FPS    7077  │  RSS   5730 MB
-------------------------------------------
| hw/                     |               |
|    fps                  | 7.08e+03      |
|    rss_mb               | 5.73e+03      |
| rollout/                |               |
|    ep_len_mean          | 8.64e+04      |
|    ep_rew_mean          | -4.47e+04     |
| time/                   |               |
|    fps                  | 1479          |
|    iterations           | 279           |
|    time_elapsed         | 772           |
|    total_timesteps      | 1142784       |
| train/                  |               |
|    approx_kl            | 6.7553236e-05 |
|    clip_fraction        | 0             |
|    clip_range           | 0.2           |
|    entropy_loss         | -0.0382       |
|    explained_variance   | 0.654         |
|    learning_rate        | 0.000186      |
|    loss                 | 13.9          |
|    n_updates            | 834           |
|    policy_gradient_loss | -0.000187     |
|    value_loss           | 26.4          |
-------------------------------------------
-------------------------------------------
| rollout/                |               |
|    ep_len_mean          | 8.64e+04      |
|    ep_rew_mean          | -4.47e+04     |
| time/                   |               |
|    fps                  | 1484          |
|    iterations           | 280           |
|    time_elapsed         | 772           |
|    total_timesteps      | 1146880       |
| train/                  |               |
|    approx_kl            | 0.00012079197 |
|    clip_fraction        | 0.00138       |
|    clip_range           | 0.2           |
|    entropy_loss         | -0.0318       |
|    explained_variance   | 0.565         |
|    learning_rate        | 0.000186      |
|    loss                 | 9.35          |
|    n_updates            | 837           |
|    policy_gradient_loss | -0.000303     |
|    value_loss           | 19.2          |
-------------------------------------------
Eval num_timesteps=1150000, episode_reward=-29515.56 +/- 1684.82
Episode length: 86400.00 +/- 0.00
------------------------------------------
| eval/                   |              |
|    mean_ep_length       | 8.64e+04     |
|    mean_reward          | -2.95e+04    |
| time/                   |              |
|    total_timesteps      | 1150000      |
| train/                  |              |
|    approx_kl            | 0.0001143128 |
|    clip_fraction        | 0.00114      |
|    clip_range           | 0.2          |
|    entropy_loss         | -0.0342      |
|    explained_variance   | 0.567        |
|    learning_rate        | 0.000185     |
|    loss                 | 21.4         |
|    n_updates            | 840          |
|    policy_gradient_loss | 5.38e-05     |
|    value_loss           | 36.9         |
------------------------------------------
----------------------------------
| rollout/           |           |
|    ep_len_mean     | 8.64e+04  |
|    ep_rew_mean     | -4.47e+04 |
| time/              |           |
|    fps             | 1438      |
|    iterations      | 281       |
|    time_elapsed    | 800       |
|    total_timesteps | 1150976   |
----------------------------------
-------------------------------------------
| rollout/                |               |
|    ep_len_mean          | 8.64e+04      |
|    ep_rew_mean          | -4.47e+04     |
| time/                   |               |
|    fps                  | 1442          |
|    iterations           | 282           |
|    time_elapsed         | 800           |
|    total_timesteps      | 1155072       |
| train/                  |               |
|    approx_kl            | 1.1235767e-05 |
|    clip_fraction        | 0             |
|    clip_range           | 0.2           |
|    entropy_loss         | -0.0365       |
|    explained_variance   | 0.312         |
|    learning_rate        | 0.000185      |
|    loss                 | 17.4          |
|    n_updates            | 843           |
|    policy_gradient_loss | -7.23e-05     |
|    value_loss           | 40            |
-------------------------------------------
-------------------------------------------
| rollout/                |               |
|    ep_len_mean          | 8.64e+04      |
|    ep_rew_mean          | -4.47e+04     |
| time/                   |               |
|    fps                  | 1446          |
|    iterations           | 283           |
|    time_elapsed         | 801           |
|    total_timesteps      | 1159168       |
| train/                  |               |
|    approx_kl            | 9.6757256e-05 |
|    clip_fraction        | 0.000977      |
|    clip_range           | 0.2           |
|    entropy_loss         | -0.0307       |
|    explained_variance   | 0.497         |
|    learning_rate        | 0.000184      |
|    loss                 | 18.3          |
|    n_updates            | 846           |
|    policy_gradient_loss | -0.000334     |
|    value_loss           | 35.7          |
-------------------------------------------
  ⏱  step 1,160,000  │  FPS     672  │  RSS   5730 MB
------------------------------------------
| hw/                     |              |
|    fps                  | 672          |
|    rss_mb               | 5.73e+03     |
| rollout/                |              |
|    ep_len_mean          | 8.64e+04     |
|    ep_rew_mean          | -4.47e+04    |
| time/                   |              |
|    fps                  | 1450         |
|    iterations           | 284          |
|    time_elapsed         | 801          |
|    total_timesteps      | 1163264      |
| train/                  |              |
|    approx_kl            | 3.738604e-05 |
|    clip_fraction        | 0            |
|    clip_range           | 0.2          |
|    entropy_loss         | -0.0282      |
|    explained_variance   | 0.545        |
|    learning_rate        | 0.000184     |
|    loss                 | 6.82         |
|    n_updates            | 849          |
|    policy_gradient_loss | -0.000149    |
|    value_loss           | 17.5         |
------------------------------------------
------------------------------------------
| rollout/                |              |
|    ep_len_mean          | 8.64e+04     |
|    ep_rew_mean          | -4.47e+04    |
| time/                   |              |
|    fps                  | 1454         |
|    iterations           | 285          |
|    time_elapsed         | 802          |
|    total_timesteps      | 1167360      |
| train/                  |              |
|    approx_kl            | 6.870169e-05 |
|    clip_fraction        | 0.000407     |
|    clip_range           | 0.2          |
|    entropy_loss         | -0.0246      |
|    explained_variance   | 0.395        |
|    learning_rate        | 0.000184     |
|    loss                 | 7.65         |
|    n_updates            | 852          |
|    policy_gradient_loss | -0.000287    |
|    value_loss           | 19.1         |
------------------------------------------
------------------------------------------
| rollout/                |              |
|    ep_len_mean          | 8.64e+04     |
|    ep_rew_mean          | -4.47e+04    |
| time/                   |              |
|    fps                  | 1458         |
|    iterations           | 286          |
|    time_elapsed         | 803          |
|    total_timesteps      | 1171456      |
| train/                  |              |
|    approx_kl            | 8.281786e-07 |
|    clip_fraction        | 0            |
|    clip_range           | 0.2          |
|    entropy_loss         | -0.0217      |
|    explained_variance   | 0.725        |
|    learning_rate        | 0.000183     |
|    loss                 | 7.18         |
|    n_updates            | 855          |
|    policy_gradient_loss | -2.35e-05    |
|    value_loss           | 13.7         |
------------------------------------------
-------------------------------------------
| rollout/                |               |
|    ep_len_mean          | 8.64e+04      |
|    ep_rew_mean          | -4.47e+04     |
| time/                   |               |
|    fps                  | 1462          |
|    iterations           | 287           |
|    time_elapsed         | 803           |
|    total_timesteps      | 1175552       |
| train/                  |               |
|    approx_kl            | 5.0965158e-05 |
|    clip_fraction        | 0.000326      |
|    clip_range           | 0.2           |
|    entropy_loss         | -0.0202       |
|    explained_variance   | 0.554         |
|    learning_rate        | 0.000183      |
|    loss                 | 11.4          |
|    n_updates            | 858           |
|    policy_gradient_loss | -0.000173     |
|    value_loss           | 22            |
-------------------------------------------
-------------------------------------------
| rollout/                |               |
|    ep_len_mean          | 8.64e+04      |
|    ep_rew_mean          | -4.47e+04     |
| time/                   |               |
|    fps                  | 1466          |
|    iterations           | 288           |
|    time_elapsed         | 804           |
|    total_timesteps      | 1179648       |
| train/                  |               |
|    approx_kl            | 1.1688535e-06 |
|    clip_fraction        | 0             |
|    clip_range           | 0.2           |
|    entropy_loss         | -0.0178       |
|    explained_variance   | 0.692         |
|    learning_rate        | 0.000182      |
|    loss                 | 15.8          |
|    n_updates            | 861           |
|    policy_gradient_loss | -1.67e-05     |
|    value_loss           | 27.6          |
-------------------------------------------
  ⏱  step 1,180,000  │  FPS    7124  │  RSS   5730 MB
-------------------------------------------
| hw/                     |               |
|    fps                  | 7.12e+03      |
|    rss_mb               | 5.73e+03      |
| rollout/                |               |
|    ep_len_mean          | 8.64e+04      |
|    ep_rew_mean          | -4.47e+04     |
| time/                   |               |
|    fps                  | 1470          |
|    iterations           | 289           |
|    time_elapsed         | 804           |
|    total_timesteps      | 1183744       |
| train/                  |               |
|    approx_kl            | 1.5542464e-06 |
|    clip_fraction        | 0             |
|    clip_range           | 0.2           |
|    entropy_loss         | -0.0189       |
|    explained_variance   | 0.379         |
|    learning_rate        | 0.000182      |
|    loss                 | 22.2          |
|    n_updates            | 864           |
|    policy_gradient_loss | 2.8e-05       |
|    value_loss           | 43.4          |
-------------------------------------------
------------------------------------------
| rollout/                |              |
|    ep_len_mean          | 8.64e+04     |
|    ep_rew_mean          | -4.47e+04    |
| time/                   |              |
|    fps                  | 1474         |
|    iterations           | 290          |
|    time_elapsed         | 805          |
|    total_timesteps      | 1187840      |
| train/                  |              |
|    approx_kl            | 9.673022e-06 |
|    clip_fraction        | 0            |
|    clip_range           | 0.2          |
|    entropy_loss         | -0.0181      |
|    explained_variance   | 0.461        |
|    learning_rate        | 0.000182     |
|    loss                 | 22.7         |
|    n_updates            | 867          |
|    policy_gradient_loss | -7.87e-05    |
|    value_loss           | 49.6         |
------------------------------------------
-------------------------------------------
| rollout/                |               |
|    ep_len_mean          | 8.64e+04      |
|    ep_rew_mean          | -4.47e+04     |
| time/                   |               |
|    fps                  | 1478          |
|    iterations           | 291           |
|    time_elapsed         | 806           |
|    total_timesteps      | 1191936       |
| train/                  |               |
|    approx_kl            | 9.2425325e-06 |
|    clip_fraction        | 8.14e-05      |
|    clip_range           | 0.2           |
|    entropy_loss         | -0.0175       |
|    explained_variance   | 0.609         |
|    learning_rate        | 0.000181      |
|    loss                 | 6.51          |
|    n_updates            | 870           |
|    policy_gradient_loss | -1.63e-05     |
|    value_loss           | 15.6          |
-------------------------------------------
------------------------------------------
| rollout/                |              |
|    ep_len_mean          | 8.64e+04     |
|    ep_rew_mean          | -4.47e+04    |
| time/                   |              |
|    fps                  | 1482         |
|    iterations           | 292          |
|    time_elapsed         | 806          |
|    total_timesteps      | 1196032      |
| train/                  |              |
|    approx_kl            | 3.894529e-06 |
|    clip_fraction        | 0            |
|    clip_range           | 0.2          |
|    entropy_loss         | -0.0201      |
|    explained_variance   | 0.363        |
|    learning_rate        | 0.000181     |
|    loss                 | 18.3         |
|    n_updates            | 873          |
|    policy_gradient_loss | -1.2e-05     |
|    value_loss           | 36.4         |
------------------------------------------
Eval num_timesteps=1200000, episode_reward=-27822.57 +/- 281.60
Episode length: 86400.00 +/- 0.00
-------------------------------------------
| eval/                   |               |
|    mean_ep_length       | 8.64e+04      |
|    mean_reward          | -2.78e+04     |
| time/                   |               |
|    total_timesteps      | 1200000       |
| train/                  |               |
|    approx_kl            | 4.9206865e-06 |
|    clip_fraction        | 0             |
|    clip_range           | 0.2           |
|    entropy_loss         | -0.0196       |
|    explained_variance   | 0.622         |
|    learning_rate        | 0.00018       |
|    loss                 | 6.94          |
|    n_updates            | 876           |
|    policy_gradient_loss | -3.39e-05     |
|    value_loss           | 17.5          |
-------------------------------------------
  ⏱  step 1,200,000  │  FPS     673  │  RSS   5730 MB
----------------------------------
| hw/                |           |
|    fps             | 673       |
|    rss_mb          | 5.73e+03  |
| rollout/           |           |
|    ep_len_mean     | 8.64e+04  |
|    ep_rew_mean     | -4.47e+04 |
| time/              |           |
|    fps             | 1438      |
|    iterations      | 293       |
|    time_elapsed    | 834       |
|    total_timesteps | 1200128   |
----------------------------------
-------------------------------------------
| rollout/                |               |
|    ep_len_mean          | 8.64e+04      |
|    ep_rew_mean          | -4.47e+04     |
| time/                   |               |
|    fps                  | 1442          |
|    iterations           | 294           |
|    time_elapsed         | 834           |
|    total_timesteps      | 1204224       |
| train/                  |               |
|    approx_kl            | 2.5630521e-05 |
|    clip_fraction        | 0.000244      |
|    clip_range           | 0.2           |
|    entropy_loss         | -0.0228       |
|    explained_variance   | 0.319         |
|    learning_rate        | 0.00018       |
|    loss                 | 21.8          |
|    n_updates            | 879           |
|    policy_gradient_loss | -8.77e-07     |
|    value_loss           | 41.3          |
-------------------------------------------
-------------------------------------------
| rollout/                |               |
|    ep_len_mean          | 8.64e+04      |
|    ep_rew_mean          | -4.47e+04     |
| time/                   |               |
|    fps                  | 1446          |
|    iterations           | 295           |
|    time_elapsed         | 835           |
|    total_timesteps      | 1208320       |
| train/                  |               |
|    approx_kl            | 1.3800018e-06 |
|    clip_fraction        | 0             |
|    clip_range           | 0.2           |
|    entropy_loss         | -0.0238       |
|    explained_variance   | 0.5           |
|    learning_rate        | 0.00018       |
|    loss                 | 24.3          |
|    n_updates            | 882           |
|    policy_gradient_loss | 1.27e-05      |
|    value_loss           | 47            |
-------------------------------------------
------------------------------------------
| rollout/                |              |
|    ep_len_mean          | 8.64e+04     |
|    ep_rew_mean          | -4.37e+04    |
| time/                   |              |
|    fps                  | 1450         |
|    iterations           | 296          |
|    time_elapsed         | 835          |
|    total_timesteps      | 1212416      |
| train/                  |              |
|    approx_kl            | 4.644782e-06 |
|    clip_fraction        | 0            |
|    clip_range           | 0.2          |
|    entropy_loss         | -0.0235      |
|    explained_variance   | 0.493        |
|    learning_rate        | 0.000179     |
|    loss                 | 20.2         |
|    n_updates            | 885          |
|    policy_gradient_loss | -3.37e-05    |
|    value_loss           | 40           |
------------------------------------------
-------------------------------------------
| rollout/                |               |
|    ep_len_mean          | 8.64e+04      |
|    ep_rew_mean          | -4.37e+04     |
| time/                   |               |
|    fps                  | 1454          |
|    iterations           | 297           |
|    time_elapsed         | 836           |
|    total_timesteps      | 1216512       |
| train/                  |               |
|    approx_kl            | 7.0663096e-05 |
|    clip_fraction        | 0.000244      |
|    clip_range           | 0.2           |
|    entropy_loss         | -0.023        |
|    explained_variance   | 0.799         |
|    learning_rate        | 0.000179      |
|    loss                 | 7.16          |
|    n_updates            | 888           |
|    policy_gradient_loss | -0.000205     |
|    value_loss           | 15.7          |
-------------------------------------------
  ⏱  step 1,220,000  │  FPS    7115  │  RSS   5730 MB
-------------------------------------------
| hw/                     |               |
|    fps                  | 7.11e+03      |
|    rss_mb               | 5.73e+03      |
| rollout/                |               |
|    ep_len_mean          | 8.64e+04      |
|    ep_rew_mean          | -4.37e+04     |
| time/                   |               |
|    fps                  | 1458          |
|    iterations           | 298           |
|    time_elapsed         | 837           |
|    total_timesteps      | 1220608       |
| train/                  |               |
|    approx_kl            | 2.6658905e-05 |
|    clip_fraction        | 0             |
|    clip_range           | 0.2           |
|    entropy_loss         | -0.0182       |
|    explained_variance   | 0.368         |
|    learning_rate        | 0.000178      |
|    loss                 | 20.6          |
|    n_updates            | 891           |
|    policy_gradient_loss | -0.00011      |
|    value_loss           | 46            |
-------------------------------------------
-----------------------------------------
| rollout/                |             |
|    ep_len_mean          | 8.64e+04    |
|    ep_rew_mean          | -4.37e+04   |
| time/                   |             |
|    fps                  | 1462        |
|    iterations           | 299         |
|    time_elapsed         | 837         |
|    total_timesteps      | 1224704     |
| train/                  |             |
|    approx_kl            | 5.12111e-07 |
|    clip_fraction        | 0           |
|    clip_range           | 0.2         |
|    entropy_loss         | -0.0173     |
|    explained_variance   | 0.551       |
|    learning_rate        | 0.000178    |
|    loss                 | 19.8        |
|    n_updates            | 894         |
|    policy_gradient_loss | -7.69e-06   |
|    value_loss           | 37.9        |
-----------------------------------------
-------------------------------------------
| rollout/                |               |
|    ep_len_mean          | 8.64e+04      |
|    ep_rew_mean          | -4.37e+04     |
| time/                   |               |
|    fps                  | 1466          |
|    iterations           | 300           |
|    time_elapsed         | 838           |
|    total_timesteps      | 1228800       |
| train/                  |               |
|    approx_kl            | 3.4182885e-06 |
|    clip_fraction        | 0             |
|    clip_range           | 0.2           |
|    entropy_loss         | -0.0176       |
|    explained_variance   | 0.824         |
|    learning_rate        | 0.000178      |
|    loss                 | 3.93          |
|    n_updates            | 897           |
|    policy_gradient_loss | -4.97e-05     |
|    value_loss           | 9.34          |
-------------------------------------------
-------------------------------------------
| rollout/                |               |
|    ep_len_mean          | 8.64e+04      |
|    ep_rew_mean          | -4.37e+04     |
| time/                   |               |
|    fps                  | 1469          |
|    iterations           | 301           |
|    time_elapsed         | 838           |
|    total_timesteps      | 1232896       |
| train/                  |               |
|    approx_kl            | 6.0898805e-05 |
|    clip_fraction        | 0.000407      |
|    clip_range           | 0.2           |
|    entropy_loss         | -0.015        |
|    explained_variance   | 0.603         |
|    learning_rate        | 0.000177      |
|    loss                 | 12.2          |
|    n_updates            | 900           |
|    policy_gradient_loss | -0.000242     |
|    value_loss           | 28.2          |
-------------------------------------------
-------------------------------------------
| rollout/                |               |
|    ep_len_mean          | 8.64e+04      |
|    ep_rew_mean          | -4.37e+04     |
| time/                   |               |
|    fps                  | 1473          |
|    iterations           | 302           |
|    time_elapsed         | 839           |
|    total_timesteps      | 1236992       |
| train/                  |               |
|    approx_kl            | 1.1824013e-06 |
|    clip_fraction        | 0             |
|    clip_range           | 0.2           |
|    entropy_loss         | -0.0131       |
|    explained_variance   | 0.583         |
|    learning_rate        | 0.000177      |
|    loss                 | 13.6          |
|    n_updates            | 903           |
|    policy_gradient_loss | -8.53e-06     |
|    value_loss           | 32.4          |
-------------------------------------------
  ⏱  step 1,240,000  │  FPS    7100  │  RSS   5730 MB
-------------------------------------------
| hw/                     |               |
|    fps                  | 7.1e+03       |
|    rss_mb               | 5.73e+03      |
| rollout/                |               |
|    ep_len_mean          | 8.64e+04      |
|    ep_rew_mean          | -4.37e+04     |
| time/                   |               |
|    fps                  | 1477          |
|    iterations           | 303           |
|    time_elapsed         | 839           |
|    total_timesteps      | 1241088       |
| train/                  |               |
|    approx_kl            | 7.6876313e-07 |
|    clip_fraction        | 0             |
|    clip_range           | 0.2           |
|    entropy_loss         | -0.0129       |
|    explained_variance   | 0.521         |
|    learning_rate        | 0.000176      |
|    loss                 | 14.9          |
|    n_updates            | 906           |
|    policy_gradient_loss | -1.07e-05     |
|    value_loss           | 35.4          |
-------------------------------------------
-------------------------------------------
| rollout/                |               |
|    ep_len_mean          | 8.64e+04      |
|    ep_rew_mean          | -4.37e+04     |
| time/                   |               |
|    fps                  | 1481          |
|    iterations           | 304           |
|    time_elapsed         | 840           |
|    total_timesteps      | 1245184       |
| train/                  |               |
|    approx_kl            | 1.3164536e-05 |
|    clip_fraction        | 8.14e-05      |
|    clip_range           | 0.2           |
|    entropy_loss         | -0.0132       |
|    explained_variance   | 0.468         |
|    learning_rate        | 0.000176      |
|    loss                 | 10.3          |
|    n_updates            | 909           |
|    policy_gradient_loss | -4.18e-05     |
|    value_loss           | 27.5          |
-------------------------------------------
------------------------------------------
| rollout/                |              |
|    ep_len_mean          | 8.64e+04     |
|    ep_rew_mean          | -4.37e+04    |
| time/                   |              |
|    fps                  | 1485         |
|    iterations           | 305          |
|    time_elapsed         | 841          |
|    total_timesteps      | 1249280      |
| train/                  |              |
|    approx_kl            | 4.372647e-06 |
|    clip_fraction        | 0            |
|    clip_range           | 0.2          |
|    entropy_loss         | -0.0152      |
|    explained_variance   | 0.535        |
|    learning_rate        | 0.000175     |
|    loss                 | 11.7         |
|    n_updates            | 912          |
|    policy_gradient_loss | 1.41e-05     |
|    value_loss           | 24           |
------------------------------------------
Eval num_timesteps=1250000, episode_reward=-28293.35 +/- 1113.49
Episode length: 86400.00 +/- 0.00
-------------------------------------------
| eval/                   |               |
|    mean_ep_length       | 8.64e+04      |
|    mean_reward          | -2.83e+04     |
| time/                   |               |
|    total_timesteps      | 1250000       |
| train/                  |               |
|    approx_kl            | 4.5716573e-05 |
|    clip_fraction        | 0.000326      |
|    clip_range           | 0.2           |
|    entropy_loss         | -0.0171       |
|    explained_variance   | 0.741         |
|    learning_rate        | 0.000175      |
|    loss                 | 4.5           |
|    n_updates            | 915           |
|    policy_gradient_loss | 3.37e-05      |
|    value_loss           | 8.87          |
-------------------------------------------
----------------------------------
| rollout/           |           |
|    ep_len_mean     | 8.64e+04  |
|    ep_rew_mean     | -4.37e+04 |
| time/              |           |
|    fps             | 1441      |
|    iterations      | 306       |
|    time_elapsed    | 869       |
|    total_timesteps | 1253376   |
----------------------------------
-------------------------------------------
| rollout/                |               |
|    ep_len_mean          | 8.64e+04      |
|    ep_rew_mean          | -4.37e+04     |
| time/                   |               |
|    fps                  | 1445          |
|    iterations           | 307           |
|    time_elapsed         | 870           |
|    total_timesteps      | 1257472       |
| train/                  |               |
|    approx_kl            | 4.5212597e-05 |
|    clip_fraction        | 0.000244      |
|    clip_range           | 0.2           |
|    entropy_loss         | -0.0185       |
|    explained_variance   | 0.76          |
|    learning_rate        | 0.000175      |
|    loss                 | 4.92          |
|    n_updates            | 918           |
|    policy_gradient_loss | -0.00016      |
|    value_loss           | 10.7          |
-------------------------------------------
  ⏱  step 1,260,000  │  FPS     650  │  RSS   5730 MB
-------------------------------------------
| hw/                     |               |
|    fps                  | 650           |
|    rss_mb               | 5.73e+03      |
| rollout/                |               |
|    ep_len_mean          | 8.64e+04      |
|    ep_rew_mean          | -4.37e+04     |
| time/                   |               |
|    fps                  | 1448          |
|    iterations           | 308           |
|    time_elapsed         | 870           |
|    total_timesteps      | 1261568       |
| train/                  |               |
|    approx_kl            | 1.0460644e-05 |
|    clip_fraction        | 8.14e-05      |
|    clip_range           | 0.2           |
|    entropy_loss         | -0.0178       |
|    explained_variance   | 0.808         |
|    learning_rate        | 0.000174      |
|    loss                 | 5.87          |
|    n_updates            | 921           |
|    policy_gradient_loss | -2.8e-05      |
|    value_loss           | 14.2          |
-------------------------------------------
------------------------------------------
| rollout/                |              |
|    ep_len_mean          | 8.64e+04     |
|    ep_rew_mean          | -4.37e+04    |
| time/                   |              |
|    fps                  | 1452         |
|    iterations           | 309          |
|    time_elapsed         | 871          |
|    total_timesteps      | 1265664      |
| train/                  |              |
|    approx_kl            | 9.478041e-06 |
|    clip_fraction        | 0            |
|    clip_range           | 0.2          |
|    entropy_loss         | -0.0207      |
|    explained_variance   | 0.614        |
|    learning_rate        | 0.000174     |
|    loss                 | 19           |
|    n_updates            | 924          |
|    policy_gradient_loss | 1.75e-05     |
|    value_loss           | 36.7         |
------------------------------------------
------------------------------------------
| rollout/                |              |
|    ep_len_mean          | 8.64e+04     |
|    ep_rew_mean          | -4.37e+04    |
| time/                   |              |
|    fps                  | 1456         |
|    iterations           | 310          |
|    time_elapsed         | 871          |
|    total_timesteps      | 1269760      |
| train/                  |              |
|    approx_kl            | 3.340072e-06 |
|    clip_fraction        | 0            |
|    clip_range           | 0.2          |
|    entropy_loss         | -0.0215      |
|    explained_variance   | 0.633        |
|    learning_rate        | 0.000173     |
|    loss                 | 19.5         |
|    n_updates            | 927          |
|    policy_gradient_loss | -2e-05       |
|    value_loss           | 37.6         |
------------------------------------------
-------------------------------------------
| rollout/                |               |
|    ep_len_mean          | 8.64e+04      |
|    ep_rew_mean          | -4.37e+04     |
| time/                   |               |
|    fps                  | 1459          |
|    iterations           | 311           |
|    time_elapsed         | 872           |
|    total_timesteps      | 1273856       |
| train/                  |               |
|    approx_kl            | 4.6994246e-06 |
|    clip_fraction        | 0             |
|    clip_range           | 0.2           |
|    entropy_loss         | -0.0198       |
|    explained_variance   | 0.381         |
|    learning_rate        | 0.000173      |
|    loss                 | 19.6          |
|    n_updates            | 930           |
|    policy_gradient_loss | -2.35e-05     |
|    value_loss           | 43.9          |
-------------------------------------------
-------------------------------------------
| rollout/                |               |
|    ep_len_mean          | 8.64e+04      |
|    ep_rew_mean          | -4.37e+04     |
| time/                   |               |
|    fps                  | 1463          |
|    iterations           | 312           |
|    time_elapsed         | 873           |
|    total_timesteps      | 1277952       |
| train/                  |               |
|    approx_kl            | 1.6223537e-05 |
|    clip_fraction        | 8.14e-05      |
|    clip_range           | 0.2           |
|    entropy_loss         | -0.0212       |
|    explained_variance   | 0.543         |
|    learning_rate        | 0.000173      |
|    loss                 | 17.1          |
|    n_updates            | 933           |
|    policy_gradient_loss | -5.99e-05     |
|    value_loss           | 37.3          |
-------------------------------------------
  ⏱  step 1,280,000  │  FPS    6005  │  RSS   5730 MB
------------------------------------------
| hw/                     |              |
|    fps                  | 6.01e+03     |
|    rss_mb               | 5.73e+03     |
| rollout/                |              |
|    ep_len_mean          | 8.64e+04     |
|    ep_rew_mean          | -4.37e+04    |
| time/                   |              |
|    fps                  | 1466         |
|    iterations           | 313          |
|    time_elapsed         | 874          |
|    total_timesteps      | 1282048      |
| train/                  |              |
|    approx_kl            | 3.352872e-05 |
|    clip_fraction        | 0            |
|    clip_range           | 0.2          |
|    entropy_loss         | -0.0228      |
|    explained_variance   | 0.49         |
|    learning_rate        | 0.000172     |
|    loss                 | 11.5         |
|    n_updates            | 936          |
|    policy_gradient_loss | -0.000116    |
|    value_loss           | 26.1         |
------------------------------------------
-------------------------------------------
| rollout/                |               |
|    ep_len_mean          | 8.64e+04      |
|    ep_rew_mean          | -4.37e+04     |
| time/                   |               |
|    fps                  | 1470          |
|    iterations           | 314           |
|    time_elapsed         | 874           |
|    total_timesteps      | 1286144       |
| train/                  |               |
|    approx_kl            | 1.4132529e-06 |
|    clip_fraction        | 0             |
|    clip_range           | 0.2           |
|    entropy_loss         | -0.0196       |
|    explained_variance   | 0.849         |
|    learning_rate        | 0.000172      |
|    loss                 | 1.7           |
|    n_updates            | 939           |
|    policy_gradient_loss | -6.29e-06     |
|    value_loss           | 6.83          |
-------------------------------------------
------------------------------------------
| rollout/                |              |
|    ep_len_mean          | 8.64e+04     |
|    ep_rew_mean          | -4.37e+04    |
| time/                   |              |
|    fps                  | 1473         |
|    iterations           | 315          |
|    time_elapsed         | 875          |
|    total_timesteps      | 1290240      |
| train/                  |              |
|    approx_kl            | 3.846307e-05 |
|    clip_fraction        | 0.000163     |
|    clip_range           | 0.2          |
|    entropy_loss         | -0.0217      |
|    explained_variance   | 0.505        |
|    learning_rate        | 0.000171     |
|    loss                 | 14.4         |
|    n_updates            | 942          |
|    policy_gradient_loss | -2.85e-05    |
|    value_loss           | 33.8         |
------------------------------------------
------------------------------------------
| rollout/                |              |
|    ep_len_mean          | 8.64e+04     |
|    ep_rew_mean          | -4.37e+04    |
| time/                   |              |
|    fps                  | 1477         |
|    iterations           | 316          |
|    time_elapsed         | 876          |
|    total_timesteps      | 1294336      |
| train/                  |              |
|    approx_kl            | 6.284943e-06 |
|    clip_fraction        | 0            |
|    clip_range           | 0.2          |
|    entropy_loss         | -0.0244      |
|    explained_variance   | 0.428        |
|    learning_rate        | 0.000171     |
|    loss                 | 23.8         |
|    n_updates            | 945          |
|    policy_gradient_loss | -3.05e-05    |
|    value_loss           | 53.4         |
------------------------------------------
-------------------------------------------
| rollout/                |               |
|    ep_len_mean          | 8.64e+04      |
|    ep_rew_mean          | -4.28e+04     |
| time/                   |               |
|    fps                  | 1480          |
|    iterations           | 317           |
|    time_elapsed         | 876           |
|    total_timesteps      | 1298432       |
| train/                  |               |
|    approx_kl            | 6.6253415e-07 |
|    clip_fraction        | 0             |
|    clip_range           | 0.2           |
|    entropy_loss         | -0.0225       |
|    explained_variance   | 0.567         |
|    learning_rate        | 0.000171      |
|    loss                 | 17.1          |
|    n_updates            | 948           |
|    policy_gradient_loss | -4.91e-07     |
|    value_loss           | 35.9          |
-------------------------------------------
Eval num_timesteps=1300000, episode_reward=-28718.34 +/- 1529.95
Episode length: 86400.00 +/- 0.00
------------------------------------------
| eval/                   |              |
|    mean_ep_length       | 8.64e+04     |
|    mean_reward          | -2.87e+04    |
| time/                   |              |
|    total_timesteps      | 1300000      |
| train/                  |              |
|    approx_kl            | 5.014104e-05 |
|    clip_fraction        | 0.000163     |
|    clip_range           | 0.2          |
|    entropy_loss         | -0.0222      |
|    explained_variance   | 0.362        |
|    learning_rate        | 0.00017      |
|    loss                 | 17.6         |
|    n_updates            | 951          |
|    policy_gradient_loss | -0.00019     |
|    value_loss           | 36.3         |
------------------------------------------
  ⏱  step 1,300,000  │  FPS     635  │  RSS   5730 MB
----------------------------------
| hw/                |           |
|    fps             | 635       |
|    rss_mb          | 5.73e+03  |
| rollout/           |           |
|    ep_len_mean     | 8.64e+04  |
|    ep_rew_mean     | -4.28e+04 |
| time/              |           |
|    fps             | 1438      |
|    iterations      | 318       |
|    time_elapsed    | 905       |
|    total_timesteps | 1302528   |
----------------------------------
-------------------------------------------
| rollout/                |               |
|    ep_len_mean          | 8.64e+04      |
|    ep_rew_mean          | -4.28e+04     |
| time/                   |               |
|    fps                  | 1441          |
|    iterations           | 319           |
|    time_elapsed         | 906           |
|    total_timesteps      | 1306624       |
| train/                  |               |
|    approx_kl            | 1.3530778e-05 |
|    clip_fraction        | 0             |
|    clip_range           | 0.2           |
|    entropy_loss         | -0.019        |
|    explained_variance   | 0.63          |
|    learning_rate        | 0.00017       |
|    loss                 | 7.12          |
|    n_updates            | 954           |
|    policy_gradient_loss | -8.51e-05     |
|    value_loss           | 15.2          |
-------------------------------------------
------------------------------------------
| rollout/                |              |
|    ep_len_mean          | 8.64e+04     |
|    ep_rew_mean          | -4.28e+04    |
| time/                   |              |
|    fps                  | 1445         |
|    iterations           | 320          |
|    time_elapsed         | 906          |
|    total_timesteps      | 1310720      |
| train/                  |              |
|    approx_kl            | 3.019959e-07 |
|    clip_fraction        | 0            |
|    clip_range           | 0.2          |
|    entropy_loss         | -0.0187      |
|    explained_variance   | 0.538        |
|    learning_rate        | 0.000169     |
|    loss                 | 15.5         |
|    n_updates            | 957          |
|    policy_gradient_loss | 8.49e-06     |
|    value_loss           | 33.5         |
------------------------------------------
-------------------------------------------
| rollout/                |               |
|    ep_len_mean          | 8.64e+04      |
|    ep_rew_mean          | -4.28e+04     |
| time/                   |               |
|    fps                  | 1448          |
|    iterations           | 321           |
|    time_elapsed         | 907           |
|    total_timesteps      | 1314816       |
| train/                  |               |
|    approx_kl            | 1.4234349e-05 |
|    clip_fraction        | 0             |
|    clip_range           | 0.2           |
|    entropy_loss         | -0.0197       |
|    explained_variance   | 0.686         |
|    learning_rate        | 0.000169      |
|    loss                 | 10.9          |
|    n_updates            | 960           |
|    policy_gradient_loss | 1e-05         |
|    value_loss           | 19.9          |
-------------------------------------------
-------------------------------------------
| rollout/                |               |
|    ep_len_mean          | 8.64e+04      |
|    ep_rew_mean          | -4.28e+04     |
| time/                   |               |
|    fps                  | 1452          |
|    iterations           | 322           |
|    time_elapsed         | 908           |
|    total_timesteps      | 1318912       |
| train/                  |               |
|    approx_kl            | 3.2769458e-05 |
|    clip_fraction        | 8.14e-05      |
|    clip_range           | 0.2           |
|    entropy_loss         | -0.0232       |
|    explained_variance   | 0.572         |
|    learning_rate        | 0.000169      |
|    loss                 | 9.54          |
|    n_updates            | 963           |
|    policy_gradient_loss | -5.4e-05      |
|    value_loss           | 19.4          |
-------------------------------------------
  ⏱  step 1,320,000  │  FPS    6701  │  RSS   5730 MB
-------------------------------------------
| hw/                     |               |
|    fps                  | 6.7e+03       |
|    rss_mb               | 5.73e+03      |
| rollout/                |               |
|    ep_len_mean          | 8.64e+04      |
|    ep_rew_mean          | -4.28e+04     |
| time/                   |               |
|    fps                  | 1455          |
|    iterations           | 323           |
|    time_elapsed         | 908           |
|    total_timesteps      | 1323008       |
| train/                  |               |
|    approx_kl            | 4.3119187e-05 |
|    clip_fraction        | 0.000163      |
|    clip_range           | 0.2           |
|    entropy_loss         | -0.0246       |
|    explained_variance   | 0.81          |
|    learning_rate        | 0.000168      |
|    loss                 | 9             |
|    n_updates            | 966           |
|    policy_gradient_loss | -8.73e-05     |
|    value_loss           | 13.7          |
-------------------------------------------
-------------------------------------------
| rollout/                |               |
|    ep_len_mean          | 8.64e+04      |
|    ep_rew_mean          | -4.28e+04     |
| time/                   |               |
|    fps                  | 1459          |
|    iterations           | 324           |
|    time_elapsed         | 909           |
|    total_timesteps      | 1327104       |
| train/                  |               |
|    approx_kl            | 1.3081342e-05 |
|    clip_fraction        | 0             |
|    clip_range           | 0.2           |
|    entropy_loss         | -0.0197       |
|    explained_variance   | 0.49          |
|    learning_rate        | 0.000168      |
|    loss                 | 16.4          |
|    n_updates            | 969           |
|    policy_gradient_loss | -9.67e-05     |
|    value_loss           | 35.5          |
-------------------------------------------
------------------------------------------
| rollout/                |              |
|    ep_len_mean          | 8.64e+04     |
|    ep_rew_mean          | -4.28e+04    |
| time/                   |              |
|    fps                  | 1462         |
|    iterations           | 325          |
|    time_elapsed         | 909          |
|    total_timesteps      | 1331200      |
| train/                  |              |
|    approx_kl            | 1.455337e-06 |
|    clip_fraction        | 0            |
|    clip_range           | 0.2          |
|    entropy_loss         | -0.019       |
|    explained_variance   | 0.514        |
|    learning_rate        | 0.000167     |
|    loss                 | 10.7         |
|    n_updates            | 972          |
|    policy_gradient_loss | 7.4e-06      |
|    value_loss           | 25.5         |
------------------------------------------
-------------------------------------------
| rollout/                |               |
|    ep_len_mean          | 8.64e+04      |
|    ep_rew_mean          | -4.28e+04     |
| time/                   |               |
|    fps                  | 1466          |
|    iterations           | 326           |
|    time_elapsed         | 910           |
|    total_timesteps      | 1335296       |
| train/                  |               |
|    approx_kl            | 3.5429548e-06 |
|    clip_fraction        | 0             |
|    clip_range           | 0.2           |
|    entropy_loss         | -0.0211       |
|    explained_variance   | 0.536         |
|    learning_rate        | 0.000167      |
|    loss                 | 10.4          |
|    n_updates            | 975           |
|    policy_gradient_loss | 4.88e-05      |
|    value_loss           | 21.1          |
-------------------------------------------
-------------------------------------------
| rollout/                |               |
|    ep_len_mean          | 8.64e+04      |
|    ep_rew_mean          | -4.28e+04     |
| time/                   |               |
|    fps                  | 1469          |
|    iterations           | 327           |
|    time_elapsed         | 911           |
|    total_timesteps      | 1339392       |
| train/                  |               |
|    approx_kl            | 1.4302699e-05 |
|    clip_fraction        | 0             |
|    clip_range           | 0.2           |
|    entropy_loss         | -0.0211       |
|    explained_variance   | 0.883         |
|    learning_rate        | 0.000166      |
|    loss                 | 2.3           |
|    n_updates            | 978           |
|    policy_gradient_loss | -4.53e-05     |
|    value_loss           | 6.64          |
-------------------------------------------
  ⏱  step 1,340,000  │  FPS    6527  │  RSS   5730 MB
-------------------------------------------
| hw/                     |               |
|    fps                  | 6.53e+03      |
|    rss_mb               | 5.73e+03      |
| rollout/                |               |
|    ep_len_mean          | 8.64e+04      |
|    ep_rew_mean          | -4.28e+04     |
| time/                   |               |
|    fps                  | 1473          |
|    iterations           | 328           |
|    time_elapsed         | 911           |
|    total_timesteps      | 1343488       |
| train/                  |               |
|    approx_kl            | 2.1375308e-07 |
|    clip_fraction        | 0             |
|    clip_range           | 0.2           |
|    entropy_loss         | -0.02         |
|    explained_variance   | 0.657         |
|    learning_rate        | 0.000166      |
|    loss                 | 4.76          |
|    n_updates            | 981           |
|    policy_gradient_loss | 6.94e-06      |
|    value_loss           | 12.5          |
-------------------------------------------
-------------------------------------------
| rollout/                |               |
|    ep_len_mean          | 8.64e+04      |
|    ep_rew_mean          | -4.28e+04     |
| time/                   |               |
|    fps                  | 1476          |
|    iterations           | 329           |
|    time_elapsed         | 912           |
|    total_timesteps      | 1347584       |
| train/                  |               |
|    approx_kl            | 3.1103307e-05 |
|    clip_fraction        | 0.000244      |
|    clip_range           | 0.2           |
|    entropy_loss         | -0.0213       |
|    explained_variance   | 0.815         |
|    learning_rate        | 0.000166      |
|    loss                 | 3.97          |
|    n_updates            | 984           |
|    policy_gradient_loss | -4.83e-06     |
|    value_loss           | 7.99          |
-------------------------------------------
Eval num_timesteps=1350000, episode_reward=-26828.00 +/- 3264.82
Episode length: 86400.00 +/- 0.00
------------------------------------------
| eval/                   |              |
|    mean_ep_length       | 8.64e+04     |
|    mean_reward          | -2.68e+04    |
| time/                   |              |
|    total_timesteps      | 1350000      |
| train/                  |              |
|    approx_kl            | 7.821713e-06 |
|    clip_fraction        | 0            |
|    clip_range           | 0.2          |
|    entropy_loss         | -0.0231      |
|    explained_variance   | 0.675        |
|    learning_rate        | 0.000165     |
|    loss                 | 14.4         |
|    n_updates            | 987          |
|    policy_gradient_loss | -1.51e-05    |
|    value_loss           | 30.4         |
------------------------------------------
----------------------------------
| rollout/           |           |
|    ep_len_mean     | 8.64e+04  |
|    ep_rew_mean     | -4.28e+04 |
| time/              |           |
|    fps             | 1436      |
|    iterations      | 330       |
|    time_elapsed    | 940       |
|    total_timesteps | 1351680   |
----------------------------------
-------------------------------------------
| rollout/                |               |
|    ep_len_mean          | 8.64e+04      |
|    ep_rew_mean          | -4.28e+04     |
| time/                   |               |
|    fps                  | 1440          |
|    iterations           | 331           |
|    time_elapsed         | 941           |
|    total_timesteps      | 1355776       |
| train/                  |               |
|    approx_kl            | 3.7191785e-06 |
|    clip_fraction        | 0             |
|    clip_range           | 0.2           |
|    entropy_loss         | -0.0242       |
|    explained_variance   | 0.421         |
|    learning_rate        | 0.000165      |
|    loss                 | 14.1          |
|    n_updates            | 990           |
|    policy_gradient_loss | -9.48e-06     |
|    value_loss           | 36.4          |
-------------------------------------------
-------------------------------------------
| rollout/                |               |
|    ep_len_mean          | 8.64e+04      |
|    ep_rew_mean          | -4.28e+04     |
| time/                   |               |
|    fps                  | 1443          |
|    iterations           | 332           |
|    time_elapsed         | 941           |
|    total_timesteps      | 1359872       |
| train/                  |               |
|    approx_kl            | 1.6006743e-05 |
|    clip_fraction        | 0             |
|    clip_range           | 0.2           |
|    entropy_loss         | -0.0238       |
|    explained_variance   | 0.592         |
|    learning_rate        | 0.000164      |
|    loss                 | 12.4          |
|    n_updates            | 993           |
|    policy_gradient_loss | -2.62e-05     |
|    value_loss           | 30.8          |
-------------------------------------------
  ⏱  step 1,360,000  │  FPS     652  │  RSS   5730 MB
------------------------------------------
| hw/                     |              |
|    fps                  | 652          |
|    rss_mb               | 5.73e+03     |
| rollout/                |              |
|    ep_len_mean          | 8.64e+04     |
|    ep_rew_mean          | -4.28e+04    |
| time/                   |              |
|    fps                  | 1447         |
|    iterations           | 333          |
|    time_elapsed         | 942          |
|    total_timesteps      | 1363968      |
| train/                  |              |
|    approx_kl            | 3.403447e-05 |
|    clip_fraction        | 0.000163     |
|    clip_range           | 0.2          |
|    entropy_loss         | -0.0233      |
|    explained_variance   | 0.598        |
|    learning_rate        | 0.000164     |
|    loss                 | 8.16         |
|    n_updates            | 996          |
|    policy_gradient_loss | -5.51e-05    |
|    value_loss           | 15           |
------------------------------------------
------------------------------------------
| rollout/                |              |
|    ep_len_mean          | 8.64e+04     |
|    ep_rew_mean          | -4.28e+04    |
| time/                   |              |
|    fps                  | 1450         |
|    iterations           | 334          |
|    time_elapsed         | 943          |
|    total_timesteps      | 1368064      |
| train/                  |              |
|    approx_kl            | 4.256959e-06 |
|    clip_fraction        | 0            |
|    clip_range           | 0.2          |
|    entropy_loss         | -0.0258      |
|    explained_variance   | 0.674        |
|    learning_rate        | 0.000164     |
|    loss                 | 10.5         |
|    n_updates            | 999          |
|    policy_gradient_loss | 3.4e-06      |
|    value_loss           | 22.3         |
------------------------------------------
------------------------------------------
| rollout/                |              |
|    ep_len_mean          | 8.64e+04     |
|    ep_rew_mean          | -4.28e+04    |
| time/                   |              |
|    fps                  | 1453         |
|    iterations           | 335          |
|    time_elapsed         | 943          |
|    total_timesteps      | 1372160      |
| train/                  |              |
|    approx_kl            | 7.187914e-05 |
|    clip_fraction        | 0.000895     |
|    clip_range           | 0.2          |
|    entropy_loss         | -0.0275      |
|    explained_variance   | 0.707        |
|    learning_rate        | 0.000163     |
|    loss                 | 6.44         |
|    n_updates            | 1002         |
|    policy_gradient_loss | -1.5e-05     |
|    value_loss           | 14.7         |
------------------------------------------
-------------------------------------------
| rollout/                |               |
|    ep_len_mean          | 8.64e+04      |
|    ep_rew_mean          | -4.28e+04     |
| time/                   |               |
|    fps                  | 1457          |
|    iterations           | 336           |
|    time_elapsed         | 944           |
|    total_timesteps      | 1376256       |
| train/                  |               |
|    approx_kl            | 4.9572613e-05 |
|    clip_fraction        | 0             |
|    clip_range           | 0.2           |
|    entropy_loss         | -0.0272       |
|    explained_variance   | 0.46          |
|    learning_rate        | 0.000163      |
|    loss                 | 11.4          |
|    n_updates            | 1005          |
|    policy_gradient_loss | -0.000171     |
|    value_loss           | 27.4          |
-------------------------------------------
  ⏱  step 1,380,000  │  FPS    6723  │  RSS   5730 MB
-------------------------------------------
| hw/                     |               |
|    fps                  | 6.72e+03      |
|    rss_mb               | 5.73e+03      |
| rollout/                |               |
|    ep_len_mean          | 8.64e+04      |
|    ep_rew_mean          | -4.28e+04     |
| time/                   |               |
|    fps                  | 1460          |
|    iterations           | 337           |
|    time_elapsed         | 945           |
|    total_timesteps      | 1380352       |
| train/                  |               |
|    approx_kl            | 2.5278307e-05 |
|    clip_fraction        | 0             |
|    clip_range           | 0.2           |
|    entropy_loss         | -0.0233       |
|    explained_variance   | 0.766         |
|    learning_rate        | 0.000162      |
|    loss                 | 9.07          |
|    n_updates            | 1008          |
|    policy_gradient_loss | -8.17e-05     |
|    value_loss           | 20            |
-------------------------------------------
------------------------------------------
| rollout/                |              |
|    ep_len_mean          | 8.64e+04     |
|    ep_rew_mean          | -4.21e+04    |
| time/                   |              |
|    fps                  | 1464         |
|    iterations           | 338          |
|    time_elapsed         | 945          |
|    total_timesteps      | 1384448      |
| train/                  |              |
|    approx_kl            | 5.466587e-06 |
|    clip_fraction        | 0            |
|    clip_range           | 0.2          |
|    entropy_loss         | -0.0229      |
|    explained_variance   | 0.6          |
|    learning_rate        | 0.000162     |
|    loss                 | 14.4         |
|    n_updates            | 1011         |
|    policy_gradient_loss | 1.42e-05     |
|    value_loss           | 36.4         |
------------------------------------------
------------------------------------------
| rollout/                |              |
|    ep_len_mean          | 8.64e+04     |
|    ep_rew_mean          | -4.21e+04    |
| time/                   |              |
|    fps                  | 1467         |
|    iterations           | 339          |
|    time_elapsed         | 946          |
|    total_timesteps      | 1388544      |
| train/                  |              |
|    approx_kl            | 6.126688e-05 |
|    clip_fraction        | 0.00057      |
|    clip_range           | 0.2          |
|    entropy_loss         | -0.0221      |
|    explained_variance   | 0.731        |
|    learning_rate        | 0.000162     |
|    loss                 | 9.7          |
|    n_updates            | 1014         |
|    policy_gradient_loss | -0.000296    |
|    value_loss           | 22.2         |
------------------------------------------
------------------------------------------
| rollout/                |              |
|    ep_len_mean          | 8.64e+04     |
|    ep_rew_mean          | -4.21e+04    |
| time/                   |              |
|    fps                  | 1470         |
|    iterations           | 340          |
|    time_elapsed         | 946          |
|    total_timesteps      | 1392640      |
| train/                  |              |
|    approx_kl            | 9.634969e-07 |
|    clip_fraction        | 0            |
|    clip_range           | 0.2          |
|    entropy_loss         | -0.0193      |
|    explained_variance   | 0.742        |
|    learning_rate        | 0.000161     |
|    loss                 | 12.3         |
|    n_updates            | 1017         |
|    policy_gradient_loss | -1.71e-05    |
|    value_loss           | 31.4         |
------------------------------------------
-------------------------------------------
| rollout/                |               |
|    ep_len_mean          | 8.64e+04      |
|    ep_rew_mean          | -4.21e+04     |
| time/                   |               |
|    fps                  | 1474          |
|    iterations           | 341           |
|    time_elapsed         | 947           |
|    total_timesteps      | 1396736       |
| train/                  |               |
|    approx_kl            | 2.4381734e-06 |
|    clip_fraction        | 0             |
|    clip_range           | 0.2           |
|    entropy_loss         | -0.0191       |
|    explained_variance   | 0.609         |
|    learning_rate        | 0.000161      |
|    loss                 | 16            |
|    n_updates            | 1020          |
|    policy_gradient_loss | -3.65e-05     |
|    value_loss           | 33.6          |
-------------------------------------------
Eval num_timesteps=1400000, episode_reward=-26034.07 +/- 3542.00
Episode length: 86400.00 +/- 0.00
------------------------------------------
| eval/                   |              |
|    mean_ep_length       | 8.64e+04     |
|    mean_reward          | -2.6e+04     |
| time/                   |              |
|    total_timesteps      | 1400000      |
| train/                  |              |
|    approx_kl            | 3.249006e-07 |
|    clip_fraction        | 0            |
|    clip_range           | 0.2          |
|    entropy_loss         | -0.0184      |
|    explained_variance   | 0.605        |
|    learning_rate        | 0.00016      |
|    loss                 | 14.5         |
|    n_updates            | 1023         |
|    policy_gradient_loss | -9.19e-06    |
|    value_loss           | 27.1         |
------------------------------------------
  ⏱  step 1,400,000  │  FPS     663  │  RSS   5730 MB
----------------------------------
| hw/                |           |
|    fps             | 663       |
|    rss_mb          | 5.73e+03  |
| rollout/           |           |
|    ep_len_mean     | 8.64e+04  |
|    ep_rew_mean     | -4.21e+04 |
| time/              |           |
|    fps             | 1436      |
|    iterations      | 342       |
|    time_elapsed    | 975       |
|    total_timesteps | 1400832   |
----------------------------------
-------------------------------------------
| rollout/                |               |
|    ep_len_mean          | 8.64e+04      |
|    ep_rew_mean          | -4.21e+04     |
| time/                   |               |
|    fps                  | 1439          |
|    iterations           | 343           |
|    time_elapsed         | 975           |
|    total_timesteps      | 1404928       |
| train/                  |               |
|    approx_kl            | 2.3657543e-05 |
|    clip_fraction        | 8.14e-05      |
|    clip_range           | 0.2           |
|    entropy_loss         | -0.0195       |
|    explained_variance   | 0.513         |
|    learning_rate        | 0.00016       |
|    loss                 | 12.6          |
|    n_updates            | 1026          |
|    policy_gradient_loss | -6.38e-05     |
|    value_loss           | 25            |
-------------------------------------------
------------------------------------------
| rollout/                |              |
|    ep_len_mean          | 8.64e+04     |
|    ep_rew_mean          | -4.21e+04    |
| time/                   |              |
|    fps                  | 1442         |
|    iterations           | 344          |
|    time_elapsed         | 976          |
|    total_timesteps      | 1409024      |
| train/                  |              |
|    approx_kl            | 2.002294e-05 |
|    clip_fraction        | 0            |
|    clip_range           | 0.2          |
|    entropy_loss         | -0.0229      |
|    explained_variance   | 0.777        |
|    learning_rate        | 0.00016      |
|    loss                 | 6.58         |
|    n_updates            | 1029         |
|    policy_gradient_loss | 7.42e-05     |
|    value_loss           | 15.2         |
------------------------------------------
------------------------------------------
| rollout/                |              |
|    ep_len_mean          | 8.64e+04     |
|    ep_rew_mean          | -4.21e+04    |
| time/                   |              |
|    fps                  | 1446         |
|    iterations           | 345          |
|    time_elapsed         | 977          |
|    total_timesteps      | 1413120      |
| train/                  |              |
|    approx_kl            | 5.411297e-05 |
|    clip_fraction        | 0            |
|    clip_range           | 0.2          |
|    entropy_loss         | -0.0225      |
|    explained_variance   | 0.764        |
|    learning_rate        | 0.000159     |
|    loss                 | 7            |
|    n_updates            | 1032         |
|    policy_gradient_loss | -0.000196    |
|    value_loss           | 12.7         |
------------------------------------------
-------------------------------------------
| rollout/                |               |
|    ep_len_mean          | 8.64e+04      |
|    ep_rew_mean          | -4.21e+04     |
| time/                   |               |
|    fps                  | 1449          |
|    iterations           | 346           |
|    time_elapsed         | 977           |
|    total_timesteps      | 1417216       |
| train/                  |               |
|    approx_kl            | 3.9408216e-05 |
|    clip_fraction        | 0             |
|    clip_range           | 0.2           |
|    entropy_loss         | -0.0185       |
|    explained_variance   | 0.673         |
|    learning_rate        | 0.000159      |
|    loss                 | 11.7          |
|    n_updates            | 1035          |
|    policy_gradient_loss | -0.000177     |
|    value_loss           | 29.1          |
-------------------------------------------
  ⏱  step 1,420,000  │  FPS    6575  │  RSS   5730 MB
-----------------------------------------
| hw/                     |             |
|    fps                  | 6.58e+03    |
|    rss_mb               | 5.73e+03    |
| rollout/                |             |
|    ep_len_mean          | 8.64e+04    |
|    ep_rew_mean          | -4.21e+04   |
| time/                   |             |
|    fps                  | 1452        |
|    iterations           | 347         |
|    time_elapsed         | 978         |
|    total_timesteps      | 1421312     |
| train/                  |             |
|    approx_kl            | 7.03524e-06 |
|    clip_fraction        | 0           |
|    clip_range           | 0.2         |
|    entropy_loss         | -0.0177     |
|    explained_variance   | 0.651       |
|    learning_rate        | 0.000158    |
|    loss                 | 13          |
|    n_updates            | 1038        |
|    policy_gradient_loss | -2.66e-05   |
|    value_loss           | 32          |
-----------------------------------------
-------------------------------------------
| rollout/                |               |
|    ep_len_mean          | 8.64e+04      |
|    ep_rew_mean          | -4.21e+04     |
| time/                   |               |
|    fps                  | 1455          |
|    iterations           | 348           |
|    time_elapsed         | 978           |
|    total_timesteps      | 1425408       |
| train/                  |               |
|    approx_kl            | 1.4886464e-06 |
|    clip_fraction        | 0             |
|    clip_range           | 0.2           |
|    entropy_loss         | -0.0198       |
|    explained_variance   | 0.669         |
|    learning_rate        | 0.000158      |
|    loss                 | 13.9          |
|    n_updates            | 1041          |
|    policy_gradient_loss | 1.71e-05      |
|    value_loss           | 30.8          |
-------------------------------------------
-------------------------------------------
| rollout/                |               |
|    ep_len_mean          | 8.64e+04      |
|    ep_rew_mean          | -4.21e+04     |
| time/                   |               |
|    fps                  | 1459          |
|    iterations           | 349           |
|    time_elapsed         | 979           |
|    total_timesteps      | 1429504       |
| train/                  |               |
|    approx_kl            | 1.6499107e-06 |
|    clip_fraction        | 0             |
|    clip_range           | 0.2           |
|    entropy_loss         | -0.0204       |
|    explained_variance   | 0.533         |
|    learning_rate        | 0.000157      |
|    loss                 | 15.4          |
|    n_updates            | 1044          |
|    policy_gradient_loss | 1.03e-06      |
|    value_loss           | 28.4          |
-------------------------------------------
------------------------------------------
| rollout/                |              |
|    ep_len_mean          | 8.64e+04     |
|    ep_rew_mean          | -4.21e+04    |
| time/                   |              |
|    fps                  | 1462         |
|    iterations           | 350          |
|    time_elapsed         | 980          |
|    total_timesteps      | 1433600      |
| train/                  |              |
|    approx_kl            | 9.665673e-07 |
|    clip_fraction        | 0            |
|    clip_range           | 0.2          |
|    entropy_loss         | -0.022       |
|    explained_variance   | 0.339        |
|    learning_rate        | 0.000157     |
|    loss                 | 20.8         |
|    n_updates            | 1047         |
|    policy_gradient_loss | 2.37e-05     |
|    value_loss           | 47.8         |
------------------------------------------
------------------------------------------
| rollout/                |              |
|    ep_len_mean          | 8.64e+04     |
|    ep_rew_mean          | -4.21e+04    |
| time/                   |              |
|    fps                  | 1465         |
|    iterations           | 351          |
|    time_elapsed         | 980          |
|    total_timesteps      | 1437696      |
| train/                  |              |
|    approx_kl            | 3.106978e-05 |
|    clip_fraction        | 0            |
|    clip_range           | 0.2          |
|    entropy_loss         | -0.0229      |
|    explained_variance   | 0.683        |
|    learning_rate        | 0.000157     |
|    loss                 | 8.71         |
|    n_updates            | 1050         |
|    policy_gradient_loss | -5.07e-05    |
|    value_loss           | 19.5         |
------------------------------------------
  ⏱  step 1,440,000  │  FPS    6654  │  RSS   5730 MB
-------------------------------------------
| hw/                     |               |
|    fps                  | 6.65e+03      |
|    rss_mb               | 5.73e+03      |
| rollout/                |               |
|    ep_len_mean          | 8.64e+04      |
|    ep_rew_mean          | -4.21e+04     |
| time/                   |               |
|    fps                  | 1469          |
|    iterations           | 352           |
|    time_elapsed         | 981           |
|    total_timesteps      | 1441792       |
| train/                  |               |
|    approx_kl            | 7.0659735e-06 |
|    clip_fraction        | 0             |
|    clip_range           | 0.2           |
|    entropy_loss         | -0.0252       |
|    explained_variance   | 0.774         |
|    learning_rate        | 0.000156      |
|    loss                 | 3.91          |
|    n_updates            | 1053          |
|    policy_gradient_loss | 1.33e-05      |
|    value_loss           | 10.2          |
-------------------------------------------
-------------------------------------------
| rollout/                |               |
|    ep_len_mean          | 8.64e+04      |
|    ep_rew_mean          | -4.21e+04     |
| time/                   |               |
|    fps                  | 1472          |
|    iterations           | 353           |
|    time_elapsed         | 982           |
|    total_timesteps      | 1445888       |
| train/                  |               |
|    approx_kl            | 1.0381773e-06 |
|    clip_fraction        | 0             |
|    clip_range           | 0.2           |
|    entropy_loss         | -0.0222       |
|    explained_variance   | 0.632         |
|    learning_rate        | 0.000156      |
|    loss                 | 10.3          |
|    n_updates            | 1056          |
|    policy_gradient_loss | -2.02e-05     |
|    value_loss           | 22.2          |
-------------------------------------------
------------------------------------------
| rollout/                |              |
|    ep_len_mean          | 8.64e+04     |
|    ep_rew_mean          | -4.21e+04    |
| time/                   |              |
|    fps                  | 1475         |
|    iterations           | 354          |
|    time_elapsed         | 982          |
|    total_timesteps      | 1449984      |
| train/                  |              |
|    approx_kl            | 3.300258e-06 |
|    clip_fraction        | 0            |
|    clip_range           | 0.2          |
|    entropy_loss         | -0.023       |
|    explained_variance   | 0.541        |
|    learning_rate        | 0.000155     |
|    loss                 | 19.4         |
|    n_updates            | 1059         |
|    policy_gradient_loss | 8.36e-06     |
|    value_loss           | 44.1         |
------------------------------------------
Eval num_timesteps=1450000, episode_reward=-26202.50 +/- 2070.59
Episode length: 86400.00 +/- 0.00
-----------------------------------------
| eval/                   |             |
|    mean_ep_length       | 8.64e+04    |
|    mean_reward          | -2.62e+04   |
| time/                   |             |
|    total_timesteps      | 1450000     |
| train/                  |             |
|    approx_kl            | 5.84597e-06 |
|    clip_fraction        | 0           |
|    clip_range           | 0.2         |
|    entropy_loss         | -0.0245     |
|    explained_variance   | 0.639       |
|    learning_rate        | 0.000155    |
|    loss                 | 13.7        |
|    n_updates            | 1062        |
|    policy_gradient_loss | 1.29e-05    |
|    value_loss           | 36          |
-----------------------------------------
----------------------------------
| rollout/           |           |
|    ep_len_mean     | 8.64e+04  |
|    ep_rew_mean     | -4.21e+04 |
| time/              |           |
|    fps             | 1438      |
|    iterations      | 355       |
|    time_elapsed    | 1010      |
|    total_timesteps | 1454080   |
----------------------------------
-------------------------------------------
| rollout/                |               |
|    ep_len_mean          | 8.64e+04      |
|    ep_rew_mean          | -4.21e+04     |
| time/                   |               |
|    fps                  | 1441          |
|    iterations           | 356           |
|    time_elapsed         | 1011          |
|    total_timesteps      | 1458176       |
| train/                  |               |
|    approx_kl            | 1.0819509e-05 |
|    clip_fraction        | 0             |
|    clip_range           | 0.2           |
|    entropy_loss         | -0.026        |
|    explained_variance   | 0.708         |
|    learning_rate        | 0.000155      |
|    loss                 | 9.12          |
|    n_updates            | 1065          |
|    policy_gradient_loss | 1.88e-05      |
|    value_loss           | 19.1          |
-------------------------------------------
  ⏱  step 1,460,000  │  FPS     652  │  RSS   5730 MB
-------------------------------------------
| hw/                     |               |
|    fps                  | 652           |
|    rss_mb               | 5.73e+03      |
| rollout/                |               |
|    ep_len_mean          | 8.64e+04      |
|    ep_rew_mean          | -4.21e+04     |
| time/                   |               |
|    fps                  | 1444          |
|    iterations           | 357           |
|    time_elapsed         | 1012          |
|    total_timesteps      | 1462272       |
| train/                  |               |
|    approx_kl            | 2.1086715e-05 |
|    clip_fraction        | 0             |
|    clip_range           | 0.2           |
|    entropy_loss         | -0.0297       |
|    explained_variance   | 0.407         |
|    learning_rate        | 0.000154      |
|    loss                 | 21.3          |
|    n_updates            | 1068          |
|    policy_gradient_loss | 1.29e-05      |
|    value_loss           | 44.8          |
-------------------------------------------
------------------------------------------
| rollout/                |              |
|    ep_len_mean          | 8.64e+04     |
|    ep_rew_mean          | -4.21e+04    |
| time/                   |              |
|    fps                  | 1447         |
|    iterations           | 358          |
|    time_elapsed         | 1012         |
|    total_timesteps      | 1466368      |
| train/                  |              |
|    approx_kl            | 8.507486e-07 |
|    clip_fraction        | 0            |
|    clip_range           | 0.2          |
|    entropy_loss         | -0.0313      |
|    explained_variance   | 0.657        |
|    learning_rate        | 0.000154     |
|    loss                 | 17           |
|    n_updates            | 1071         |
|    policy_gradient_loss | 4.4e-05      |
|    value_loss           | 33.7         |
------------------------------------------
------------------------------------------
| rollout/                |              |
|    ep_len_mean          | 8.64e+04     |
|    ep_rew_mean          | -4.13e+04    |
| time/                   |              |
|    fps                  | 1450         |
|    iterations           | 359          |
|    time_elapsed         | 1013         |
|    total_timesteps      | 1470464      |
| train/                  |              |
|    approx_kl            | 9.046678e-06 |
|    clip_fraction        | 0            |
|    clip_range           | 0.2          |
|    entropy_loss         | -0.0305      |
|    explained_variance   | 0.906        |
|    learning_rate        | 0.000153     |
|    loss                 | 2.92         |
|    n_updates            | 1074         |
|    policy_gradient_loss | -7.24e-05    |
|    value_loss           | 7.39         |
------------------------------------------
-------------------------------------------
| rollout/                |               |
|    ep_len_mean          | 8.64e+04      |
|    ep_rew_mean          | -4.13e+04     |
| time/                   |               |
|    fps                  | 1454          |
|    iterations           | 360           |
|    time_elapsed         | 1014          |
|    total_timesteps      | 1474560       |
| train/                  |               |
|    approx_kl            | 5.6533318e-06 |
|    clip_fraction        | 0             |
|    clip_range           | 0.2           |
|    entropy_loss         | -0.028        |
|    explained_variance   | 0.732         |
|    learning_rate        | 0.000153      |
|    loss                 | 14.2          |
|    n_updates            | 1077          |
|    policy_gradient_loss | -5.39e-05     |
|    value_loss           | 27.8          |
-------------------------------------------
------------------------------------------
| rollout/                |              |
|    ep_len_mean          | 8.64e+04     |
|    ep_rew_mean          | -4.13e+04    |
| time/                   |              |
|    fps                  | 1457         |
|    iterations           | 361          |
|    time_elapsed         | 1014         |
|    total_timesteps      | 1478656      |
| train/                  |              |
|    approx_kl            | 8.145289e-07 |
|    clip_fraction        | 0            |
|    clip_range           | 0.2          |
|    entropy_loss         | -0.0271      |
|    explained_variance   | 0.625        |
|    learning_rate        | 0.000153     |
|    loss                 | 16.1         |
|    n_updates            | 1080         |
|    policy_gradient_loss | -2.2e-06     |
|    value_loss           | 40.4         |
------------------------------------------
  ⏱  step 1,480,000  │  FPS    6613  │  RSS   5730 MB
-------------------------------------------
| hw/                     |               |
|    fps                  | 6.61e+03      |
|    rss_mb               | 5.73e+03      |
| rollout/                |               |
|    ep_len_mean          | 8.64e+04      |
|    ep_rew_mean          | -4.13e+04     |
| time/                   |               |
|    fps                  | 1460          |
|    iterations           | 362           |
|    time_elapsed         | 1015          |
|    total_timesteps      | 1482752       |
| train/                  |               |
|    approx_kl            | 1.8139035e-05 |
|    clip_fraction        | 0             |
|    clip_range           | 0.2           |
|    entropy_loss         | -0.0287       |
|    explained_variance   | 0.414         |
|    learning_rate        | 0.000152      |
|    loss                 | 27.5          |
|    n_updates            | 1083          |
|    policy_gradient_loss | -2.15e-05     |
|    value_loss           | 50.3          |
-------------------------------------------
------------------------------------------
| rollout/                |              |
|    ep_len_mean          | 8.64e+04     |
|    ep_rew_mean          | -4.13e+04    |
| time/                   |              |
|    fps                  | 1463         |
|    iterations           | 363          |
|    time_elapsed         | 1015         |
|    total_timesteps      | 1486848      |
| train/                  |              |
|    approx_kl            | 5.137117e-06 |
|    clip_fraction        | 0            |
|    clip_range           | 0.2          |
|    entropy_loss         | -0.0303      |
|    explained_variance   | 0.649        |
|    learning_rate        | 0.000152     |
|    loss                 | 10.7         |
|    n_updates            | 1086         |
|    policy_gradient_loss | 4.23e-06     |
|    value_loss           | 25.8         |
------------------------------------------
-------------------------------------------
| rollout/                |               |
|    ep_len_mean          | 8.64e+04      |
|    ep_rew_mean          | -4.13e+04     |
| time/                   |               |
|    fps                  | 1466          |
|    iterations           | 364           |
|    time_elapsed         | 1016          |
|    total_timesteps      | 1490944       |
| train/                  |               |
|    approx_kl            | 2.0329317e-06 |
|    clip_fraction        | 0             |
|    clip_range           | 0.2           |
|    entropy_loss         | -0.0283       |
|    explained_variance   | 0.514         |
|    learning_rate        | 0.000151      |
|    loss                 | 21.9          |
|    n_updates            | 1089          |
|    policy_gradient_loss | -2.3e-05      |
|    value_loss           | 46.7          |
-------------------------------------------
-------------------------------------------
| rollout/                |               |
|    ep_len_mean          | 8.64e+04      |
|    ep_rew_mean          | -4.13e+04     |
| time/                   |               |
|    fps                  | 1469          |
|    iterations           | 365           |
|    time_elapsed         | 1017          |
|    total_timesteps      | 1495040       |
| train/                  |               |
|    approx_kl            | 1.8635328e-06 |
|    clip_fraction        | 0             |
|    clip_range           | 0.2           |
|    entropy_loss         | -0.0287       |
|    explained_variance   | 0.704         |
|    learning_rate        | 0.000151      |
|    loss                 | 11.6          |
|    n_updates            | 1092          |
|    policy_gradient_loss | 1.5e-05       |
|    value_loss           | 26.2          |
-------------------------------------------
-------------------------------------------
| rollout/                |               |
|    ep_len_mean          | 8.64e+04      |
|    ep_rew_mean          | -4.13e+04     |
| time/                   |               |
|    fps                  | 1473          |
|    iterations           | 366           |
|    time_elapsed         | 1017          |
|    total_timesteps      | 1499136       |
| train/                  |               |
|    approx_kl            | 1.3009878e-05 |
|    clip_fraction        | 0             |
|    clip_range           | 0.2           |
|    entropy_loss         | -0.0282       |
|    explained_variance   | 0.804         |
|    learning_rate        | 0.00015       |
|    loss                 | 8.99          |
|    n_updates            | 1095          |
|    policy_gradient_loss | -7.79e-05     |
|    value_loss           | 16.7          |
-------------------------------------------
Eval num_timesteps=1500000, episode_reward=-28557.07 +/- 1495.36
Episode length: 86400.00 +/- 0.00
-------------------------------------------
| eval/                   |               |
|    mean_ep_length       | 8.64e+04      |
|    mean_reward          | -2.86e+04     |
| time/                   |               |
|    total_timesteps      | 1500000       |
| train/                  |               |
|    approx_kl            | 5.0840026e-07 |
|    clip_fraction        | 0             |
|    clip_range           | 0.2           |
|    entropy_loss         | -0.0264       |
|    explained_variance   | 0.582         |
|    learning_rate        | 0.00015       |
|    loss                 | 28            |
|    n_updates            | 1098          |
|    policy_gradient_loss | -1.88e-05     |
|    value_loss           | 56.9          |
-------------------------------------------
  ⏱  step 1,500,000  │  FPS     657  │  RSS   5730 MB
----------------------------------
| hw/                |           |
|    fps             | 657       |
|    rss_mb          | 5.73e+03  |
| rollout/           |           |
|    ep_len_mean     | 8.64e+04  |
|    ep_rew_mean     | -4.13e+04 |
| time/              |           |
|    fps             | 1437      |
|    iterations      | 367       |
|    time_elapsed    | 1045      |
|    total_timesteps | 1503232   |
----------------------------------
-------------------------------------------
| rollout/                |               |
|    ep_len_mean          | 8.64e+04      |
|    ep_rew_mean          | -4.13e+04     |
| time/                   |               |
|    fps                  | 1440          |
|    iterations           | 368           |
|    time_elapsed         | 1046          |
|    total_timesteps      | 1507328       |
| train/                  |               |
|    approx_kl            | 6.8025984e-06 |
|    clip_fraction        | 0             |
|    clip_range           | 0.2           |
|    entropy_loss         | -0.0268       |
|    explained_variance   | 0.672         |
|    learning_rate        | 0.00015       |
|    loss                 | 25.1          |
|    n_updates            | 1101          |
|    policy_gradient_loss | -6.85e-06     |
|    value_loss           | 50.9          |
-------------------------------------------
-------------------------------------------
| rollout/                |               |
|    ep_len_mean          | 8.64e+04      |
|    ep_rew_mean          | -4.13e+04     |
| time/                   |               |
|    fps                  | 1443          |
|    iterations           | 369           |
|    time_elapsed         | 1047          |
|    total_timesteps      | 1511424       |
| train/                  |               |
|    approx_kl            | 1.5348778e-06 |
|    clip_fraction        | 0             |
|    clip_range           | 0.2           |
|    entropy_loss         | -0.0288       |
|    explained_variance   | 0.893         |
|    learning_rate        | 0.000149      |
|    loss                 | 4.52          |
|    n_updates            | 1104          |
|    policy_gradient_loss | -1.15e-05     |
|    value_loss           | 13.4          |
-------------------------------------------
------------------------------------------
| rollout/                |              |
|    ep_len_mean          | 8.64e+04     |
|    ep_rew_mean          | -4.13e+04    |
| time/                   |              |
|    fps                  | 1446         |
|    iterations           | 370          |
|    time_elapsed         | 1047         |
|    total_timesteps      | 1515520      |
| train/                  |              |
|    approx_kl            | 7.476963e-06 |
|    clip_fraction        | 0            |
|    clip_range           | 0.2          |
|    entropy_loss         | -0.0274      |
|    explained_variance   | 0.72         |
|    learning_rate        | 0.000149     |
|    loss                 | 18           |
|    n_updates            | 1107         |
|    policy_gradient_loss | -9.93e-06    |
|    value_loss           | 34.7         |
------------------------------------------
-------------------------------------------
| rollout/                |               |
|    ep_len_mean          | 8.64e+04      |
|    ep_rew_mean          | -4.13e+04     |
| time/                   |               |
|    fps                  | 1449          |
|    iterations           | 371           |
|    time_elapsed         | 1048          |
|    total_timesteps      | 1519616       |
| train/                  |               |
|    approx_kl            | 9.2312985e-07 |
|    clip_fraction        | 0             |
|    clip_range           | 0.2           |
|    entropy_loss         | -0.0297       |
|    explained_variance   | 0.717         |
|    learning_rate        | 0.000148      |
|    loss                 | 14.8          |
|    n_updates            | 1110          |
|    policy_gradient_loss | 3.49e-05      |
|    value_loss           | 37.3          |
-------------------------------------------
  ⏱  step 1,520,000  │  FPS    6661  │  RSS   5730 MB
------------------------------------------
| hw/                     |              |
|    fps                  | 6.66e+03     |
|    rss_mb               | 5.73e+03     |
| rollout/                |              |
|    ep_len_mean          | 8.64e+04     |
|    ep_rew_mean          | -4.13e+04    |
| time/                   |              |
|    fps                  | 1452         |
|    iterations           | 372          |
|    time_elapsed         | 1048         |
|    total_timesteps      | 1523712      |
| train/                  |              |
|    approx_kl            | 5.784532e-07 |
|    clip_fraction        | 0            |
|    clip_range           | 0.2          |
|    entropy_loss         | -0.0285      |
|    explained_variance   | 0.809        |
|    learning_rate        | 0.000148     |
|    loss                 | 11.2         |
|    n_updates            | 1113         |
|    policy_gradient_loss | -9.5e-06     |
|    value_loss           | 20.1         |
------------------------------------------
-------------------------------------------
| rollout/                |               |
|    ep_len_mean          | 8.64e+04      |
|    ep_rew_mean          | -4.13e+04     |
| time/                   |               |
|    fps                  | 1455          |
|    iterations           | 373           |
|    time_elapsed         | 1049          |
|    total_timesteps      | 1527808       |
| train/                  |               |
|    approx_kl            | 2.8418726e-06 |
|    clip_fraction        | 0             |
|    clip_range           | 0.2           |
|    entropy_loss         | -0.0296       |
|    explained_variance   | 0.594         |
|    learning_rate        | 0.000148      |
|    loss                 | 25.1          |
|    n_updates            | 1116          |
|    policy_gradient_loss | -9.69e-07     |
|    value_loss           | 48.4          |
-------------------------------------------
-------------------------------------------
| rollout/                |               |
|    ep_len_mean          | 8.64e+04      |
|    ep_rew_mean          | -4.13e+04     |
| time/                   |               |
|    fps                  | 1458          |
|    iterations           | 374           |
|    time_elapsed         | 1050          |
|    total_timesteps      | 1531904       |
| train/                  |               |
|    approx_kl            | 4.2733154e-07 |
|    clip_fraction        | 0             |
|    clip_range           | 0.2           |
|    entropy_loss         | -0.0295       |
|    explained_variance   | 0.642         |
|    learning_rate        | 0.000147      |
|    loss                 | 29.9          |
|    n_updates            | 1119          |
|    policy_gradient_loss | 8.92e-06      |
|    value_loss           | 60.2          |
-------------------------------------------
-------------------------------------------
| rollout/                |               |
|    ep_len_mean          | 8.64e+04      |
|    ep_rew_mean          | -4.13e+04     |
| time/                   |               |
|    fps                  | 1461          |
|    iterations           | 375           |
|    time_elapsed         | 1050          |
|    total_timesteps      | 1536000       |
| train/                  |               |
|    approx_kl            | 2.4320761e-06 |
|    clip_fraction        | 0             |
|    clip_range           | 0.2           |
|    entropy_loss         | -0.0289       |
|    explained_variance   | 0.851         |
|    learning_rate        | 0.000147      |
|    loss                 | 10.4          |
|    n_updates            | 1122          |
|    policy_gradient_loss | -3.28e-05     |
|    value_loss           | 21.6          |
-------------------------------------------
  ⏱  step 1,540,000  │  FPS    6841  │  RSS   5730 MB
-------------------------------------------
| hw/                     |               |
|    fps                  | 6.84e+03      |
|    rss_mb               | 5.73e+03      |
| rollout/                |               |
|    ep_len_mean          | 8.64e+04      |
|    ep_rew_mean          | -4.13e+04     |
| time/                   |               |
|    fps                  | 1464          |
|    iterations           | 376           |
|    time_elapsed         | 1051          |
|    total_timesteps      | 1540096       |
| train/                  |               |
|    approx_kl            | 1.3569297e-05 |
|    clip_fraction        | 0             |
|    clip_range           | 0.2           |
|    entropy_loss         | -0.0279       |
|    explained_variance   | 0.899         |
|    learning_rate        | 0.000146      |
|    loss                 | 5.63          |
|    n_updates            | 1125          |
|    policy_gradient_loss | -0.00011      |
|    value_loss           | 13.3          |
-------------------------------------------
-------------------------------------------
| rollout/                |               |
|    ep_len_mean          | 8.64e+04      |
|    ep_rew_mean          | -4.13e+04     |
| time/                   |               |
|    fps                  | 1468          |
|    iterations           | 377           |
|    time_elapsed         | 1051          |
|    total_timesteps      | 1544192       |
| train/                  |               |
|    approx_kl            | 1.5984944e-05 |
|    clip_fraction        | 0             |
|    clip_range           | 0.2           |
|    entropy_loss         | -0.0246       |
|    explained_variance   | 0.797         |
|    learning_rate        | 0.000146      |
|    loss                 | 9.8           |
|    n_updates            | 1128          |
|    policy_gradient_loss | -0.000115     |
|    value_loss           | 21.1          |
-------------------------------------------
-----------------------------------------
| rollout/                |             |
|    ep_len_mean          | 8.64e+04    |
|    ep_rew_mean          | -4.13e+04   |
| time/                   |             |
|    fps                  | 1471        |
|    iterations           | 378         |
|    time_elapsed         | 1052        |
|    total_timesteps      | 1548288     |
| train/                  |             |
|    approx_kl            | 8.72674e-06 |
|    clip_fraction        | 0           |
|    clip_range           | 0.2         |
|    entropy_loss         | -0.0224     |
|    explained_variance   | 0.8         |
|    learning_rate        | 0.000146    |
|    loss                 | 7.27        |
|    n_updates            | 1131        |
|    policy_gradient_loss | -7.62e-05   |
|    value_loss           | 19.6        |
-----------------------------------------
Eval num_timesteps=1550000, episode_reward=-29047.17 +/- 816.53
Episode length: 86400.00 +/- 0.00
-------------------------------------------
| eval/                   |               |
|    mean_ep_length       | 8.64e+04      |
|    mean_reward          | -2.9e+04      |
| time/                   |               |
|    total_timesteps      | 1550000       |
| train/                  |               |
|    approx_kl            | 2.1219603e-07 |
|    clip_fraction        | 0             |
|    clip_range           | 0.2           |
|    entropy_loss         | -0.0212       |
|    explained_variance   | 0.576         |
|    learning_rate        | 0.000145      |
|    loss                 | 28.9          |
|    n_updates            | 1134          |
|    policy_gradient_loss | -2.78e-06     |
|    value_loss           | 61.7          |
-------------------------------------------
----------------------------------
| rollout/           |           |
|    ep_len_mean     | 8.64e+04  |
|    ep_rew_mean     | -4.13e+04 |
| time/              |           |
|    fps             | 1437      |
|    iterations      | 379       |
|    time_elapsed    | 1079      |
|    total_timesteps | 1552384   |
----------------------------------
------------------------------------------
| rollout/                |              |
|    ep_len_mean          | 8.64e+04     |
|    ep_rew_mean          | -4.04e+04    |
| time/                   |              |
|    fps                  | 1440         |
|    iterations           | 380          |
|    time_elapsed         | 1080         |
|    total_timesteps      | 1556480      |
| train/                  |              |
|    approx_kl            | 7.497001e-07 |
|    clip_fraction        | 0            |
|    clip_range           | 0.2          |
|    entropy_loss         | -0.0217      |
|    explained_variance   | 0.672        |
|    learning_rate        | 0.000145     |
|    loss                 | 13.7         |
|    n_updates            | 1137         |
|    policy_gradient_loss | 1.33e-05     |
|    value_loss           | 37.2         |
------------------------------------------
  ⏱  step 1,560,000  │  FPS     669  │  RSS   5730 MB
------------------------------------------
| hw/                     |              |
|    fps                  | 669          |
|    rss_mb               | 5.73e+03     |
| rollout/                |              |
|    ep_len_mean          | 8.64e+04     |
|    ep_rew_mean          | -4.04e+04    |
| time/                   |              |
|    fps                  | 1443         |
|    iterations           | 381          |
|    time_elapsed         | 1081         |
|    total_timesteps      | 1560576      |
| train/                  |              |
|    approx_kl            | 1.029126e-06 |
|    clip_fraction        | 0            |
|    clip_range           | 0.2          |
|    entropy_loss         | -0.0207      |
|    explained_variance   | 0.537        |
|    learning_rate        | 0.000144     |
|    loss                 | 13.3         |
|    n_updates            | 1140         |
|    policy_gradient_loss | -2.72e-05    |
|    value_loss           | 38.7         |
------------------------------------------
------------------------------------------
| rollout/                |              |
|    ep_len_mean          | 8.64e+04     |
|    ep_rew_mean          | -4.04e+04    |
| time/                   |              |
|    fps                  | 1446         |
|    iterations           | 382          |
|    time_elapsed         | 1081         |
|    total_timesteps      | 1564672      |
| train/                  |              |
|    approx_kl            | 7.862356e-06 |
|    clip_fraction        | 0            |
|    clip_range           | 0.2          |
|    entropy_loss         | -0.0205      |
|    explained_variance   | 0.611        |
|    learning_rate        | 0.000144     |
|    loss                 | 6.72         |
|    n_updates            | 1143         |
|    policy_gradient_loss | -6.91e-05    |
|    value_loss           | 16.2         |
------------------------------------------
------------------------------------------
| rollout/                |              |
|    ep_len_mean          | 8.64e+04     |
|    ep_rew_mean          | -4.04e+04    |
| time/                   |              |
|    fps                  | 1449         |
|    iterations           | 383          |
|    time_elapsed         | 1082         |
|    total_timesteps      | 1568768      |
| train/                  |              |
|    approx_kl            | 8.379982e-06 |
|    clip_fraction        | 0            |
|    clip_range           | 0.2          |
|    entropy_loss         | -0.0194      |
|    explained_variance   | 0.467        |
|    learning_rate        | 0.000144     |
|    loss                 | 12.8         |
|    n_updates            | 1146         |
|    policy_gradient_loss | -8.19e-05    |
|    value_loss           | 28.1         |
------------------------------------------
-------------------------------------------
| rollout/                |               |
|    ep_len_mean          | 8.64e+04      |
|    ep_rew_mean          | -4.04e+04     |
| time/                   |               |
|    fps                  | 1452          |
|    iterations           | 384           |
|    time_elapsed         | 1083          |
|    total_timesteps      | 1572864       |
| train/                  |               |
|    approx_kl            | 1.9475381e-05 |
|    clip_fraction        | 8.14e-05      |
|    clip_range           | 0.2           |
|    entropy_loss         | -0.0209       |
|    explained_variance   | 0.624         |
|    learning_rate        | 0.000143      |
|    loss                 | 10.4          |
|    n_updates            | 1149          |
|    policy_gradient_loss | 9.04e-05      |
|    value_loss           | 20.3          |
-------------------------------------------
-------------------------------------------
| rollout/                |               |
|    ep_len_mean          | 8.64e+04      |
|    ep_rew_mean          | -4.04e+04     |
| time/                   |               |
|    fps                  | 1455          |
|    iterations           | 385           |
|    time_elapsed         | 1083          |
|    total_timesteps      | 1576960       |
| train/                  |               |
|    approx_kl            | 9.2077244e-07 |
|    clip_fraction        | 0             |
|    clip_range           | 0.2           |
|    entropy_loss         | -0.0218       |
|    explained_variance   | 0.365         |
|    learning_rate        | 0.000143      |
|    loss                 | 20.2          |
|    n_updates            | 1152          |
|    policy_gradient_loss | -1.64e-05     |
|    value_loss           | 43.1          |
-------------------------------------------
  ⏱  step 1,580,000  │  FPS    6678  │  RSS   5730 MB
-------------------------------------------
| hw/                     |               |
|    fps                  | 6.68e+03      |
|    rss_mb               | 5.73e+03      |
| rollout/                |               |
|    ep_len_mean          | 8.64e+04      |
|    ep_rew_mean          | -4.04e+04     |
| time/                   |               |
|    fps                  | 1458          |
|    iterations           | 386           |
|    time_elapsed         | 1084          |
|    total_timesteps      | 1581056       |
| train/                  |               |
|    approx_kl            | 1.6456324e-06 |
|    clip_fraction        | 0             |
|    clip_range           | 0.2           |
|    entropy_loss         | -0.0218       |
|    explained_variance   | 0.664         |
|    learning_rate        | 0.000142      |
|    loss                 | 9.9           |
|    n_updates            | 1155          |
|    policy_gradient_loss | 1.48e-06      |
|    value_loss           | 22.1          |
-------------------------------------------
------------------------------------------
| rollout/                |              |
|    ep_len_mean          | 8.64e+04     |
|    ep_rew_mean          | -4.04e+04    |
| time/                   |              |
|    fps                  | 1461         |
|    iterations           | 387          |
|    time_elapsed         | 1084         |
|    total_timesteps      | 1585152      |
| train/                  |              |
|    approx_kl            | 8.352799e-08 |
|    clip_fraction        | 0            |
|    clip_range           | 0.2          |
|    entropy_loss         | -0.022       |
|    explained_variance   | 0.466        |
|    learning_rate        | 0.000142     |
|    loss                 | 18.7         |
|    n_updates            | 1158         |
|    policy_gradient_loss | 5.94e-06     |
|    value_loss           | 39.8         |
------------------------------------------
-------------------------------------------
| rollout/                |               |
|    ep_len_mean          | 8.64e+04      |
|    ep_rew_mean          | -4.04e+04     |
| time/                   |               |
|    fps                  | 1464          |
|    iterations           | 388           |
|    time_elapsed         | 1085          |
|    total_timesteps      | 1589248       |
| train/                  |               |
|    approx_kl            | 1.7337152e-06 |
|    clip_fraction        | 0             |
|    clip_range           | 0.2           |
|    entropy_loss         | -0.0226       |
|    explained_variance   | 0.436         |
|    learning_rate        | 0.000141      |
|    loss                 | 19.3          |
|    n_updates            | 1161          |
|    policy_gradient_loss | -4.21e-06     |
|    value_loss           | 43            |
-------------------------------------------
-------------------------------------------
| rollout/                |               |
|    ep_len_mean          | 8.64e+04      |
|    ep_rew_mean          | -4.04e+04     |
| time/                   |               |
|    fps                  | 1467          |
|    iterations           | 389           |
|    time_elapsed         | 1086          |
|    total_timesteps      | 1593344       |
| train/                  |               |
|    approx_kl            | 1.8838618e-06 |
|    clip_fraction        | 0             |
|    clip_range           | 0.2           |
|    entropy_loss         | -0.0237       |
|    explained_variance   | 0.584         |
|    learning_rate        | 0.000141      |
|    loss                 | 11.8          |
|    n_updates            | 1164          |
|    policy_gradient_loss | 1.62e-05      |
|    value_loss           | 21.3          |
-------------------------------------------
------------------------------------------
| rollout/                |              |
|    ep_len_mean          | 8.64e+04     |
|    ep_rew_mean          | -4.04e+04    |
| time/                   |              |
|    fps                  | 1470         |
|    iterations           | 390          |
|    time_elapsed         | 1086         |
|    total_timesteps      | 1597440      |
| train/                  |              |
|    approx_kl            | 1.406185e-05 |
|    clip_fraction        | 8.14e-05     |
|    clip_range           | 0.2          |
|    entropy_loss         | -0.0247      |
|    explained_variance   | 0.559        |
|    learning_rate        | 0.000141     |
|    loss                 | 10.7         |
|    n_updates            | 1167         |
|    policy_gradient_loss | -7.33e-05    |
|    value_loss           | 22.3         |
------------------------------------------
Eval num_timesteps=1600000, episode_reward=-26117.85 +/- 1801.29
Episode length: 86400.00 +/- 0.00
-------------------------------------------
| eval/                   |               |
|    mean_ep_length       | 8.64e+04      |
|    mean_reward          | -2.61e+04     |
| time/                   |               |
|    total_timesteps      | 1600000       |
| train/                  |               |
|    approx_kl            | 1.2558958e-05 |
|    clip_fraction        | 0             |
|    clip_range           | 0.2           |
|    entropy_loss         | -0.0232       |
|    explained_variance   | 0.631         |
|    learning_rate        | 0.00014       |
|    loss                 | 17.2          |
|    n_updates            | 1170          |
|    policy_gradient_loss | -8.08e-05     |
|    value_loss           | 32.3          |
-------------------------------------------
  ⏱  step 1,600,000  │  FPS     661  │  RSS   5730 MB
----------------------------------
| hw/                |           |
|    fps             | 661       |
|    rss_mb          | 5.73e+03  |
| rollout/           |           |
|    ep_len_mean     | 8.64e+04  |
|    ep_rew_mean     | -4.04e+04 |
| time/              |           |
|    fps             | 1436      |
|    iterations      | 391       |
|    time_elapsed    | 1114      |
|    total_timesteps | 1601536   |
----------------------------------
-------------------------------------------
| rollout/                |               |
|    ep_len_mean          | 8.64e+04      |
|    ep_rew_mean          | -4.04e+04     |
| time/                   |               |
|    fps                  | 1439          |
|    iterations           | 392           |
|    time_elapsed         | 1115          |
|    total_timesteps      | 1605632       |
| train/                  |               |
|    approx_kl            | 1.6443475e-05 |
|    clip_fraction        | 8.14e-05      |
|    clip_range           | 0.2           |
|    entropy_loss         | -0.0228       |
|    explained_variance   | 0.655         |
|    learning_rate        | 0.00014       |
|    loss                 | 6.8           |
|    n_updates            | 1173          |
|    policy_gradient_loss | -4.98e-05     |
|    value_loss           | 17.8          |
-------------------------------------------
-------------------------------------------
| rollout/                |               |
|    ep_len_mean          | 8.64e+04      |
|    ep_rew_mean          | -4.04e+04     |
| time/                   |               |
|    fps                  | 1442          |
|    iterations           | 393           |
|    time_elapsed         | 1115          |
|    total_timesteps      | 1609728       |
| train/                  |               |
|    approx_kl            | 7.4179843e-07 |
|    clip_fraction        | 0             |
|    clip_range           | 0.2           |
|    entropy_loss         | -0.0259       |
|    explained_variance   | 0.525         |
|    learning_rate        | 0.000139      |
|    loss                 | 13.5          |
|    n_updates            | 1176          |
|    policy_gradient_loss | 5.38e-05      |
|    value_loss           | 27.4          |
-------------------------------------------
-------------------------------------------
| rollout/                |               |
|    ep_len_mean          | 8.64e+04      |
|    ep_rew_mean          | -4.04e+04     |
| time/                   |               |
|    fps                  | 1445          |
|    iterations           | 394           |
|    time_elapsed         | 1116          |
|    total_timesteps      | 1613824       |
| train/                  |               |
|    approx_kl            | 1.6429243e-05 |
|    clip_fraction        | 0             |
|    clip_range           | 0.2           |
|    entropy_loss         | -0.0244       |
|    explained_variance   | 0.479         |
|    learning_rate        | 0.000139      |
|    loss                 | 12.5          |
|    n_updates            | 1179          |
|    policy_gradient_loss | -0.000129     |
|    value_loss           | 30.7          |
-------------------------------------------
-------------------------------------------
| rollout/                |               |
|    ep_len_mean          | 8.64e+04      |
|    ep_rew_mean          | -4.04e+04     |
| time/                   |               |
|    fps                  | 1448          |
|    iterations           | 395           |
|    time_elapsed         | 1117          |
|    total_timesteps      | 1617920       |
| train/                  |               |
|    approx_kl            | 1.0272415e-05 |
|    clip_fraction        | 0             |
|    clip_range           | 0.2           |
|    entropy_loss         | -0.0239       |
|    explained_variance   | 0.621         |
|    learning_rate        | 0.000139      |
|    loss                 | 12.8          |
|    n_updates            | 1182          |
|    policy_gradient_loss | -1.2e-06      |
|    value_loss           | 31.1          |
-------------------------------------------
  ⏱  step 1,620,000  │  FPS    6134  │  RSS   5730 MB
------------------------------------------
| hw/                     |              |
|    fps                  | 6.13e+03     |
|    rss_mb               | 5.73e+03     |
| rollout/                |              |
|    ep_len_mean          | 8.64e+04     |
|    ep_rew_mean          | -4.04e+04    |
| time/                   |              |
|    fps                  | 1450         |
|    iterations           | 396          |
|    time_elapsed         | 1117         |
|    total_timesteps      | 1622016      |
| train/                  |              |
|    approx_kl            | 8.951756e-07 |
|    clip_fraction        | 0            |
|    clip_range           | 0.2          |
|    entropy_loss         | -0.0255      |
|    explained_variance   | 0.65         |
|    learning_rate        | 0.000138     |
|    loss                 | 8.85         |
|    n_updates            | 1185         |
|    policy_gradient_loss | 1.63e-05     |
|    value_loss           | 20.5         |
------------------------------------------
-------------------------------------------
| rollout/                |               |
|    ep_len_mean          | 8.64e+04      |
|    ep_rew_mean          | -4.04e+04     |
| time/                   |               |
|    fps                  | 1453          |
|    iterations           | 397           |
|    time_elapsed         | 1118          |
|    total_timesteps      | 1626112       |
| train/                  |               |
|    approx_kl            | 1.6636594e-05 |
|    clip_fraction        | 0             |
|    clip_range           | 0.2           |
|    entropy_loss         | -0.024        |
|    explained_variance   | 0.793         |
|    learning_rate        | 0.000138      |
|    loss                 | 5.33          |
|    n_updates            | 1188          |
|    policy_gradient_loss | -9.68e-05     |
|    value_loss           | 11            |
-------------------------------------------
-------------------------------------------
| rollout/                |               |
|    ep_len_mean          | 8.64e+04      |
|    ep_rew_mean          | -4.04e+04     |
| time/                   |               |
|    fps                  | 1456          |
|    iterations           | 398           |
|    time_elapsed         | 1119          |
|    total_timesteps      | 1630208       |
| train/                  |               |
|    approx_kl            | 1.3151017e-05 |
|    clip_fraction        | 0             |
|    clip_range           | 0.2           |
|    entropy_loss         | -0.02         |
|    explained_variance   | 0.465         |
|    learning_rate        | 0.000137      |
|    loss                 | 16            |
|    n_updates            | 1191          |
|    policy_gradient_loss | -0.000133     |
|    value_loss           | 33.1          |
-------------------------------------------
-------------------------------------------
| rollout/                |               |
|    ep_len_mean          | 8.64e+04      |
|    ep_rew_mean          | -4.04e+04     |
| time/                   |               |
|    fps                  | 1459          |
|    iterations           | 399           |
|    time_elapsed         | 1119          |
|    total_timesteps      | 1634304       |
| train/                  |               |
|    approx_kl            | 2.9652438e-07 |
|    clip_fraction        | 0             |
|    clip_range           | 0.2           |
|    entropy_loss         | -0.0196       |
|    explained_variance   | 0.3           |
|    learning_rate        | 0.000137      |
|    loss                 | 15.9          |
|    n_updates            | 1194          |
|    policy_gradient_loss | -1e-05        |
|    value_loss           | 39.7          |
-------------------------------------------
-------------------------------------------
| rollout/                |               |
|    ep_len_mean          | 8.64e+04      |
|    ep_rew_mean          | -4.04e+04     |
| time/                   |               |
|    fps                  | 1462          |
|    iterations           | 400           |
|    time_elapsed         | 1120          |
|    total_timesteps      | 1638400       |
| train/                  |               |
|    approx_kl            | 1.9135769e-07 |
|    clip_fraction        | 0             |
|    clip_range           | 0.2           |
|    entropy_loss         | -0.0197       |
|    explained_variance   | 0.641         |
|    learning_rate        | 0.000137      |
|    loss                 | 12.7          |
|    n_updates            | 1197          |
|    policy_gradient_loss | 3.75e-07      |
|    value_loss           | 28.9          |
-------------------------------------------
  ⏱  step 1,640,000  │  FPS    6373  │  RSS   5730 MB
-------------------------------------------
| hw/                     |               |
|    fps                  | 6.37e+03      |
|    rss_mb               | 5.73e+03      |
| rollout/                |               |
|    ep_len_mean          | 8.64e+04      |
|    ep_rew_mean          | -3.98e+04     |
| time/                   |               |
|    fps                  | 1464          |
|    iterations           | 401           |
|    time_elapsed         | 1121          |
|    total_timesteps      | 1642496       |
| train/                  |               |
|    approx_kl            | 3.7097197e-07 |
|    clip_fraction        | 0             |
|    clip_range           | 0.2           |
|    entropy_loss         | -0.0203       |
|    explained_variance   | 0.472         |
|    learning_rate        | 0.000136      |
|    loss                 | 20            |
|    n_updates            | 1200          |
|    policy_gradient_loss | 6.68e-06      |
|    value_loss           | 43.9          |
-------------------------------------------
-------------------------------------------
| rollout/                |               |
|    ep_len_mean          | 8.64e+04      |
|    ep_rew_mean          | -3.98e+04     |
| time/                   |               |
|    fps                  | 1467          |
|    iterations           | 402           |
|    time_elapsed         | 1121          |
|    total_timesteps      | 1646592       |
| train/                  |               |
|    approx_kl            | 1.0402728e-06 |
|    clip_fraction        | 0             |
|    clip_range           | 0.2           |
|    entropy_loss         | -0.02         |
|    explained_variance   | 0.708         |
|    learning_rate        | 0.000136      |
|    loss                 | 17.3          |
|    n_updates            | 1203          |
|    policy_gradient_loss | -1.76e-05     |
|    value_loss           | 36.2          |
-------------------------------------------
Eval num_timesteps=1650000, episode_reward=-30154.19 +/- 1203.06
Episode length: 86400.00 +/- 0.00
-------------------------------------------
| eval/                   |               |
|    mean_ep_length       | 8.64e+04      |
|    mean_reward          | -3.02e+04     |
| time/                   |               |
|    total_timesteps      | 1650000       |
| train/                  |               |
|    approx_kl            | 2.2587483e-07 |
|    clip_fraction        | 0             |
|    clip_range           | 0.2           |
|    entropy_loss         | -0.0202       |
|    explained_variance   | 0.903         |
|    learning_rate        | 0.000135      |
|    loss                 | 2.95          |
|    n_updates            | 1206          |
|    policy_gradient_loss | 1.04e-05      |
|    value_loss           | 11.2          |
-------------------------------------------
----------------------------------
| rollout/           |           |
|    ep_len_mean     | 8.64e+04  |
|    ep_rew_mean     | -3.98e+04 |
| time/              |           |
|    fps             | 1434      |
|    iterations      | 403       |
|    time_elapsed    | 1150      |
|    total_timesteps | 1650688   |
----------------------------------
------------------------------------------
| rollout/                |              |
|    ep_len_mean          | 8.64e+04     |
|    ep_rew_mean          | -3.98e+04    |
| time/                   |              |
|    fps                  | 1437         |
|    iterations           | 404          |
|    time_elapsed         | 1150         |
|    total_timesteps      | 1654784      |
| train/                  |              |
|    approx_kl            | 2.890447e-07 |
|    clip_fraction        | 0            |
|    clip_range           | 0.2          |
|    entropy_loss         | -0.0198      |
|    explained_variance   | 0.788        |
|    learning_rate        | 0.000135     |
|    loss                 | 15.4         |
|    n_updates            | 1209         |
|    policy_gradient_loss | -1.26e-05    |
|    value_loss           | 30.9         |
------------------------------------------
-------------------------------------------
| rollout/                |               |
|    ep_len_mean          | 8.64e+04      |
|    ep_rew_mean          | -3.98e+04     |
| time/                   |               |
|    fps                  | 1440          |
|    iterations           | 405           |
|    time_elapsed         | 1151          |
|    total_timesteps      | 1658880       |
| train/                  |               |
|    approx_kl            | 1.0016753e-05 |
|    clip_fraction        | 0             |
|    clip_range           | 0.2           |
|    entropy_loss         | -0.0189       |
|    explained_variance   | 0.667         |
|    learning_rate        | 0.000135      |
|    loss                 | 11.2          |
|    n_updates            | 1212          |
|    policy_gradient_loss | -4.53e-05     |
|    value_loss           | 29.1          |
-------------------------------------------
  ⏱  step 1,660,000  │  FPS     646  │  RSS   5730 MB
-------------------------------------------
| hw/                     |               |
|    fps                  | 646           |
|    rss_mb               | 5.73e+03      |
| rollout/                |               |
|    ep_len_mean          | 8.64e+04      |
|    ep_rew_mean          | -3.98e+04     |
| time/                   |               |
|    fps                  | 1443          |
|    iterations           | 406           |
|    time_elapsed         | 1152          |
|    total_timesteps      | 1662976       |
| train/                  |               |
|    approx_kl            | 1.7095299e-06 |
|    clip_fraction        | 0             |
|    clip_range           | 0.2           |
|    entropy_loss         | -0.0177       |
|    explained_variance   | 0.682         |
|    learning_rate        | 0.000134      |
|    loss                 | 11.3          |
|    n_updates            | 1215          |
|    policy_gradient_loss | -2.79e-05     |
|    value_loss           | 22.8          |
-------------------------------------------
-------------------------------------------
| rollout/                |               |
|    ep_len_mean          | 8.64e+04      |
|    ep_rew_mean          | -3.98e+04     |
| time/                   |               |
|    fps                  | 1446          |
|    iterations           | 407           |
|    time_elapsed         | 1152          |
|    total_timesteps      | 1667072       |
| train/                  |               |
|    approx_kl            | 1.3045792e-06 |
|    clip_fraction        | 0             |
|    clip_range           | 0.2           |
|    entropy_loss         | -0.017        |
|    explained_variance   | 0.783         |
|    learning_rate        | 0.000134      |
|    loss                 | 6.86          |
|    n_updates            | 1218          |
|    policy_gradient_loss | -2.04e-05     |
|    value_loss           | 18.7          |
-------------------------------------------
-------------------------------------------
| rollout/                |               |
|    ep_len_mean          | 8.64e+04      |
|    ep_rew_mean          | -3.98e+04     |
| time/                   |               |
|    fps                  | 1448          |
|    iterations           | 408           |
|    time_elapsed         | 1153          |
|    total_timesteps      | 1671168       |
| train/                  |               |
|    approx_kl            | 6.6822395e-07 |
|    clip_fraction        | 0             |
|    clip_range           | 0.2           |
|    entropy_loss         | -0.0165       |
|    explained_variance   | 0.749         |
|    learning_rate        | 0.000133      |
|    loss                 | 7             |
|    n_updates            | 1221          |
|    policy_gradient_loss | -1.42e-05     |
|    value_loss           | 17            |
-------------------------------------------
-------------------------------------------
| rollout/                |               |
|    ep_len_mean          | 8.64e+04      |
|    ep_rew_mean          | -3.98e+04     |
| time/                   |               |
|    fps                  | 1451          |
|    iterations           | 409           |
|    time_elapsed         | 1154          |
|    total_timesteps      | 1675264       |
| train/                  |               |
|    approx_kl            | 2.2007647e-05 |
|    clip_fraction        | 0             |
|    clip_range           | 0.2           |
|    entropy_loss         | -0.0177       |
|    explained_variance   | 0.767         |
|    learning_rate        | 0.000133      |
|    loss                 | 12            |
|    n_updates            | 1224          |
|    policy_gradient_loss | -2.75e-05     |
|    value_loss           | 28.3          |
-------------------------------------------
------------------------------------------
| rollout/                |              |
|    ep_len_mean          | 8.64e+04     |
|    ep_rew_mean          | -3.98e+04    |
| time/                   |              |
|    fps                  | 1454         |
|    iterations           | 410          |
|    time_elapsed         | 1154         |
|    total_timesteps      | 1679360      |
| train/                  |              |
|    approx_kl            | 1.377071e-05 |
|    clip_fraction        | 0            |
|    clip_range           | 0.2          |
|    entropy_loss         | -0.0193      |
|    explained_variance   | 0.708        |
|    learning_rate        | 0.000132     |
|    loss                 | 12.8         |
|    n_updates            | 1227         |
|    policy_gradient_loss | -2.43e-05    |
|    value_loss           | 23.7         |
------------------------------------------
  ⏱  step 1,680,000  │  FPS    6530  │  RSS   5730 MB
--------------------------------------------
| hw/                     |                |
|    fps                  | 6.53e+03       |
|    rss_mb               | 5.73e+03       |
| rollout/                |                |
|    ep_len_mean          | 8.64e+04       |
|    ep_rew_mean          | -3.98e+04      |
| time/                   |                |
|    fps                  | 1457           |
|    iterations           | 411            |
|    time_elapsed         | 1155           |
|    total_timesteps      | 1683456        |
| train/                  |                |
|    approx_kl            | 1.15670555e-05 |
|    clip_fraction        | 0              |
|    clip_range           | 0.2            |
|    entropy_loss         | -0.0214        |
|    explained_variance   | 0.751          |
|    learning_rate        | 0.000132       |
|    loss                 | 9.96           |
|    n_updates            | 1230           |
|    policy_gradient_loss | -6.82e-05      |
|    value_loss           | 24             |
--------------------------------------------
------------------------------------------
| rollout/                |              |
|    ep_len_mean          | 8.64e+04     |
|    ep_rew_mean          | -3.98e+04    |
| time/                   |              |
|    fps                  | 1459         |
|    iterations           | 412          |
|    time_elapsed         | 1155         |
|    total_timesteps      | 1687552      |
| train/                  |              |
|    approx_kl            | 3.572568e-06 |
|    clip_fraction        | 0            |
|    clip_range           | 0.2          |
|    entropy_loss         | -0.0235      |
|    explained_variance   | 0.634        |
|    learning_rate        | 0.000132     |
|    loss                 | 18           |
|    n_updates            | 1233         |
|    policy_gradient_loss | 4.04e-05     |
|    value_loss           | 32.3         |
------------------------------------------
------------------------------------------
| rollout/                |              |
|    ep_len_mean          | 8.64e+04     |
|    ep_rew_mean          | -3.98e+04    |
| time/                   |              |
|    fps                  | 1462         |
|    iterations           | 413          |
|    time_elapsed         | 1156         |
|    total_timesteps      | 1691648      |
| train/                  |              |
|    approx_kl            | 6.846385e-07 |
|    clip_fraction        | 0            |
|    clip_range           | 0.2          |
|    entropy_loss         | -0.0238      |
|    explained_variance   | 0.573        |
|    learning_rate        | 0.000131     |
|    loss                 | 14.4         |
|    n_updates            | 1236         |
|    policy_gradient_loss | -1.41e-05    |
|    value_loss           | 32.5         |
------------------------------------------
-------------------------------------------
| rollout/                |               |
|    ep_len_mean          | 8.64e+04      |
|    ep_rew_mean          | -3.98e+04     |
| time/                   |               |
|    fps                  | 1465          |
|    iterations           | 414           |
|    time_elapsed         | 1157          |
|    total_timesteps      | 1695744       |
| train/                  |               |
|    approx_kl            | 2.1483516e-05 |
|    clip_fraction        | 0             |
|    clip_range           | 0.2           |
|    entropy_loss         | -0.0223       |
|    explained_variance   | 0.595         |
|    learning_rate        | 0.000131      |
|    loss                 | 11            |
|    n_updates            | 1239          |
|    policy_gradient_loss | -9.29e-05     |
|    value_loss           | 25.3          |
-------------------------------------------
-------------------------------------------
| rollout/                |               |
|    ep_len_mean          | 8.64e+04      |
|    ep_rew_mean          | -3.98e+04     |
| time/                   |               |
|    fps                  | 1468          |
|    iterations           | 415           |
|    time_elapsed         | 1157          |
|    total_timesteps      | 1699840       |
| train/                  |               |
|    approx_kl            | 2.5851172e-05 |
|    clip_fraction        | 0             |
|    clip_range           | 0.2           |
|    entropy_loss         | -0.0201       |
|    explained_variance   | 0.584         |
|    learning_rate        | 0.00013       |
|    loss                 | 14.3          |
|    n_updates            | 1242          |
|    policy_gradient_loss | -0.00017      |
|    value_loss           | 28.4          |
-------------------------------------------
Eval num_timesteps=1700000, episode_reward=-27755.14 +/- 626.02
Episode length: 86400.00 +/- 0.00
------------------------------------------
| eval/                   |              |
|    mean_ep_length       | 8.64e+04     |
|    mean_reward          | -2.78e+04    |
| time/                   |              |
|    total_timesteps      | 1700000      |
| train/                  |              |
|    approx_kl            | 8.984716e-06 |
|    clip_fraction        | 0            |
|    clip_range           | 0.2          |
|    entropy_loss         | -0.0179      |
|    explained_variance   | 0.833        |
|    learning_rate        | 0.00013      |
|    loss                 | 4.57         |
|    n_updates            | 1245         |
|    policy_gradient_loss | -6.6e-05     |
|    value_loss           | 14.1         |
------------------------------------------
  ⏱  step 1,700,000  │  FPS     637  │  RSS   5730 MB
----------------------------------
| hw/                |           |
|    fps             | 637       |
|    rss_mb          | 5.73e+03  |
| rollout/           |           |
|    ep_len_mean     | 8.64e+04  |
|    ep_rew_mean     | -3.98e+04 |
| time/              |           |
|    fps             | 1435      |
|    iterations      | 416       |
|    time_elapsed    | 1186      |
|    total_timesteps | 1703936   |
----------------------------------
-------------------------------------------
| rollout/                |               |
|    ep_len_mean          | 8.64e+04      |
|    ep_rew_mean          | -3.98e+04     |
| time/                   |               |
|    fps                  | 1438          |
|    iterations           | 417           |
|    time_elapsed         | 1187          |
|    total_timesteps      | 1708032       |
| train/                  |               |
|    approx_kl            | 1.3236495e-05 |
|    clip_fraction        | 0             |
|    clip_range           | 0.2           |
|    entropy_loss         | -0.0163       |
|    explained_variance   | 0.766         |
|    learning_rate        | 0.00013       |
|    loss                 | 6.97          |
|    n_updates            | 1248          |
|    policy_gradient_loss | -9.13e-05     |
|    value_loss           | 14            |
-------------------------------------------
-------------------------------------------
| rollout/                |               |
|    ep_len_mean          | 8.64e+04      |
|    ep_rew_mean          | -3.98e+04     |
| time/                   |               |
|    fps                  | 1441          |
|    iterations           | 418           |
|    time_elapsed         | 1187          |
|    total_timesteps      | 1712128       |
| train/                  |               |
|    approx_kl            | 1.9339495e-08 |
|    clip_fraction        | 0             |
|    clip_range           | 0.2           |
|    entropy_loss         | -0.0155       |
|    explained_variance   | 0.688         |
|    learning_rate        | 0.000129      |
|    loss                 | 22.7          |
|    n_updates            | 1251          |
|    policy_gradient_loss | 4.01e-06      |
|    value_loss           | 43.6          |
-------------------------------------------
-------------------------------------------
| rollout/                |               |
|    ep_len_mean          | 8.64e+04      |
|    ep_rew_mean          | -3.98e+04     |
| time/                   |               |
|    fps                  | 1443          |
|    iterations           | 419           |
|    time_elapsed         | 1188          |
|    total_timesteps      | 1716224       |
| train/                  |               |
|    approx_kl            | 1.3648387e-06 |
|    clip_fraction        | 0             |
|    clip_range           | 0.2           |
|    entropy_loss         | -0.0155       |
|    explained_variance   | 0.673         |
|    learning_rate        | 0.000129      |
|    loss                 | 20.2          |
|    n_updates            | 1254          |
|    policy_gradient_loss | -4.48e-06     |
|    value_loss           | 45.6          |
-------------------------------------------
  ⏱  step 1,720,000  │  FPS    6830  │  RSS   5730 MB
-------------------------------------------
| hw/                     |               |
|    fps                  | 6.83e+03      |
|    rss_mb               | 5.73e+03      |
| rollout/                |               |
|    ep_len_mean          | 8.64e+04      |
|    ep_rew_mean          | -3.98e+04     |
| time/                   |               |
|    fps                  | 1446          |
|    iterations           | 420           |
|    time_elapsed         | 1189          |
|    total_timesteps      | 1720320       |
| train/                  |               |
|    approx_kl            | 1.4316174e-07 |
|    clip_fraction        | 0             |
|    clip_range           | 0.2           |
|    entropy_loss         | -0.0167       |
|    explained_variance   | 0.737         |
|    learning_rate        | 0.000128      |
|    loss                 | 13.6          |
|    n_updates            | 1257          |
|    policy_gradient_loss | 9.1e-06       |
|    value_loss           | 26.7          |
-------------------------------------------
-----------------------------------------
| rollout/                |             |
|    ep_len_mean          | 8.64e+04    |
|    ep_rew_mean          | -3.98e+04   |
| time/                   |             |
|    fps                  | 1449        |
|    iterations           | 421         |
|    time_elapsed         | 1189        |
|    total_timesteps      | 1724416     |
| train/                  |             |
|    approx_kl            | 1.05566e-05 |
|    clip_fraction        | 0           |
|    clip_range           | 0.2         |
|    entropy_loss         | -0.0154     |
|    explained_variance   | 0.66        |
|    learning_rate        | 0.000128    |
|    loss                 | 13.7        |
|    n_updates            | 1260        |
|    policy_gradient_loss | -0.000127   |
|    value_loss           | 30.6        |
-----------------------------------------
-------------------------------------------
| rollout/                |               |
|    ep_len_mean          | 8.64e+04      |
|    ep_rew_mean          | -3.92e+04     |
| time/                   |               |
|    fps                  | 1452          |
|    iterations           | 422           |
|    time_elapsed         | 1190          |
|    total_timesteps      | 1728512       |
| train/                  |               |
|    approx_kl            | 5.5565033e-07 |
|    clip_fraction        | 0             |
|    clip_range           | 0.2           |
|    entropy_loss         | -0.0143       |
|    explained_variance   | 0.804         |
|    learning_rate        | 0.000128      |
|    loss                 | 5.66          |
|    n_updates            | 1263          |
|    policy_gradient_loss | -8.62e-06     |
|    value_loss           | 18.8          |
-------------------------------------------
-------------------------------------------
| rollout/                |               |
|    ep_len_mean          | 8.64e+04      |
|    ep_rew_mean          | -3.92e+04     |
| time/                   |               |
|    fps                  | 1454          |
|    iterations           | 423           |
|    time_elapsed         | 1191          |
|    total_timesteps      | 1732608       |
| train/                  |               |
|    approx_kl            | 3.1944364e-06 |
|    clip_fraction        | 0             |
|    clip_range           | 0.2           |
|    entropy_loss         | -0.0146       |
|    explained_variance   | 0.846         |
|    learning_rate        | 0.000127      |
|    loss                 | 7.93          |
|    n_updates            | 1266          |
|    policy_gradient_loss | -5.34e-07     |
|    value_loss           | 18.3          |
-------------------------------------------
------------------------------------------
| rollout/                |              |
|    ep_len_mean          | 8.64e+04     |
|    ep_rew_mean          | -3.92e+04    |
| time/                   |              |
|    fps                  | 1457         |
|    iterations           | 424          |
|    time_elapsed         | 1191         |
|    total_timesteps      | 1736704      |
| train/                  |              |
|    approx_kl            | 8.096281e-05 |
|    clip_fraction        | 0.000488     |
|    clip_range           | 0.2          |
|    entropy_loss         | -0.0144      |
|    explained_variance   | 0.818        |
|    learning_rate        | 0.000127     |
|    loss                 | 12.7         |
|    n_updates            | 1269         |
|    policy_gradient_loss | -0.000305    |
|    value_loss           | 25.2         |
------------------------------------------
  ⏱  step 1,740,000  │  FPS    6612  │  RSS   5730 MB
-------------------------------------------
| hw/                     |               |
|    fps                  | 6.61e+03      |
|    rss_mb               | 5.73e+03      |
| rollout/                |               |
|    ep_len_mean          | 8.64e+04      |
|    ep_rew_mean          | -3.92e+04     |
| time/                   |               |
|    fps                  | 1460          |
|    iterations           | 425           |
|    time_elapsed         | 1192          |
|    total_timesteps      | 1740800       |
| train/                  |               |
|    approx_kl            | 1.0052463e-06 |
|    clip_fraction        | 0             |
|    clip_range           | 0.2           |
|    entropy_loss         | -0.0121       |
|    explained_variance   | 0.799         |
|    learning_rate        | 0.000126      |
|    loss                 | 9.36          |
|    n_updates            | 1272          |
|    policy_gradient_loss | 5.91e-06      |
|    value_loss           | 17.7          |
-------------------------------------------
-------------------------------------------
| rollout/                |               |
|    ep_len_mean          | 8.64e+04      |
|    ep_rew_mean          | -3.92e+04     |
| time/                   |               |
|    fps                  | 1462          |
|    iterations           | 426           |
|    time_elapsed         | 1192          |
|    total_timesteps      | 1744896       |
| train/                  |               |
|    approx_kl            | 1.6466365e-06 |
|    clip_fraction        | 0             |
|    clip_range           | 0.2           |
|    entropy_loss         | -0.0133       |
|    explained_variance   | 0.574         |
|    learning_rate        | 0.000126      |
|    loss                 | 15.9          |
|    n_updates            | 1275          |
|    policy_gradient_loss | 2.58e-05      |
|    value_loss           | 35.8          |
-------------------------------------------
-------------------------------------------
| rollout/                |               |
|    ep_len_mean          | 8.64e+04      |
|    ep_rew_mean          | -3.92e+04     |
| time/                   |               |
|    fps                  | 1465          |
|    iterations           | 427           |
|    time_elapsed         | 1193          |
|    total_timesteps      | 1748992       |
| train/                  |               |
|    approx_kl            | 3.3414108e-07 |
|    clip_fraction        | 0             |
|    clip_range           | 0.2           |
|    entropy_loss         | -0.0132       |
|    explained_variance   | 0.741         |
|    learning_rate        | 0.000126      |
|    loss                 | 11.1          |
|    n_updates            | 1278          |
|    policy_gradient_loss | -7.02e-06     |
|    value_loss           | 23.5          |
-------------------------------------------
Eval num_timesteps=1750000, episode_reward=-27890.66 +/- 1337.49
Episode length: 86400.00 +/- 0.00
-------------------------------------------
| eval/                   |               |
|    mean_ep_length       | 8.64e+04      |
|    mean_reward          | -2.79e+04     |
| time/                   |               |
|    total_timesteps      | 1750000       |
| train/                  |               |
|    approx_kl            | 3.0927476e-06 |
|    clip_fraction        | 0             |
|    clip_range           | 0.2           |
|    entropy_loss         | -0.0128       |
|    explained_variance   | 0.736         |
|    learning_rate        | 0.000125      |
|    loss                 | 7.57          |
|    n_updates            | 1281          |
|    policy_gradient_loss | -3.69e-05     |
|    value_loss           | 14.2          |
-------------------------------------------
----------------------------------
| rollout/           |           |
|    ep_len_mean     | 8.64e+04  |
|    ep_rew_mean     | -3.92e+04 |
| time/              |           |
|    fps             | 1435      |
|    iterations      | 428       |
|    time_elapsed    | 1221      |
|    total_timesteps | 1753088   |
----------------------------------
-------------------------------------------
| rollout/                |               |
|    ep_len_mean          | 8.64e+04      |
|    ep_rew_mean          | -3.92e+04     |
| time/                   |               |
|    fps                  | 1438          |
|    iterations           | 429           |
|    time_elapsed         | 1221          |
|    total_timesteps      | 1757184       |
| train/                  |               |
|    approx_kl            | 7.7711593e-07 |
|    clip_fraction        | 0             |
|    clip_range           | 0.2           |
|    entropy_loss         | -0.012        |
|    explained_variance   | 0.855         |
|    learning_rate        | 0.000125      |
|    loss                 | 4.28          |
|    n_updates            | 1284          |
|    policy_gradient_loss | -1.49e-05     |
|    value_loss           | 10.8          |
-------------------------------------------
  ⏱  step 1,760,000  │  FPS     662  │  RSS   5730 MB
------------------------------------------
| hw/                     |              |
|    fps                  | 662          |
|    rss_mb               | 5.73e+03     |
| rollout/                |              |
|    ep_len_mean          | 8.64e+04     |
|    ep_rew_mean          | -3.92e+04    |
| time/                   |              |
|    fps                  | 1440         |
|    iterations           | 430          |
|    time_elapsed         | 1222         |
|    total_timesteps      | 1761280      |
| train/                  |              |
|    approx_kl            | 2.746674e-06 |
|    clip_fraction        | 0            |
|    clip_range           | 0.2          |
|    entropy_loss         | -0.0112      |
|    explained_variance   | 0.673        |
|    learning_rate        | 0.000124     |
|    loss                 | 12.9         |
|    n_updates            | 1287         |
|    policy_gradient_loss | -4.12e-05    |
|    value_loss           | 30.5         |
------------------------------------------
-------------------------------------------
| rollout/                |               |
|    ep_len_mean          | 8.64e+04      |
|    ep_rew_mean          | -3.92e+04     |
| time/                   |               |
|    fps                  | 1443          |
|    iterations           | 431           |
|    time_elapsed         | 1223          |
|    total_timesteps      | 1765376       |
| train/                  |               |
|    approx_kl            | 8.4750354e-08 |
|    clip_fraction        | 0             |
|    clip_range           | 0.2           |
|    entropy_loss         | -0.0112       |
|    explained_variance   | 0.704         |
|    learning_rate        | 0.000124      |
|    loss                 | 16.5          |
|    n_updates            | 1290          |
|    policy_gradient_loss | 5.57e-07      |
|    value_loss           | 34            |
-------------------------------------------
------------------------------------------
| rollout/                |              |
|    ep_len_mean          | 8.64e+04     |
|    ep_rew_mean          | -3.92e+04    |
| time/                   |              |
|    fps                  | 1445         |
|    iterations           | 432          |
|    time_elapsed         | 1223         |
|    total_timesteps      | 1769472      |
| train/                  |              |
|    approx_kl            | 3.905734e-08 |
|    clip_fraction        | 0            |
|    clip_range           | 0.2          |
|    entropy_loss         | -0.0113      |
|    explained_variance   | 0.889        |
|    learning_rate        | 0.000123     |
|    loss                 | 2.15         |
|    n_updates            | 1293         |
|    policy_gradient_loss | 2.01e-06     |
|    value_loss           | 9.55         |
------------------------------------------
-------------------------------------------
| rollout/                |               |
|    ep_len_mean          | 8.64e+04      |
|    ep_rew_mean          | -3.92e+04     |
| time/                   |               |
|    fps                  | 1448          |
|    iterations           | 433           |
|    time_elapsed         | 1224          |
|    total_timesteps      | 1773568       |
| train/                  |               |
|    approx_kl            | 4.9956725e-07 |
|    clip_fraction        | 0             |
|    clip_range           | 0.2           |
|    entropy_loss         | -0.0113       |
|    explained_variance   | 0.534         |
|    learning_rate        | 0.000123      |
|    loss                 | 17.4          |
|    n_updates            | 1296          |
|    policy_gradient_loss | 7.63e-06      |
|    value_loss           | 37.1          |
-------------------------------------------
------------------------------------------
| rollout/                |              |
|    ep_len_mean          | 8.64e+04     |
|    ep_rew_mean          | -3.92e+04    |
| time/                   |              |
|    fps                  | 1451         |
|    iterations           | 434          |
|    time_elapsed         | 1224         |
|    total_timesteps      | 1777664      |
| train/                  |              |
|    approx_kl            | 5.088834e-06 |
|    clip_fraction        | 0            |
|    clip_range           | 0.2          |
|    entropy_loss         | -0.0115      |
|    explained_variance   | 0.504        |
|    learning_rate        | 0.000123     |
|    loss                 | 19.2         |
|    n_updates            | 1299         |
|    policy_gradient_loss | -1.27e-05    |
|    value_loss           | 42.9         |
------------------------------------------
  ⏱  step 1,780,000  │  FPS    6665  │  RSS   5730 MB
------------------------------------------
| hw/                     |              |
|    fps                  | 6.67e+03     |
|    rss_mb               | 5.73e+03     |
| rollout/                |              |
|    ep_len_mean          | 8.64e+04     |
|    ep_rew_mean          | -3.92e+04    |
| time/                   |              |
|    fps                  | 1453         |
|    iterations           | 435          |
|    time_elapsed         | 1225         |
|    total_timesteps      | 1781760      |
| train/                  |              |
|    approx_kl            | 5.997863e-07 |
|    clip_fraction        | 0            |
|    clip_range           | 0.2          |
|    entropy_loss         | -0.0123      |
|    explained_variance   | 0.543        |
|    learning_rate        | 0.000122     |
|    loss                 | 11.5         |
|    n_updates            | 1302         |
|    policy_gradient_loss | 4.11e-07     |
|    value_loss           | 22.6         |
------------------------------------------
-------------------------------------------
| rollout/                |               |
|    ep_len_mean          | 8.64e+04      |
|    ep_rew_mean          | -3.92e+04     |
| time/                   |               |
|    fps                  | 1456          |
|    iterations           | 436           |
|    time_elapsed         | 1226          |
|    total_timesteps      | 1785856       |
| train/                  |               |
|    approx_kl            | 2.5153859e-06 |
|    clip_fraction        | 0             |
|    clip_range           | 0.2           |
|    entropy_loss         | -0.0123       |
|    explained_variance   | 0.666         |
|    learning_rate        | 0.000122      |
|    loss                 | 9.9           |
|    n_updates            | 1305          |
|    policy_gradient_loss | -1.93e-05     |
|    value_loss           | 21.7          |
-------------------------------------------
-------------------------------------------
| rollout/                |               |
|    ep_len_mean          | 8.64e+04      |
|    ep_rew_mean          | -3.92e+04     |
| time/                   |               |
|    fps                  | 1458          |
|    iterations           | 437           |
|    time_elapsed         | 1226          |
|    total_timesteps      | 1789952       |
| train/                  |               |
|    approx_kl            | 5.5955097e-05 |
|    clip_fraction        | 0.000407      |
|    clip_range           | 0.2           |
|    entropy_loss         | -0.0105       |
|    explained_variance   | 0.683         |
|    learning_rate        | 0.000121      |
|    loss                 | 7.01          |
|    n_updates            | 1308          |
|    policy_gradient_loss | -0.000186     |
|    value_loss           | 16.2          |
-------------------------------------------
-------------------------------------------
| rollout/                |               |
|    ep_len_mean          | 8.64e+04      |
|    ep_rew_mean          | -3.92e+04     |
| time/                   |               |
|    fps                  | 1461          |
|    iterations           | 438           |
|    time_elapsed         | 1227          |
|    total_timesteps      | 1794048       |
| train/                  |               |
|    approx_kl            | 3.0646333e-08 |
|    clip_fraction        | 0             |
|    clip_range           | 0.2           |
|    entropy_loss         | -0.00965      |
|    explained_variance   | 0.611         |
|    learning_rate        | 0.000121      |
|    loss                 | 19.7          |
|    n_updates            | 1311          |
|    policy_gradient_loss | -3.2e-06      |
|    value_loss           | 46.4          |
-------------------------------------------
------------------------------------------
| rollout/                |              |
|    ep_len_mean          | 8.64e+04     |
|    ep_rew_mean          | -3.92e+04    |
| time/                   |              |
|    fps                  | 1464         |
|    iterations           | 439          |
|    time_elapsed         | 1228         |
|    total_timesteps      | 1798144      |
| train/                  |              |
|    approx_kl            | 5.012553e-07 |
|    clip_fraction        | 0            |
|    clip_range           | 0.2          |
|    entropy_loss         | -0.00934     |
|    explained_variance   | 0.781        |
|    learning_rate        | 0.000121     |
|    loss                 | 5.27         |
|    n_updates            | 1314         |
|    policy_gradient_loss | -1.24e-05    |
|    value_loss           | 12.8         |
------------------------------------------
Eval num_timesteps=1800000, episode_reward=-25952.97 +/- 2521.06
Episode length: 86400.00 +/- 0.00
-------------------------------------------
| eval/                   |               |
|    mean_ep_length       | 8.64e+04      |
|    mean_reward          | -2.6e+04      |
| time/                   |               |
|    total_timesteps      | 1800000       |
| train/                  |               |
|    approx_kl            | 5.3536496e-07 |
|    clip_fraction        | 0             |
|    clip_range           | 0.2           |
|    entropy_loss         | -0.00915      |
|    explained_variance   | 0.527         |
|    learning_rate        | 0.00012       |
|    loss                 | 18.6          |
|    n_updates            | 1317          |
|    policy_gradient_loss | -1.68e-05     |
|    value_loss           | 42.5          |
-------------------------------------------
  ⏱  step 1,800,000  │  FPS     658  │  RSS   5730 MB
----------------------------------
| hw/                |           |
|    fps             | 658       |
|    rss_mb          | 5.73e+03  |
| rollout/           |           |
|    ep_len_mean     | 8.64e+04  |
|    ep_rew_mean     | -3.92e+04 |
| time/              |           |
|    fps             | 1434      |
|    iterations      | 440       |
|    time_elapsed    | 1256      |
|    total_timesteps | 1802240   |
----------------------------------
-------------------------------------------
| rollout/                |               |
|    ep_len_mean          | 8.64e+04      |
|    ep_rew_mean          | -3.92e+04     |
| time/                   |               |
|    fps                  | 1437          |
|    iterations           | 441           |
|    time_elapsed         | 1256          |
|    total_timesteps      | 1806336       |
| train/                  |               |
|    approx_kl            | 2.8900104e-08 |
|    clip_fraction        | 0             |
|    clip_range           | 0.2           |
|    entropy_loss         | -0.0089       |
|    explained_variance   | 0.656         |
|    learning_rate        | 0.00012       |
|    loss                 | 13.5          |
|    n_updates            | 1320          |
|    policy_gradient_loss | 3.14e-07      |
|    value_loss           | 34.2          |
-------------------------------------------
-------------------------------------------
| rollout/                |               |
|    ep_len_mean          | 8.64e+04      |
|    ep_rew_mean          | -3.92e+04     |
| time/                   |               |
|    fps                  | 1439          |
|    iterations           | 442           |
|    time_elapsed         | 1257          |
|    total_timesteps      | 1810432       |
| train/                  |               |
|    approx_kl            | 1.7225102e-07 |
|    clip_fraction        | 0             |
|    clip_range           | 0.2           |
|    entropy_loss         | -0.00896      |
|    explained_variance   | 0.54          |
|    learning_rate        | 0.000119      |
|    loss                 | 12.2          |
|    n_updates            | 1323          |
|    policy_gradient_loss | -3.63e-06     |
|    value_loss           | 30.6          |
-------------------------------------------
-------------------------------------------
| rollout/                |               |
|    ep_len_mean          | 8.64e+04      |
|    ep_rew_mean          | -3.86e+04     |
| time/                   |               |
|    fps                  | 1442          |
|    iterations           | 443           |
|    time_elapsed         | 1257          |
|    total_timesteps      | 1814528       |
| train/                  |               |
|    approx_kl            | 1.6924314e-06 |
|    clip_fraction        | 0             |
|    clip_range           | 0.2           |
|    entropy_loss         | -0.00889      |
|    explained_variance   | 0.783         |
|    learning_rate        | 0.000119      |
|    loss                 | 10.1          |
|    n_updates            | 1326          |
|    policy_gradient_loss | -2.46e-05     |
|    value_loss           | 22.7          |
-------------------------------------------
-------------------------------------------
| rollout/                |               |
|    ep_len_mean          | 8.64e+04      |
|    ep_rew_mean          | -3.86e+04     |
| time/                   |               |
|    fps                  | 1445          |
|    iterations           | 444           |
|    time_elapsed         | 1258          |
|    total_timesteps      | 1818624       |
| train/                  |               |
|    approx_kl            | 1.7726707e-06 |
|    clip_fraction        | 0             |
|    clip_range           | 0.2           |
|    entropy_loss         | -0.00842      |
|    explained_variance   | 0.865         |
|    learning_rate        | 0.000119      |
|    loss                 | 3.54          |
|    n_updates            | 1329          |
|    policy_gradient_loss | -2.87e-05     |
|    value_loss           | 9.64          |
-------------------------------------------
  ⏱  step 1,820,000  │  FPS    6640  │  RSS   5730 MB
------------------------------------------
| hw/                     |              |
|    fps                  | 6.64e+03     |
|    rss_mb               | 5.73e+03     |
| rollout/                |              |
|    ep_len_mean          | 8.64e+04     |
|    ep_rew_mean          | -3.86e+04    |
| time/                   |              |
|    fps                  | 1447         |
|    iterations           | 445          |
|    time_elapsed         | 1259         |
|    total_timesteps      | 1822720      |
| train/                  |              |
|    approx_kl            | 5.000038e-08 |
|    clip_fraction        | 0            |
|    clip_range           | 0.2          |
|    entropy_loss         | -0.00874     |
|    explained_variance   | 0.766        |
|    learning_rate        | 0.000118     |
|    loss                 | 6.92         |
|    n_updates            | 1332         |
|    policy_gradient_loss | 2.66e-06     |
|    value_loss           | 16           |
------------------------------------------
------------------------------------------
| rollout/                |              |
|    ep_len_mean          | 8.64e+04     |
|    ep_rew_mean          | -3.86e+04    |
| time/                   |              |
|    fps                  | 1450         |
|    iterations           | 446          |
|    time_elapsed         | 1259         |
|    total_timesteps      | 1826816      |
| train/                  |              |
|    approx_kl            | 5.728216e-07 |
|    clip_fraction        | 0            |
|    clip_range           | 0.2          |
|    entropy_loss         | -0.00926     |
|    explained_variance   | 0.507        |
|    learning_rate        | 0.000118     |
|    loss                 | 12.7         |
|    n_updates            | 1335         |
|    policy_gradient_loss | -1.16e-05    |
|    value_loss           | 31.2         |
------------------------------------------
-------------------------------------------
| rollout/                |               |
|    ep_len_mean          | 8.64e+04      |
|    ep_rew_mean          | -3.86e+04     |
| time/                   |               |
|    fps                  | 1452          |
|    iterations           | 447           |
|    time_elapsed         | 1260          |
|    total_timesteps      | 1830912       |
| train/                  |               |
|    approx_kl            | 1.0808901e-05 |
|    clip_fraction        | 0             |
|    clip_range           | 0.2           |
|    entropy_loss         | -0.0085       |
|    explained_variance   | 0.748         |
|    learning_rate        | 0.000117      |
|    loss                 | 7.65          |
|    n_updates            | 1338          |
|    policy_gradient_loss | -8.27e-05     |
|    value_loss           | 18            |
-------------------------------------------
-------------------------------------------
| rollout/                |               |
|    ep_len_mean          | 8.64e+04      |
|    ep_rew_mean          | -3.86e+04     |
| time/                   |               |
|    fps                  | 1455          |
|    iterations           | 448           |
|    time_elapsed         | 1260          |
|    total_timesteps      | 1835008       |
| train/                  |               |
|    approx_kl            | 4.5461638e-07 |
|    clip_fraction        | 0             |
|    clip_range           | 0.2           |
|    entropy_loss         | -0.0078       |
|    explained_variance   | 0.557         |
|    learning_rate        | 0.000117      |
|    loss                 | 16.8          |
|    n_updates            | 1341          |
|    policy_gradient_loss | -4.57e-06     |
|    value_loss           | 37.2          |
-------------------------------------------
-------------------------------------------
| rollout/                |               |
|    ep_len_mean          | 8.64e+04      |
|    ep_rew_mean          | -3.86e+04     |
| time/                   |               |
|    fps                  | 1457          |
|    iterations           | 449           |
|    time_elapsed         | 1261          |
|    total_timesteps      | 1839104       |
| train/                  |               |
|    approx_kl            | 1.9406725e-06 |
|    clip_fraction        | 0             |
|    clip_range           | 0.2           |
|    entropy_loss         | -0.00816      |
|    explained_variance   | 0.642         |
|    learning_rate        | 0.000116      |
|    loss                 | 20.3          |
|    n_updates            | 1344          |
|    policy_gradient_loss | -1.59e-05     |
|    value_loss           | 40.8          |
-------------------------------------------
  ⏱  step 1,840,000  │  FPS    6586  │  RSS   5730 MB
------------------------------------------
| hw/                     |              |
|    fps                  | 6.59e+03     |
|    rss_mb               | 5.73e+03     |
| rollout/                |              |
|    ep_len_mean          | 8.64e+04     |
|    ep_rew_mean          | -3.86e+04    |
| time/                   |              |
|    fps                  | 1460         |
|    iterations           | 450          |
|    time_elapsed         | 1262         |
|    total_timesteps      | 1843200      |
| train/                  |              |
|    approx_kl            | 6.673508e-08 |
|    clip_fraction        | 0            |
|    clip_range           | 0.2          |
|    entropy_loss         | -0.00835     |
|    explained_variance   | 0.683        |
|    learning_rate        | 0.000116     |
|    loss                 | 13.1         |
|    n_updates            | 1347         |
|    policy_gradient_loss | 1.01e-05     |
|    value_loss           | 27.3         |
------------------------------------------
-------------------------------------------
| rollout/                |               |
|    ep_len_mean          | 8.64e+04      |
|    ep_rew_mean          | -3.86e+04     |
| time/                   |               |
|    fps                  | 1462          |
|    iterations           | 451           |
|    time_elapsed         | 1262          |
|    total_timesteps      | 1847296       |
| train/                  |               |
|    approx_kl            | 5.9971353e-07 |
|    clip_fraction        | 0             |
|    clip_range           | 0.2           |
|    entropy_loss         | -0.00824      |
|    explained_variance   | 0.61          |
|    learning_rate        | 0.000116      |
|    loss                 | 19.2          |
|    n_updates            | 1350          |
|    policy_gradient_loss | -1.4e-05      |
|    value_loss           | 44.2          |
-------------------------------------------
Eval num_timesteps=1850000, episode_reward=-28323.62 +/- 504.05
Episode length: 86400.00 +/- 0.00
------------------------------------------
| eval/                   |              |
|    mean_ep_length       | 8.64e+04     |
|    mean_reward          | -2.83e+04    |
| time/                   |              |
|    total_timesteps      | 1850000      |
| train/                  |              |
|    approx_kl            | 5.831098e-07 |
|    clip_fraction        | 0            |
|    clip_range           | 0.2          |
|    entropy_loss         | -0.00779     |
|    explained_variance   | 0.581        |
|    learning_rate        | 0.000115     |
|    loss                 | 14.6         |
|    n_updates            | 1353         |
|    policy_gradient_loss | -8.66e-06    |
|    value_loss           | 31.9         |
------------------------------------------
----------------------------------
| rollout/           |           |
|    ep_len_mean     | 8.64e+04  |
|    ep_rew_mean     | -3.86e+04 |
| time/              |           |
|    fps             | 1434      |
|    iterations      | 452       |
|    time_elapsed    | 1290      |
|    total_timesteps | 1851392   |
----------------------------------
-------------------------------------------
| rollout/                |               |
|    ep_len_mean          | 8.64e+04      |
|    ep_rew_mean          | -3.86e+04     |
| time/                   |               |
|    fps                  | 1436          |
|    iterations           | 453           |
|    time_elapsed         | 1291          |
|    total_timesteps      | 1855488       |
| train/                  |               |
|    approx_kl            | 2.7484639e-06 |
|    clip_fraction        | 0             |
|    clip_range           | 0.2           |
|    entropy_loss         | -0.00786      |
|    explained_variance   | 0.664         |
|    learning_rate        | 0.000115      |
|    loss                 | 14.3          |
|    n_updates            | 1356          |
|    policy_gradient_loss | -2.5e-05      |
|    value_loss           | 25.6          |
-------------------------------------------
-------------------------------------------
| rollout/                |               |
|    ep_len_mean          | 8.64e+04      |
|    ep_rew_mean          | -3.86e+04     |
| time/                   |               |
|    fps                  | 1439          |
|    iterations           | 454           |
|    time_elapsed         | 1291          |
|    total_timesteps      | 1859584       |
| train/                  |               |
|    approx_kl            | 2.8841896e-08 |
|    clip_fraction        | 0             |
|    clip_range           | 0.2           |
|    entropy_loss         | -0.00746      |
|    explained_variance   | 0.69          |
|    learning_rate        | 0.000114      |
|    loss                 | 9.84          |
|    n_updates            | 1359          |
|    policy_gradient_loss | 5.34e-07      |
|    value_loss           | 25.7          |
-------------------------------------------
  ⏱  step 1,860,000  │  FPS     661  │  RSS   5730 MB
-------------------------------------------
| hw/                     |               |
|    fps                  | 661           |
|    rss_mb               | 5.73e+03      |
| rollout/                |               |
|    ep_len_mean          | 8.64e+04      |
|    ep_rew_mean          | -3.86e+04     |
| time/                   |               |
|    fps                  | 1441          |
|    iterations           | 455           |
|    time_elapsed         | 1292          |
|    total_timesteps      | 1863680       |
| train/                  |               |
|    approx_kl            | 1.3523822e-06 |
|    clip_fraction        | 0             |
|    clip_range           | 0.2           |
|    entropy_loss         | -0.00755      |
|    explained_variance   | 0.511         |
|    learning_rate        | 0.000114      |
|    loss                 | 28.7          |
|    n_updates            | 1362          |
|    policy_gradient_loss | -4.44e-07     |
|    value_loss           | 58            |
-------------------------------------------
------------------------------------------
| rollout/                |              |
|    ep_len_mean          | 8.64e+04     |
|    ep_rew_mean          | -3.86e+04    |
| time/                   |              |
|    fps                  | 1444         |
|    iterations           | 456          |
|    time_elapsed         | 1293         |
|    total_timesteps      | 1867776      |
| train/                  |              |
|    approx_kl            | 2.757879e-07 |
|    clip_fraction        | 0            |
|    clip_range           | 0.2          |
|    entropy_loss         | -0.00748     |
|    explained_variance   | 0.679        |
|    learning_rate        | 0.000114     |
|    loss                 | 18.2         |
|    n_updates            | 1365         |
|    policy_gradient_loss | -1e-06       |
|    value_loss           | 39.6         |
------------------------------------------
------------------------------------------
| rollout/                |              |
|    ep_len_mean          | 8.64e+04     |
|    ep_rew_mean          | -3.86e+04    |
| time/                   |              |
|    fps                  | 1446         |
|    iterations           | 457          |
|    time_elapsed         | 1293         |
|    total_timesteps      | 1871872      |
| train/                  |              |
|    approx_kl            | 8.774805e-07 |
|    clip_fraction        | 0            |
|    clip_range           | 0.2          |
|    entropy_loss         | -0.0078      |
|    explained_variance   | 0.707        |
|    learning_rate        | 0.000113     |
|    loss                 | 7.95         |
|    n_updates            | 1368         |
|    policy_gradient_loss | 6.11e-06     |
|    value_loss           | 23.3         |
------------------------------------------
-------------------------------------------
| rollout/                |               |
|    ep_len_mean          | 8.64e+04      |
|    ep_rew_mean          | -3.86e+04     |
| time/                   |               |
|    fps                  | 1449          |
|    iterations           | 458           |
|    time_elapsed         | 1294          |
|    total_timesteps      | 1875968       |
| train/                  |               |
|    approx_kl            | 2.4371548e-07 |
|    clip_fraction        | 0             |
|    clip_range           | 0.2           |
|    entropy_loss         | -0.0081       |
|    explained_variance   | 0.434         |
|    learning_rate        | 0.000113      |
|    loss                 | 22.4          |
|    n_updates            | 1371          |
|    policy_gradient_loss | -2.98e-06     |
|    value_loss           | 54.4          |
-------------------------------------------
  ⏱  step 1,880,000  │  FPS    6722  │  RSS   5730 MB
-------------------------------------------
| hw/                     |               |
|    fps                  | 6.72e+03      |
|    rss_mb               | 5.73e+03      |
| rollout/                |               |
|    ep_len_mean          | 8.64e+04      |
|    ep_rew_mean          | -3.86e+04     |
| time/                   |               |
|    fps                  | 1451          |
|    iterations           | 459           |
|    time_elapsed         | 1295          |
|    total_timesteps      | 1880064       |
| train/                  |               |
|    approx_kl            | 4.3713953e-07 |
|    clip_fraction        | 0             |
|    clip_range           | 0.2           |
|    entropy_loss         | -0.00784      |
|    explained_variance   | 0.411         |
|    learning_rate        | 0.000112      |
|    loss                 | 22.4          |
|    n_updates            | 1374          |
|    policy_gradient_loss | -9.48e-06     |
|    value_loss           | 50.7          |
-------------------------------------------
-------------------------------------------
| rollout/                |               |
|    ep_len_mean          | 8.64e+04      |
|    ep_rew_mean          | -3.86e+04     |
| time/                   |               |
|    fps                  | 1454          |
|    iterations           | 460           |
|    time_elapsed         | 1295          |
|    total_timesteps      | 1884160       |
| train/                  |               |
|    approx_kl            | 1.3232057e-07 |
|    clip_fraction        | 0             |
|    clip_range           | 0.2           |
|    entropy_loss         | -0.00794      |
|    explained_variance   | 0.893         |
|    learning_rate        | 0.000112      |
|    loss                 | 2.04          |
|    n_updates            | 1377          |
|    policy_gradient_loss | -1.14e-05     |
|    value_loss           | 11.7          |
-------------------------------------------
-------------------------------------------
| rollout/                |               |
|    ep_len_mean          | 8.64e+04      |
|    ep_rew_mean          | -3.86e+04     |
| time/                   |               |
|    fps                  | 1456          |
|    iterations           | 461           |
|    time_elapsed         | 1296          |
|    total_timesteps      | 1888256       |
| train/                  |               |
|    approx_kl            | 3.3235265e-06 |
|    clip_fraction        | 0             |
|    clip_range           | 0.2           |
|    entropy_loss         | -0.00746      |
|    explained_variance   | 0.727         |
|    learning_rate        | 0.000112      |
|    loss                 | 10.4          |
|    n_updates            | 1380          |
|    policy_gradient_loss | -3.62e-05     |
|    value_loss           | 22.4          |
-------------------------------------------
------------------------------------------
| rollout/                |              |
|    ep_len_mean          | 8.64e+04     |
|    ep_rew_mean          | -3.86e+04    |
| time/                   |              |
|    fps                  | 1459         |
|    iterations           | 462          |
|    time_elapsed         | 1296         |
|    total_timesteps      | 1892352      |
| train/                  |              |
|    approx_kl            | 6.018672e-08 |
|    clip_fraction        | 0            |
|    clip_range           | 0.2          |
|    entropy_loss         | -0.00716     |
|    explained_variance   | 0.487        |
|    learning_rate        | 0.000111     |
|    loss                 | 26           |
|    n_updates            | 1383         |
|    policy_gradient_loss | 1.83e-06     |
|    value_loss           | 56.7         |
------------------------------------------
-------------------------------------------
| rollout/                |               |
|    ep_len_mean          | 8.64e+04      |
|    ep_rew_mean          | -3.86e+04     |
| time/                   |               |
|    fps                  | 1461          |
|    iterations           | 463           |
|    time_elapsed         | 1297          |
|    total_timesteps      | 1896448       |
| train/                  |               |
|    approx_kl            | 5.8684673e-06 |
|    clip_fraction        | 0             |
|    clip_range           | 0.2           |
|    entropy_loss         | -0.00708      |
|    explained_variance   | 0.762         |
|    learning_rate        | 0.000111      |
|    loss                 | 14.2          |
|    n_updates            | 1386          |
|    policy_gradient_loss | -8.04e-05     |
|    value_loss           | 26.1          |
-------------------------------------------
Eval num_timesteps=1900000, episode_reward=-29344.44 +/- 1210.49
Episode length: 86400.00 +/- 0.00
-------------------------------------------
| eval/                   |               |
|    mean_ep_length       | 8.64e+04      |
|    mean_reward          | -2.93e+04     |
| time/                   |               |
|    total_timesteps      | 1900000       |
| train/                  |               |
|    approx_kl            | 1.4697434e-08 |
|    clip_fraction        | 0             |
|    clip_range           | 0.2           |
|    entropy_loss         | -0.0066       |
|    explained_variance   | 0.697         |
|    learning_rate        | 0.00011       |
|    loss                 | 7.97          |
|    n_updates            | 1389          |
|    policy_gradient_loss | -2.03e-07     |
|    value_loss           | 20.7          |
-------------------------------------------
  ⏱  step 1,900,000  │  FPS     669  │  RSS   5730 MB
----------------------------------
| hw/                |           |
|    fps             | 669       |
|    rss_mb          | 5.73e+03  |
| rollout/           |           |
|    ep_len_mean     | 8.64e+04  |
|    ep_rew_mean     | -3.86e+04 |
| time/              |           |
|    fps             | 1434      |
|    iterations      | 464       |
|    time_elapsed    | 1324      |
|    total_timesteps | 1900544   |
----------------------------------
------------------------------------------
| rollout/                |              |
|    ep_len_mean          | 8.64e+04     |
|    ep_rew_mean          | -3.81e+04    |
| time/                   |              |
|    fps                  | 1436         |
|    iterations           | 465          |
|    time_elapsed         | 1325         |
|    total_timesteps      | 1904640      |
| train/                  |              |
|    approx_kl            | 5.704205e-07 |
|    clip_fraction        | 0            |
|    clip_range           | 0.2          |
|    entropy_loss         | -0.00676     |
|    explained_variance   | 0.616        |
|    learning_rate        | 0.00011      |
|    loss                 | 15.4         |
|    n_updates            | 1392         |
|    policy_gradient_loss | -8.39e-06    |
|    value_loss           | 30.7         |
------------------------------------------
-------------------------------------------
| rollout/                |               |
|    ep_len_mean          | 8.64e+04      |
|    ep_rew_mean          | -3.81e+04     |
| time/                   |               |
|    fps                  | 1439          |
|    iterations           | 466           |
|    time_elapsed         | 1326          |
|    total_timesteps      | 1908736       |
| train/                  |               |
|    approx_kl            | 1.9138679e-07 |
|    clip_fraction        | 0             |
|    clip_range           | 0.2           |
|    entropy_loss         | -0.00642      |
|    explained_variance   | 0.493         |
|    learning_rate        | 0.00011       |
|    loss                 | 21            |
|    n_updates            | 1395          |
|    policy_gradient_loss | -9.73e-06     |
|    value_loss           | 48.9          |
-------------------------------------------
-------------------------------------------
| rollout/                |               |
|    ep_len_mean          | 8.64e+04      |
|    ep_rew_mean          | -3.81e+04     |
| time/                   |               |
|    fps                  | 1441          |
|    iterations           | 467           |
|    time_elapsed         | 1326          |
|    total_timesteps      | 1912832       |
| train/                  |               |
|    approx_kl            | 4.7354843e-07 |
|    clip_fraction        | 0             |
|    clip_range           | 0.2           |
|    entropy_loss         | -0.00641      |
|    explained_variance   | 0.579         |
|    learning_rate        | 0.000109      |
|    loss                 | 18.5          |
|    n_updates            | 1398          |
|    policy_gradient_loss | -2.23e-06     |
|    value_loss           | 38.8          |
-------------------------------------------
------------------------------------------
| rollout/                |              |
|    ep_len_mean          | 8.64e+04     |
|    ep_rew_mean          | -3.81e+04    |
| time/                   |              |
|    fps                  | 1444         |
|    iterations           | 468          |
|    time_elapsed         | 1327         |
|    total_timesteps      | 1916928      |
| train/                  |              |
|    approx_kl            | 2.450979e-07 |
|    clip_fraction        | 0            |
|    clip_range           | 0.2          |
|    entropy_loss         | -0.0067      |
|    explained_variance   | 0.612        |
|    learning_rate        | 0.000109     |
|    loss                 | 20           |
|    n_updates            | 1401         |
|    policy_gradient_loss | -2.77e-06    |
|    value_loss           | 42.6         |
------------------------------------------
  ⏱  step 1,920,000  │  FPS    6642  │  RSS   5730 MB
-------------------------------------------
| hw/                     |               |
|    fps                  | 6.64e+03      |
|    rss_mb               | 5.73e+03      |
| rollout/                |               |
|    ep_len_mean          | 8.64e+04      |
|    ep_rew_mean          | -3.81e+04     |
| time/                   |               |
|    fps                  | 1446          |
|    iterations           | 469           |
|    time_elapsed         | 1328          |
|    total_timesteps      | 1921024       |
| train/                  |               |
|    approx_kl            | 1.3629324e-06 |
|    clip_fraction        | 0             |
|    clip_range           | 0.2           |
|    entropy_loss         | -0.00661      |
|    explained_variance   | 0.62          |
|    learning_rate        | 0.000108      |
|    loss                 | 12.2          |
|    n_updates            | 1404          |
|    policy_gradient_loss | -1.99e-05     |
|    value_loss           | 33            |
-------------------------------------------
------------------------------------------
| rollout/                |              |
|    ep_len_mean          | 8.64e+04     |
|    ep_rew_mean          | -3.81e+04    |
| time/                   |              |
|    fps                  | 1448         |
|    iterations           | 470          |
|    time_elapsed         | 1328         |
|    total_timesteps      | 1925120      |
| train/                  |              |
|    approx_kl            | 9.757059e-08 |
|    clip_fraction        | 0            |
|    clip_range           | 0.2          |
|    entropy_loss         | -0.00723     |
|    explained_variance   | 0.562        |
|    learning_rate        | 0.000108     |
|    loss                 | 19.4         |
|    n_updates            | 1407         |
|    policy_gradient_loss | 1.17e-06     |
|    value_loss           | 36.2         |
------------------------------------------
-------------------------------------------
| rollout/                |               |
|    ep_len_mean          | 8.64e+04      |
|    ep_rew_mean          | -3.81e+04     |
| time/                   |               |
|    fps                  | 1451          |
|    iterations           | 471           |
|    time_elapsed         | 1329          |
|    total_timesteps      | 1929216       |
| train/                  |               |
|    approx_kl            | 1.0728982e-06 |
|    clip_fraction        | 0             |
|    clip_range           | 0.2           |
|    entropy_loss         | -0.00685      |
|    explained_variance   | 0.702         |
|    learning_rate        | 0.000107      |
|    loss                 | 9.98          |
|    n_updates            | 1410          |
|    policy_gradient_loss | -1.58e-05     |
|    value_loss           | 22.8          |
-------------------------------------------
-------------------------------------------
| rollout/                |               |
|    ep_len_mean          | 8.64e+04      |
|    ep_rew_mean          | -3.81e+04     |
| time/                   |               |
|    fps                  | 1453          |
|    iterations           | 472           |
|    time_elapsed         | 1329          |
|    total_timesteps      | 1933312       |
| train/                  |               |
|    approx_kl            | 1.1496013e-08 |
|    clip_fraction        | 0             |
|    clip_range           | 0.2           |
|    entropy_loss         | -0.00683      |
|    explained_variance   | 0.592         |
|    learning_rate        | 0.000107      |
|    loss                 | 23.8          |
|    n_updates            | 1413          |
|    policy_gradient_loss | -1.81e-06     |
|    value_loss           | 51.3          |
-------------------------------------------
-------------------------------------------
| rollout/                |               |
|    ep_len_mean          | 8.64e+04      |
|    ep_rew_mean          | -3.81e+04     |
| time/                   |               |
|    fps                  | 1456          |
|    iterations           | 473           |
|    time_elapsed         | 1330          |
|    total_timesteps      | 1937408       |
| train/                  |               |
|    approx_kl            | 8.3004124e-08 |
|    clip_fraction        | 0             |
|    clip_range           | 0.2           |
|    entropy_loss         | -0.00687      |
|    explained_variance   | 0.622         |
|    learning_rate        | 0.000107      |
|    loss                 | 30.5          |
|    n_updates            | 1416          |
|    policy_gradient_loss | -2.97e-06     |
|    value_loss           | 60.8          |
-------------------------------------------
  ⏱  step 1,940,000  │  FPS    6679  │  RSS   5730 MB
-------------------------------------------
| hw/                     |               |
|    fps                  | 6.68e+03      |
|    rss_mb               | 5.73e+03      |
| rollout/                |               |
|    ep_len_mean          | 8.64e+04      |
|    ep_rew_mean          | -3.81e+04     |
| time/                   |               |
|    fps                  | 1458          |
|    iterations           | 474           |
|    time_elapsed         | 1331          |
|    total_timesteps      | 1941504       |
| train/                  |               |
|    approx_kl            | 1.7965795e-07 |
|    clip_fraction        | 0             |
|    clip_range           | 0.2           |
|    entropy_loss         | -0.00703      |
|    explained_variance   | 0.769         |
|    learning_rate        | 0.000106      |
|    loss                 | 10.9          |
|    n_updates            | 1419          |
|    policy_gradient_loss | 3.36e-06      |
|    value_loss           | 24.7          |
-------------------------------------------
------------------------------------------
| rollout/                |              |
|    ep_len_mean          | 8.64e+04     |
|    ep_rew_mean          | -3.81e+04    |
| time/                   |              |
|    fps                  | 1461         |
|    iterations           | 475          |
|    time_elapsed         | 1331         |
|    total_timesteps      | 1945600      |
| train/                  |              |
|    approx_kl            | 1.717126e-07 |
|    clip_fraction        | 0            |
|    clip_range           | 0.2          |
|    entropy_loss         | -0.00723     |
|    explained_variance   | 0.6          |
|    learning_rate        | 0.000106     |
|    loss                 | 22.9         |
|    n_updates            | 1422         |
|    policy_gradient_loss | -8.44e-06    |
|    value_loss           | 50.9         |
------------------------------------------
-------------------------------------------
| rollout/                |               |
|    ep_len_mean          | 8.64e+04      |
|    ep_rew_mean          | -3.81e+04     |
| time/                   |               |
|    fps                  | 1463          |
|    iterations           | 476           |
|    time_elapsed         | 1332          |
|    total_timesteps      | 1949696       |
| train/                  |               |
|    approx_kl            | 1.8877763e-06 |
|    clip_fraction        | 0             |
|    clip_range           | 0.2           |
|    entropy_loss         | -0.00728      |
|    explained_variance   | 0.589         |
|    learning_rate        | 0.000105      |
|    loss                 | 27.1          |
|    n_updates            | 1425          |
|    policy_gradient_loss | 2.71e-06      |
|    value_loss           | 52.9          |
-------------------------------------------
Eval num_timesteps=1950000, episode_reward=-28786.77 +/- 988.90
Episode length: 86400.00 +/- 0.00
-------------------------------------------
| eval/                   |               |
|    mean_ep_length       | 8.64e+04      |
|    mean_reward          | -2.88e+04     |
| time/                   |               |
|    total_timesteps      | 1950000       |
| train/                  |               |
|    approx_kl            | 3.3469405e-10 |
|    clip_fraction        | 0             |
|    clip_range           | 0.2           |
|    entropy_loss         | -0.00752      |
|    explained_variance   | 0.874         |
|    learning_rate        | 0.000105      |
|    loss                 | 4.69          |
|    n_updates            | 1428          |
|    policy_gradient_loss | -6.37e-07     |
|    value_loss           | 15.8          |
-------------------------------------------
----------------------------------
| rollout/           |           |
|    ep_len_mean     | 8.64e+04  |
|    ep_rew_mean     | -3.81e+04 |
| time/              |           |
|    fps             | 1435      |
|    iterations      | 477       |
|    time_elapsed    | 1360      |
|    total_timesteps | 1953792   |
----------------------------------
-------------------------------------------
| rollout/                |               |
|    ep_len_mean          | 8.64e+04      |
|    ep_rew_mean          | -3.81e+04     |
| time/                   |               |
|    fps                  | 1438          |
|    iterations           | 478           |
|    time_elapsed         | 1361          |
|    total_timesteps      | 1957888       |
| train/                  |               |
|    approx_kl            | 1.1447992e-06 |
|    clip_fraction        | 0             |
|    clip_range           | 0.2           |
|    entropy_loss         | -0.00756      |
|    explained_variance   | 0.675         |
|    learning_rate        | 0.000105      |
|    loss                 | 12.5          |
|    n_updates            | 1431          |
|    policy_gradient_loss | -2.14e-05     |
|    value_loss           | 30.2          |
-------------------------------------------
  ⏱  step 1,960,000  │  FPS     649  │  RSS   5730 MB
-------------------------------------------
| hw/                     |               |
|    fps                  | 649           |
|    rss_mb               | 5.73e+03      |
| rollout/                |               |
|    ep_len_mean          | 8.64e+04      |
|    ep_rew_mean          | -3.81e+04     |
| time/                   |               |
|    fps                  | 1440          |
|    iterations           | 479           |
|    time_elapsed         | 1361          |
|    total_timesteps      | 1961984       |
| train/                  |               |
|    approx_kl            | 1.5046098e-06 |
|    clip_fraction        | 0             |
|    clip_range           | 0.2           |
|    entropy_loss         | -0.00841      |
|    explained_variance   | 0.437         |
|    learning_rate        | 0.000104      |
|    loss                 | 31.1          |
|    n_updates            | 1434          |
|    policy_gradient_loss | 1.09e-07      |
|    value_loss           | 76.9          |
-------------------------------------------
--------------------------------------------
| rollout/                |                |
|    ep_len_mean          | 8.64e+04       |
|    ep_rew_mean          | -3.81e+04      |
| time/                   |                |
|    fps                  | 1442           |
|    iterations           | 480            |
|    time_elapsed         | 1362           |
|    total_timesteps      | 1966080        |
| train/                  |                |
|    approx_kl            | 1.05501385e-07 |
|    clip_fraction        | 0              |
|    clip_range           | 0.2            |
|    entropy_loss         | -0.00859       |
|    explained_variance   | 0.793          |
|    learning_rate        | 0.000104       |
|    loss                 | 11             |
|    n_updates            | 1437           |
|    policy_gradient_loss | 4.26e-06       |
|    value_loss           | 25.5           |
--------------------------------------------
-------------------------------------------
| rollout/                |               |
|    ep_len_mean          | 8.64e+04      |
|    ep_rew_mean          | -3.81e+04     |
| time/                   |               |
|    fps                  | 1445          |
|    iterations           | 481           |
|    time_elapsed         | 1363          |
|    total_timesteps      | 1970176       |
| train/                  |               |
|    approx_kl            | 3.1128875e-06 |
|    clip_fraction        | 0             |
|    clip_range           | 0.2           |
|    entropy_loss         | -0.00884      |
|    explained_variance   | 0.706         |
|    learning_rate        | 0.000103      |
|    loss                 | 14.5          |
|    n_updates            | 1440          |
|    policy_gradient_loss | -3.92e-05     |
|    value_loss           | 33.1          |
-------------------------------------------
-------------------------------------------
| rollout/                |               |
|    ep_len_mean          | 8.64e+04      |
|    ep_rew_mean          | -3.81e+04     |
| time/                   |               |
|    fps                  | 1447          |
|    iterations           | 482           |
|    time_elapsed         | 1363          |
|    total_timesteps      | 1974272       |
| train/                  |               |
|    approx_kl            | 2.2535096e-07 |
|    clip_fraction        | 0             |
|    clip_range           | 0.2           |
|    entropy_loss         | -0.00904      |
|    explained_variance   | 0.837         |
|    learning_rate        | 0.000103      |
|    loss                 | 6.19          |
|    n_updates            | 1443          |
|    policy_gradient_loss | -5.22e-06     |
|    value_loss           | 15.6          |
-------------------------------------------
-------------------------------------------
| rollout/                |               |
|    ep_len_mean          | 8.64e+04      |
|    ep_rew_mean          | -3.81e+04     |
| time/                   |               |
|    fps                  | 1449          |
|    iterations           | 483           |
|    time_elapsed         | 1364          |
|    total_timesteps      | 1978368       |
| train/                  |               |
|    approx_kl            | 4.3361797e-07 |
|    clip_fraction        | 0             |
|    clip_range           | 0.2           |
|    entropy_loss         | -0.009        |
|    explained_variance   | 0.886         |
|    learning_rate        | 0.000103      |
|    loss                 | 4.04          |
|    n_updates            | 1446          |
|    policy_gradient_loss | 2.28e-06      |
|    value_loss           | 10.2          |
-------------------------------------------
  ⏱  step 1,980,000  │  FPS    6645  │  RSS   5730 MB
-------------------------------------------
| hw/                     |               |
|    fps                  | 6.64e+03      |
|    rss_mb               | 5.73e+03      |
| rollout/                |               |
|    ep_len_mean          | 8.64e+04      |
|    ep_rew_mean          | -3.81e+04     |
| time/                   |               |
|    fps                  | 1452          |
|    iterations           | 484           |
|    time_elapsed         | 1365          |
|    total_timesteps      | 1982464       |
| train/                  |               |
|    approx_kl            | 2.7325586e-07 |
|    clip_fraction        | 0             |
|    clip_range           | 0.2           |
|    entropy_loss         | -0.00956      |
|    explained_variance   | 0.606         |
|    learning_rate        | 0.000102      |
|    loss                 | 25.1          |
|    n_updates            | 1449          |
|    policy_gradient_loss | -3.21e-06     |
|    value_loss           | 50.5          |
-------------------------------------------
-------------------------------------------
| rollout/                |               |
|    ep_len_mean          | 8.64e+04      |
|    ep_rew_mean          | -3.81e+04     |
| time/                   |               |
|    fps                  | 1454          |
|    iterations           | 485           |
|    time_elapsed         | 1365          |
|    total_timesteps      | 1986560       |
| train/                  |               |
|    approx_kl            | 1.0054675e-05 |
|    clip_fraction        | 0             |
|    clip_range           | 0.2           |
|    entropy_loss         | -0.00914      |
|    explained_variance   | 0.618         |
|    learning_rate        | 0.000102      |
|    loss                 | 18.7          |
|    n_updates            | 1452          |
|    policy_gradient_loss | -5.64e-05     |
|    value_loss           | 38.6          |
-------------------------------------------
------------------------------------------
| rollout/                |              |
|    ep_len_mean          | 8.64e+04     |
|    ep_rew_mean          | -3.75e+04    |
| time/                   |              |
|    fps                  | 1456         |
|    iterations           | 486          |
|    time_elapsed         | 1366         |
|    total_timesteps      | 1990656      |
| train/                  |              |
|    approx_kl            | 6.728471e-06 |
|    clip_fraction        | 0            |
|    clip_range           | 0.2          |
|    entropy_loss         | -0.00836     |
|    explained_variance   | 0.657        |
|    learning_rate        | 0.000101     |
|    loss                 | 17.5         |
|    n_updates            | 1455         |
|    policy_gradient_loss | -7.25e-05    |
|    value_loss           | 41.5         |
------------------------------------------
-------------------------------------------
| rollout/                |               |
|    ep_len_mean          | 8.64e+04      |
|    ep_rew_mean          | -3.75e+04     |
| time/                   |               |
|    fps                  | 1459          |
|    iterations           | 487           |
|    time_elapsed         | 1366          |
|    total_timesteps      | 1994752       |
| train/                  |               |
|    approx_kl            | 4.5631896e-07 |
|    clip_fraction        | 0             |
|    clip_range           | 0.2           |
|    entropy_loss         | -0.0081       |
|    explained_variance   | 0.712         |
|    learning_rate        | 0.000101      |
|    loss                 | 7.78          |
|    n_updates            | 1458          |
|    policy_gradient_loss | -7.58e-07     |
|    value_loss           | 19.8          |
-------------------------------------------
---------------------------------------
| rollout/                |           |
|    ep_len_mean          | 8.64e+04  |
|    ep_rew_mean          | -3.75e+04 |
| time/                   |           |
|    fps                  | 1461      |
|    iterations           | 488       |
|    time_elapsed         | 1367      |
|    total_timesteps      | 1998848   |
| train/                  |           |
|    approx_kl            | 0.0       |
|    clip_fraction        | 0         |
|    clip_range           | 0.2       |
|    entropy_loss         | -0.00811  |
|    explained_variance   | 0.433     |
|    learning_rate        | 0.000101  |
|    loss                 | 22.3      |
|    n_updates            | 1461      |
|    policy_gradient_loss | -7.88e-09 |
|    value_loss           | 47        |
---------------------------------------
Eval num_timesteps=2000000, episode_reward=-26695.58 +/- 2416.52
Episode length: 86400.00 +/- 0.00
-------------------------------------------
| eval/                   |               |
|    mean_ep_length       | 8.64e+04      |
|    mean_reward          | -2.67e+04     |
| time/                   |               |
|    total_timesteps      | 2000000       |
| train/                  |               |
|    approx_kl            | 1.5540427e-06 |
|    clip_fraction        | 0             |
|    clip_range           | 0.2           |
|    entropy_loss         | -0.00849      |
|    explained_variance   | 0.616         |
|    learning_rate        | 0.0001        |
|    loss                 | 13.5          |
|    n_updates            | 1464          |
|    policy_gradient_loss | 4.53e-06      |
|    value_loss           | 32            |
-------------------------------------------
  ⏱  step 2,000,000  │  FPS     662  │  RSS   5730 MB
----------------------------------
| hw/                |           |
|    fps             | 662       |
|    rss_mb          | 5.73e+03  |
| rollout/           |           |
|    ep_len_mean     | 8.64e+04  |
|    ep_rew_mean     | -3.75e+04 |
| time/              |           |
|    fps             | 1435      |
|    iterations      | 489       |
|    time_elapsed    | 1395      |
|    total_timesteps | 2002944   |
----------------------------------
-------------------------------------------
| rollout/                |               |
|    ep_len_mean          | 8.64e+04      |
|    ep_rew_mean          | -3.75e+04     |
| time/                   |               |
|    fps                  | 1437          |
|    iterations           | 490           |
|    time_elapsed         | 1395          |
|    total_timesteps      | 2007040       |
| train/                  |               |
|    approx_kl            | 2.8606155e-07 |
|    clip_fraction        | 0             |
|    clip_range           | 0.2           |
|    entropy_loss         | -0.00921      |
|    explained_variance   | 0.548         |
|    learning_rate        | 9.97e-05      |
|    loss                 | 15.3          |
|    n_updates            | 1467          |
|    policy_gradient_loss | 4.82e-06      |
|    value_loss           | 34.4          |
-------------------------------------------
-------------------------------------------
| rollout/                |               |
|    ep_len_mean          | 8.64e+04      |
|    ep_rew_mean          | -3.75e+04     |
| time/                   |               |
|    fps                  | 1440          |
|    iterations           | 491           |
|    time_elapsed         | 1396          |
|    total_timesteps      | 2011136       |
| train/                  |               |
|    approx_kl            | 8.1869075e-08 |
|    clip_fraction        | 0             |
|    clip_range           | 0.2           |
|    entropy_loss         | -0.00907      |
|    explained_variance   | 0.779         |
|    learning_rate        | 9.93e-05      |
|    loss                 | 9.35          |
|    n_updates            | 1470          |
|    policy_gradient_loss | 3.44e-06      |
|    value_loss           | 20            |
-------------------------------------------
-------------------------------------------
| rollout/                |               |
|    ep_len_mean          | 8.64e+04      |
|    ep_rew_mean          | -3.75e+04     |
| time/                   |               |
|    fps                  | 1442          |
|    iterations           | 492           |
|    time_elapsed         | 1397          |
|    total_timesteps      | 2015232       |
| train/                  |               |
|    approx_kl            | 1.2834789e-08 |
|    clip_fraction        | 0             |
|    clip_range           | 0.2           |
|    entropy_loss         | -0.0098       |
|    explained_variance   | 0.524         |
|    learning_rate        | 9.89e-05      |
|    loss                 | 16.4          |
|    n_updates            | 1473          |
|    policy_gradient_loss | 3.61e-06      |
|    value_loss           | 31.7          |
-------------------------------------------
------------------------------------------
| rollout/                |              |
|    ep_len_mean          | 8.64e+04     |
|    ep_rew_mean          | -3.75e+04    |
| time/                   |              |
|    fps                  | 1444         |
|    iterations           | 493          |
|    time_elapsed         | 1397         |
|    total_timesteps      | 2019328      |
| train/                  |              |
|    approx_kl            | 4.164758e-08 |
|    clip_fraction        | 0            |
|    clip_range           | 0.2          |
|    entropy_loss         | -0.00964     |
|    explained_variance   | 0.585        |
|    learning_rate        | 9.85e-05     |
|    loss                 | 18.1         |
|    n_updates            | 1476         |
|    policy_gradient_loss | 1.69e-06     |
|    value_loss           | 37           |
------------------------------------------
  ⏱  step 2,020,000  │  FPS    6410  │  RSS   5730 MB
-----------------------------------------
| hw/                     |             |
|    fps                  | 6.41e+03    |
|    rss_mb               | 5.73e+03    |
| rollout/                |             |
|    ep_len_mean          | 8.64e+04    |
|    ep_rew_mean          | -3.75e+04   |
| time/                   |             |
|    fps                  | 1446        |
|    iterations           | 494         |
|    time_elapsed         | 1398        |
|    total_timesteps      | 2023424     |
| train/                  |             |
|    approx_kl            | 1.73843e-06 |
|    clip_fraction        | 0           |
|    clip_range           | 0.2         |
|    entropy_loss         | -0.0101     |
|    explained_variance   | 0.757       |
|    learning_rate        | 9.81e-05    |
|    loss                 | 7.1         |
|    n_updates            | 1479        |
|    policy_gradient_loss | -2.85e-05   |
|    value_loss           | 17.3        |
-----------------------------------------
-------------------------------------------
| rollout/                |               |
|    ep_len_mean          | 8.64e+04      |
|    ep_rew_mean          | -3.75e+04     |
| time/                   |               |
|    fps                  | 1449          |
|    iterations           | 495           |
|    time_elapsed         | 1399          |
|    total_timesteps      | 2027520       |
| train/                  |               |
|    approx_kl            | 2.0437714e-05 |
|    clip_fraction        | 0.000244      |
|    clip_range           | 0.2           |
|    entropy_loss         | -0.012        |
|    explained_variance   | 0.67          |
|    learning_rate        | 9.77e-05      |
|    loss                 | 11.3          |
|    n_updates            | 1482          |
|    policy_gradient_loss | -3.6e-05      |
|    value_loss           | 23.4          |
-------------------------------------------
-------------------------------------------
| rollout/                |               |
|    ep_len_mean          | 8.64e+04      |
|    ep_rew_mean          | -3.75e+04     |
| time/                   |               |
|    fps                  | 1451          |
|    iterations           | 496           |
|    time_elapsed         | 1399          |
|    total_timesteps      | 2031616       |
| train/                  |               |
|    approx_kl            | 2.7752249e-06 |
|    clip_fraction        | 0             |
|    clip_range           | 0.2           |
|    entropy_loss         | -0.0132       |
|    explained_variance   | 0.7           |
|    learning_rate        | 9.72e-05      |
|    loss                 | 10.8          |
|    n_updates            | 1485          |
|    policy_gradient_loss | 2.23e-05      |
|    value_loss           | 17.9          |
-------------------------------------------
------------------------------------------
| rollout/                |              |
|    ep_len_mean          | 8.64e+04     |
|    ep_rew_mean          | -3.75e+04    |
| time/                   |              |
|    fps                  | 1453         |
|    iterations           | 497          |
|    time_elapsed         | 1400         |
|    total_timesteps      | 2035712      |
| train/                  |              |
|    approx_kl            | 2.365862e-05 |
|    clip_fraction        | 8.14e-05     |
|    clip_range           | 0.2          |
|    entropy_loss         | -0.0147      |
|    explained_variance   | 0.621        |
|    learning_rate        | 9.68e-05     |
|    loss                 | 7.3          |
|    n_updates            | 1488         |
|    policy_gradient_loss | -3.4e-05     |
|    value_loss           | 16.6         |
------------------------------------------
-------------------------------------------
| rollout/                |               |
|    ep_len_mean          | 8.64e+04      |
|    ep_rew_mean          | -3.75e+04     |
| time/                   |               |
|    fps                  | 1456          |
|    iterations           | 498           |
|    time_elapsed         | 1400          |
|    total_timesteps      | 2039808       |
| train/                  |               |
|    approx_kl            | 2.6414287e-05 |
|    clip_fraction        | 0.000163      |
|    clip_range           | 0.2           |
|    entropy_loss         | -0.016        |
|    explained_variance   | 0.631         |
|    learning_rate        | 9.64e-05      |
|    loss                 | 7.82          |
|    n_updates            | 1491          |
|    policy_gradient_loss | -5.98e-05     |
|    value_loss           | 19.2          |
-------------------------------------------
  ⏱  step 2,040,000  │  FPS    6690  │  RSS   5730 MB
-------------------------------------------
| hw/                     |               |
|    fps                  | 6.69e+03      |
|    rss_mb               | 5.73e+03      |
| rollout/                |               |
|    ep_len_mean          | 8.64e+04      |
|    ep_rew_mean          | -3.75e+04     |
| time/                   |               |
|    fps                  | 1458          |
|    iterations           | 499           |
|    time_elapsed         | 1401          |
|    total_timesteps      | 2043904       |
| train/                  |               |
|    approx_kl            | 1.1227254e-05 |
|    clip_fraction        | 8.14e-05      |
|    clip_range           | 0.2           |
|    entropy_loss         | -0.0157       |
|    explained_variance   | 0.632         |
|    learning_rate        | 9.6e-05       |
|    loss                 | 9.38          |
|    n_updates            | 1494          |
|    policy_gradient_loss | -8.37e-05     |
|    value_loss           | 19.8          |
-------------------------------------------
------------------------------------------
| rollout/                |              |
|    ep_len_mean          | 8.64e+04     |
|    ep_rew_mean          | -3.75e+04    |
| time/                   |              |
|    fps                  | 1460         |
|    iterations           | 500          |
|    time_elapsed         | 1402         |
|    total_timesteps      | 2048000      |
| train/                  |              |
|    approx_kl            | 8.222851e-07 |
|    clip_fraction        | 0            |
|    clip_range           | 0.2          |
|    entropy_loss         | -0.0176      |
|    explained_variance   | 0.681        |
|    learning_rate        | 9.56e-05     |
|    loss                 | 10.7         |
|    n_updates            | 1497         |
|    policy_gradient_loss | 1.96e-05     |
|    value_loss           | 23.1         |
------------------------------------------
Eval num_timesteps=2050000, episode_reward=-25667.07 +/- 3021.00
Episode length: 86400.00 +/- 0.00
-------------------------------------------
| eval/                   |               |
|    mean_ep_length       | 8.64e+04      |
|    mean_reward          | -2.57e+04     |
| time/                   |               |
|    total_timesteps      | 2050000       |
| train/                  |               |
|    approx_kl            | 1.1146869e-05 |
|    clip_fraction        | 0             |
|    clip_range           | 0.2           |
|    entropy_loss         | -0.0176       |
|    explained_variance   | 0.658         |
|    learning_rate        | 9.52e-05      |
|    loss                 | 16.2          |
|    n_updates            | 1500          |
|    policy_gradient_loss | -5.67e-05     |
|    value_loss           | 32.1          |
-------------------------------------------
----------------------------------
| rollout/           |           |
|    ep_len_mean     | 8.64e+04  |
|    ep_rew_mean     | -3.75e+04 |
| time/              |           |
|    fps             | 1434      |
|    iterations      | 501       |
|    time_elapsed    | 1430      |
|    total_timesteps | 2052096   |
----------------------------------
-------------------------------------------
| rollout/                |               |
|    ep_len_mean          | 8.64e+04      |
|    ep_rew_mean          | -3.75e+04     |
| time/                   |               |
|    fps                  | 1436          |
|    iterations           | 502           |
|    time_elapsed         | 1430          |
|    total_timesteps      | 2056192       |
| train/                  |               |
|    approx_kl            | 5.2931136e-07 |
|    clip_fraction        | 0             |
|    clip_range           | 0.2           |
|    entropy_loss         | -0.0196       |
|    explained_variance   | 0.89          |
|    learning_rate        | 9.48e-05      |
|    loss                 | 2.76          |
|    n_updates            | 1503          |
|    policy_gradient_loss | 2.93e-05      |
|    value_loss           | 7.77          |
-------------------------------------------
  ⏱  step 2,060,000  │  FPS     655  │  RSS   5730 MB
-------------------------------------------
| hw/                     |               |
|    fps                  | 655           |
|    rss_mb               | 5.73e+03      |
| rollout/                |               |
|    ep_len_mean          | 8.64e+04      |
|    ep_rew_mean          | -3.75e+04     |
| time/                   |               |
|    fps                  | 1439          |
|    iterations           | 503           |
|    time_elapsed         | 1431          |
|    total_timesteps      | 2060288       |
| train/                  |               |
|    approx_kl            | 3.4036639e-06 |
|    clip_fraction        | 0             |
|    clip_range           | 0.2           |
|    entropy_loss         | -0.0192       |
|    explained_variance   | 0.629         |
|    learning_rate        | 9.44e-05      |
|    loss                 | 13            |
|    n_updates            | 1506          |
|    policy_gradient_loss | 2.09e-05      |
|    value_loss           | 24.1          |
-------------------------------------------
-------------------------------------------
| rollout/                |               |
|    ep_len_mean          | 8.64e+04      |
|    ep_rew_mean          | -3.75e+04     |
| time/                   |               |
|    fps                  | 1441          |
|    iterations           | 504           |
|    time_elapsed         | 1432          |
|    total_timesteps      | 2064384       |
| train/                  |               |
|    approx_kl            | 1.0719377e-06 |
|    clip_fraction        | 0             |
|    clip_range           | 0.2           |
|    entropy_loss         | -0.0209       |
|    explained_variance   | 0.64          |
|    learning_rate        | 9.4e-05       |
|    loss                 | 12.4          |
|    n_updates            | 1509          |
|    policy_gradient_loss | -2.89e-06     |
|    value_loss           | 23.9          |
-------------------------------------------
-------------------------------------------
| rollout/                |               |
|    ep_len_mean          | 8.64e+04      |
|    ep_rew_mean          | -3.75e+04     |
| time/                   |               |
|    fps                  | 1443          |
|    iterations           | 505           |
|    time_elapsed         | 1432          |
|    total_timesteps      | 2068480       |
| train/                  |               |
|    approx_kl            | 2.2873282e-06 |
|    clip_fraction        | 0             |
|    clip_range           | 0.2           |
|    entropy_loss         | -0.0202       |
|    explained_variance   | 0.361         |
|    learning_rate        | 9.36e-05      |
|    loss                 | 23.3          |
|    n_updates            | 1512          |
|    policy_gradient_loss | -1.02e-05     |
|    value_loss           | 51.1          |
-------------------------------------------
------------------------------------------
| rollout/                |              |
|    ep_len_mean          | 8.64e+04     |
|    ep_rew_mean          | -3.75e+04    |
| time/                   |              |
|    fps                  | 1445         |
|    iterations           | 506          |
|    time_elapsed         | 1433         |
|    total_timesteps      | 2072576      |
| train/                  |              |
|    approx_kl            | 1.994893e-06 |
|    clip_fraction        | 0            |
|    clip_range           | 0.2          |
|    entropy_loss         | -0.0221      |
|    explained_variance   | 0.567        |
|    learning_rate        | 9.32e-05     |
|    loss                 | 21.8         |
|    n_updates            | 1515         |
|    policy_gradient_loss | -1.1e-05     |
|    value_loss           | 41.7         |
------------------------------------------
-------------------------------------------
| rollout/                |               |
|    ep_len_mean          | 8.64e+04      |
|    ep_rew_mean          | -3.71e+04     |
| time/                   |               |
|    fps                  | 1448          |
|    iterations           | 507           |
|    time_elapsed         | 1434          |
|    total_timesteps      | 2076672       |
| train/                  |               |
|    approx_kl            | 1.2954028e-05 |
|    clip_fraction        | 0             |
|    clip_range           | 0.2           |
|    entropy_loss         | -0.0239       |
|    explained_variance   | 0.67          |
|    learning_rate        | 9.27e-05      |
|    loss                 | 17.7          |
|    n_updates            | 1518          |
|    policy_gradient_loss | 9.92e-07      |
|    value_loss           | 34.6          |
-------------------------------------------
  ⏱  step 2,080,000  │  FPS    6602  │  RSS   5730 MB
-------------------------------------------
| hw/                     |               |
|    fps                  | 6.6e+03       |
|    rss_mb               | 5.73e+03      |
| rollout/                |               |
|    ep_len_mean          | 8.64e+04      |
|    ep_rew_mean          | -3.71e+04     |
| time/                   |               |
|    fps                  | 1450          |
|    iterations           | 508           |
|    time_elapsed         | 1434          |
|    total_timesteps      | 2080768       |
| train/                  |               |
|    approx_kl            | 2.8138747e-06 |
|    clip_fraction        | 0             |
|    clip_range           | 0.2           |
|    entropy_loss         | -0.0247       |
|    explained_variance   | 0.526         |
|    learning_rate        | 9.23e-05      |
|    loss                 | 21.1          |
|    n_updates            | 1521          |
|    policy_gradient_loss | -5.85e-06     |
|    value_loss           | 44.7          |
-------------------------------------------
-------------------------------------------
| rollout/                |               |
|    ep_len_mean          | 8.64e+04      |
|    ep_rew_mean          | -3.71e+04     |
| time/                   |               |
|    fps                  | 1452          |
|    iterations           | 509           |
|    time_elapsed         | 1435          |
|    total_timesteps      | 2084864       |
| train/                  |               |
|    approx_kl            | 4.4672925e-07 |
|    clip_fraction        | 0             |
|    clip_range           | 0.2           |
|    entropy_loss         | -0.0228       |
|    explained_variance   | 0.599         |
|    learning_rate        | 9.19e-05      |
|    loss                 | 14.3          |
|    n_updates            | 1524          |
|    policy_gradient_loss | -1.54e-06     |
|    value_loss           | 25.2          |
-------------------------------------------
------------------------------------------
| rollout/                |              |
|    ep_len_mean          | 8.64e+04     |
|    ep_rew_mean          | -3.71e+04    |
| time/                   |              |
|    fps                  | 1454         |
|    iterations           | 510          |
|    time_elapsed         | 1436         |
|    total_timesteps      | 2088960      |
| train/                  |              |
|    approx_kl            | 5.539198e-05 |
|    clip_fraction        | 0.000407     |
|    clip_range           | 0.2          |
|    entropy_loss         | -0.0256      |
|    explained_variance   | 0.559        |
|    learning_rate        | 9.15e-05     |
|    loss                 | 22.2         |
|    n_updates            | 1527         |
|    policy_gradient_loss | -0.000132    |
|    value_loss           | 46.5         |
------------------------------------------
-------------------------------------------
| rollout/                |               |
|    ep_len_mean          | 8.64e+04      |
|    ep_rew_mean          | -3.71e+04     |
| time/                   |               |
|    fps                  | 1456          |
|    iterations           | 511           |
|    time_elapsed         | 1436          |
|    total_timesteps      | 2093056       |
| train/                  |               |
|    approx_kl            | 2.7450005e-06 |
|    clip_fraction        | 0             |
|    clip_range           | 0.2           |
|    entropy_loss         | -0.0278       |
|    explained_variance   | 0.714         |
|    learning_rate        | 9.11e-05      |
|    loss                 | 10.6          |
|    n_updates            | 1530          |
|    policy_gradient_loss | 2.15e-05      |
|    value_loss           | 20.1          |
-------------------------------------------
-------------------------------------------
| rollout/                |               |
|    ep_len_mean          | 8.64e+04      |
|    ep_rew_mean          | -3.71e+04     |
| time/                   |               |
|    fps                  | 1459          |
|    iterations           | 512           |
|    time_elapsed         | 1437          |
|    total_timesteps      | 2097152       |
| train/                  |               |
|    approx_kl            | 3.3610122e-06 |
|    clip_fraction        | 0             |
|    clip_range           | 0.2           |
|    entropy_loss         | -0.0275       |
|    explained_variance   | 0.637         |
|    learning_rate        | 9.07e-05      |
|    loss                 | 12.2          |
|    n_updates            | 1533          |
|    policy_gradient_loss | -5.13e-05     |
|    value_loss           | 25.1          |
-------------------------------------------
Eval num_timesteps=2100000, episode_reward=-27917.42 +/- 167.02
Episode length: 86400.00 +/- 0.00
------------------------------------------
| eval/                   |              |
|    mean_ep_length       | 8.64e+04     |
|    mean_reward          | -2.79e+04    |
| time/                   |              |
|    total_timesteps      | 2100000      |
| train/                  |              |
|    approx_kl            | 5.933849e-06 |
|    clip_fraction        | 0            |
|    clip_range           | 0.2          |
|    entropy_loss         | -0.0262      |
|    explained_variance   | 0.632        |
|    learning_rate        | 9.03e-05     |
|    loss                 | 15           |
|    n_updates            | 1536         |
|    policy_gradient_loss | -5.75e-05    |
|    value_loss           | 34.9         |
------------------------------------------
  ⏱  step 2,100,000  │  FPS     649  │  RSS   5730 MB
----------------------------------
| hw/                |           |
|    fps             | 649       |
|    rss_mb          | 5.73e+03  |
| rollout/           |           |
|    ep_len_mean     | 8.64e+04  |
|    ep_rew_mean     | -3.71e+04 |
| time/              |           |
|    fps             | 1433      |
|    iterations      | 513       |
|    time_elapsed    | 1465      |
|    total_timesteps | 2101248   |
----------------------------------
-------------------------------------------
| rollout/                |               |
|    ep_len_mean          | 8.64e+04      |
|    ep_rew_mean          | -3.71e+04     |
| time/                   |               |
|    fps                  | 1435          |
|    iterations           | 514           |
|    time_elapsed         | 1466          |
|    total_timesteps      | 2105344       |
| train/                  |               |
|    approx_kl            | 3.4480763e-07 |
|    clip_fraction        | 0             |
|    clip_range           | 0.2           |
|    entropy_loss         | -0.0251       |
|    explained_variance   | 0.428         |
|    learning_rate        | 8.99e-05      |
|    loss                 | 20.4          |
|    n_updates            | 1539          |
|    policy_gradient_loss | -1.05e-05     |
|    value_loss           | 44.4          |
-------------------------------------------
------------------------------------------
| rollout/                |              |
|    ep_len_mean          | 8.64e+04     |
|    ep_rew_mean          | -3.71e+04    |
| time/                   |              |
|    fps                  | 1438         |
|    iterations           | 515          |
|    time_elapsed         | 1466         |
|    total_timesteps      | 2109440      |
| train/                  |              |
|    approx_kl            | 8.517352e-06 |
|    clip_fraction        | 0            |
|    clip_range           | 0.2          |
|    entropy_loss         | -0.0262      |
|    explained_variance   | 0.651        |
|    learning_rate        | 8.95e-05     |
|    loss                 | 15.7         |
|    n_updates            | 1542         |
|    policy_gradient_loss | -1.51e-05    |
|    value_loss           | 30.2         |
------------------------------------------
-------------------------------------------
| rollout/                |               |
|    ep_len_mean          | 8.64e+04      |
|    ep_rew_mean          | -3.71e+04     |
| time/                   |               |
|    fps                  | 1440          |
|    iterations           | 516           |
|    time_elapsed         | 1467          |
|    total_timesteps      | 2113536       |
| train/                  |               |
|    approx_kl            | 1.2063989e-05 |
|    clip_fraction        | 0             |
|    clip_range           | 0.2           |
|    entropy_loss         | -0.0295       |
|    explained_variance   | 0.575         |
|    learning_rate        | 8.91e-05      |
|    loss                 | 12.9          |
|    n_updates            | 1545          |
|    policy_gradient_loss | 3.65e-05      |
|    value_loss           | 24.4          |
-------------------------------------------
-------------------------------------------
| rollout/                |               |
|    ep_len_mean          | 8.64e+04      |
|    ep_rew_mean          | -3.71e+04     |
| time/                   |               |
|    fps                  | 1442          |
|    iterations           | 517           |
|    time_elapsed         | 1468          |
|    total_timesteps      | 2117632       |
| train/                  |               |
|    approx_kl            | 1.5904123e-05 |
|    clip_fraction        | 0             |
|    clip_range           | 0.2           |
|    entropy_loss         | -0.0291       |
|    explained_variance   | 0.881         |
|    learning_rate        | 8.86e-05      |
|    loss                 | 3.7           |
|    n_updates            | 1548          |
|    policy_gradient_loss | -0.000105     |
|    value_loss           | 9.28          |
-------------------------------------------
  ⏱  step 2,120,000  │  FPS    6358  │  RSS   5730 MB
------------------------------------------
| hw/                     |              |
|    fps                  | 6.36e+03     |
|    rss_mb               | 5.73e+03     |
| rollout/                |              |
|    ep_len_mean          | 8.64e+04     |
|    ep_rew_mean          | -3.71e+04    |
| time/                   |              |
|    fps                  | 1444         |
|    iterations           | 518          |
|    time_elapsed         | 1468         |
|    total_timesteps      | 2121728      |
| train/                  |              |
|    approx_kl            | 7.185196e-05 |
|    clip_fraction        | 0.000407     |
|    clip_range           | 0.2          |
|    entropy_loss         | -0.0243      |
|    explained_variance   | 0.652        |
|    learning_rate        | 8.82e-05     |
|    loss                 | 7.7          |
|    n_updates            | 1551         |
|    policy_gradient_loss | -0.00031     |
|    value_loss           | 19           |
------------------------------------------
--------------------------------------------
| rollout/                |                |
|    ep_len_mean          | 8.64e+04       |
|    ep_rew_mean          | -3.71e+04      |
| time/                   |                |
|    fps                  | 1446           |
|    iterations           | 519            |
|    time_elapsed         | 1469           |
|    total_timesteps      | 2125824        |
| train/                  |                |
|    approx_kl            | 1.02726335e-05 |
|    clip_fraction        | 0              |
|    clip_range           | 0.2            |
|    entropy_loss         | -0.022         |
|    explained_variance   | 0.765          |
|    learning_rate        | 8.78e-05       |
|    loss                 | 4.28           |
|    n_updates            | 1554           |
|    policy_gradient_loss | -9.33e-05      |
|    value_loss           | 12.7           |
--------------------------------------------
-------------------------------------------
| rollout/                |               |
|    ep_len_mean          | 8.64e+04      |
|    ep_rew_mean          | -3.71e+04     |
| time/                   |               |
|    fps                  | 1448          |
|    iterations           | 520           |
|    time_elapsed         | 1470          |
|    total_timesteps      | 2129920       |
| train/                  |               |
|    approx_kl            | 1.5703568e-05 |
|    clip_fraction        | 0             |
|    clip_range           | 0.2           |
|    entropy_loss         | -0.0192       |
|    explained_variance   | 0.774         |
|    learning_rate        | 8.74e-05      |
|    loss                 | 10.1          |
|    n_updates            | 1557          |
|    policy_gradient_loss | -0.000121     |
|    value_loss           | 23            |
-------------------------------------------
------------------------------------------
| rollout/                |              |
|    ep_len_mean          | 8.64e+04     |
|    ep_rew_mean          | -3.71e+04    |
| time/                   |              |
|    fps                  | 1451         |
|    iterations           | 521          |
|    time_elapsed         | 1470         |
|    total_timesteps      | 2134016      |
| train/                  |              |
|    approx_kl            | 2.195884e-08 |
|    clip_fraction        | 0            |
|    clip_range           | 0.2          |
|    entropy_loss         | -0.0183      |
|    explained_variance   | 0.448        |
|    learning_rate        | 8.7e-05      |
|    loss                 | 19.6         |
|    n_updates            | 1560         |
|    policy_gradient_loss | 3.87e-06     |
|    value_loss           | 46.5         |
------------------------------------------
------------------------------------------
| rollout/                |              |
|    ep_len_mean          | 8.64e+04     |
|    ep_rew_mean          | -3.71e+04    |
| time/                   |              |
|    fps                  | 1453         |
|    iterations           | 522          |
|    time_elapsed         | 1471         |
|    total_timesteps      | 2138112      |
| train/                  |              |
|    approx_kl            | 5.322072e-06 |
|    clip_fraction        | 0            |
|    clip_range           | 0.2          |
|    entropy_loss         | -0.0194      |
|    explained_variance   | 0.474        |
|    learning_rate        | 8.66e-05     |
|    loss                 | 30.9         |
|    n_updates            | 1563         |
|    policy_gradient_loss | -3.03e-05    |
|    value_loss           | 65.5         |
------------------------------------------
  ⏱  step 2,140,000  │  FPS    6692  │  RSS   5730 MB
-------------------------------------------
| hw/                     |               |
|    fps                  | 6.69e+03      |
|    rss_mb               | 5.73e+03      |
| rollout/                |               |
|    ep_len_mean          | 8.64e+04      |
|    ep_rew_mean          | -3.71e+04     |
| time/                   |               |
|    fps                  | 1455          |
|    iterations           | 523           |
|    time_elapsed         | 1471          |
|    total_timesteps      | 2142208       |
| train/                  |               |
|    approx_kl            | 1.9261788e-06 |
|    clip_fraction        | 0             |
|    clip_range           | 0.2           |
|    entropy_loss         | -0.0203       |
|    explained_variance   | 0.708         |
|    learning_rate        | 8.62e-05      |
|    loss                 | 7.58          |
|    n_updates            | 1566          |
|    policy_gradient_loss | 1.4e-05       |
|    value_loss           | 15.9          |
-------------------------------------------
-------------------------------------------
| rollout/                |               |
|    ep_len_mean          | 8.64e+04      |
|    ep_rew_mean          | -3.71e+04     |
| time/                   |               |
|    fps                  | 1457          |
|    iterations           | 524           |
|    time_elapsed         | 1472          |
|    total_timesteps      | 2146304       |
| train/                  |               |
|    approx_kl            | 1.3803947e-07 |
|    clip_fraction        | 0             |
|    clip_range           | 0.2           |
|    entropy_loss         | -0.021        |
|    explained_variance   | 0.465         |
|    learning_rate        | 8.58e-05      |
|    loss                 | 18            |
|    n_updates            | 1569          |
|    policy_gradient_loss | 1.55e-05      |
|    value_loss           | 37.4          |
-------------------------------------------
Eval num_timesteps=2150000, episode_reward=-27655.17 +/- 346.02
Episode length: 86400.00 +/- 0.00
------------------------------------------
| eval/                   |              |
|    mean_ep_length       | 8.64e+04     |
|    mean_reward          | -2.77e+04    |
| time/                   |              |
|    total_timesteps      | 2150000      |
| train/                  |              |
|    approx_kl            | 1.241162e-06 |
|    clip_fraction        | 0            |
|    clip_range           | 0.2          |
|    entropy_loss         | -0.0204      |
|    explained_variance   | 0.692        |
|    learning_rate        | 8.54e-05     |
|    loss                 | 5.53         |
|    n_updates            | 1572         |
|    policy_gradient_loss | -1.82e-05    |
|    value_loss           | 15.9         |
------------------------------------------
----------------------------------
| rollout/           |           |
|    ep_len_mean     | 8.64e+04  |
|    ep_rew_mean     | -3.71e+04 |
| time/              |           |
|    fps             | 1433      |
|    iterations      | 525       |
|    time_elapsed    | 1500      |
|    total_timesteps | 2150400   |
----------------------------------
-------------------------------------------
| rollout/                |               |
|    ep_len_mean          | 8.64e+04      |
|    ep_rew_mean          | -3.71e+04     |
| time/                   |               |
|    fps                  | 1435          |
|    iterations           | 526           |
|    time_elapsed         | 1500          |
|    total_timesteps      | 2154496       |
| train/                  |               |
|    approx_kl            | 1.6207923e-06 |
|    clip_fraction        | 0             |
|    clip_range           | 0.2           |
|    entropy_loss         | -0.0215       |
|    explained_variance   | 0.403         |
|    learning_rate        | 8.5e-05       |
|    loss                 | 17.3          |
|    n_updates            | 1575          |
|    policy_gradient_loss | 1.23e-05      |
|    value_loss           | 36.1          |
-------------------------------------------
-------------------------------------------
| rollout/                |               |
|    ep_len_mean          | 8.64e+04      |
|    ep_rew_mean          | -3.71e+04     |
| time/                   |               |
|    fps                  | 1437          |
|    iterations           | 527           |
|    time_elapsed         | 1501          |
|    total_timesteps      | 2158592       |
| train/                  |               |
|    approx_kl            | 2.0167645e-06 |
|    clip_fraction        | 0             |
|    clip_range           | 0.2           |
|    entropy_loss         | -0.0215       |
|    explained_variance   | 0.609         |
|    learning_rate        | 8.46e-05      |
|    loss                 | 18.3          |
|    n_updates            | 1578          |
|    policy_gradient_loss | -1.1e-05      |
|    value_loss           | 40.6          |
-------------------------------------------
  ⏱  step 2,160,000  │  FPS     666  │  RSS   5730 MB
------------------------------------------
| hw/                     |              |
|    fps                  | 666          |
|    rss_mb               | 5.73e+03     |
| rollout/                |              |
|    ep_len_mean          | 8.64e+04     |
|    ep_rew_mean          | -3.68e+04    |
| time/                   |              |
|    fps                  | 1439         |
|    iterations           | 528          |
|    time_elapsed         | 1501         |
|    total_timesteps      | 2162688      |
| train/                  |              |
|    approx_kl            | 6.115297e-07 |
|    clip_fraction        | 0            |
|    clip_range           | 0.2          |
|    entropy_loss         | -0.021       |
|    explained_variance   | 0.634        |
|    learning_rate        | 8.41e-05     |
|    loss                 | 12.1         |
|    n_updates            | 1581         |
|    policy_gradient_loss | 1.2e-06      |
|    value_loss           | 31.6         |
------------------------------------------
-------------------------------------------
| rollout/                |               |
|    ep_len_mean          | 8.64e+04      |
|    ep_rew_mean          | -3.68e+04     |
| time/                   |               |
|    fps                  | 1442          |
|    iterations           | 529           |
|    time_elapsed         | 1502          |
|    total_timesteps      | 2166784       |
| train/                  |               |
|    approx_kl            | 3.5745325e-07 |
|    clip_fraction        | 0             |
|    clip_range           | 0.2           |
|    entropy_loss         | -0.0215       |
|    explained_variance   | 0.698         |
|    learning_rate        | 8.37e-05      |
|    loss                 | 17.1          |
|    n_updates            | 1584          |
|    policy_gradient_loss | -8.44e-06     |
|    value_loss           | 38.4          |
-------------------------------------------
------------------------------------------
| rollout/                |              |
|    ep_len_mean          | 8.64e+04     |
|    ep_rew_mean          | -3.68e+04    |
| time/                   |              |
|    fps                  | 1444         |
|    iterations           | 530          |
|    time_elapsed         | 1503         |
|    total_timesteps      | 2170880      |
| train/                  |              |
|    approx_kl            | 5.273614e-08 |
|    clip_fraction        | 0            |
|    clip_range           | 0.2          |
|    entropy_loss         | -0.0217      |
|    explained_variance   | 0.614        |
|    learning_rate        | 8.33e-05     |
|    loss                 | 17.1         |
|    n_updates            | 1587         |
|    policy_gradient_loss | 9.3e-06      |
|    value_loss           | 35.8         |
------------------------------------------
------------------------------------------
| rollout/                |              |
|    ep_len_mean          | 8.64e+04     |
|    ep_rew_mean          | -3.68e+04    |
| time/                   |              |
|    fps                  | 1446         |
|    iterations           | 531          |
|    time_elapsed         | 1503         |
|    total_timesteps      | 2174976      |
| train/                  |              |
|    approx_kl            | 7.442577e-07 |
|    clip_fraction        | 0            |
|    clip_range           | 0.2          |
|    entropy_loss         | -0.0214      |
|    explained_variance   | 0.414        |
|    learning_rate        | 8.29e-05     |
|    loss                 | 17.2         |
|    n_updates            | 1590         |
|    policy_gradient_loss | -4.22e-06    |
|    value_loss           | 35.4         |
------------------------------------------
-------------------------------------------
| rollout/                |               |
|    ep_len_mean          | 8.64e+04      |
|    ep_rew_mean          | -3.68e+04     |
| time/                   |               |
|    fps                  | 1448          |
|    iterations           | 532           |
|    time_elapsed         | 1504          |
|    total_timesteps      | 2179072       |
| train/                  |               |
|    approx_kl            | 2.5359623e-06 |
|    clip_fraction        | 0             |
|    clip_range           | 0.2           |
|    entropy_loss         | -0.0229       |
|    explained_variance   | 0.732         |
|    learning_rate        | 8.25e-05      |
|    loss                 | 13.5          |
|    n_updates            | 1593          |
|    policy_gradient_loss | 7.87e-06      |
|    value_loss           | 30.9          |
-------------------------------------------
  ⏱  step 2,180,000  │  FPS    6617  │  RSS   5730 MB
-------------------------------------------
| hw/                     |               |
|    fps                  | 6.62e+03      |
|    rss_mb               | 5.73e+03      |
| rollout/                |               |
|    ep_len_mean          | 8.64e+04      |
|    ep_rew_mean          | -3.68e+04     |
| time/                   |               |
|    fps                  | 1450          |
|    iterations           | 533           |
|    time_elapsed         | 1505          |
|    total_timesteps      | 2183168       |
| train/                  |               |
|    approx_kl            | 1.9421423e-06 |
|    clip_fraction        | 0             |
|    clip_range           | 0.2           |
|    entropy_loss         | -0.0233       |
|    explained_variance   | 0.459         |
|    learning_rate        | 8.21e-05      |
|    loss                 | 13.7          |
|    n_updates            | 1596          |
|    policy_gradient_loss | -3.67e-05     |
|    value_loss           | 34.1          |
-------------------------------------------
-------------------------------------------
| rollout/                |               |
|    ep_len_mean          | 8.64e+04      |
|    ep_rew_mean          | -3.68e+04     |
| time/                   |               |
|    fps                  | 1452          |
|    iterations           | 534           |
|    time_elapsed         | 1505          |
|    total_timesteps      | 2187264       |
| train/                  |               |
|    approx_kl            | 1.3078301e-05 |
|    clip_fraction        | 0             |
|    clip_range           | 0.2           |
|    entropy_loss         | -0.0225       |
|    explained_variance   | 0.739         |
|    learning_rate        | 8.17e-05      |
|    loss                 | 5.41          |
|    n_updates            | 1599          |
|    policy_gradient_loss | -0.000106     |
|    value_loss           | 13.5          |
-------------------------------------------
-----------------------------------------
| rollout/                |             |
|    ep_len_mean          | 8.64e+04    |
|    ep_rew_mean          | -3.68e+04   |
| time/                   |             |
|    fps                  | 1454        |
|    iterations           | 535         |
|    time_elapsed         | 1506        |
|    total_timesteps      | 2191360     |
| train/                  |             |
|    approx_kl            | 1.00857e-05 |
|    clip_fraction        | 0           |
|    clip_range           | 0.2         |
|    entropy_loss         | -0.0199     |
|    explained_variance   | 0.686       |
|    learning_rate        | 8.13e-05    |
|    loss                 | 14.2        |
|    n_updates            | 1602        |
|    policy_gradient_loss | -3.87e-05   |
|    value_loss           | 32.8        |
-----------------------------------------
-------------------------------------------
| rollout/                |               |
|    ep_len_mean          | 8.64e+04      |
|    ep_rew_mean          | -3.68e+04     |
| time/                   |               |
|    fps                  | 1456          |
|    iterations           | 536           |
|    time_elapsed         | 1506          |
|    total_timesteps      | 2195456       |
| train/                  |               |
|    approx_kl            | 4.1573803e-06 |
|    clip_fraction        | 0             |
|    clip_range           | 0.2           |
|    entropy_loss         | -0.0202       |
|    explained_variance   | 0.431         |
|    learning_rate        | 8.09e-05      |
|    loss                 | 17.9          |
|    n_updates            | 1605          |
|    policy_gradient_loss | 5.6e-06       |
|    value_loss           | 37.6          |
-------------------------------------------
-------------------------------------------
| rollout/                |               |
|    ep_len_mean          | 8.64e+04      |
|    ep_rew_mean          | -3.68e+04     |
| time/                   |               |
|    fps                  | 1459          |
|    iterations           | 537           |
|    time_elapsed         | 1507          |
|    total_timesteps      | 2199552       |
| train/                  |               |
|    approx_kl            | 1.9847357e-07 |
|    clip_fraction        | 0             |
|    clip_range           | 0.2           |
|    entropy_loss         | -0.0208       |
|    explained_variance   | 0.625         |
|    learning_rate        | 8.05e-05      |
|    loss                 | 13.9          |
|    n_updates            | 1608          |
|    policy_gradient_loss | 2.16e-06      |
|    value_loss           | 25.9          |
-------------------------------------------
Eval num_timesteps=2200000, episode_reward=-27892.77 +/- 242.76
Episode length: 86400.00 +/- 0.00
-------------------------------------------
| eval/                   |               |
|    mean_ep_length       | 8.64e+04      |
|    mean_reward          | -2.79e+04     |
| time/                   |               |
|    total_timesteps      | 2200000       |
| train/                  |               |
|    approx_kl            | 2.1574378e-06 |
|    clip_fraction        | 0             |
|    clip_range           | 0.2           |
|    entropy_loss         | -0.0203       |
|    explained_variance   | 0.747         |
|    learning_rate        | 8e-05         |
|    loss                 | 5.14          |
|    n_updates            | 1611          |
|    policy_gradient_loss | 9.56e-07      |
|    value_loss           | 11.6          |
-------------------------------------------
  ⏱  step 2,200,000  │  FPS     661  │  RSS   5730 MB
----------------------------------
| hw/                |           |
|    fps             | 661       |
|    rss_mb          | 5.73e+03  |
| rollout/           |           |
|    ep_len_mean     | 8.64e+04  |
|    ep_rew_mean     | -3.68e+04 |
| time/              |           |
|    fps             | 1435      |
|    iterations      | 538       |
|    time_elapsed    | 1535      |
|    total_timesteps | 2203648   |
----------------------------------
-------------------------------------------
| rollout/                |               |
|    ep_len_mean          | 8.64e+04      |
|    ep_rew_mean          | -3.68e+04     |
| time/                   |               |
|    fps                  | 1437          |
|    iterations           | 539           |
|    time_elapsed         | 1536          |
|    total_timesteps      | 2207744       |
| train/                  |               |
|    approx_kl            | 1.0352058e-05 |
|    clip_fraction        | 0             |
|    clip_range           | 0.2           |
|    entropy_loss         | -0.0207       |
|    explained_variance   | 0.84          |
|    learning_rate        | 7.96e-05      |
|    loss                 | 5.78          |
|    n_updates            | 1614          |
|    policy_gradient_loss | -5.62e-05     |
|    value_loss           | 9.93          |
-------------------------------------------
------------------------------------------
| rollout/                |              |
|    ep_len_mean          | 8.64e+04     |
|    ep_rew_mean          | -3.68e+04    |
| time/                   |              |
|    fps                  | 1439         |
|    iterations           | 540          |
|    time_elapsed         | 1536         |
|    total_timesteps      | 2211840      |
| train/                  |              |
|    approx_kl            | 2.151617e-06 |
|    clip_fraction        | 0            |
|    clip_range           | 0.2          |
|    entropy_loss         | -0.0183      |
|    explained_variance   | 0.713        |
|    learning_rate        | 7.92e-05     |
|    loss                 | 7.78         |
|    n_updates            | 1617         |
|    policy_gradient_loss | -4.49e-05    |
|    value_loss           | 19.6         |
------------------------------------------
------------------------------------------
| rollout/                |              |
|    ep_len_mean          | 8.64e+04     |
|    ep_rew_mean          | -3.68e+04    |
| time/                   |              |
|    fps                  | 1441         |
|    iterations           | 541          |
|    time_elapsed         | 1537         |
|    total_timesteps      | 2215936      |
| train/                  |              |
|    approx_kl            | 5.788752e-08 |
|    clip_fraction        | 0            |
|    clip_range           | 0.2          |
|    entropy_loss         | -0.0182      |
|    explained_variance   | 0.591        |
|    learning_rate        | 7.88e-05     |
|    loss                 | 15.2         |
|    n_updates            | 1620         |
|    policy_gradient_loss | 2.84e-06     |
|    value_loss           | 33.9         |
------------------------------------------
  ⏱  step 2,220,000  │  FPS    6766  │  RSS   5730 MB
------------------------------------------
| hw/                     |              |
|    fps                  | 6.77e+03     |
|    rss_mb               | 5.73e+03     |
| rollout/                |              |
|    ep_len_mean          | 8.64e+04     |
|    ep_rew_mean          | -3.68e+04    |
| time/                   |              |
|    fps                  | 1443         |
|    iterations           | 542          |
|    time_elapsed         | 1537         |
|    total_timesteps      | 2220032      |
| train/                  |              |
|    approx_kl            | 1.907465e-07 |
|    clip_fraction        | 0            |
|    clip_range           | 0.2          |
|    entropy_loss         | -0.0182      |
|    explained_variance   | 0.473        |
|    learning_rate        | 7.84e-05     |
|    loss                 | 17.7         |
|    n_updates            | 1623         |
|    policy_gradient_loss | 1.09e-05     |
|    value_loss           | 42.5         |
------------------------------------------
-------------------------------------------
| rollout/                |               |
|    ep_len_mean          | 8.64e+04      |
|    ep_rew_mean          | -3.68e+04     |
| time/                   |               |
|    fps                  | 1445          |
|    iterations           | 543           |
|    time_elapsed         | 1538          |
|    total_timesteps      | 2224128       |
| train/                  |               |
|    approx_kl            | 3.7052087e-07 |
|    clip_fraction        | 0             |
|    clip_range           | 0.2           |
|    entropy_loss         | -0.0186       |
|    explained_variance   | 0.477         |
|    learning_rate        | 7.8e-05       |
|    loss                 | 14.3          |
|    n_updates            | 1626          |
|    policy_gradient_loss | 9.17e-06      |
|    value_loss           | 35.3          |
-------------------------------------------
-------------------------------------------
| rollout/                |               |
|    ep_len_mean          | 8.64e+04      |
|    ep_rew_mean          | -3.68e+04     |
| time/                   |               |
|    fps                  | 1447          |
|    iterations           | 544           |
|    time_elapsed         | 1539          |
|    total_timesteps      | 2228224       |
| train/                  |               |
|    approx_kl            | 8.2423503e-07 |
|    clip_fraction        | 0             |
|    clip_range           | 0.2           |
|    entropy_loss         | -0.0182       |
|    explained_variance   | 0.478         |
|    learning_rate        | 7.76e-05      |
|    loss                 | 17.8          |
|    n_updates            | 1629          |
|    policy_gradient_loss | -1.73e-05     |
|    value_loss           | 41.8          |
-------------------------------------------
-------------------------------------------
| rollout/                |               |
|    ep_len_mean          | 8.64e+04      |
|    ep_rew_mean          | -3.68e+04     |
| time/                   |               |
|    fps                  | 1449          |
|    iterations           | 545           |
|    time_elapsed         | 1539          |
|    total_timesteps      | 2232320       |
| train/                  |               |
|    approx_kl            | 4.4350745e-06 |
|    clip_fraction        | 0             |
|    clip_range           | 0.2           |
|    entropy_loss         | -0.0175       |
|    explained_variance   | 0.532         |
|    learning_rate        | 7.72e-05      |
|    loss                 | 8.99          |
|    n_updates            | 1632          |
|    policy_gradient_loss | -4.3e-05      |
|    value_loss           | 22.1          |
-------------------------------------------
-------------------------------------------
| rollout/                |               |
|    ep_len_mean          | 8.64e+04      |
|    ep_rew_mean          | -3.68e+04     |
| time/                   |               |
|    fps                  | 1451          |
|    iterations           | 546           |
|    time_elapsed         | 1540          |
|    total_timesteps      | 2236416       |
| train/                  |               |
|    approx_kl            | 1.6741542e-06 |
|    clip_fraction        | 0             |
|    clip_range           | 0.2           |
|    entropy_loss         | -0.0164       |
|    explained_variance   | 0.62          |
|    learning_rate        | 7.68e-05      |
|    loss                 | 11.1          |
|    n_updates            | 1635          |
|    policy_gradient_loss | -2.58e-05     |
|    value_loss           | 22.6          |
-------------------------------------------
  ⏱  step 2,240,000  │  FPS    6085  │  RSS   5730 MB
------------------------------------------
| hw/                     |              |
|    fps                  | 6.08e+03     |
|    rss_mb               | 5.73e+03     |
| rollout/                |              |
|    ep_len_mean          | 8.64e+04     |
|    ep_rew_mean          | -3.68e+04    |
| time/                   |              |
|    fps                  | 1453         |
|    iterations           | 547          |
|    time_elapsed         | 1541         |
|    total_timesteps      | 2240512      |
| train/                  |              |
|    approx_kl            | 2.906163e-06 |
|    clip_fraction        | 0            |
|    clip_range           | 0.2          |
|    entropy_loss         | -0.0164      |
|    explained_variance   | 0.553        |
|    learning_rate        | 7.64e-05     |
|    loss                 | 12.6         |
|    n_updates            | 1638         |
|    policy_gradient_loss | -1.09e-05    |
|    value_loss           | 26           |
------------------------------------------
-------------------------------------------
| rollout/                |               |
|    ep_len_mean          | 8.64e+04      |
|    ep_rew_mean          | -3.68e+04     |
| time/                   |               |
|    fps                  | 1455          |
|    iterations           | 548           |
|    time_elapsed         | 1541          |
|    total_timesteps      | 2244608       |
| train/                  |               |
|    approx_kl            | 1.3933459e-06 |
|    clip_fraction        | 0             |
|    clip_range           | 0.2           |
|    entropy_loss         | -0.0175       |
|    explained_variance   | 0.564         |
|    learning_rate        | 7.59e-05      |
|    loss                 | 11.1          |
|    n_updates            | 1641          |
|    policy_gradient_loss | 5.94e-06      |
|    value_loss           | 24.4          |
-------------------------------------------
-------------------------------------------
| rollout/                |               |
|    ep_len_mean          | 8.64e+04      |
|    ep_rew_mean          | -3.65e+04     |
| time/                   |               |
|    fps                  | 1457          |
|    iterations           | 549           |
|    time_elapsed         | 1542          |
|    total_timesteps      | 2248704       |
| train/                  |               |
|    approx_kl            | 1.8022547e-07 |
|    clip_fraction        | 0             |
|    clip_range           | 0.2           |
|    entropy_loss         | -0.0177       |
|    explained_variance   | 0.614         |
|    learning_rate        | 7.55e-05      |
|    loss                 | 19.3          |
|    n_updates            | 1644          |
|    policy_gradient_loss | -4.91e-06     |
|    value_loss           | 39.1          |
-------------------------------------------
Eval num_timesteps=2250000, episode_reward=-27951.62 +/- 1190.33
Episode length: 86400.00 +/- 0.00
-------------------------------------------
| eval/                   |               |
|    mean_ep_length       | 8.64e+04      |
|    mean_reward          | -2.8e+04      |
| time/                   |               |
|    total_timesteps      | 2250000       |
| train/                  |               |
|    approx_kl            | 1.7660641e-06 |
|    clip_fraction        | 0             |
|    clip_range           | 0.2           |
|    entropy_loss         | -0.0176       |
|    explained_variance   | 0.509         |
|    learning_rate        | 7.51e-05      |
|    loss                 | 19.3          |
|    n_updates            | 1647          |
|    policy_gradient_loss | -3.9e-05      |
|    value_loss           | 40.8          |
-------------------------------------------
----------------------------------
| rollout/           |           |
|    ep_len_mean     | 8.64e+04  |
|    ep_rew_mean     | -3.65e+04 |
| time/              |           |
|    fps             | 1434      |
|    iterations      | 550       |
|    time_elapsed    | 1570      |
|    total_timesteps | 2252800   |
----------------------------------
-------------------------------------------
| rollout/                |               |
|    ep_len_mean          | 8.64e+04      |
|    ep_rew_mean          | -3.65e+04     |
| time/                   |               |
|    fps                  | 1436          |
|    iterations           | 551           |
|    time_elapsed         | 1571          |
|    total_timesteps      | 2256896       |
| train/                  |               |
|    approx_kl            | 7.2293915e-08 |
|    clip_fraction        | 0             |
|    clip_range           | 0.2           |
|    entropy_loss         | -0.0167       |
|    explained_variance   | 0.807         |
|    learning_rate        | 7.47e-05      |
|    loss                 | 6.65          |
|    n_updates            | 1650          |
|    policy_gradient_loss | 3.76e-06      |
|    value_loss           | 12.8          |
-------------------------------------------
  ⏱  step 2,260,000  │  FPS     648  │  RSS   5730 MB
------------------------------------------
| hw/                     |              |
|    fps                  | 648          |
|    rss_mb               | 5.73e+03     |
| rollout/                |              |
|    ep_len_mean          | 8.64e+04     |
|    ep_rew_mean          | -3.65e+04    |
| time/                   |              |
|    fps                  | 1438         |
|    iterations           | 552          |
|    time_elapsed         | 1572         |
|    total_timesteps      | 2260992      |
| train/                  |              |
|    approx_kl            | 4.665053e-07 |
|    clip_fraction        | 0            |
|    clip_range           | 0.2          |
|    entropy_loss         | -0.0171      |
|    explained_variance   | 0.624        |
|    learning_rate        | 7.43e-05     |
|    loss                 | 18.5         |
|    n_updates            | 1653         |
|    policy_gradient_loss | -1.16e-05    |
|    value_loss           | 36.9         |
------------------------------------------
-------------------------------------------
| rollout/                |               |
|    ep_len_mean          | 8.64e+04      |
|    ep_rew_mean          | -3.65e+04     |
| time/                   |               |
|    fps                  | 1440          |
|    iterations           | 553           |
|    time_elapsed         | 1572          |
|    total_timesteps      | 2265088       |
| train/                  |               |
|    approx_kl            | 9.1646507e-07 |
|    clip_fraction        | 0             |
|    clip_range           | 0.2           |
|    entropy_loss         | -0.0163       |
|    explained_variance   | 0.345         |
|    learning_rate        | 7.39e-05      |
|    loss                 | 14.7          |
|    n_updates            | 1656          |
|    policy_gradient_loss | -2.43e-05     |
|    value_loss           | 36.8          |
-------------------------------------------
-------------------------------------------
| rollout/                |               |
|    ep_len_mean          | 8.64e+04      |
|    ep_rew_mean          | -3.65e+04     |
| time/                   |               |
|    fps                  | 1442          |
|    iterations           | 554           |
|    time_elapsed         | 1573          |
|    total_timesteps      | 2269184       |
| train/                  |               |
|    approx_kl            | 5.0263916e-06 |
|    clip_fraction        | 0             |
|    clip_range           | 0.2           |
|    entropy_loss         | -0.0165       |
|    explained_variance   | 0.884         |
|    learning_rate        | 7.35e-05      |
|    loss                 | 3.03          |
|    n_updates            | 1659          |
|    policy_gradient_loss | -6.09e-05     |
|    value_loss           | 8.01          |
-------------------------------------------
-------------------------------------------
| rollout/                |               |
|    ep_len_mean          | 8.64e+04      |
|    ep_rew_mean          | -3.65e+04     |
| time/                   |               |
|    fps                  | 1444          |
|    iterations           | 555           |
|    time_elapsed         | 1573          |
|    total_timesteps      | 2273280       |
| train/                  |               |
|    approx_kl            | 2.7546776e-07 |
|    clip_fraction        | 0             |
|    clip_range           | 0.2           |
|    entropy_loss         | -0.0158       |
|    explained_variance   | 0.794         |
|    learning_rate        | 7.31e-05      |
|    loss                 | 7.79          |
|    n_updates            | 1662          |
|    policy_gradient_loss | 7.99e-07      |
|    value_loss           | 16.1          |
-------------------------------------------
-------------------------------------------
| rollout/                |               |
|    ep_len_mean          | 8.64e+04      |
|    ep_rew_mean          | -3.65e+04     |
| time/                   |               |
|    fps                  | 1446          |
|    iterations           | 556           |
|    time_elapsed         | 1574          |
|    total_timesteps      | 2277376       |
| train/                  |               |
|    approx_kl            | 1.3172685e-06 |
|    clip_fraction        | 0             |
|    clip_range           | 0.2           |
|    entropy_loss         | -0.0166       |
|    explained_variance   | 0.769         |
|    learning_rate        | 7.27e-05      |
|    loss                 | 4.78          |
|    n_updates            | 1665          |
|    policy_gradient_loss | -1.33e-05     |
|    value_loss           | 11.8          |
-------------------------------------------
  ⏱  step 2,280,000  │  FPS    6763  │  RSS   5730 MB
-------------------------------------------
| hw/                     |               |
|    fps                  | 6.76e+03      |
|    rss_mb               | 5.73e+03      |
| rollout/                |               |
|    ep_len_mean          | 8.64e+04      |
|    ep_rew_mean          | -3.65e+04     |
| time/                   |               |
|    fps                  | 1448          |
|    iterations           | 557           |
|    time_elapsed         | 1575          |
|    total_timesteps      | 2281472       |
| train/                  |               |
|    approx_kl            | 1.5583646e-06 |
|    clip_fraction        | 0             |
|    clip_range           | 0.2           |
|    entropy_loss         | -0.0166       |
|    explained_variance   | 0.722         |
|    learning_rate        | 7.23e-05      |
|    loss                 | 13.2          |
|    n_updates            | 1668          |
|    policy_gradient_loss | -1.65e-05     |
|    value_loss           | 26.3          |
-------------------------------------------
-----------------------------------------
| rollout/                |             |
|    ep_len_mean          | 8.64e+04    |
|    ep_rew_mean          | -3.65e+04   |
| time/                   |             |
|    fps                  | 1450        |
|    iterations           | 558         |
|    time_elapsed         | 1575        |
|    total_timesteps      | 2285568     |
| train/                  |             |
|    approx_kl            | 3.85748e-06 |
|    clip_fraction        | 0           |
|    clip_range           | 0.2         |
|    entropy_loss         | -0.017      |
|    explained_variance   | 0.589       |
|    learning_rate        | 7.19e-05    |
|    loss                 | 19.9        |
|    n_updates            | 1671        |
|    policy_gradient_loss | -4.09e-05   |
|    value_loss           | 36.9        |
-----------------------------------------
------------------------------------------
| rollout/                |              |
|    ep_len_mean          | 8.64e+04     |
|    ep_rew_mean          | -3.65e+04    |
| time/                   |              |
|    fps                  | 1452         |
|    iterations           | 559          |
|    time_elapsed         | 1576         |
|    total_timesteps      | 2289664      |
| train/                  |              |
|    approx_kl            | 3.133915e-06 |
|    clip_fraction        | 0            |
|    clip_range           | 0.2          |
|    entropy_loss         | -0.016       |
|    explained_variance   | 0.695        |
|    learning_rate        | 7.14e-05     |
|    loss                 | 15.2         |
|    n_updates            | 1674         |
|    policy_gradient_loss | -5.67e-05    |
|    value_loss           | 27.1         |
------------------------------------------
-------------------------------------------
| rollout/                |               |
|    ep_len_mean          | 8.64e+04      |
|    ep_rew_mean          | -3.65e+04     |
| time/                   |               |
|    fps                  | 1454          |
|    iterations           | 560           |
|    time_elapsed         | 1576          |
|    total_timesteps      | 2293760       |
| train/                  |               |
|    approx_kl            | 3.5006087e-07 |
|    clip_fraction        | 0             |
|    clip_range           | 0.2           |
|    entropy_loss         | -0.0151       |
|    explained_variance   | 0.668         |
|    learning_rate        | 7.1e-05       |
|    loss                 | 16.5          |
|    n_updates            | 1677          |
|    policy_gradient_loss | -1.33e-05     |
|    value_loss           | 31.8          |
-------------------------------------------
-------------------------------------------
| rollout/                |               |
|    ep_len_mean          | 8.64e+04      |
|    ep_rew_mean          | -3.65e+04     |
| time/                   |               |
|    fps                  | 1456          |
|    iterations           | 561           |
|    time_elapsed         | 1577          |
|    total_timesteps      | 2297856       |
| train/                  |               |
|    approx_kl            | 2.1916785e-06 |
|    clip_fraction        | 0             |
|    clip_range           | 0.2           |
|    entropy_loss         | -0.0158       |
|    explained_variance   | 0.691         |
|    learning_rate        | 7.06e-05      |
|    loss                 | 10.2          |
|    n_updates            | 1680          |
|    policy_gradient_loss | -4.7e-06      |
|    value_loss           | 21.4          |
-------------------------------------------
Eval num_timesteps=2300000, episode_reward=-26577.45 +/- 3610.86
Episode length: 86400.00 +/- 0.00
-------------------------------------------
| eval/                   |               |
|    mean_ep_length       | 8.64e+04      |
|    mean_reward          | -2.66e+04     |
| time/                   |               |
|    total_timesteps      | 2300000       |
| train/                  |               |
|    approx_kl            | 1.4323014e-06 |
|    clip_fraction        | 0             |
|    clip_range           | 0.2           |
|    entropy_loss         | -0.0166       |
|    explained_variance   | 0.781         |
|    learning_rate        | 7.02e-05      |
|    loss                 | 7.84          |
|    n_updates            | 1683          |
|    policy_gradient_loss | -2.97e-05     |
|    value_loss           | 15.7          |
-------------------------------------------
  ⏱  step 2,300,000  │  FPS     669  │  RSS   5730 MB
----------------------------------
| hw/                |           |
|    fps             | 669       |
|    rss_mb          | 5.73e+03  |
| rollout/           |           |
|    ep_len_mean     | 8.64e+04  |
|    ep_rew_mean     | -3.65e+04 |
| time/              |           |
|    fps             | 1434      |
|    iterations      | 562       |
|    time_elapsed    | 1605      |
|    total_timesteps | 2301952   |
----------------------------------
-------------------------------------------
| rollout/                |               |
|    ep_len_mean          | 8.64e+04      |
|    ep_rew_mean          | -3.65e+04     |
| time/                   |               |
|    fps                  | 1436          |
|    iterations           | 563           |
|    time_elapsed         | 1605          |
|    total_timesteps      | 2306048       |
| train/                  |               |
|    approx_kl            | 6.4510095e-07 |
|    clip_fraction        | 0             |
|    clip_range           | 0.2           |
|    entropy_loss         | -0.0175       |
|    explained_variance   | 0.65          |
|    learning_rate        | 6.98e-05      |
|    loss                 | 9.76          |
|    n_updates            | 1686          |
|    policy_gradient_loss | -6.78e-06     |
|    value_loss           | 27            |
-------------------------------------------
------------------------------------------
| rollout/                |              |
|    ep_len_mean          | 8.64e+04     |
|    ep_rew_mean          | -3.65e+04    |
| time/                   |              |
|    fps                  | 1438         |
|    iterations           | 564          |
|    time_elapsed         | 1606         |
|    total_timesteps      | 2310144      |
| train/                  |              |
|    approx_kl            | 3.190362e-06 |
|    clip_fraction        | 0            |
|    clip_range           | 0.2          |
|    entropy_loss         | -0.0169      |
|    explained_variance   | 0.682        |
|    learning_rate        | 6.94e-05     |
|    loss                 | 17.7         |
|    n_updates            | 1689         |
|    policy_gradient_loss | -3.56e-05    |
|    value_loss           | 39.6         |
------------------------------------------
-------------------------------------------
| rollout/                |               |
|    ep_len_mean          | 8.64e+04      |
|    ep_rew_mean          | -3.65e+04     |
| time/                   |               |
|    fps                  | 1440          |
|    iterations           | 565           |
|    time_elapsed         | 1606          |
|    total_timesteps      | 2314240       |
| train/                  |               |
|    approx_kl            | 1.5122932e-06 |
|    clip_fraction        | 0             |
|    clip_range           | 0.2           |
|    entropy_loss         | -0.0163       |
|    explained_variance   | 0.671         |
|    learning_rate        | 6.9e-05       |
|    loss                 | 9.27          |
|    n_updates            | 1692          |
|    policy_gradient_loss | -1.92e-05     |
|    value_loss           | 21.3          |
-------------------------------------------
------------------------------------------
| rollout/                |              |
|    ep_len_mean          | 8.64e+04     |
|    ep_rew_mean          | -3.65e+04    |
| time/                   |              |
|    fps                  | 1442         |
|    iterations           | 566          |
|    time_elapsed         | 1607         |
|    total_timesteps      | 2318336      |
| train/                  |              |
|    approx_kl            | 2.861052e-07 |
|    clip_fraction        | 0            |
|    clip_range           | 0.2          |
|    entropy_loss         | -0.0158      |
|    explained_variance   | 0.657        |
|    learning_rate        | 6.86e-05     |
|    loss                 | 18.4         |
|    n_updates            | 1695         |
|    policy_gradient_loss | -1.12e-05    |
|    value_loss           | 45           |
------------------------------------------
  ⏱  step 2,320,000  │  FPS    6684  │  RSS   5730 MB
-----------------------------------------
| hw/                     |             |
|    fps                  | 6.68e+03    |
|    rss_mb               | 5.73e+03    |
| rollout/                |             |
|    ep_len_mean          | 8.64e+04    |
|    ep_rew_mean          | -3.65e+04   |
| time/                   |             |
|    fps                  | 1444        |
|    iterations           | 567         |
|    time_elapsed         | 1608        |
|    total_timesteps      | 2322432     |
| train/                  |             |
|    approx_kl            | 8.26607e-07 |
|    clip_fraction        | 0           |
|    clip_range           | 0.2         |
|    entropy_loss         | -0.0154     |
|    explained_variance   | 0.511       |
|    learning_rate        | 6.82e-05    |
|    loss                 | 16.5        |
|    n_updates            | 1698        |
|    policy_gradient_loss | -9.62e-06   |
|    value_loss           | 39.6        |
-----------------------------------------
-------------------------------------------
| rollout/                |               |
|    ep_len_mean          | 8.64e+04      |
|    ep_rew_mean          | -3.65e+04     |
| time/                   |               |
|    fps                  | 1446          |
|    iterations           | 568           |
|    time_elapsed         | 1608          |
|    total_timesteps      | 2326528       |
| train/                  |               |
|    approx_kl            | 7.2560215e-07 |
|    clip_fraction        | 0             |
|    clip_range           | 0.2           |
|    entropy_loss         | -0.0165       |
|    explained_variance   | 0.712         |
|    learning_rate        | 6.78e-05      |
|    loss                 | 9.03          |
|    n_updates            | 1701          |
|    policy_gradient_loss | 1.45e-06      |
|    value_loss           | 23.9          |
-------------------------------------------
-------------------------------------------
| rollout/                |               |
|    ep_len_mean          | 8.64e+04      |
|    ep_rew_mean          | -3.65e+04     |
| time/                   |               |
|    fps                  | 1448          |
|    iterations           | 569           |
|    time_elapsed         | 1609          |
|    total_timesteps      | 2330624       |
| train/                  |               |
|    approx_kl            | 1.2750388e-06 |
|    clip_fraction        | 0             |
|    clip_range           | 0.2           |
|    entropy_loss         | -0.0166       |
|    explained_variance   | 0.695         |
|    learning_rate        | 6.73e-05      |
|    loss                 | 9.2           |
|    n_updates            | 1704          |
|    policy_gradient_loss | -3.11e-05     |
|    value_loss           | 24.6          |
-------------------------------------------
-------------------------------------------
| rollout/                |               |
|    ep_len_mean          | 8.64e+04      |
|    ep_rew_mean          | -3.62e+04     |
| time/                   |               |
|    fps                  | 1450          |
|    iterations           | 570           |
|    time_elapsed         | 1610          |
|    total_timesteps      | 2334720       |
| train/                  |               |
|    approx_kl            | 2.3242465e-06 |
|    clip_fraction        | 0             |
|    clip_range           | 0.2           |
|    entropy_loss         | -0.0163       |
|    explained_variance   | 0.73          |
|    learning_rate        | 6.69e-05      |
|    loss                 | 9.09          |
|    n_updates            | 1707          |
|    policy_gradient_loss | -4.75e-05     |
|    value_loss           | 23.1          |
-------------------------------------------
------------------------------------------
| rollout/                |              |
|    ep_len_mean          | 8.64e+04     |
|    ep_rew_mean          | -3.62e+04    |
| time/                   |              |
|    fps                  | 1452         |
|    iterations           | 571          |
|    time_elapsed         | 1610         |
|    total_timesteps      | 2338816      |
| train/                  |              |
|    approx_kl            | 4.333997e-07 |
|    clip_fraction        | 0            |
|    clip_range           | 0.2          |
|    entropy_loss         | -0.0158      |
|    explained_variance   | 0.484        |
|    learning_rate        | 6.65e-05     |
|    loss                 | 21.8         |
|    n_updates            | 1710         |
|    policy_gradient_loss | -3.82e-06    |
|    value_loss           | 39.1         |
------------------------------------------
  ⏱  step 2,340,000  │  FPS    6539  │  RSS   5730 MB
-----------------------------------------
| hw/                     |             |
|    fps                  | 6.54e+03    |
|    rss_mb               | 5.73e+03    |
| rollout/                |             |
|    ep_len_mean          | 8.64e+04    |
|    ep_rew_mean          | -3.62e+04   |
| time/                   |             |
|    fps                  | 1454        |
|    iterations           | 572         |
|    time_elapsed         | 1611        |
|    total_timesteps      | 2342912     |
| train/                  |             |
|    approx_kl            | 7.40416e-07 |
|    clip_fraction        | 0           |
|    clip_range           | 0.2         |
|    entropy_loss         | -0.0165     |
|    explained_variance   | 0.591       |
|    learning_rate        | 6.61e-05    |
|    loss                 | 8.29        |
|    n_updates            | 1713        |
|    policy_gradient_loss | 5.77e-06    |
|    value_loss           | 17.8        |
-----------------------------------------
-------------------------------------------
| rollout/                |               |
|    ep_len_mean          | 8.64e+04      |
|    ep_rew_mean          | -3.62e+04     |
| time/                   |               |
|    fps                  | 1456          |
|    iterations           | 573           |
|    time_elapsed         | 1611          |
|    total_timesteps      | 2347008       |
| train/                  |               |
|    approx_kl            | 2.5361078e-07 |
|    clip_fraction        | 0             |
|    clip_range           | 0.2           |
|    entropy_loss         | -0.0171       |
|    explained_variance   | 0.445         |
|    learning_rate        | 6.57e-05      |
|    loss                 | 21.1          |
|    n_updates            | 1716          |
|    policy_gradient_loss | 1.91e-07      |
|    value_loss           | 38            |
-------------------------------------------
Eval num_timesteps=2350000, episode_reward=-27611.73 +/- 184.23
Episode length: 86400.00 +/- 0.00
------------------------------------------
| eval/                   |              |
|    mean_ep_length       | 8.64e+04     |
|    mean_reward          | -2.76e+04    |
| time/                   |              |
|    total_timesteps      | 2350000      |
| train/                  |              |
|    approx_kl            | 7.014023e-07 |
|    clip_fraction        | 0            |
|    clip_range           | 0.2          |
|    entropy_loss         | -0.0171      |
|    explained_variance   | 0.589        |
|    learning_rate        | 6.53e-05     |
|    loss                 | 10.4         |
|    n_updates            | 1719         |
|    policy_gradient_loss | -7.09e-07    |
|    value_loss           | 25.1         |
------------------------------------------
----------------------------------
| rollout/           |           |
|    ep_len_mean     | 8.64e+04  |
|    ep_rew_mean     | -3.62e+04 |
| time/              |           |
|    fps             | 1433      |
|    iterations      | 574       |
|    time_elapsed    | 1640      |
|    total_timesteps | 2351104   |
----------------------------------
-------------------------------------------
| rollout/                |               |
|    ep_len_mean          | 8.64e+04      |
|    ep_rew_mean          | -3.62e+04     |
| time/                   |               |
|    fps                  | 1435          |
|    iterations           | 575           |
|    time_elapsed         | 1640          |
|    total_timesteps      | 2355200       |
| train/                  |               |
|    approx_kl            | 2.0752486e-07 |
|    clip_fraction        | 0             |
|    clip_range           | 0.2           |
|    entropy_loss         | -0.0177       |
|    explained_variance   | 0.369         |
|    learning_rate        | 6.49e-05      |
|    loss                 | 21.4          |
|    n_updates            | 1722          |
|    policy_gradient_loss | -2.94e-06     |
|    value_loss           | 46.1          |
-------------------------------------------
-------------------------------------------
| rollout/                |               |
|    ep_len_mean          | 8.64e+04      |
|    ep_rew_mean          | -3.62e+04     |
| time/                   |               |
|    fps                  | 1437          |
|    iterations           | 576           |
|    time_elapsed         | 1641          |
|    total_timesteps      | 2359296       |
| train/                  |               |
|    approx_kl            | 2.1436426e-07 |
|    clip_fraction        | 0             |
|    clip_range           | 0.2           |
|    entropy_loss         | -0.0173       |
|    explained_variance   | 0.635         |
|    learning_rate        | 6.45e-05      |
|    loss                 | 9.75          |
|    n_updates            | 1725          |
|    policy_gradient_loss | -7.5e-06      |
|    value_loss           | 20.3          |
-------------------------------------------
  ⏱  step 2,360,000  │  FPS     650  │  RSS   5730 MB
-------------------------------------------
| hw/                     |               |
|    fps                  | 650           |
|    rss_mb               | 5.73e+03      |
| rollout/                |               |
|    ep_len_mean          | 8.64e+04      |
|    ep_rew_mean          | -3.62e+04     |
| time/                   |               |
|    fps                  | 1439          |
|    iterations           | 577           |
|    time_elapsed         | 1642          |
|    total_timesteps      | 2363392       |
| train/                  |               |
|    approx_kl            | 9.2304253e-07 |
|    clip_fraction        | 0             |
|    clip_range           | 0.2           |
|    entropy_loss         | -0.0173       |
|    explained_variance   | 0.446         |
|    learning_rate        | 6.41e-05      |
|    loss                 | 18.1          |
|    n_updates            | 1728          |
|    policy_gradient_loss | -2.06e-05     |
|    value_loss           | 37.1          |
-------------------------------------------
-------------------------------------------
| rollout/                |               |
|    ep_len_mean          | 8.64e+04      |
|    ep_rew_mean          | -3.62e+04     |
| time/                   |               |
|    fps                  | 1441          |
|    iterations           | 578           |
|    time_elapsed         | 1642          |
|    total_timesteps      | 2367488       |
| train/                  |               |
|    approx_kl            | 3.2602402e-06 |
|    clip_fraction        | 0             |
|    clip_range           | 0.2           |
|    entropy_loss         | -0.0171       |
|    explained_variance   | 0.548         |
|    learning_rate        | 6.37e-05      |
|    loss                 | 14.6          |
|    n_updates            | 1731          |
|    policy_gradient_loss | -3.36e-05     |
|    value_loss           | 30            |
-------------------------------------------
-------------------------------------------
| rollout/                |               |
|    ep_len_mean          | 8.64e+04      |
|    ep_rew_mean          | -3.62e+04     |
| time/                   |               |
|    fps                  | 1443          |
|    iterations           | 579           |
|    time_elapsed         | 1643          |
|    total_timesteps      | 2371584       |
| train/                  |               |
|    approx_kl            | 2.3663597e-06 |
|    clip_fraction        | 0             |
|    clip_range           | 0.2           |
|    entropy_loss         | -0.0181       |
|    explained_variance   | 0.572         |
|    learning_rate        | 6.33e-05      |
|    loss                 | 8.17          |
|    n_updates            | 1734          |
|    policy_gradient_loss | 2.65e-05      |
|    value_loss           | 19.6          |
-------------------------------------------
-------------------------------------------
| rollout/                |               |
|    ep_len_mean          | 8.64e+04      |
|    ep_rew_mean          | -3.62e+04     |
| time/                   |               |
|    fps                  | 1445          |
|    iterations           | 580           |
|    time_elapsed         | 1643          |
|    total_timesteps      | 2375680       |
| train/                  |               |
|    approx_kl            | 4.2488682e-07 |
|    clip_fraction        | 0             |
|    clip_range           | 0.2           |
|    entropy_loss         | -0.0175       |
|    explained_variance   | 0.622         |
|    learning_rate        | 6.28e-05      |
|    loss                 | 12            |
|    n_updates            | 1737          |
|    policy_gradient_loss | -1.73e-05     |
|    value_loss           | 25.9          |
-------------------------------------------
------------------------------------------
| rollout/                |              |
|    ep_len_mean          | 8.64e+04     |
|    ep_rew_mean          | -3.62e+04    |
| time/                   |              |
|    fps                  | 1447         |
|    iterations           | 581          |
|    time_elapsed         | 1644         |
|    total_timesteps      | 2379776      |
| train/                  |              |
|    approx_kl            | 5.191556e-06 |
|    clip_fraction        | 0            |
|    clip_range           | 0.2          |
|    entropy_loss         | -0.0163      |
|    explained_variance   | 0.591        |
|    learning_rate        | 6.24e-05     |
|    loss                 | 18           |
|    n_updates            | 1740         |
|    policy_gradient_loss | -5.29e-05    |
|    value_loss           | 33.9         |
------------------------------------------
  ⏱  step 2,380,000  │  FPS    6719  │  RSS   5730 MB
------------------------------------------
| hw/                     |              |
|    fps                  | 6.72e+03     |
|    rss_mb               | 5.73e+03     |
| rollout/                |              |
|    ep_len_mean          | 8.64e+04     |
|    ep_rew_mean          | -3.62e+04    |
| time/                   |              |
|    fps                  | 1448         |
|    iterations           | 582          |
|    time_elapsed         | 1645         |
|    total_timesteps      | 2383872      |
| train/                  |              |
|    approx_kl            | 6.662449e-07 |
|    clip_fraction        | 0            |
|    clip_range           | 0.2          |
|    entropy_loss         | -0.0158      |
|    explained_variance   | 0.634        |
|    learning_rate        | 6.2e-05      |
|    loss                 | 9.33         |
|    n_updates            | 1743         |
|    policy_gradient_loss | -2.19e-05    |
|    value_loss           | 19.1         |
------------------------------------------
-------------------------------------------
| rollout/                |               |
|    ep_len_mean          | 8.64e+04      |
|    ep_rew_mean          | -3.62e+04     |
| time/                   |               |
|    fps                  | 1450          |
|    iterations           | 583           |
|    time_elapsed         | 1645          |
|    total_timesteps      | 2387968       |
| train/                  |               |
|    approx_kl            | 2.6617781e-06 |
|    clip_fraction        | 0             |
|    clip_range           | 0.2           |
|    entropy_loss         | -0.0151       |
|    explained_variance   | 0.596         |
|    learning_rate        | 6.16e-05      |
|    loss                 | 12.4          |
|    n_updates            | 1746          |
|    policy_gradient_loss | -1.83e-05     |
|    value_loss           | 20.9          |
-------------------------------------------
-------------------------------------------
| rollout/                |               |
|    ep_len_mean          | 8.64e+04      |
|    ep_rew_mean          | -3.62e+04     |
| time/                   |               |
|    fps                  | 1452          |
|    iterations           | 584           |
|    time_elapsed         | 1646          |
|    total_timesteps      | 2392064       |
| train/                  |               |
|    approx_kl            | 6.5925997e-07 |
|    clip_fraction        | 0             |
|    clip_range           | 0.2           |
|    entropy_loss         | -0.0153       |
|    explained_variance   | 0.535         |
|    learning_rate        | 6.12e-05      |
|    loss                 | 14.3          |
|    n_updates            | 1749          |
|    policy_gradient_loss | -1.03e-05     |
|    value_loss           | 28.4          |
-------------------------------------------
------------------------------------------
| rollout/                |              |
|    ep_len_mean          | 8.64e+04     |
|    ep_rew_mean          | -3.62e+04    |
| time/                   |              |
|    fps                  | 1454         |
|    iterations           | 585          |
|    time_elapsed         | 1647         |
|    total_timesteps      | 2396160      |
| train/                  |              |
|    approx_kl            | 1.363238e-06 |
|    clip_fraction        | 0            |
|    clip_range           | 0.2          |
|    entropy_loss         | -0.0161      |
|    explained_variance   | 0.536        |
|    learning_rate        | 6.08e-05     |
|    loss                 | 20.2         |
|    n_updates            | 1752         |
|    policy_gradient_loss | -1.2e-05     |
|    value_loss           | 42.5         |
------------------------------------------
Eval num_timesteps=2400000, episode_reward=-28077.20 +/- 1187.68
Episode length: 86400.00 +/- 0.00
-------------------------------------------
| eval/                   |               |
|    mean_ep_length       | 8.64e+04      |
|    mean_reward          | -2.81e+04     |
| time/                   |               |
|    total_timesteps      | 2400000       |
| train/                  |               |
|    approx_kl            | 9.1904076e-07 |
|    clip_fraction        | 0             |
|    clip_range           | 0.2           |
|    entropy_loss         | -0.0166       |
|    explained_variance   | 0.63          |
|    learning_rate        | 6.04e-05      |
|    loss                 | 7.07          |
|    n_updates            | 1755          |
|    policy_gradient_loss | -1.86e-05     |
|    value_loss           | 23.5          |
-------------------------------------------
  ⏱  step 2,400,000  │  FPS     667  │  RSS   5730 MB
----------------------------------
| hw/                |           |
|    fps             | 667       |
|    rss_mb          | 5.73e+03  |
| rollout/           |           |
|    ep_len_mean     | 8.64e+04  |
|    ep_rew_mean     | -3.62e+04 |
| time/              |           |
|    fps             | 1433      |
|    iterations      | 586       |
|    time_elapsed    | 1674      |
|    total_timesteps | 2400256   |
----------------------------------
-------------------------------------------
| rollout/                |               |
|    ep_len_mean          | 8.64e+04      |
|    ep_rew_mean          | -3.62e+04     |
| time/                   |               |
|    fps                  | 1435          |
|    iterations           | 587           |
|    time_elapsed         | 1675          |
|    total_timesteps      | 2404352       |
| train/                  |               |
|    approx_kl            | 1.8908322e-06 |
|    clip_fraction        | 0             |
|    clip_range           | 0.2           |
|    entropy_loss         | -0.0161       |
|    explained_variance   | 0.83          |
|    learning_rate        | 6e-05         |
|    loss                 | 4.6           |
|    n_updates            | 1758          |
|    policy_gradient_loss | -2.4e-05      |
|    value_loss           | 10.2          |
-------------------------------------------
-------------------------------------------
| rollout/                |               |
|    ep_len_mean          | 8.64e+04      |
|    ep_rew_mean          | -3.62e+04     |
| time/                   |               |
|    fps                  | 1437          |
|    iterations           | 588           |
|    time_elapsed         | 1675          |
|    total_timesteps      | 2408448       |
| train/                  |               |
|    approx_kl            | 1.5032128e-07 |
|    clip_fraction        | 0             |
|    clip_range           | 0.2           |
|    entropy_loss         | -0.0154       |
|    explained_variance   | 0.517         |
|    learning_rate        | 5.96e-05      |
|    loss                 | 15.9          |
|    n_updates            | 1761          |
|    policy_gradient_loss | 3.51e-06      |
|    value_loss           | 32.8          |
-------------------------------------------
-------------------------------------------
| rollout/                |               |
|    ep_len_mean          | 8.64e+04      |
|    ep_rew_mean          | -3.62e+04     |
| time/                   |               |
|    fps                  | 1439          |
|    iterations           | 589           |
|    time_elapsed         | 1676          |
|    total_timesteps      | 2412544       |
| train/                  |               |
|    approx_kl            | 1.3024546e-06 |
|    clip_fraction        | 0             |
|    clip_range           | 0.2           |
|    entropy_loss         | -0.0155       |
|    explained_variance   | 0.329         |
|    learning_rate        | 5.92e-05      |
|    loss                 | 25.4          |
|    n_updates            | 1764          |
|    policy_gradient_loss | -2.99e-05     |
|    value_loss           | 52.5          |
-------------------------------------------
------------------------------------------
| rollout/                |              |
|    ep_len_mean          | 8.64e+04     |
|    ep_rew_mean          | -3.62e+04    |
| time/                   |              |
|    fps                  | 1440         |
|    iterations           | 590          |
|    time_elapsed         | 1677         |
|    total_timesteps      | 2416640      |
| train/                  |              |
|    approx_kl            | 8.352799e-09 |
|    clip_fraction        | 0            |
|    clip_range           | 0.2          |
|    entropy_loss         | -0.0147      |
|    explained_variance   | 0.708        |
|    learning_rate        | 5.87e-05     |
|    loss                 | 12.1         |
|    n_updates            | 1767         |
|    policy_gradient_loss | 7.32e-07     |
|    value_loss           | 27.6         |
------------------------------------------
  ⏱  step 2,420,000  │  FPS    6638  │  RSS   5730 MB
------------------------------------------
| hw/                     |              |
|    fps                  | 6.64e+03     |
|    rss_mb               | 5.73e+03     |
| rollout/                |              |
|    ep_len_mean          | 8.64e+04     |
|    ep_rew_mean          | -3.59e+04    |
| time/                   |              |
|    fps                  | 1442         |
|    iterations           | 591          |
|    time_elapsed         | 1677         |
|    total_timesteps      | 2420736      |
| train/                  |              |
|    approx_kl            | 6.565824e-08 |
|    clip_fraction        | 0            |
|    clip_range           | 0.2          |
|    entropy_loss         | -0.015       |
|    explained_variance   | 0.586        |
|    learning_rate        | 5.83e-05     |
|    loss                 | 19.7         |
|    n_updates            | 1770         |
|    policy_gradient_loss | -5.23e-06    |
|    value_loss           | 39.3         |
------------------------------------------
-------------------------------------------
| rollout/                |               |
|    ep_len_mean          | 8.64e+04      |
|    ep_rew_mean          | -3.59e+04     |
| time/                   |               |
|    fps                  | 1444          |
|    iterations           | 592           |
|    time_elapsed         | 1678          |
|    total_timesteps      | 2424832       |
| train/                  |               |
|    approx_kl            | 2.2471067e-07 |
|    clip_fraction        | 0             |
|    clip_range           | 0.2           |
|    entropy_loss         | -0.015        |
|    explained_variance   | 0.799         |
|    learning_rate        | 5.79e-05      |
|    loss                 | 11.1          |
|    n_updates            | 1773          |
|    policy_gradient_loss | -5.08e-07     |
|    value_loss           | 24.7          |
-------------------------------------------
-------------------------------------------
| rollout/                |               |
|    ep_len_mean          | 8.64e+04      |
|    ep_rew_mean          | -3.59e+04     |
| time/                   |               |
|    fps                  | 1446          |
|    iterations           | 593           |
|    time_elapsed         | 1678          |
|    total_timesteps      | 2428928       |
| train/                  |               |
|    approx_kl            | 3.3912802e-06 |
|    clip_fraction        | 0             |
|    clip_range           | 0.2           |
|    entropy_loss         | -0.0151       |
|    explained_variance   | 0.797         |
|    learning_rate        | 5.75e-05      |
|    loss                 | 11            |
|    n_updates            | 1776          |
|    policy_gradient_loss | -1.92e-05     |
|    value_loss           | 23.9          |
-------------------------------------------
------------------------------------------
| rollout/                |              |
|    ep_len_mean          | 8.64e+04     |
|    ep_rew_mean          | -3.59e+04    |
| time/                   |              |
|    fps                  | 1448         |
|    iterations           | 594          |
|    time_elapsed         | 1679         |
|    total_timesteps      | 2433024      |
| train/                  |              |
|    approx_kl            | 6.375194e-07 |
|    clip_fraction        | 0            |
|    clip_range           | 0.2          |
|    entropy_loss         | -0.0162      |
|    explained_variance   | 0.789        |
|    learning_rate        | 5.71e-05     |
|    loss                 | 13.6         |
|    n_updates            | 1779         |
|    policy_gradient_loss | 4.57e-07     |
|    value_loss           | 27.3         |
------------------------------------------
------------------------------------------
| rollout/                |              |
|    ep_len_mean          | 8.64e+04     |
|    ep_rew_mean          | -3.59e+04    |
| time/                   |              |
|    fps                  | 1450         |
|    iterations           | 595          |
|    time_elapsed         | 1680         |
|    total_timesteps      | 2437120      |
| train/                  |              |
|    approx_kl            | 1.990411e-07 |
|    clip_fraction        | 0            |
|    clip_range           | 0.2          |
|    entropy_loss         | -0.016       |
|    explained_variance   | 0.76         |
|    learning_rate        | 5.67e-05     |
|    loss                 | 8.67         |
|    n_updates            | 1782         |
|    policy_gradient_loss | -1.59e-06    |
|    value_loss           | 20.4         |
------------------------------------------
  ⏱  step 2,440,000  │  FPS    6702  │  RSS   5730 MB
------------------------------------------
| hw/                     |              |
|    fps                  | 6.7e+03      |
|    rss_mb               | 5.73e+03     |
| rollout/                |              |
|    ep_len_mean          | 8.64e+04     |
|    ep_rew_mean          | -3.59e+04    |
| time/                   |              |
|    fps                  | 1452         |
|    iterations           | 596          |
|    time_elapsed         | 1680         |
|    total_timesteps      | 2441216      |
| train/                  |              |
|    approx_kl            | 5.446782e-08 |
|    clip_fraction        | 0            |
|    clip_range           | 0.2          |
|    entropy_loss         | -0.0161      |
|    explained_variance   | 0.654        |
|    learning_rate        | 5.63e-05     |
|    loss                 | 13.5         |
|    n_updates            | 1785         |
|    policy_gradient_loss | -2.53e-07    |
|    value_loss           | 31           |
------------------------------------------
-------------------------------------------
| rollout/                |               |
|    ep_len_mean          | 8.64e+04      |
|    ep_rew_mean          | -3.59e+04     |
| time/                   |               |
|    fps                  | 1454          |
|    iterations           | 597           |
|    time_elapsed         | 1681          |
|    total_timesteps      | 2445312       |
| train/                  |               |
|    approx_kl            | 3.3223478e-07 |
|    clip_fraction        | 0             |
|    clip_range           | 0.2           |
|    entropy_loss         | -0.016        |
|    explained_variance   | 0.894         |
|    learning_rate        | 5.59e-05      |
|    loss                 | 4.49          |
|    n_updates            | 1788          |
|    policy_gradient_loss | -1.26e-06     |
|    value_loss           | 9.98          |
-------------------------------------------
------------------------------------------
| rollout/                |              |
|    ep_len_mean          | 8.64e+04     |
|    ep_rew_mean          | -3.59e+04    |
| time/                   |              |
|    fps                  | 1456         |
|    iterations           | 598          |
|    time_elapsed         | 1681         |
|    total_timesteps      | 2449408      |
| train/                  |              |
|    approx_kl            | 3.691137e-06 |
|    clip_fraction        | 0            |
|    clip_range           | 0.2          |
|    entropy_loss         | -0.0163      |
|    explained_variance   | 0.663        |
|    learning_rate        | 5.55e-05     |
|    loss                 | 10.9         |
|    n_updates            | 1791         |
|    policy_gradient_loss | 1.04e-05     |
|    value_loss           | 20.2         |
------------------------------------------
Eval num_timesteps=2450000, episode_reward=-27947.39 +/- 833.68
Episode length: 86400.00 +/- 0.00
------------------------------------------
| eval/                   |              |
|    mean_ep_length       | 8.64e+04     |
|    mean_reward          | -2.79e+04    |
| time/                   |              |
|    total_timesteps      | 2450000      |
| train/                  |              |
|    approx_kl            | 5.296897e-09 |
|    clip_fraction        | 0            |
|    clip_range           | 0.2          |
|    entropy_loss         | -0.0168      |
|    explained_variance   | 0.776        |
|    learning_rate        | 5.51e-05     |
|    loss                 | 8.61         |
|    n_updates            | 1794         |
|    policy_gradient_loss | -7.48e-07    |
|    value_loss           | 20.3         |
------------------------------------------
----------------------------------
| rollout/           |           |
|    ep_len_mean     | 8.64e+04  |
|    ep_rew_mean     | -3.59e+04 |
| time/              |           |
|    fps             | 1434      |
|    iterations      | 599       |
|    time_elapsed    | 1709      |
|    total_timesteps | 2453504   |
----------------------------------
-------------------------------------------
| rollout/                |               |
|    ep_len_mean          | 8.64e+04      |
|    ep_rew_mean          | -3.59e+04     |
| time/                   |               |
|    fps                  | 1436          |
|    iterations           | 600           |
|    time_elapsed         | 1710          |
|    total_timesteps      | 2457600       |
| train/                  |               |
|    approx_kl            | 3.4633558e-09 |
|    clip_fraction        | 0             |
|    clip_range           | 0.2           |
|    entropy_loss         | -0.0169       |
|    explained_variance   | 0.719         |
|    learning_rate        | 5.46e-05      |
|    loss                 | 12            |
|    n_updates            | 1797          |
|    policy_gradient_loss | 5.41e-07      |
|    value_loss           | 28.6          |
-------------------------------------------
  ⏱  step 2,460,000  │  FPS     659  │  RSS   5730 MB
-------------------------------------------
| hw/                     |               |
|    fps                  | 659           |
|    rss_mb               | 5.73e+03      |
| rollout/                |               |
|    ep_len_mean          | 8.64e+04      |
|    ep_rew_mean          | -3.59e+04     |
| time/                   |               |
|    fps                  | 1438          |
|    iterations           | 601           |
|    time_elapsed         | 1711          |
|    total_timesteps      | 2461696       |
| train/                  |               |
|    approx_kl            | 1.6621198e-06 |
|    clip_fraction        | 0             |
|    clip_range           | 0.2           |
|    entropy_loss         | -0.0165       |
|    explained_variance   | 0.695         |
|    learning_rate        | 5.42e-05      |
|    loss                 | 12.2          |
|    n_updates            | 1800          |
|    policy_gradient_loss | -3.86e-05     |
|    value_loss           | 36.5          |
-------------------------------------------
-------------------------------------------
| rollout/                |               |
|    ep_len_mean          | 8.64e+04      |
|    ep_rew_mean          | -3.59e+04     |
| time/                   |               |
|    fps                  | 1440          |
|    iterations           | 602           |
|    time_elapsed         | 1711          |
|    total_timesteps      | 2465792       |
| train/                  |               |
|    approx_kl            | 2.5315821e-06 |
|    clip_fraction        | 0             |
|    clip_range           | 0.2           |
|    entropy_loss         | -0.0162       |
|    explained_variance   | 0.672         |
|    learning_rate        | 5.38e-05      |
|    loss                 | 13.6          |
|    n_updates            | 1803          |
|    policy_gradient_loss | -3.07e-05     |
|    value_loss           | 29.9          |
-------------------------------------------
-------------------------------------------
| rollout/                |               |
|    ep_len_mean          | 8.64e+04      |
|    ep_rew_mean          | -3.59e+04     |
| time/                   |               |
|    fps                  | 1442          |
|    iterations           | 603           |
|    time_elapsed         | 1712          |
|    total_timesteps      | 2469888       |
| train/                  |               |
|    approx_kl            | 2.8932118e-07 |
|    clip_fraction        | 0             |
|    clip_range           | 0.2           |
|    entropy_loss         | -0.0177       |
|    explained_variance   | 0.555         |
|    learning_rate        | 5.34e-05      |
|    loss                 | 23.1          |
|    n_updates            | 1806          |
|    policy_gradient_loss | 1.97e-05      |
|    value_loss           | 50            |
-------------------------------------------
------------------------------------------
| rollout/                |              |
|    ep_len_mean          | 8.64e+04     |
|    ep_rew_mean          | -3.59e+04    |
| time/                   |              |
|    fps                  | 1444         |
|    iterations           | 604          |
|    time_elapsed         | 1713         |
|    total_timesteps      | 2473984      |
| train/                  |              |
|    approx_kl            | 2.294546e-07 |
|    clip_fraction        | 0            |
|    clip_range           | 0.2          |
|    entropy_loss         | -0.0176      |
|    explained_variance   | 0.683        |
|    learning_rate        | 5.3e-05      |
|    loss                 | 13           |
|    n_updates            | 1809         |
|    policy_gradient_loss | -6.04e-06    |
|    value_loss           | 26.2         |
------------------------------------------
-------------------------------------------
| rollout/                |               |
|    ep_len_mean          | 8.64e+04      |
|    ep_rew_mean          | -3.59e+04     |
| time/                   |               |
|    fps                  | 1445          |
|    iterations           | 605           |
|    time_elapsed         | 1713          |
|    total_timesteps      | 2478080       |
| train/                  |               |
|    approx_kl            | 4.8676156e-07 |
|    clip_fraction        | 0             |
|    clip_range           | 0.2           |
|    entropy_loss         | -0.0178       |
|    explained_variance   | 0.825         |
|    learning_rate        | 5.26e-05      |
|    loss                 | 4.54          |
|    n_updates            | 1812          |
|    policy_gradient_loss | -9e-06        |
|    value_loss           | 11.6          |
-------------------------------------------
  ⏱  step 2,480,000  │  FPS    6167  │  RSS   5730 MB
-------------------------------------------
| hw/                     |               |
|    fps                  | 6.17e+03      |
|    rss_mb               | 5.73e+03      |
| rollout/                |               |
|    ep_len_mean          | 8.64e+04      |
|    ep_rew_mean          | -3.59e+04     |
| time/                   |               |
|    fps                  | 1447          |
|    iterations           | 606           |
|    time_elapsed         | 1714          |
|    total_timesteps      | 2482176       |
| train/                  |               |
|    approx_kl            | 4.7578942e-07 |
|    clip_fraction        | 0             |
|    clip_range           | 0.2           |
|    entropy_loss         | -0.0176       |
|    explained_variance   | 0.611         |
|    learning_rate        | 5.22e-05      |
|    loss                 | 11.1          |
|    n_updates            | 1815          |
|    policy_gradient_loss | -2.37e-06     |
|    value_loss           | 27.6          |
-------------------------------------------
-------------------------------------------
| rollout/                |               |
|    ep_len_mean          | 8.64e+04      |
|    ep_rew_mean          | -3.59e+04     |
| time/                   |               |
|    fps                  | 1449          |
|    iterations           | 607           |
|    time_elapsed         | 1715          |
|    total_timesteps      | 2486272       |
| train/                  |               |
|    approx_kl            | 9.0766116e-07 |
|    clip_fraction        | 0             |
|    clip_range           | 0.2           |
|    entropy_loss         | -0.0185       |
|    explained_variance   | 0.616         |
|    learning_rate        | 5.18e-05      |
|    loss                 | 26            |
|    n_updates            | 1818          |
|    policy_gradient_loss | -1.17e-05     |
|    value_loss           | 49.1          |
-------------------------------------------
-------------------------------------------
| rollout/                |               |
|    ep_len_mean          | 8.64e+04      |
|    ep_rew_mean          | -3.59e+04     |
| time/                   |               |
|    fps                  | 1451          |
|    iterations           | 608           |
|    time_elapsed         | 1715          |
|    total_timesteps      | 2490368       |
| train/                  |               |
|    approx_kl            | 4.5121124e-07 |
|    clip_fraction        | 0             |
|    clip_range           | 0.2           |
|    entropy_loss         | -0.0188       |
|    explained_variance   | 0.712         |
|    learning_rate        | 5.14e-05      |
|    loss                 | 18.7          |
|    n_updates            | 1821          |
|    policy_gradient_loss | -1.05e-05     |
|    value_loss           | 35.8          |
-------------------------------------------
-------------------------------------------
| rollout/                |               |
|    ep_len_mean          | 8.64e+04      |
|    ep_rew_mean          | -3.59e+04     |
| time/                   |               |
|    fps                  | 1453          |
|    iterations           | 609           |
|    time_elapsed         | 1716          |
|    total_timesteps      | 2494464       |
| train/                  |               |
|    approx_kl            | 5.3519034e-07 |
|    clip_fraction        | 0             |
|    clip_range           | 0.2           |
|    entropy_loss         | -0.0181       |
|    explained_variance   | 0.812         |
|    learning_rate        | 5.1e-05       |
|    loss                 | 7.08          |
|    n_updates            | 1824          |
|    policy_gradient_loss | -9.76e-06     |
|    value_loss           | 16.1          |
-------------------------------------------
-------------------------------------------
| rollout/                |               |
|    ep_len_mean          | 8.64e+04      |
|    ep_rew_mean          | -3.59e+04     |
| time/                   |               |
|    fps                  | 1455          |
|    iterations           | 610           |
|    time_elapsed         | 1717          |
|    total_timesteps      | 2498560       |
| train/                  |               |
|    approx_kl            | 1.4307443e-07 |
|    clip_fraction        | 0             |
|    clip_range           | 0.2           |
|    entropy_loss         | -0.0182       |
|    explained_variance   | 0.549         |
|    learning_rate        | 5.06e-05      |
|    loss                 | 17.8          |
|    n_updates            | 1827          |
|    policy_gradient_loss | 4.31e-06      |
|    value_loss           | 43.1          |
-------------------------------------------
Eval num_timesteps=2500000, episode_reward=-26107.88 +/- 1597.61
Episode length: 86400.00 +/- 0.00
-------------------------------------------
| eval/                   |               |
|    mean_ep_length       | 8.64e+04      |
|    mean_reward          | -2.61e+04     |
| time/                   |               |
|    total_timesteps      | 2500000       |
| train/                  |               |
|    approx_kl            | 5.9456215e-07 |
|    clip_fraction        | 0             |
|    clip_range           | 0.2           |
|    entropy_loss         | -0.018        |
|    explained_variance   | 0.68          |
|    learning_rate        | 5.01e-05      |
|    loss                 | 14.9          |
|    n_updates            | 1830          |
|    policy_gradient_loss | -1.6e-05      |
|    value_loss           | 35.1          |
-------------------------------------------
  ⏱  step 2,500,000  │  FPS     648  │  RSS   5730 MB
----------------------------------
| hw/                |           |
|    fps             | 648       |
|    rss_mb          | 5.73e+03  |
| rollout/           |           |
|    ep_len_mean     | 8.64e+04  |
|    ep_rew_mean     | -3.59e+04 |
| time/              |           |
|    fps             | 1433      |
|    iterations      | 611       |
|    time_elapsed    | 1745      |
|    total_timesteps | 2502656   |
----------------------------------
-------------------------------------------
| rollout/                |               |
|    ep_len_mean          | 8.64e+04      |
|    ep_rew_mean          | -3.57e+04     |
| time/                   |               |
|    fps                  | 1435          |
|    iterations           | 612           |
|    time_elapsed         | 1746          |
|    total_timesteps      | 2506752       |
| train/                  |               |
|    approx_kl            | 5.0284725e-06 |
|    clip_fraction        | 0             |
|    clip_range           | 0.2           |
|    entropy_loss         | -0.0176       |
|    explained_variance   | 0.927         |
|    learning_rate        | 4.97e-05      |
|    loss                 | 2.46          |
|    n_updates            | 1833          |
|    policy_gradient_loss | -0.000105     |
|    value_loss           | 9.12          |
-------------------------------------------
------------------------------------------
| rollout/                |              |
|    ep_len_mean          | 8.64e+04     |
|    ep_rew_mean          | -3.57e+04    |
| time/                   |              |
|    fps                  | 1437         |
|    iterations           | 613          |
|    time_elapsed         | 1746         |
|    total_timesteps      | 2510848      |
| train/                  |              |
|    approx_kl            | 8.311486e-06 |
|    clip_fraction        | 0            |
|    clip_range           | 0.2          |
|    entropy_loss         | -0.0163      |
|    explained_variance   | 0.882        |
|    learning_rate        | 4.93e-05     |
|    loss                 | 4.33         |
|    n_updates            | 1836         |
|    policy_gradient_loss | -7.45e-05    |
|    value_loss           | 9.01         |
------------------------------------------
-------------------------------------------
| rollout/                |               |
|    ep_len_mean          | 8.64e+04      |
|    ep_rew_mean          | -3.57e+04     |
| time/                   |               |
|    fps                  | 1439          |
|    iterations           | 614           |
|    time_elapsed         | 1747          |
|    total_timesteps      | 2514944       |
| train/                  |               |
|    approx_kl            | 1.2647783e-05 |
|    clip_fraction        | 0             |
|    clip_range           | 0.2           |
|    entropy_loss         | -0.0149       |
|    explained_variance   | 0.947         |
|    learning_rate        | 4.89e-05      |
|    loss                 | 1.95          |
|    n_updates            | 1839          |
|    policy_gradient_loss | -0.000116     |
|    value_loss           | 4.02          |
-------------------------------------------
------------------------------------------
| rollout/                |              |
|    ep_len_mean          | 8.64e+04     |
|    ep_rew_mean          | -3.57e+04    |
| time/                   |              |
|    fps                  | 1441         |
|    iterations           | 615          |
|    time_elapsed         | 1747         |
|    total_timesteps      | 2519040      |
| train/                  |              |
|    approx_kl            | 5.743859e-06 |
|    clip_fraction        | 0            |
|    clip_range           | 0.2          |
|    entropy_loss         | -0.0136      |
|    explained_variance   | 0.706        |
|    learning_rate        | 4.85e-05     |
|    loss                 | 15.8         |
|    n_updates            | 1842         |
|    policy_gradient_loss | -3.29e-05    |
|    value_loss           | 37.1         |
------------------------------------------
  ⏱  step 2,520,000  │  FPS    6626  │  RSS   5730 MB
-------------------------------------------
| hw/                     |               |
|    fps                  | 6.63e+03      |
|    rss_mb               | 5.73e+03      |
| rollout/                |               |
|    ep_len_mean          | 8.64e+04      |
|    ep_rew_mean          | -3.57e+04     |
| time/                   |               |
|    fps                  | 1443          |
|    iterations           | 616           |
|    time_elapsed         | 1748          |
|    total_timesteps      | 2523136       |
| train/                  |               |
|    approx_kl            | 1.8664286e-07 |
|    clip_fraction        | 0             |
|    clip_range           | 0.2           |
|    entropy_loss         | -0.0133       |
|    explained_variance   | 0.595         |
|    learning_rate        | 4.81e-05      |
|    loss                 | 22            |
|    n_updates            | 1845          |
|    policy_gradient_loss | -1.03e-06     |
|    value_loss           | 43.3          |
-------------------------------------------
-------------------------------------------
| rollout/                |               |
|    ep_len_mean          | 8.64e+04      |
|    ep_rew_mean          | -3.57e+04     |
| time/                   |               |
|    fps                  | 1444          |
|    iterations           | 617           |
|    time_elapsed         | 1749          |
|    total_timesteps      | 2527232       |
| train/                  |               |
|    approx_kl            | 1.5177648e-08 |
|    clip_fraction        | 0             |
|    clip_range           | 0.2           |
|    entropy_loss         | -0.0137       |
|    explained_variance   | 0.681         |
|    learning_rate        | 4.77e-05      |
|    loss                 | 11.6          |
|    n_updates            | 1848          |
|    policy_gradient_loss | 2.21e-08      |
|    value_loss           | 22.2          |
-------------------------------------------
------------------------------------------
| rollout/                |              |
|    ep_len_mean          | 8.64e+04     |
|    ep_rew_mean          | -3.57e+04    |
| time/                   |              |
|    fps                  | 1446         |
|    iterations           | 618          |
|    time_elapsed         | 1749         |
|    total_timesteps      | 2531328      |
| train/                  |              |
|    approx_kl            | 6.687187e-07 |
|    clip_fraction        | 0            |
|    clip_range           | 0.2          |
|    entropy_loss         | -0.0133      |
|    explained_variance   | 0.872        |
|    learning_rate        | 4.73e-05     |
|    loss                 | 4.97         |
|    n_updates            | 1851         |
|    policy_gradient_loss | -1.51e-05    |
|    value_loss           | 11.5         |
------------------------------------------
-------------------------------------------
| rollout/                |               |
|    ep_len_mean          | 8.64e+04      |
|    ep_rew_mean          | -3.57e+04     |
| time/                   |               |
|    fps                  | 1448          |
|    iterations           | 619           |
|    time_elapsed         | 1750          |
|    total_timesteps      | 2535424       |
| train/                  |               |
|    approx_kl            | 1.4613324e-06 |
|    clip_fraction        | 0             |
|    clip_range           | 0.2           |
|    entropy_loss         | -0.013        |
|    explained_variance   | 0.723         |
|    learning_rate        | 4.69e-05      |
|    loss                 | 9.4           |
|    n_updates            | 1854          |
|    policy_gradient_loss | -2.56e-05     |
|    value_loss           | 20            |
-------------------------------------------
------------------------------------------
| rollout/                |              |
|    ep_len_mean          | 8.64e+04     |
|    ep_rew_mean          | -3.57e+04    |
| time/                   |              |
|    fps                  | 1450         |
|    iterations           | 620          |
|    time_elapsed         | 1751         |
|    total_timesteps      | 2539520      |
| train/                  |              |
|    approx_kl            | 5.507318e-07 |
|    clip_fraction        | 0            |
|    clip_range           | 0.2          |
|    entropy_loss         | -0.0125      |
|    explained_variance   | 0.844        |
|    learning_rate        | 4.65e-05     |
|    loss                 | 8.81         |
|    n_updates            | 1857         |
|    policy_gradient_loss | -1.43e-05    |
|    value_loss           | 17.6         |
------------------------------------------
  ⏱  step 2,540,000  │  FPS    6515  │  RSS   5730 MB
------------------------------------------
| hw/                     |              |
|    fps                  | 6.51e+03     |
|    rss_mb               | 5.73e+03     |
| rollout/                |              |
|    ep_len_mean          | 8.64e+04     |
|    ep_rew_mean          | -3.57e+04    |
| time/                   |              |
|    fps                  | 1452         |
|    iterations           | 621          |
|    time_elapsed         | 1751         |
|    total_timesteps      | 2543616      |
| train/                  |              |
|    approx_kl            | 2.746252e-06 |
|    clip_fraction        | 0            |
|    clip_range           | 0.2          |
|    entropy_loss         | -0.0118      |
|    explained_variance   | 0.803        |
|    learning_rate        | 4.6e-05      |
|    loss                 | 11.8         |
|    n_updates            | 1860         |
|    policy_gradient_loss | -5.79e-05    |
|    value_loss           | 20.9         |
------------------------------------------
------------------------------------------
| rollout/                |              |
|    ep_len_mean          | 8.64e+04     |
|    ep_rew_mean          | -3.57e+04    |
| time/                   |              |
|    fps                  | 1453         |
|    iterations           | 622          |
|    time_elapsed         | 1752         |
|    total_timesteps      | 2547712      |
| train/                  |              |
|    approx_kl            | 1.611188e-07 |
|    clip_fraction        | 0            |
|    clip_range           | 0.2          |
|    entropy_loss         | -0.0118      |
|    explained_variance   | 0.79         |
|    learning_rate        | 4.56e-05     |
|    loss                 | 13.1         |
|    n_updates            | 1863         |
|    policy_gradient_loss | 1.84e-06     |
|    value_loss           | 26           |
------------------------------------------
Eval num_timesteps=2550000, episode_reward=-28966.34 +/- 1069.22
Episode length: 86400.00 +/- 0.00
------------------------------------------
| eval/                   |              |
|    mean_ep_length       | 8.64e+04     |
|    mean_reward          | -2.9e+04     |
| time/                   |              |
|    total_timesteps      | 2550000      |
| train/                  |              |
|    approx_kl            | 8.041388e-08 |
|    clip_fraction        | 0            |
|    clip_range           | 0.2          |
|    entropy_loss         | -0.0121      |
|    explained_variance   | 0.752        |
|    learning_rate        | 4.52e-05     |
|    loss                 | 11.5         |
|    n_updates            | 1866         |
|    policy_gradient_loss | 8.74e-06     |
|    value_loss           | 26.6         |
------------------------------------------
----------------------------------
| rollout/           |           |
|    ep_len_mean     | 8.64e+04  |
|    ep_rew_mean     | -3.57e+04 |
| time/              |           |
|    fps             | 1433      |
|    iterations      | 623       |
|    time_elapsed    | 1780      |
|    total_timesteps | 2551808   |
----------------------------------
-------------------------------------------
| rollout/                |               |
|    ep_len_mean          | 8.64e+04      |
|    ep_rew_mean          | -3.57e+04     |
| time/                   |               |
|    fps                  | 1434          |
|    iterations           | 624           |
|    time_elapsed         | 1781          |
|    total_timesteps      | 2555904       |
| train/                  |               |
|    approx_kl            | 4.5180786e-07 |
|    clip_fraction        | 0             |
|    clip_range           | 0.2           |
|    entropy_loss         | -0.0122       |
|    explained_variance   | 0.642         |
|    learning_rate        | 4.48e-05      |
|    loss                 | 13.3          |
|    n_updates            | 1869          |
|    policy_gradient_loss | -6.72e-06     |
|    value_loss           | 29.8          |
-------------------------------------------
  ⏱  step 2,560,000  │  FPS     652  │  RSS   5730 MB
-----------------------------------------
| hw/                     |             |
|    fps                  | 652         |
|    rss_mb               | 5.73e+03    |
| rollout/                |             |
|    ep_len_mean          | 8.64e+04    |
|    ep_rew_mean          | -3.57e+04   |
| time/                   |             |
|    fps                  | 1436        |
|    iterations           | 625         |
|    time_elapsed         | 1781        |
|    total_timesteps      | 2560000     |
| train/                  |             |
|    approx_kl            | 2.81143e-07 |
|    clip_fraction        | 0           |
|    clip_range           | 0.2         |
|    entropy_loss         | -0.012      |
|    explained_variance   | 0.673       |
|    learning_rate        | 4.44e-05    |
|    loss                 | 11.9        |
|    n_updates            | 1872        |
|    policy_gradient_loss | -5.9e-06    |
|    value_loss           | 23.5        |
-----------------------------------------
------------------------------------------
| rollout/                |              |
|    ep_len_mean          | 8.64e+04     |
|    ep_rew_mean          | -3.57e+04    |
| time/                   |              |
|    fps                  | 1438         |
|    iterations           | 626          |
|    time_elapsed         | 1782         |
|    total_timesteps      | 2564096      |
| train/                  |              |
|    approx_kl            | 6.168557e-07 |
|    clip_fraction        | 0            |
|    clip_range           | 0.2          |
|    entropy_loss         | -0.0119      |
|    explained_variance   | 0.737        |
|    learning_rate        | 4.4e-05      |
|    loss                 | 9.06         |
|    n_updates            | 1875         |
|    policy_gradient_loss | -1.83e-05    |
|    value_loss           | 21.2         |
------------------------------------------
-------------------------------------------
| rollout/                |               |
|    ep_len_mean          | 8.64e+04      |
|    ep_rew_mean          | -3.57e+04     |
| time/                   |               |
|    fps                  | 1440          |
|    iterations           | 627           |
|    time_elapsed         | 1783          |
|    total_timesteps      | 2568192       |
| train/                  |               |
|    approx_kl            | 2.0468724e-07 |
|    clip_fraction        | 0             |
|    clip_range           | 0.2           |
|    entropy_loss         | -0.0116       |
|    explained_variance   | 0.816         |
|    learning_rate        | 4.36e-05      |
|    loss                 | 5.99          |
|    n_updates            | 1878          |
|    policy_gradient_loss | -6.77e-06     |
|    value_loss           | 13.6          |
-------------------------------------------
------------------------------------------
| rollout/                |              |
|    ep_len_mean          | 8.64e+04     |
|    ep_rew_mean          | -3.57e+04    |
| time/                   |              |
|    fps                  | 1442         |
|    iterations           | 628          |
|    time_elapsed         | 1783         |
|    total_timesteps      | 2572288      |
| train/                  |              |
|    approx_kl            | 4.476169e-08 |
|    clip_fraction        | 0            |
|    clip_range           | 0.2          |
|    entropy_loss         | -0.0114      |
|    explained_variance   | 0.844        |
|    learning_rate        | 4.32e-05     |
|    loss                 | 5.1          |
|    n_updates            | 1881         |
|    policy_gradient_loss | 1.85e-07     |
|    value_loss           | 11.3         |
------------------------------------------
-------------------------------------------
| rollout/                |               |
|    ep_len_mean          | 8.64e+04      |
|    ep_rew_mean          | -3.57e+04     |
| time/                   |               |
|    fps                  | 1443          |
|    iterations           | 629           |
|    time_elapsed         | 1784          |
|    total_timesteps      | 2576384       |
| train/                  |               |
|    approx_kl            | 3.1432137e-08 |
|    clip_fraction        | 0             |
|    clip_range           | 0.2           |
|    entropy_loss         | -0.0115       |
|    explained_variance   | 0.688         |
|    learning_rate        | 4.28e-05      |
|    loss                 | 27.2          |
|    n_updates            | 1884          |
|    policy_gradient_loss | 4.14e-06      |
|    value_loss           | 53.1          |
-------------------------------------------
  ⏱  step 2,580,000  │  FPS    6401  │  RSS   5730 MB
------------------------------------------
| hw/                     |              |
|    fps                  | 6.4e+03      |
|    rss_mb               | 5.73e+03     |
| rollout/                |              |
|    ep_len_mean          | 8.64e+04     |
|    ep_rew_mean          | -3.57e+04    |
| time/                   |              |
|    fps                  | 1445         |
|    iterations           | 630          |
|    time_elapsed         | 1785         |
|    total_timesteps      | 2580480      |
| train/                  |              |
|    approx_kl            | 8.805364e-08 |
|    clip_fraction        | 0            |
|    clip_range           | 0.2          |
|    entropy_loss         | -0.0115      |
|    explained_variance   | 0.672        |
|    learning_rate        | 4.24e-05     |
|    loss                 | 27.2         |
|    n_updates            | 1887         |
|    policy_gradient_loss | -2.36e-06    |
|    value_loss           | 52.8         |
------------------------------------------
--------------------------------------------
| rollout/                |                |
|    ep_len_mean          | 8.64e+04       |
|    ep_rew_mean          | -3.57e+04      |
| time/                   |                |
|    fps                  | 1447           |
|    iterations           | 631            |
|    time_elapsed         | 1785           |
|    total_timesteps      | 2584576        |
| train/                  |                |
|    approx_kl            | 1.29657565e-08 |
|    clip_fraction        | 0              |
|    clip_range           | 0.2            |
|    entropy_loss         | -0.0117        |
|    explained_variance   | 0.779          |
|    learning_rate        | 4.2e-05        |
|    loss                 | 11.7           |
|    n_updates            | 1890           |
|    policy_gradient_loss | -1.6e-06       |
|    value_loss           | 18.4           |
--------------------------------------------
------------------------------------------
| rollout/                |              |
|    ep_len_mean          | 8.64e+04     |
|    ep_rew_mean          | -3.57e+04    |
| time/                   |              |
|    fps                  | 1449         |
|    iterations           | 632          |
|    time_elapsed         | 1786         |
|    total_timesteps      | 2588672      |
| train/                  |              |
|    approx_kl            | 7.044582e-08 |
|    clip_fraction        | 0            |
|    clip_range           | 0.2          |
|    entropy_loss         | -0.0114      |
|    explained_variance   | 0.744        |
|    learning_rate        | 4.15e-05     |
|    loss                 | 9.74         |
|    n_updates            | 1893         |
|    policy_gradient_loss | -4.44e-06    |
|    value_loss           | 24           |
------------------------------------------
-------------------------------------------
| rollout/                |               |
|    ep_len_mean          | 8.64e+04      |
|    ep_rew_mean          | -3.54e+04     |
| time/                   |               |
|    fps                  | 1451          |
|    iterations           | 633           |
|    time_elapsed         | 1786          |
|    total_timesteps      | 2592768       |
| train/                  |               |
|    approx_kl            | 1.6443664e-09 |
|    clip_fraction        | 0             |
|    clip_range           | 0.2           |
|    entropy_loss         | -0.0114       |
|    explained_variance   | 0.832         |
|    learning_rate        | 4.11e-05      |
|    loss                 | 8.27          |
|    n_updates            | 1896          |
|    policy_gradient_loss | -6.82e-07     |
|    value_loss           | 19.2          |
-------------------------------------------
------------------------------------------
| rollout/                |              |
|    ep_len_mean          | 8.64e+04     |
|    ep_rew_mean          | -3.54e+04    |
| time/                   |              |
|    fps                  | 1452         |
|    iterations           | 634          |
|    time_elapsed         | 1787         |
|    total_timesteps      | 2596864      |
| train/                  |              |
|    approx_kl            | 2.249435e-07 |
|    clip_fraction        | 0            |
|    clip_range           | 0.2          |
|    entropy_loss         | -0.0114      |
|    explained_variance   | 0.847        |
|    learning_rate        | 4.07e-05     |
|    loss                 | 6.17         |
|    n_updates            | 1899         |
|    policy_gradient_loss | -1.09e-05    |
|    value_loss           | 15.5         |
------------------------------------------
Eval num_timesteps=2600000, episode_reward=-25473.85 +/- 2754.21
Episode length: 86400.00 +/- 0.00
-------------------------------------------
| eval/                   |               |
|    mean_ep_length       | 8.64e+04      |
|    mean_reward          | -2.55e+04     |
| time/                   |               |
|    total_timesteps      | 2600000       |
| train/                  |               |
|    approx_kl            | 1.2538949e-06 |
|    clip_fraction        | 0             |
|    clip_range           | 0.2           |
|    entropy_loss         | -0.0108       |
|    explained_variance   | 0.925         |
|    learning_rate        | 4.03e-05      |
|    loss                 | 3.59          |
|    n_updates            | 1902          |
|    policy_gradient_loss | -4.26e-05     |
|    value_loss           | 7.68          |
-------------------------------------------
  ⏱  step 2,600,000  │  FPS     648  │  RSS   5730 MB
----------------------------------
| hw/                |           |
|    fps             | 648       |
|    rss_mb          | 5.73e+03  |
| rollout/           |           |
|    ep_len_mean     | 8.64e+04  |
|    ep_rew_mean     | -3.54e+04 |
| time/              |           |
|    fps             | 1432      |
|    iterations      | 635       |
|    time_elapsed    | 1815      |
|    total_timesteps | 2600960   |
----------------------------------
-------------------------------------------
| rollout/                |               |
|    ep_len_mean          | 8.64e+04      |
|    ep_rew_mean          | -3.54e+04     |
| time/                   |               |
|    fps                  | 1434          |
|    iterations           | 636           |
|    time_elapsed         | 1816          |
|    total_timesteps      | 2605056       |
| train/                  |               |
|    approx_kl            | 2.6149792e-08 |
|    clip_fraction        | 0             |
|    clip_range           | 0.2           |
|    entropy_loss         | -0.0106       |
|    explained_variance   | 0.738         |
|    learning_rate        | 3.99e-05      |
|    loss                 | 15.8          |
|    n_updates            | 1905          |
|    policy_gradient_loss | -1.36e-06     |
|    value_loss           | 31.2          |
-------------------------------------------
------------------------------------------
| rollout/                |              |
|    ep_len_mean          | 8.64e+04     |
|    ep_rew_mean          | -3.54e+04    |
| time/                   |              |
|    fps                  | 1435         |
|    iterations           | 637          |
|    time_elapsed         | 1817         |
|    total_timesteps      | 2609152      |
| train/                  |              |
|    approx_kl            | 9.546056e-09 |
|    clip_fraction        | 0            |
|    clip_range           | 0.2          |
|    entropy_loss         | -0.0106      |
|    explained_variance   | 0.663        |
|    learning_rate        | 3.95e-05     |
|    loss                 | 15           |
|    n_updates            | 1908         |
|    policy_gradient_loss | 6.88e-07     |
|    value_loss           | 29.8         |
------------------------------------------
-------------------------------------------
| rollout/                |               |
|    ep_len_mean          | 8.64e+04      |
|    ep_rew_mean          | -3.54e+04     |
| time/                   |               |
|    fps                  | 1437          |
|    iterations           | 638           |
|    time_elapsed         | 1817          |
|    total_timesteps      | 2613248       |
| train/                  |               |
|    approx_kl            | 1.3432873e-07 |
|    clip_fraction        | 0             |
|    clip_range           | 0.2           |
|    entropy_loss         | -0.0108       |
|    explained_variance   | 0.661         |
|    learning_rate        | 3.91e-05      |
|    loss                 | 10.3          |
|    n_updates            | 1911          |
|    policy_gradient_loss | -1.24e-06     |
|    value_loss           | 22.9          |
-------------------------------------------
-------------------------------------------
| rollout/                |               |
|    ep_len_mean          | 8.64e+04      |
|    ep_rew_mean          | -3.54e+04     |
| time/                   |               |
|    fps                  | 1439          |
|    iterations           | 639           |
|    time_elapsed         | 1818          |
|    total_timesteps      | 2617344       |
| train/                  |               |
|    approx_kl            | 4.5803608e-07 |
|    clip_fraction        | 0             |
|    clip_range           | 0.2           |
|    entropy_loss         | -0.0104       |
|    explained_variance   | 0.838         |
|    learning_rate        | 3.87e-05      |
|    loss                 | 5.98          |
|    n_updates            | 1914          |
|    policy_gradient_loss | -1.96e-05     |
|    value_loss           | 15.7          |
-------------------------------------------
  ⏱  step 2,620,000  │  FPS    6576  │  RSS   5730 MB
-------------------------------------------
| hw/                     |               |
|    fps                  | 6.58e+03      |
|    rss_mb               | 5.73e+03      |
| rollout/                |               |
|    ep_len_mean          | 8.64e+04      |
|    ep_rew_mean          | -3.54e+04     |
| time/                   |               |
|    fps                  | 1441          |
|    iterations           | 640           |
|    time_elapsed         | 1819          |
|    total_timesteps      | 2621440       |
| train/                  |               |
|    approx_kl            | 1.6447302e-06 |
|    clip_fraction        | 0             |
|    clip_range           | 0.2           |
|    entropy_loss         | -0.0101       |
|    explained_variance   | 0.756         |
|    learning_rate        | 3.83e-05      |
|    loss                 | 6.49          |
|    n_updates            | 1917          |
|    policy_gradient_loss | -4.12e-05     |
|    value_loss           | 17.8          |
-------------------------------------------
--------------------------------------------
| rollout/                |                |
|    ep_len_mean          | 8.64e+04       |
|    ep_rew_mean          | -3.54e+04      |
| time/                   |                |
|    fps                  | 1442           |
|    iterations           | 641            |
|    time_elapsed         | 1819           |
|    total_timesteps      | 2625536        |
| train/                  |                |
|    approx_kl            | 1.15454895e-07 |
|    clip_fraction        | 0              |
|    clip_range           | 0.2            |
|    entropy_loss         | -0.00985       |
|    explained_variance   | 0.769          |
|    learning_rate        | 3.79e-05       |
|    loss                 | 12.3           |
|    n_updates            | 1920           |
|    policy_gradient_loss | -6.59e-06      |
|    value_loss           | 27.7           |
--------------------------------------------
-------------------------------------------
| rollout/                |               |
|    ep_len_mean          | 8.64e+04      |
|    ep_rew_mean          | -3.54e+04     |
| time/                   |               |
|    fps                  | 1444          |
|    iterations           | 642           |
|    time_elapsed         | 1820          |
|    total_timesteps      | 2629632       |
| train/                  |               |
|    approx_kl            | 1.1743396e-08 |
|    clip_fraction        | 0             |
|    clip_range           | 0.2           |
|    entropy_loss         | -0.0096       |
|    explained_variance   | 0.752         |
|    learning_rate        | 3.74e-05      |
|    loss                 | 11.5          |
|    n_updates            | 1923          |
|    policy_gradient_loss | 5.1e-07       |
|    value_loss           | 24.3          |
-------------------------------------------
-------------------------------------------
| rollout/                |               |
|    ep_len_mean          | 8.64e+04      |
|    ep_rew_mean          | -3.54e+04     |
| time/                   |               |
|    fps                  | 1446          |
|    iterations           | 643           |
|    time_elapsed         | 1820          |
|    total_timesteps      | 2633728       |
| train/                  |               |
|    approx_kl            | 6.8958616e-07 |
|    clip_fraction        | 0             |
|    clip_range           | 0.2           |
|    entropy_loss         | -0.01         |
|    explained_variance   | 0.769         |
|    learning_rate        | 3.7e-05       |
|    loss                 | 13            |
|    n_updates            | 1926          |
|    policy_gradient_loss | -6.42e-06     |
|    value_loss           | 26.1          |
-------------------------------------------
------------------------------------------
| rollout/                |              |
|    ep_len_mean          | 8.64e+04     |
|    ep_rew_mean          | -3.54e+04    |
| time/                   |              |
|    fps                  | 1448         |
|    iterations           | 644          |
|    time_elapsed         | 1821         |
|    total_timesteps      | 2637824      |
| train/                  |              |
|    approx_kl            | 5.820766e-09 |
|    clip_fraction        | 0            |
|    clip_range           | 0.2          |
|    entropy_loss         | -0.00998     |
|    explained_variance   | 0.647        |
|    learning_rate        | 3.66e-05     |
|    loss                 | 15.6         |
|    n_updates            | 1929         |
|    policy_gradient_loss | 9.14e-07     |
|    value_loss           | 33.1         |
------------------------------------------
  ⏱  step 2,640,000  │  FPS    6531  │  RSS   5730 MB
-------------------------------------------
| hw/                     |               |
|    fps                  | 6.53e+03      |
|    rss_mb               | 5.73e+03      |
| rollout/                |               |
|    ep_len_mean          | 8.64e+04      |
|    ep_rew_mean          | -3.54e+04     |
| time/                   |               |
|    fps                  | 1449          |
|    iterations           | 645           |
|    time_elapsed         | 1822          |
|    total_timesteps      | 2641920       |
| train/                  |               |
|    approx_kl            | 3.7194695e-08 |
|    clip_fraction        | 0             |
|    clip_range           | 0.2           |
|    entropy_loss         | -0.0103       |
|    explained_variance   | 0.573         |
|    learning_rate        | 3.62e-05      |
|    loss                 | 17.3          |
|    n_updates            | 1932          |
|    policy_gradient_loss | -4.08e-06     |
|    value_loss           | 33.2          |
-------------------------------------------
------------------------------------------
| rollout/                |              |
|    ep_len_mean          | 8.64e+04     |
|    ep_rew_mean          | -3.54e+04    |
| time/                   |              |
|    fps                  | 1451         |
|    iterations           | 646          |
|    time_elapsed         | 1822         |
|    total_timesteps      | 2646016      |
| train/                  |              |
|    approx_kl            | 2.470042e-07 |
|    clip_fraction        | 0            |
|    clip_range           | 0.2          |
|    entropy_loss         | -0.0101      |
|    explained_variance   | 0.64         |
|    learning_rate        | 3.58e-05     |
|    loss                 | 12.2         |
|    n_updates            | 1935         |
|    policy_gradient_loss | -2.17e-07    |
|    value_loss           | 25.9         |
------------------------------------------
Eval num_timesteps=2650000, episode_reward=-27414.67 +/- 713.31
Episode length: 86400.00 +/- 0.00
------------------------------------------
| eval/                   |              |
|    mean_ep_length       | 8.64e+04     |
|    mean_reward          | -2.74e+04    |
| time/                   |              |
|    total_timesteps      | 2650000      |
| train/                  |              |
|    approx_kl            | 7.552444e-09 |
|    clip_fraction        | 0            |
|    clip_range           | 0.2          |
|    entropy_loss         | -0.0104      |
|    explained_variance   | 0.657        |
|    learning_rate        | 3.54e-05     |
|    loss                 | 10.1         |
|    n_updates            | 1938         |
|    policy_gradient_loss | 2.35e-07     |
|    value_loss           | 26.6         |
------------------------------------------
----------------------------------
| rollout/           |           |
|    ep_len_mean     | 8.64e+04  |
|    ep_rew_mean     | -3.54e+04 |
| time/              |           |
|    fps             | 1431      |
|    iterations      | 647       |
|    time_elapsed    | 1850      |
|    total_timesteps | 2650112   |
----------------------------------
------------------------------------------
| rollout/                |              |
|    ep_len_mean          | 8.64e+04     |
|    ep_rew_mean          | -3.54e+04    |
| time/                   |              |
|    fps                  | 1433         |
|    iterations           | 648          |
|    time_elapsed         | 1851         |
|    total_timesteps      | 2654208      |
| train/                  |              |
|    approx_kl            | 8.731149e-11 |
|    clip_fraction        | 0            |
|    clip_range           | 0.2          |
|    entropy_loss         | -0.0104      |
|    explained_variance   | 0.859        |
|    learning_rate        | 3.5e-05      |
|    loss                 | 4.83         |
|    n_updates            | 1941         |
|    policy_gradient_loss | -7.24e-08    |
|    value_loss           | 12.3         |
------------------------------------------
------------------------------------------
| rollout/                |              |
|    ep_len_mean          | 8.64e+04     |
|    ep_rew_mean          | -3.54e+04    |
| time/                   |              |
|    fps                  | 1435         |
|    iterations           | 649          |
|    time_elapsed         | 1851         |
|    total_timesteps      | 2658304      |
| train/                  |              |
|    approx_kl            | 2.138695e-07 |
|    clip_fraction        | 0            |
|    clip_range           | 0.2          |
|    entropy_loss         | -0.0102      |
|    explained_variance   | 0.841        |
|    learning_rate        | 3.46e-05     |
|    loss                 | 4.95         |
|    n_updates            | 1944         |
|    policy_gradient_loss | -7.92e-06    |
|    value_loss           | 10.8         |
------------------------------------------
  ⏱  step 2,660,000  │  FPS     659  │  RSS   5730 MB
-------------------------------------------
| hw/                     |               |
|    fps                  | 659           |
|    rss_mb               | 5.73e+03      |
| rollout/                |               |
|    ep_len_mean          | 8.64e+04      |
|    ep_rew_mean          | -3.54e+04     |
| time/                   |               |
|    fps                  | 1437          |
|    iterations           | 650           |
|    time_elapsed         | 1852          |
|    total_timesteps      | 2662400       |
| train/                  |               |
|    approx_kl            | 3.4924597e-09 |
|    clip_fraction        | 0             |
|    clip_range           | 0.2           |
|    entropy_loss         | -0.0101       |
|    explained_variance   | 0.687         |
|    learning_rate        | 3.42e-05      |
|    loss                 | 19.7          |
|    n_updates            | 1947          |
|    policy_gradient_loss | -1e-06        |
|    value_loss           | 47.3          |
-------------------------------------------
-------------------------------------------
| rollout/                |               |
|    ep_len_mean          | 8.64e+04      |
|    ep_rew_mean          | -3.54e+04     |
| time/                   |               |
|    fps                  | 1438          |
|    iterations           | 651           |
|    time_elapsed         | 1853          |
|    total_timesteps      | 2666496       |
| train/                  |               |
|    approx_kl            | 1.0229996e-08 |
|    clip_fraction        | 0             |
|    clip_range           | 0.2           |
|    entropy_loss         | -0.00978      |
|    explained_variance   | 0.676         |
|    learning_rate        | 3.38e-05      |
|    loss                 | 22.4          |
|    n_updates            | 1950          |
|    policy_gradient_loss | -1.14e-06     |
|    value_loss           | 48.4          |
-------------------------------------------
------------------------------------------
| rollout/                |              |
|    ep_len_mean          | 8.64e+04     |
|    ep_rew_mean          | -3.54e+04    |
| time/                   |              |
|    fps                  | 1440         |
|    iterations           | 652          |
|    time_elapsed         | 1853         |
|    total_timesteps      | 2670592      |
| train/                  |              |
|    approx_kl            | 7.712515e-10 |
|    clip_fraction        | 0            |
|    clip_range           | 0.2          |
|    entropy_loss         | -0.01        |
|    explained_variance   | 0.697        |
|    learning_rate        | 3.34e-05     |
|    loss                 | 9.55         |
|    n_updates            | 1953         |
|    policy_gradient_loss | -3.6e-07     |
|    value_loss           | 26.4         |
------------------------------------------
------------------------------------------
| rollout/                |              |
|    ep_len_mean          | 8.64e+04     |
|    ep_rew_mean          | -3.54e+04    |
| time/                   |              |
|    fps                  | 1442         |
|    iterations           | 653          |
|    time_elapsed         | 1854         |
|    total_timesteps      | 2674688      |
| train/                  |              |
|    approx_kl            | 3.965397e-08 |
|    clip_fraction        | 0            |
|    clip_range           | 0.2          |
|    entropy_loss         | -0.0099      |
|    explained_variance   | 0.695        |
|    learning_rate        | 3.29e-05     |
|    loss                 | 12.5         |
|    n_updates            | 1956         |
|    policy_gradient_loss | -3.55e-06    |
|    value_loss           | 31           |
------------------------------------------
-------------------------------------------
| rollout/                |               |
|    ep_len_mean          | 8.64e+04      |
|    ep_rew_mean          | -3.51e+04     |
| time/                   |               |
|    fps                  | 1443          |
|    iterations           | 654           |
|    time_elapsed         | 1855          |
|    total_timesteps      | 2678784       |
| train/                  |               |
|    approx_kl            | 1.5774276e-08 |
|    clip_fraction        | 0             |
|    clip_range           | 0.2           |
|    entropy_loss         | -0.01         |
|    explained_variance   | 0.823         |
|    learning_rate        | 3.25e-05      |
|    loss                 | 8.31          |
|    n_updates            | 1959          |
|    policy_gradient_loss | -2.31e-06     |
|    value_loss           | 21.1          |
-------------------------------------------
  ⏱  step 2,680,000  │  FPS    6381  │  RSS   5730 MB
------------------------------------------
| hw/                     |              |
|    fps                  | 6.38e+03     |
|    rss_mb               | 5.73e+03     |
| rollout/                |              |
|    ep_len_mean          | 8.64e+04     |
|    ep_rew_mean          | -3.51e+04    |
| time/                   |              |
|    fps                  | 1445         |
|    iterations           | 655          |
|    time_elapsed         | 1855         |
|    total_timesteps      | 2682880      |
| train/                  |              |
|    approx_kl            | 9.239011e-07 |
|    clip_fraction        | 0            |
|    clip_range           | 0.2          |
|    entropy_loss         | -0.0103      |
|    explained_variance   | 0.816        |
|    learning_rate        | 3.21e-05     |
|    loss                 | 9.42         |
|    n_updates            | 1962         |
|    policy_gradient_loss | -3.59e-05    |
|    value_loss           | 20.3         |
------------------------------------------
------------------------------------------
| rollout/                |              |
|    ep_len_mean          | 8.64e+04     |
|    ep_rew_mean          | -3.51e+04    |
| time/                   |              |
|    fps                  | 1447         |
|    iterations           | 656          |
|    time_elapsed         | 1856         |
|    total_timesteps      | 2686976      |
| train/                  |              |
|    approx_kl            | 2.849847e-07 |
|    clip_fraction        | 0            |
|    clip_range           | 0.2          |
|    entropy_loss         | -0.0106      |
|    explained_variance   | 0.72         |
|    learning_rate        | 3.17e-05     |
|    loss                 | 10.3         |
|    n_updates            | 1965         |
|    policy_gradient_loss | 4.05e-06     |
|    value_loss           | 24.2         |
------------------------------------------
-------------------------------------------
| rollout/                |               |
|    ep_len_mean          | 8.64e+04      |
|    ep_rew_mean          | -3.51e+04     |
| time/                   |               |
|    fps                  | 1449          |
|    iterations           | 657           |
|    time_elapsed         | 1857          |
|    total_timesteps      | 2691072       |
| train/                  |               |
|    approx_kl            | 2.8521754e-09 |
|    clip_fraction        | 0             |
|    clip_range           | 0.2           |
|    entropy_loss         | -0.0104       |
|    explained_variance   | 0.409         |
|    learning_rate        | 3.13e-05      |
|    loss                 | 13.3          |
|    n_updates            | 1968          |
|    policy_gradient_loss | 8.9e-07       |
|    value_loss           | 29.9          |
-------------------------------------------
-------------------------------------------
| rollout/                |               |
|    ep_len_mean          | 8.64e+04      |
|    ep_rew_mean          | -3.51e+04     |
| time/                   |               |
|    fps                  | 1450          |
|    iterations           | 658           |
|    time_elapsed         | 1857          |
|    total_timesteps      | 2695168       |
| train/                  |               |
|    approx_kl            | 1.6007107e-09 |
|    clip_fraction        | 0             |
|    clip_range           | 0.2           |
|    entropy_loss         | -0.0107       |
|    explained_variance   | 0.556         |
|    learning_rate        | 3.09e-05      |
|    loss                 | 9.22          |
|    n_updates            | 1971          |
|    policy_gradient_loss | 2.9e-07       |
|    value_loss           | 17.3          |
-------------------------------------------
-------------------------------------------
| rollout/                |               |
|    ep_len_mean          | 8.64e+04      |
|    ep_rew_mean          | -3.51e+04     |
| time/                   |               |
|    fps                  | 1452          |
|    iterations           | 659           |
|    time_elapsed         | 1858          |
|    total_timesteps      | 2699264       |
| train/                  |               |
|    approx_kl            | 1.0832446e-07 |
|    clip_fraction        | 0             |
|    clip_range           | 0.2           |
|    entropy_loss         | -0.0107       |
|    explained_variance   | 0.495         |
|    learning_rate        | 3.05e-05      |
|    loss                 | 7.28          |
|    n_updates            | 1974          |
|    policy_gradient_loss | -1.07e-06     |
|    value_loss           | 16.6          |
-------------------------------------------
Eval num_timesteps=2700000, episode_reward=-26902.95 +/- 557.04
Episode length: 86400.00 +/- 0.00
-------------------------------------------
| eval/                   |               |
|    mean_ep_length       | 8.64e+04      |
|    mean_reward          | -2.69e+04     |
| time/                   |               |
|    total_timesteps      | 2700000       |
| train/                  |               |
|    approx_kl            | 1.6589183e-08 |
|    clip_fraction        | 0             |
|    clip_range           | 0.2           |
|    entropy_loss         | -0.0109       |
|    explained_variance   | 0.19          |
|    learning_rate        | 3.01e-05      |
|    loss                 | 25.3          |
|    n_updates            | 1977          |
|    policy_gradient_loss | 3.16e-06      |
|    value_loss           | 48.2          |
-------------------------------------------
  ⏱  step 2,700,000  │  FPS     641  │  RSS   5730 MB
----------------------------------
| hw/                |           |
|    fps             | 641       |
|    rss_mb          | 5.73e+03  |
| rollout/           |           |
|    ep_len_mean     | 8.64e+04  |
|    ep_rew_mean     | -3.51e+04 |
| time/              |           |
|    fps             | 1432      |
|    iterations      | 660       |
|    time_elapsed    | 1887      |
|    total_timesteps | 2703360   |
----------------------------------
-------------------------------------------
| rollout/                |               |
|    ep_len_mean          | 8.64e+04      |
|    ep_rew_mean          | -3.51e+04     |
| time/                   |               |
|    fps                  | 1434          |
|    iterations           | 661           |
|    time_elapsed         | 1887          |
|    total_timesteps      | 2707456       |
| train/                  |               |
|    approx_kl            | 4.4333865e-07 |
|    clip_fraction        | 0             |
|    clip_range           | 0.2           |
|    entropy_loss         | -0.0108       |
|    explained_variance   | 0.497         |
|    learning_rate        | 2.97e-05      |
|    loss                 | 12.1          |
|    n_updates            | 1980          |
|    policy_gradient_loss | -1.1e-05      |
|    value_loss           | 29.6          |
-------------------------------------------
-------------------------------------------
| rollout/                |               |
|    ep_len_mean          | 8.64e+04      |
|    ep_rew_mean          | -3.51e+04     |
| time/                   |               |
|    fps                  | 1435          |
|    iterations           | 662           |
|    time_elapsed         | 1888          |
|    total_timesteps      | 2711552       |
| train/                  |               |
|    approx_kl            | 8.0035534e-10 |
|    clip_fraction        | 0             |
|    clip_range           | 0.2           |
|    entropy_loss         | -0.0106       |
|    explained_variance   | 0.467         |
|    learning_rate        | 2.93e-05      |
|    loss                 | 13.5          |
|    n_updates            | 1983          |
|    policy_gradient_loss | -2.2e-07      |
|    value_loss           | 28.7          |
-------------------------------------------
------------------------------------------
| rollout/                |              |
|    ep_len_mean          | 8.64e+04     |
|    ep_rew_mean          | -3.51e+04    |
| time/                   |              |
|    fps                  | 1437         |
|    iterations           | 663          |
|    time_elapsed         | 1888         |
|    total_timesteps      | 2715648      |
| train/                  |              |
|    approx_kl            | 7.827475e-08 |
|    clip_fraction        | 0            |
|    clip_range           | 0.2          |
|    entropy_loss         | -0.0107      |
|    explained_variance   | 0.0521       |
|    learning_rate        | 2.88e-05     |
|    loss                 | 21.8         |
|    n_updates            | 1986         |
|    policy_gradient_loss | -1.75e-06    |
|    value_loss           | 49.5         |
------------------------------------------
-------------------------------------------
| rollout/                |               |
|    ep_len_mean          | 8.64e+04      |
|    ep_rew_mean          | -3.51e+04     |
| time/                   |               |
|    fps                  | 1439          |
|    iterations           | 664           |
|    time_elapsed         | 1889          |
|    total_timesteps      | 2719744       |
| train/                  |               |
|    approx_kl            | 2.5019108e-07 |
|    clip_fraction        | 0             |
|    clip_range           | 0.2           |
|    entropy_loss         | -0.0103       |
|    explained_variance   | 0.388         |
|    learning_rate        | 2.84e-05      |
|    loss                 | 22.5          |
|    n_updates            | 1989          |
|    policy_gradient_loss | -8.93e-06     |
|    value_loss           | 44.3          |
-------------------------------------------
  ⏱  step 2,720,000  │  FPS    6572  │  RSS   5730 MB
-------------------------------------------
| hw/                     |               |
|    fps                  | 6.57e+03      |
|    rss_mb               | 5.73e+03      |
| rollout/                |               |
|    ep_len_mean          | 8.64e+04      |
|    ep_rew_mean          | -3.51e+04     |
| time/                   |               |
|    fps                  | 1441          |
|    iterations           | 665           |
|    time_elapsed         | 1890          |
|    total_timesteps      | 2723840       |
| train/                  |               |
|    approx_kl            | 2.0787411e-07 |
|    clip_fraction        | 0             |
|    clip_range           | 0.2           |
|    entropy_loss         | -0.0104       |
|    explained_variance   | 0.143         |
|    learning_rate        | 2.8e-05       |
|    loss                 | 21            |
|    n_updates            | 1992          |
|    policy_gradient_loss | -1.4e-05      |
|    value_loss           | 46.7          |
-------------------------------------------
-------------------------------------------
| rollout/                |               |
|    ep_len_mean          | 8.64e+04      |
|    ep_rew_mean          | -3.51e+04     |
| time/                   |               |
|    fps                  | 1442          |
|    iterations           | 666           |
|    time_elapsed         | 1890          |
|    total_timesteps      | 2727936       |
| train/                  |               |
|    approx_kl            | 1.6856939e-07 |
|    clip_fraction        | 0             |
|    clip_range           | 0.2           |
|    entropy_loss         | -0.0101       |
|    explained_variance   | 0.572         |
|    learning_rate        | 2.76e-05      |
|    loss                 | 7.91          |
|    n_updates            | 1995          |
|    policy_gradient_loss | -6.53e-06     |
|    value_loss           | 15.6          |
-------------------------------------------
-------------------------------------------
| rollout/                |               |
|    ep_len_mean          | 8.64e+04      |
|    ep_rew_mean          | -3.51e+04     |
| time/                   |               |
|    fps                  | 1444          |
|    iterations           | 667           |
|    time_elapsed         | 1891          |
|    total_timesteps      | 2732032       |
| train/                  |               |
|    approx_kl            | 3.8766302e-08 |
|    clip_fraction        | 0             |
|    clip_range           | 0.2           |
|    entropy_loss         | -0.0101       |
|    explained_variance   | 0.183         |
|    learning_rate        | 2.72e-05      |
|    loss                 | 21.4          |
|    n_updates            | 1998          |
|    policy_gradient_loss | -2.87e-06     |
|    value_loss           | 39.9          |
-------------------------------------------
------------------------------------------
| rollout/                |              |
|    ep_len_mean          | 8.64e+04     |
|    ep_rew_mean          | -3.51e+04    |
| time/                   |              |
|    fps                  | 1446         |
|    iterations           | 668          |
|    time_elapsed         | 1891         |
|    total_timesteps      | 2736128      |
| train/                  |              |
|    approx_kl            | 6.548362e-10 |
|    clip_fraction        | 0            |
|    clip_range           | 0.2          |
|    entropy_loss         | -0.0101      |
|    explained_variance   | 0.308        |
|    learning_rate        | 2.68e-05     |
|    loss                 | 22.1         |
|    n_updates            | 2001         |
|    policy_gradient_loss | 5.65e-07     |
|    value_loss           | 48.6         |
------------------------------------------
  ⏱  step 2,740,000  │  FPS    6769  │  RSS   5730 MB
-------------------------------------------
| hw/                     |               |
|    fps                  | 6.77e+03      |
|    rss_mb               | 5.73e+03      |
| rollout/                |               |
|    ep_len_mean          | 8.64e+04      |
|    ep_rew_mean          | -3.51e+04     |
| time/                   |               |
|    fps                  | 1447          |
|    iterations           | 669           |
|    time_elapsed         | 1892          |
|    total_timesteps      | 2740224       |
| train/                  |               |
|    approx_kl            | 1.5702972e-07 |
|    clip_fraction        | 0             |
|    clip_range           | 0.2           |
|    entropy_loss         | -0.00996      |
|    explained_variance   | 0.144         |
|    learning_rate        | 2.64e-05      |
|    loss                 | 14.6          |
|    n_updates            | 2004          |
|    policy_gradient_loss | -6.86e-06     |
|    value_loss           | 37            |
-------------------------------------------
-------------------------------------------
| rollout/                |               |
|    ep_len_mean          | 8.64e+04      |
|    ep_rew_mean          | -3.51e+04     |
| time/                   |               |
|    fps                  | 1449          |
|    iterations           | 670           |
|    time_elapsed         | 1893          |
|    total_timesteps      | 2744320       |
| train/                  |               |
|    approx_kl            | 2.4447218e-09 |
|    clip_fraction        | 0             |
|    clip_range           | 0.2           |
|    entropy_loss         | -0.00993      |
|    explained_variance   | 0.255         |
|    learning_rate        | 2.6e-05       |
|    loss                 | 19.2          |
|    n_updates            | 2007          |
|    policy_gradient_loss | 4.13e-07      |
|    value_loss           | 43.2          |
-------------------------------------------
------------------------------------------
| rollout/                |              |
|    ep_len_mean          | 8.64e+04     |
|    ep_rew_mean          | -3.51e+04    |
| time/                   |              |
|    fps                  | 1451         |
|    iterations           | 671          |
|    time_elapsed         | 1893         |
|    total_timesteps      | 2748416      |
| train/                  |              |
|    approx_kl            | 8.796633e-08 |
|    clip_fraction        | 0            |
|    clip_range           | 0.2          |
|    entropy_loss         | -0.00963     |
|    explained_variance   | 0.586        |
|    learning_rate        | 2.56e-05     |
|    loss                 | 4.11         |
|    n_updates            | 2010         |
|    policy_gradient_loss | -8.02e-06    |
|    value_loss           | 12.4         |
------------------------------------------
Eval num_timesteps=2750000, episode_reward=-28109.29 +/- 1531.89
Episode length: 86400.00 +/- 0.00
-------------------------------------------
| eval/                   |               |
|    mean_ep_length       | 8.64e+04      |
|    mean_reward          | -2.81e+04     |
| time/                   |               |
|    total_timesteps      | 2750000       |
| train/                  |               |
|    approx_kl            | 3.0419324e-07 |
|    clip_fraction        | 0             |
|    clip_range           | 0.2           |
|    entropy_loss         | -0.00974      |
|    explained_variance   | 0.114         |
|    learning_rate        | 2.52e-05      |
|    loss                 | 16.2          |
|    n_updates            | 2013          |
|    policy_gradient_loss | -1.36e-05     |
|    value_loss           | 34            |
-------------------------------------------
----------------------------------
| rollout/           |           |
|    ep_len_mean     | 8.64e+04  |
|    ep_rew_mean     | -3.51e+04 |
| time/              |           |
|    fps             | 1432      |
|    iterations      | 672       |
|    time_elapsed    | 1921      |
|    total_timesteps | 2752512   |
----------------------------------
-------------------------------------------
| rollout/                |               |
|    ep_len_mean          | 8.64e+04      |
|    ep_rew_mean          | -3.51e+04     |
| time/                   |               |
|    fps                  | 1433          |
|    iterations           | 673           |
|    time_elapsed         | 1922          |
|    total_timesteps      | 2756608       |
| train/                  |               |
|    approx_kl            | 4.7002686e-08 |
|    clip_fraction        | 0             |
|    clip_range           | 0.2           |
|    entropy_loss         | -0.00953      |
|    explained_variance   | 0.381         |
|    learning_rate        | 2.47e-05      |
|    loss                 | 9.32          |
|    n_updates            | 2016          |
|    policy_gradient_loss | -1.43e-06     |
|    value_loss           | 19.1          |
-------------------------------------------
  ⏱  step 2,760,000  │  FPS     656  │  RSS   5730 MB
-------------------------------------------
| hw/                     |               |
|    fps                  | 656           |
|    rss_mb               | 5.73e+03      |
| rollout/                |               |
|    ep_len_mean          | 8.64e+04      |
|    ep_rew_mean          | -3.51e+04     |
| time/                   |               |
|    fps                  | 1435          |
|    iterations           | 674           |
|    time_elapsed         | 1923          |
|    total_timesteps      | 2760704       |
| train/                  |               |
|    approx_kl            | 1.5783007e-07 |
|    clip_fraction        | 0             |
|    clip_range           | 0.2           |
|    entropy_loss         | -0.0099       |
|    explained_variance   | 0.34          |
|    learning_rate        | 2.43e-05      |
|    loss                 | 12.1          |
|    n_updates            | 2019          |
|    policy_gradient_loss | -1.63e-06     |
|    value_loss           | 30.6          |
-------------------------------------------
------------------------------------------
| rollout/                |              |
|    ep_len_mean          | 8.64e+04     |
|    ep_rew_mean          | -3.5e+04     |
| time/                   |              |
|    fps                  | 1437         |
|    iterations           | 675          |
|    time_elapsed         | 1923         |
|    total_timesteps      | 2764800      |
| train/                  |              |
|    approx_kl            | 5.675247e-08 |
|    clip_fraction        | 0            |
|    clip_range           | 0.2          |
|    entropy_loss         | -0.00994     |
|    explained_variance   | 0.241        |
|    learning_rate        | 2.39e-05     |
|    loss                 | 26.7         |
|    n_updates            | 2022         |
|    policy_gradient_loss | 4.54e-06     |
|    value_loss           | 46.9         |
------------------------------------------
-----------------------------------------
| rollout/                |             |
|    ep_len_mean          | 8.64e+04    |
|    ep_rew_mean          | -3.5e+04    |
| time/                   |             |
|    fps                  | 1438        |
|    iterations           | 676         |
|    time_elapsed         | 1924        |
|    total_timesteps      | 2768896     |
| train/                  |             |
|    approx_kl            | 6.53381e-08 |
|    clip_fraction        | 0           |
|    clip_range           | 0.2         |
|    entropy_loss         | -0.01       |
|    explained_variance   | 0.239       |
|    learning_rate        | 2.35e-05    |
|    loss                 | 13.3        |
|    n_updates            | 2025        |
|    policy_gradient_loss | 5.94e-07    |
|    value_loss           | 26.4        |
-----------------------------------------
------------------------------------------
| rollout/                |              |
|    ep_len_mean          | 8.64e+04     |
|    ep_rew_mean          | -3.5e+04     |
| time/                   |              |
|    fps                  | 1440         |
|    iterations           | 677          |
|    time_elapsed         | 1925         |
|    total_timesteps      | 2772992      |
| train/                  |              |
|    approx_kl            | 5.608308e-08 |
|    clip_fraction        | 0            |
|    clip_range           | 0.2          |
|    entropy_loss         | -0.00993     |
|    explained_variance   | 0.627        |
|    learning_rate        | 2.31e-05     |
|    loss                 | 8.44         |
|    n_updates            | 2028         |
|    policy_gradient_loss | 1.32e-06     |
|    value_loss           | 17.7         |
------------------------------------------
-------------------------------------------
| rollout/                |               |
|    ep_len_mean          | 8.64e+04      |
|    ep_rew_mean          | -3.5e+04      |
| time/                   |               |
|    fps                  | 1442          |
|    iterations           | 678           |
|    time_elapsed         | 1925          |
|    total_timesteps      | 2777088       |
| train/                  |               |
|    approx_kl            | 2.4883775e-08 |
|    clip_fraction        | 0             |
|    clip_range           | 0.2           |
|    entropy_loss         | -0.0101       |
|    explained_variance   | 0.434         |
|    learning_rate        | 2.27e-05      |
|    loss                 | 21.3          |
|    n_updates            | 2031          |
|    policy_gradient_loss | -3.43e-06     |
|    value_loss           | 47.5          |
-------------------------------------------
  ⏱  step 2,780,000  │  FPS    6364  │  RSS   5730 MB
------------------------------------------
| hw/                     |              |
|    fps                  | 6.36e+03     |
|    rss_mb               | 5.73e+03     |
| rollout/                |              |
|    ep_len_mean          | 8.64e+04     |
|    ep_rew_mean          | -3.5e+04     |
| time/                   |              |
|    fps                  | 1443         |
|    iterations           | 679          |
|    time_elapsed         | 1926         |
|    total_timesteps      | 2781184      |
| train/                  |              |
|    approx_kl            | 7.858034e-09 |
|    clip_fraction        | 0            |
|    clip_range           | 0.2          |
|    entropy_loss         | -0.0101      |
|    explained_variance   | 0.487        |
|    learning_rate        | 2.23e-05     |
|    loss                 | 24.6         |
|    n_updates            | 2034         |
|    policy_gradient_loss | 9.56e-08     |
|    value_loss           | 47.9         |
------------------------------------------
------------------------------------------
| rollout/                |              |
|    ep_len_mean          | 8.64e+04     |
|    ep_rew_mean          | -3.5e+04     |
| time/                   |              |
|    fps                  | 1445         |
|    iterations           | 680          |
|    time_elapsed         | 1926         |
|    total_timesteps      | 2785280      |
| train/                  |              |
|    approx_kl            | 3.812602e-09 |
|    clip_fraction        | 0            |
|    clip_range           | 0.2          |
|    entropy_loss         | -0.0103      |
|    explained_variance   | 0.467        |
|    learning_rate        | 2.19e-05     |
|    loss                 | 18.9         |
|    n_updates            | 2037         |
|    policy_gradient_loss | 7.18e-07     |
|    value_loss           | 36           |
------------------------------------------
-------------------------------------------
| rollout/                |               |
|    ep_len_mean          | 8.64e+04      |
|    ep_rew_mean          | -3.5e+04      |
| time/                   |               |
|    fps                  | 1447          |
|    iterations           | 681           |
|    time_elapsed         | 1927          |
|    total_timesteps      | 2789376       |
| train/                  |               |
|    approx_kl            | 3.1577656e-08 |
|    clip_fraction        | 0             |
|    clip_range           | 0.2           |
|    entropy_loss         | -0.0102       |
|    explained_variance   | 0.621         |
|    learning_rate        | 2.15e-05      |
|    loss                 | 15.1          |
|    n_updates            | 2040          |
|    policy_gradient_loss | -2.03e-06     |
|    value_loss           | 33.1          |
-------------------------------------------
------------------------------------------
| rollout/                |              |
|    ep_len_mean          | 8.64e+04     |
|    ep_rew_mean          | -3.5e+04     |
| time/                   |              |
|    fps                  | 1448         |
|    iterations           | 682          |
|    time_elapsed         | 1928         |
|    total_timesteps      | 2793472      |
| train/                  |              |
|    approx_kl            | 3.410969e-08 |
|    clip_fraction        | 0            |
|    clip_range           | 0.2          |
|    entropy_loss         | -0.0102      |
|    explained_variance   | 0.654        |
|    learning_rate        | 2.11e-05     |
|    loss                 | 14.1         |
|    n_updates            | 2043         |
|    policy_gradient_loss | -2e-06       |
|    value_loss           | 28.5         |
------------------------------------------
-------------------------------------------
| rollout/                |               |
|    ep_len_mean          | 8.64e+04      |
|    ep_rew_mean          | -3.5e+04      |
| time/                   |               |
|    fps                  | 1450          |
|    iterations           | 683           |
|    time_elapsed         | 1928          |
|    total_timesteps      | 2797568       |
| train/                  |               |
|    approx_kl            | 1.9784784e-07 |
|    clip_fraction        | 0             |
|    clip_range           | 0.2           |
|    entropy_loss         | -0.0104       |
|    explained_variance   | 0.585         |
|    learning_rate        | 2.07e-05      |
|    loss                 | 25.3          |
|    n_updates            | 2046          |
|    policy_gradient_loss | -1.13e-05     |
|    value_loss           | 52.6          |
-------------------------------------------
Eval num_timesteps=2800000, episode_reward=-26726.51 +/- 2805.59
Episode length: 86400.00 +/- 0.00
-------------------------------------------
| eval/                   |               |
|    mean_ep_length       | 8.64e+04      |
|    mean_reward          | -2.67e+04     |
| time/                   |               |
|    total_timesteps      | 2800000       |
| train/                  |               |
|    approx_kl            | 2.0154403e-08 |
|    clip_fraction        | 0             |
|    clip_range           | 0.2           |
|    entropy_loss         | -0.0102       |
|    explained_variance   | 0.576         |
|    learning_rate        | 2.02e-05      |
|    loss                 | 12.8          |
|    n_updates            | 2049          |
|    policy_gradient_loss | -2.33e-06     |
|    value_loss           | 33.7          |
-------------------------------------------
  ⏱  step 2,800,000  │  FPS     658  │  RSS   5730 MB
---------------------------------
| hw/                |          |
|    fps             | 658      |
|    rss_mb          | 5.73e+03 |
| rollout/           |          |
|    ep_len_mean     | 8.64e+04 |
|    ep_rew_mean     | -3.5e+04 |
| time/              |          |
|    fps             | 1431     |
|    iterations      | 684      |
|    time_elapsed    | 1956     |
|    total_timesteps | 2801664  |
---------------------------------
------------------------------------------
| rollout/                |              |
|    ep_len_mean          | 8.64e+04     |
|    ep_rew_mean          | -3.5e+04     |
| time/                   |              |
|    fps                  | 1433         |
|    iterations           | 685          |
|    time_elapsed         | 1957         |
|    total_timesteps      | 2805760      |
| train/                  |              |
|    approx_kl            | 1.412991e-08 |
|    clip_fraction        | 0            |
|    clip_range           | 0.2          |
|    entropy_loss         | -0.0104      |
|    explained_variance   | 0.569        |
|    learning_rate        | 1.98e-05     |
|    loss                 | 24.7         |
|    n_updates            | 2052         |
|    policy_gradient_loss | -1.66e-06    |
|    value_loss           | 48.1         |
------------------------------------------
-------------------------------------------
| rollout/                |               |
|    ep_len_mean          | 8.64e+04      |
|    ep_rew_mean          | -3.5e+04      |
| time/                   |               |
|    fps                  | 1435          |
|    iterations           | 686           |
|    time_elapsed         | 1958          |
|    total_timesteps      | 2809856       |
| train/                  |               |
|    approx_kl            | 1.6530976e-08 |
|    clip_fraction        | 0             |
|    clip_range           | 0.2           |
|    entropy_loss         | -0.0102       |
|    explained_variance   | 0.538         |
|    learning_rate        | 1.94e-05      |
|    loss                 | 17.4          |
|    n_updates            | 2055          |
|    policy_gradient_loss | -2.32e-06     |
|    value_loss           | 32.6          |
-------------------------------------------
-------------------------------------------
| rollout/                |               |
|    ep_len_mean          | 8.64e+04      |
|    ep_rew_mean          | -3.5e+04      |
| time/                   |               |
|    fps                  | 1436          |
|    iterations           | 687           |
|    time_elapsed         | 1958          |
|    total_timesteps      | 2813952       |
| train/                  |               |
|    approx_kl            | 2.9365765e-08 |
|    clip_fraction        | 0             |
|    clip_range           | 0.2           |
|    entropy_loss         | -0.0104       |
|    explained_variance   | 0.782         |
|    learning_rate        | 1.9e-05       |
|    loss                 | 7.03          |
|    n_updates            | 2058          |
|    policy_gradient_loss | -1.74e-06     |
|    value_loss           | 16.9          |
-------------------------------------------
------------------------------------------
| rollout/                |              |
|    ep_len_mean          | 8.64e+04     |
|    ep_rew_mean          | -3.5e+04     |
| time/                   |              |
|    fps                  | 1438         |
|    iterations           | 688          |
|    time_elapsed         | 1959         |
|    total_timesteps      | 2818048      |
| train/                  |              |
|    approx_kl            | 3.783498e-10 |
|    clip_fraction        | 0            |
|    clip_range           | 0.2          |
|    entropy_loss         | -0.0104      |
|    explained_variance   | 0.719        |
|    learning_rate        | 1.86e-05     |
|    loss                 | 13.3         |
|    n_updates            | 2061         |
|    policy_gradient_loss | 3.44e-08     |
|    value_loss           | 29.2         |
------------------------------------------
  ⏱  step 2,820,000  │  FPS    6741  │  RSS   5730 MB
-------------------------------------------
| hw/                     |               |
|    fps                  | 6.74e+03      |
|    rss_mb               | 5.73e+03      |
| rollout/                |               |
|    ep_len_mean          | 8.64e+04      |
|    ep_rew_mean          | -3.5e+04      |
| time/                   |               |
|    fps                  | 1439          |
|    iterations           | 689           |
|    time_elapsed         | 1959          |
|    total_timesteps      | 2822144       |
| train/                  |               |
|    approx_kl            | 1.0768417e-09 |
|    clip_fraction        | 0             |
|    clip_range           | 0.2           |
|    entropy_loss         | -0.0104       |
|    explained_variance   | 0.518         |
|    learning_rate        | 1.82e-05      |
|    loss                 | 18.7          |
|    n_updates            | 2064          |
|    policy_gradient_loss | 2.15e-07      |
|    value_loss           | 34.7          |
-------------------------------------------
------------------------------------------
| rollout/                |              |
|    ep_len_mean          | 8.64e+04     |
|    ep_rew_mean          | -3.5e+04     |
| time/                   |              |
|    fps                  | 1441         |
|    iterations           | 690          |
|    time_elapsed         | 1960         |
|    total_timesteps      | 2826240      |
| train/                  |              |
|    approx_kl            | 5.820766e-11 |
|    clip_fraction        | 0            |
|    clip_range           | 0.2          |
|    entropy_loss         | -0.0105      |
|    explained_variance   | 0.602        |
|    learning_rate        | 1.78e-05     |
|    loss                 | 27.9         |
|    n_updates            | 2067         |
|    policy_gradient_loss | 1.67e-07     |
|    value_loss           | 56           |
------------------------------------------
-------------------------------------------
| rollout/                |               |
|    ep_len_mean          | 8.64e+04      |
|    ep_rew_mean          | -3.5e+04      |
| time/                   |               |
|    fps                  | 1443          |
|    iterations           | 691           |
|    time_elapsed         | 1961          |
|    total_timesteps      | 2830336       |
| train/                  |               |
|    approx_kl            | 1.0477379e-09 |
|    clip_fraction        | 0             |
|    clip_range           | 0.2           |
|    entropy_loss         | -0.0103       |
|    explained_variance   | 0.411         |
|    learning_rate        | 1.74e-05      |
|    loss                 | 39.4          |
|    n_updates            | 2070          |
|    policy_gradient_loss | -3.51e-07     |
|    value_loss           | 81.3          |
-------------------------------------------
------------------------------------------
| rollout/                |              |
|    ep_len_mean          | 8.64e+04     |
|    ep_rew_mean          | -3.5e+04     |
| time/                   |              |
|    fps                  | 1444         |
|    iterations           | 692          |
|    time_elapsed         | 1961         |
|    total_timesteps      | 2834432      |
| train/                  |              |
|    approx_kl            | 3.448804e-09 |
|    clip_fraction        | 0            |
|    clip_range           | 0.2          |
|    entropy_loss         | -0.0105      |
|    explained_variance   | 0.852        |
|    learning_rate        | 1.7e-05      |
|    loss                 | 8.21         |
|    n_updates            | 2073         |
|    policy_gradient_loss | -1.05e-06    |
|    value_loss           | 18           |
------------------------------------------
------------------------------------------
| rollout/                |              |
|    ep_len_mean          | 8.64e+04     |
|    ep_rew_mean          | -3.5e+04     |
| time/                   |              |
|    fps                  | 1446         |
|    iterations           | 693          |
|    time_elapsed         | 1962         |
|    total_timesteps      | 2838528      |
| train/                  |              |
|    approx_kl            | 7.128983e-08 |
|    clip_fraction        | 0            |
|    clip_range           | 0.2          |
|    entropy_loss         | -0.0102      |
|    explained_variance   | 0.715        |
|    learning_rate        | 1.66e-05     |
|    loss                 | 9.11         |
|    n_updates            | 2076         |
|    policy_gradient_loss | -4.48e-06    |
|    value_loss           | 20.7         |
------------------------------------------
  ⏱  step 2,840,000  │  FPS    6472  │  RSS   5730 MB
-------------------------------------------
| hw/                     |               |
|    fps                  | 6.47e+03      |
|    rss_mb               | 5.73e+03      |
| rollout/                |               |
|    ep_len_mean          | 8.64e+04      |
|    ep_rew_mean          | -3.5e+04      |
| time/                   |               |
|    fps                  | 1448          |
|    iterations           | 694           |
|    time_elapsed         | 1963          |
|    total_timesteps      | 2842624       |
| train/                  |               |
|    approx_kl            | 4.4921762e-08 |
|    clip_fraction        | 0             |
|    clip_range           | 0.2           |
|    entropy_loss         | -0.0103       |
|    explained_variance   | 0.744         |
|    learning_rate        | 1.61e-05      |
|    loss                 | 9             |
|    n_updates            | 2079          |
|    policy_gradient_loss | -4.18e-06     |
|    value_loss           | 20.1          |
-------------------------------------------
-------------------------------------------
| rollout/                |               |
|    ep_len_mean          | 8.64e+04      |
|    ep_rew_mean          | -3.5e+04      |
| time/                   |               |
|    fps                  | 1449          |
|    iterations           | 695           |
|    time_elapsed         | 1963          |
|    total_timesteps      | 2846720       |
| train/                  |               |
|    approx_kl            | 3.1650416e-08 |
|    clip_fraction        | 0             |
|    clip_range           | 0.2           |
|    entropy_loss         | -0.0102       |
|    explained_variance   | 0.598         |
|    learning_rate        | 1.57e-05      |
|    loss                 | 15.9          |
|    n_updates            | 2082          |
|    policy_gradient_loss | -3.4e-06      |
|    value_loss           | 37.8          |
-------------------------------------------
Eval num_timesteps=2850000, episode_reward=-29181.26 +/- 887.77
Episode length: 86400.00 +/- 0.00
------------------------------------------
| eval/                   |              |
|    mean_ep_length       | 8.64e+04     |
|    mean_reward          | -2.92e+04    |
| time/                   |              |
|    total_timesteps      | 2850000      |
| train/                  |              |
|    approx_kl            | 4.627509e-09 |
|    clip_fraction        | 0            |
|    clip_range           | 0.2          |
|    entropy_loss         | -0.0101      |
|    explained_variance   | 0.466        |
|    learning_rate        | 1.53e-05     |
|    loss                 | 31.1         |
|    n_updates            | 2085         |
|    policy_gradient_loss | -1.62e-06    |
|    value_loss           | 67.9         |
------------------------------------------
---------------------------------
| rollout/           |          |
|    ep_len_mean     | 8.64e+04 |
|    ep_rew_mean     | -3.5e+04 |
| time/              |          |
|    fps             | 1431     |
|    iterations      | 696      |
|    time_elapsed    | 1992     |
|    total_timesteps | 2850816  |
---------------------------------
-------------------------------------------
| rollout/                |               |
|    ep_len_mean          | 8.64e+04      |
|    ep_rew_mean          | -3.46e+04     |
| time/                   |               |
|    fps                  | 1432          |
|    iterations           | 697           |
|    time_elapsed         | 1992          |
|    total_timesteps      | 2854912       |
| train/                  |               |
|    approx_kl            | 3.5302946e-08 |
|    clip_fraction        | 0             |
|    clip_range           | 0.2           |
|    entropy_loss         | -0.0102       |
|    explained_variance   | 0.525         |
|    learning_rate        | 1.49e-05      |
|    loss                 | 30.2          |
|    n_updates            | 2088          |
|    policy_gradient_loss | -1.01e-06     |
|    value_loss           | 53.4          |
-------------------------------------------
-------------------------------------------
| rollout/                |               |
|    ep_len_mean          | 8.64e+04      |
|    ep_rew_mean          | -3.46e+04     |
| time/                   |               |
|    fps                  | 1434          |
|    iterations           | 698           |
|    time_elapsed         | 1993          |
|    total_timesteps      | 2859008       |
| train/                  |               |
|    approx_kl            | 3.1635864e-08 |
|    clip_fraction        | 0             |
|    clip_range           | 0.2           |
|    entropy_loss         | -0.0103       |
|    explained_variance   | 0.621         |
|    learning_rate        | 1.45e-05      |
|    loss                 | 22.6          |
|    n_updates            | 2091          |
|    policy_gradient_loss | -3.27e-06     |
|    value_loss           | 38.8          |
-------------------------------------------
  ⏱  step 2,860,000  │  FPS     644  │  RSS   5730 MB
-------------------------------------------
| hw/                     |               |
|    fps                  | 644           |
|    rss_mb               | 5.73e+03      |
| rollout/                |               |
|    ep_len_mean          | 8.64e+04      |
|    ep_rew_mean          | -3.46e+04     |
| time/                   |               |
|    fps                  | 1435          |
|    iterations           | 699           |
|    time_elapsed         | 1994          |
|    total_timesteps      | 2863104       |
| train/                  |               |
|    approx_kl            | 2.4563633e-08 |
|    clip_fraction        | 0             |
|    clip_range           | 0.2           |
|    entropy_loss         | -0.0104       |
|    explained_variance   | 0.864         |
|    learning_rate        | 1.41e-05      |
|    loss                 | 8.8           |
|    n_updates            | 2094          |
|    policy_gradient_loss | -1.38e-06     |
|    value_loss           | 19.2          |
-------------------------------------------
------------------------------------------
| rollout/                |              |
|    ep_len_mean          | 8.64e+04     |
|    ep_rew_mean          | -3.46e+04    |
| time/                   |              |
|    fps                  | 1437         |
|    iterations           | 700          |
|    time_elapsed         | 1994         |
|    total_timesteps      | 2867200      |
| train/                  |              |
|    approx_kl            | 8.731149e-10 |
|    clip_fraction        | 0            |
|    clip_range           | 0.2          |
|    entropy_loss         | -0.0106      |
|    explained_variance   | 0.729        |
|    learning_rate        | 1.37e-05     |
|    loss                 | 14           |
|    n_updates            | 2097         |
|    policy_gradient_loss | 5.01e-07     |
|    value_loss           | 29.4         |
------------------------------------------
-------------------------------------------
| rollout/                |               |
|    ep_len_mean          | 8.64e+04      |
|    ep_rew_mean          | -3.46e+04     |
| time/                   |               |
|    fps                  | 1439          |
|    iterations           | 701           |
|    time_elapsed         | 1995          |
|    total_timesteps      | 2871296       |
| train/                  |               |
|    approx_kl            | 1.4551915e-09 |
|    clip_fraction        | 0             |
|    clip_range           | 0.2           |
|    entropy_loss         | -0.0103       |
|    explained_variance   | 0.581         |
|    learning_rate        | 1.33e-05      |
|    loss                 | 14.8          |
|    n_updates            | 2100          |
|    policy_gradient_loss | 2.84e-07      |
|    value_loss           | 30.5          |
-------------------------------------------
-------------------------------------------
| rollout/                |               |
|    ep_len_mean          | 8.64e+04      |
|    ep_rew_mean          | -3.46e+04     |
| time/                   |               |
|    fps                  | 1440          |
|    iterations           | 702           |
|    time_elapsed         | 1995          |
|    total_timesteps      | 2875392       |
| train/                  |               |
|    approx_kl            | 4.3350155e-08 |
|    clip_fraction        | 0             |
|    clip_range           | 0.2           |
|    entropy_loss         | -0.0106       |
|    explained_variance   | 0.566         |
|    learning_rate        | 1.29e-05      |
|    loss                 | 13.7          |
|    n_updates            | 2103          |
|    policy_gradient_loss | -5.36e-06     |
|    value_loss           | 27.3          |
-------------------------------------------
-------------------------------------------
| rollout/                |               |
|    ep_len_mean          | 8.64e+04      |
|    ep_rew_mean          | -3.46e+04     |
| time/                   |               |
|    fps                  | 1442          |
|    iterations           | 703           |
|    time_elapsed         | 1996          |
|    total_timesteps      | 2879488       |
| train/                  |               |
|    approx_kl            | 5.8294972e-08 |
|    clip_fraction        | 0             |
|    clip_range           | 0.2           |
|    entropy_loss         | -0.0104       |
|    explained_variance   | 0.661         |
|    learning_rate        | 1.25e-05      |
|    loss                 | 12.8          |
|    n_updates            | 2106          |
|    policy_gradient_loss | -5.44e-06     |
|    value_loss           | 25.7          |
-------------------------------------------
  ⏱  step 2,880,000  │  FPS    6701  │  RSS   5730 MB
-------------------------------------------
| hw/                     |               |
|    fps                  | 6.7e+03       |
|    rss_mb               | 5.73e+03      |
| rollout/                |               |
|    ep_len_mean          | 8.64e+04      |
|    ep_rew_mean          | -3.46e+04     |
| time/                   |               |
|    fps                  | 1443          |
|    iterations           | 704           |
|    time_elapsed         | 1997          |
|    total_timesteps      | 2883584       |
| train/                  |               |
|    approx_kl            | 1.9790605e-09 |
|    clip_fraction        | 0             |
|    clip_range           | 0.2           |
|    entropy_loss         | -0.0104       |
|    explained_variance   | 0.48          |
|    learning_rate        | 1.21e-05      |
|    loss                 | 14.1          |
|    n_updates            | 2109          |
|    policy_gradient_loss | -6.25e-07     |
|    value_loss           | 32            |
-------------------------------------------
-------------------------------------------
| rollout/                |               |
|    ep_len_mean          | 8.64e+04      |
|    ep_rew_mean          | -3.46e+04     |
| time/                   |               |
|    fps                  | 1445          |
|    iterations           | 705           |
|    time_elapsed         | 1997          |
|    total_timesteps      | 2887680       |
| train/                  |               |
|    approx_kl            | 5.1193638e-08 |
|    clip_fraction        | 0             |
|    clip_range           | 0.2           |
|    entropy_loss         | -0.0104       |
|    explained_variance   | 0.7           |
|    learning_rate        | 1.16e-05      |
|    loss                 | 14.2          |
|    n_updates            | 2112          |
|    policy_gradient_loss | -3.62e-06     |
|    value_loss           | 30.5          |
-------------------------------------------
-------------------------------------------
| rollout/                |               |
|    ep_len_mean          | 8.64e+04      |
|    ep_rew_mean          | -3.46e+04     |
| time/                   |               |
|    fps                  | 1447          |
|    iterations           | 706           |
|    time_elapsed         | 1998          |
|    total_timesteps      | 2891776       |
| train/                  |               |
|    approx_kl            | 1.0069925e-08 |
|    clip_fraction        | 0             |
|    clip_range           | 0.2           |
|    entropy_loss         | -0.0103       |
|    explained_variance   | 0.623         |
|    learning_rate        | 1.12e-05      |
|    loss                 | 16.5          |
|    n_updates            | 2115          |
|    policy_gradient_loss | -2.13e-06     |
|    value_loss           | 28.2          |
-------------------------------------------
-------------------------------------------
| rollout/                |               |
|    ep_len_mean          | 8.64e+04      |
|    ep_rew_mean          | -3.46e+04     |
| time/                   |               |
|    fps                  | 1448          |
|    iterations           | 707           |
|    time_elapsed         | 1999          |
|    total_timesteps      | 2895872       |
| train/                  |               |
|    approx_kl            | 1.5599653e-08 |
|    clip_fraction        | 0             |
|    clip_range           | 0.2           |
|    entropy_loss         | -0.0104       |
|    explained_variance   | 0.642         |
|    learning_rate        | 1.08e-05      |
|    loss                 | 13.5          |
|    n_updates            | 2118          |
|    policy_gradient_loss | -5.5e-07      |
|    value_loss           | 34.9          |
-------------------------------------------
------------------------------------------
| rollout/                |              |
|    ep_len_mean          | 8.64e+04     |
|    ep_rew_mean          | -3.46e+04    |
| time/                   |              |
|    fps                  | 1450         |
|    iterations           | 708          |
|    time_elapsed         | 1999         |
|    total_timesteps      | 2899968      |
| train/                  |              |
|    approx_kl            | 7.858034e-09 |
|    clip_fraction        | 0            |
|    clip_range           | 0.2          |
|    entropy_loss         | -0.0102      |
|    explained_variance   | 0.478        |
|    learning_rate        | 1.04e-05     |
|    loss                 | 23.4         |
|    n_updates            | 2121         |
|    policy_gradient_loss | 1.99e-07     |
|    value_loss           | 48.7         |
------------------------------------------
Eval num_timesteps=2900000, episode_reward=-27950.08 +/- 163.95
Episode length: 86400.00 +/- 0.00
-------------------------------------------
| eval/                   |               |
|    mean_ep_length       | 8.64e+04      |
|    mean_reward          | -2.8e+04      |
| time/                   |               |
|    total_timesteps      | 2900000       |
| train/                  |               |
|    approx_kl            | 2.3821485e-08 |
|    clip_fraction        | 0             |
|    clip_range           | 0.2           |
|    entropy_loss         | -0.0105       |
|    explained_variance   | 0.585         |
|    learning_rate        | 1e-05         |
|    loss                 | 15            |
|    n_updates            | 2124          |
|    policy_gradient_loss | -2.98e-06     |
|    value_loss           | 32.2          |
-------------------------------------------
  ⏱  step 2,900,000  │  FPS     658  │  RSS   5730 MB
----------------------------------
| hw/                |           |
|    fps             | 658       |
|    rss_mb          | 5.73e+03  |
| rollout/           |           |
|    ep_len_mean     | 8.64e+04  |
|    ep_rew_mean     | -3.46e+04 |
| time/              |           |
|    fps             | 1432      |
|    iterations      | 709       |
|    time_elapsed    | 2027      |
|    total_timesteps | 2904064   |
----------------------------------
-------------------------------------------
| rollout/                |               |
|    ep_len_mean          | 8.64e+04      |
|    ep_rew_mean          | -3.46e+04     |
| time/                   |               |
|    fps                  | 1433          |
|    iterations           | 710           |
|    time_elapsed         | 2028          |
|    total_timesteps      | 2908160       |
| train/                  |               |
|    approx_kl            | 2.4490873e-08 |
|    clip_fraction        | 0             |
|    clip_range           | 0.2           |
|    entropy_loss         | -0.0103       |
|    explained_variance   | 0.801         |
|    learning_rate        | 9.59e-06      |
|    loss                 | 9.83          |
|    n_updates            | 2127          |
|    policy_gradient_loss | -3.5e-06      |
|    value_loss           | 17.9          |
-------------------------------------------
------------------------------------------
| rollout/                |              |
|    ep_len_mean          | 8.64e+04     |
|    ep_rew_mean          | -3.46e+04    |
| time/                   |              |
|    fps                  | 1435         |
|    iterations           | 711          |
|    time_elapsed         | 2028         |
|    total_timesteps      | 2912256      |
| train/                  |              |
|    approx_kl            | 5.529728e-10 |
|    clip_fraction        | 0            |
|    clip_range           | 0.2          |
|    entropy_loss         | -0.0103      |
|    explained_variance   | 0.492        |
|    learning_rate        | 9.18e-06     |
|    loss                 | 18.7         |
|    n_updates            | 2130         |
|    policy_gradient_loss | 4.79e-07     |
|    value_loss           | 36.8         |
------------------------------------------
------------------------------------------
| rollout/                |              |
|    ep_len_mean          | 8.64e+04     |
|    ep_rew_mean          | -3.46e+04    |
| time/                   |              |
|    fps                  | 1436         |
|    iterations           | 712          |
|    time_elapsed         | 2029         |
|    total_timesteps      | 2916352      |
| train/                  |              |
|    approx_kl            | 5.151378e-09 |
|    clip_fraction        | 0            |
|    clip_range           | 0.2          |
|    entropy_loss         | -0.0104      |
|    explained_variance   | 0.601        |
|    learning_rate        | 8.77e-06     |
|    loss                 | 31.5         |
|    n_updates            | 2133         |
|    policy_gradient_loss | -1.01e-06    |
|    value_loss           | 58.2         |
------------------------------------------
  ⏱  step 2,920,000  │  FPS    6698  │  RSS   5730 MB
------------------------------------------
| hw/                     |              |
|    fps                  | 6.7e+03      |
|    rss_mb               | 5.73e+03     |
| rollout/                |              |
|    ep_len_mean          | 8.64e+04     |
|    ep_rew_mean          | -3.46e+04    |
| time/                   |              |
|    fps                  | 1438         |
|    iterations           | 713          |
|    time_elapsed         | 2030         |
|    total_timesteps      | 2920448      |
| train/                  |              |
|    approx_kl            | 3.547757e-08 |
|    clip_fraction        | 0            |
|    clip_range           | 0.2          |
|    entropy_loss         | -0.0103      |
|    explained_variance   | 0.744        |
|    learning_rate        | 8.36e-06     |
|    loss                 | 8.7          |
|    n_updates            | 2136         |
|    policy_gradient_loss | -4.57e-06    |
|    value_loss           | 19.3         |
------------------------------------------
------------------------------------------
| rollout/                |              |
|    ep_len_mean          | 8.64e+04     |
|    ep_rew_mean          | -3.46e+04    |
| time/                   |              |
|    fps                  | 1440         |
|    iterations           | 714          |
|    time_elapsed         | 2030         |
|    total_timesteps      | 2924544      |
| train/                  |              |
|    approx_kl            | 4.976755e-09 |
|    clip_fraction        | 0            |
|    clip_range           | 0.2          |
|    entropy_loss         | -0.0103      |
|    explained_variance   | 0.655        |
|    learning_rate        | 7.96e-06     |
|    loss                 | 19.4         |
|    n_updates            | 2139         |
|    policy_gradient_loss | -1.95e-07    |
|    value_loss           | 41.4         |
------------------------------------------
------------------------------------------
| rollout/                |              |
|    ep_len_mean          | 8.64e+04     |
|    ep_rew_mean          | -3.46e+04    |
| time/                   |              |
|    fps                  | 1441         |
|    iterations           | 715          |
|    time_elapsed         | 2031         |
|    total_timesteps      | 2928640      |
| train/                  |              |
|    approx_kl            | 1.193257e-09 |
|    clip_fraction        | 0            |
|    clip_range           | 0.2          |
|    entropy_loss         | -0.0101      |
|    explained_variance   | 0.462        |
|    learning_rate        | 7.55e-06     |
|    loss                 | 19           |
|    n_updates            | 2142         |
|    policy_gradient_loss | -4.55e-07    |
|    value_loss           | 43.6         |
------------------------------------------
-----------------------------------------
| rollout/                |             |
|    ep_len_mean          | 8.64e+04    |
|    ep_rew_mean          | -3.46e+04   |
| time/                   |             |
|    fps                  | 1443        |
|    iterations           | 716         |
|    time_elapsed         | 2031        |
|    total_timesteps      | 2932736     |
| train/                  |             |
|    approx_kl            | 3.79805e-09 |
|    clip_fraction        | 0           |
|    clip_range           | 0.2         |
|    entropy_loss         | -0.0104     |
|    explained_variance   | 0.596       |
|    learning_rate        | 7.14e-06    |
|    loss                 | 21.8        |
|    n_updates            | 2145        |
|    policy_gradient_loss | 2.6e-08     |
|    value_loss           | 40.4        |
-----------------------------------------
---------------------------------------
| rollout/                |           |
|    ep_len_mean          | 8.64e+04  |
|    ep_rew_mean          | -3.46e+04 |
| time/                   |           |
|    fps                  | 1444      |
|    iterations           | 717       |
|    time_elapsed         | 2032      |
|    total_timesteps      | 2936832   |
| train/                  |           |
|    approx_kl            | 0.0       |
|    clip_fraction        | 0         |
|    clip_range           | 0.2       |
|    entropy_loss         | -0.0103   |
|    explained_variance   | 0.818     |
|    learning_rate        | 6.73e-06  |
|    loss                 | 10.1      |
|    n_updates            | 2148      |
|    policy_gradient_loss | 2.24e-08  |
|    value_loss           | 21.2      |
---------------------------------------
  ⏱  step 2,940,000  │  FPS    6619  │  RSS   5730 MB
-------------------------------------------
| hw/                     |               |
|    fps                  | 6.62e+03      |
|    rss_mb               | 5.73e+03      |
| rollout/                |               |
|    ep_len_mean          | 8.64e+04      |
|    ep_rew_mean          | -3.44e+04     |
| time/                   |               |
|    fps                  | 1446          |
|    iterations           | 718           |
|    time_elapsed         | 2033          |
|    total_timesteps      | 2940928       |
| train/                  |               |
|    approx_kl            | 3.1868694e-09 |
|    clip_fraction        | 0             |
|    clip_range           | 0.2           |
|    entropy_loss         | -0.0104       |
|    explained_variance   | 0.842         |
|    learning_rate        | 6.32e-06      |
|    loss                 | 7.07          |
|    n_updates            | 2151          |
|    policy_gradient_loss | -1.34e-06     |
|    value_loss           | 14.9          |
-------------------------------------------
-----------------------------------------
| rollout/                |             |
|    ep_len_mean          | 8.64e+04    |
|    ep_rew_mean          | -3.44e+04   |
| time/                   |             |
|    fps                  | 1448        |
|    iterations           | 719         |
|    time_elapsed         | 2033        |
|    total_timesteps      | 2945024     |
| train/                  |             |
|    approx_kl            | 1.36788e-09 |
|    clip_fraction        | 0           |
|    clip_range           | 0.2         |
|    entropy_loss         | -0.0104     |
|    explained_variance   | 0.809       |
|    learning_rate        | 5.91e-06    |
|    loss                 | 7.48        |
|    n_updates            | 2154        |
|    policy_gradient_loss | -6.06e-07   |
|    value_loss           | 14.5        |
-----------------------------------------
-------------------------------------------
| rollout/                |               |
|    ep_len_mean          | 8.64e+04      |
|    ep_rew_mean          | -3.44e+04     |
| time/                   |               |
|    fps                  | 1449          |
|    iterations           | 720           |
|    time_elapsed         | 2034          |
|    total_timesteps      | 2949120       |
| train/                  |               |
|    approx_kl            | 1.6618287e-08 |
|    clip_fraction        | 0             |
|    clip_range           | 0.2           |
|    entropy_loss         | -0.0106       |
|    explained_variance   | 0.259         |
|    learning_rate        | 5.5e-06       |
|    loss                 | 23.8          |
|    n_updates            | 2157          |
|    policy_gradient_loss | -3.83e-06     |
|    value_loss           | 49.3          |
-------------------------------------------
Eval num_timesteps=2950000, episode_reward=-28653.31 +/- 2075.40
Episode length: 86400.00 +/- 0.00
-------------------------------------------
| eval/                   |               |
|    mean_ep_length       | 8.64e+04      |
|    mean_reward          | -2.87e+04     |
| time/                   |               |
|    total_timesteps      | 2950000       |
| train/                  |               |
|    approx_kl            | 1.1641532e-08 |
|    clip_fraction        | 0             |
|    clip_range           | 0.2           |
|    entropy_loss         | -0.0105       |
|    explained_variance   | 0.533         |
|    learning_rate        | 5.09e-06      |
|    loss                 | 16.3          |
|    n_updates            | 2160          |
|    policy_gradient_loss | -6.86e-07     |
|    value_loss           | 34.1          |
-------------------------------------------
----------------------------------
| rollout/           |           |
|    ep_len_mean     | 8.64e+04  |
|    ep_rew_mean     | -3.44e+04 |
| time/              |           |
|    fps             | 1431      |
|    iterations      | 721       |
|    time_elapsed    | 2063      |
|    total_timesteps | 2953216   |
----------------------------------
-------------------------------------------
| rollout/                |               |
|    ep_len_mean          | 8.64e+04      |
|    ep_rew_mean          | -3.44e+04     |
| time/                   |               |
|    fps                  | 1433          |
|    iterations           | 722           |
|    time_elapsed         | 2063          |
|    total_timesteps      | 2957312       |
| train/                  |               |
|    approx_kl            | 4.5256456e-09 |
|    clip_fraction        | 0             |
|    clip_range           | 0.2           |
|    entropy_loss         | -0.0105       |
|    explained_variance   | 0.494         |
|    learning_rate        | 4.68e-06      |
|    loss                 | 13.9          |
|    n_updates            | 2163          |
|    policy_gradient_loss | 3.03e-07      |
|    value_loss           | 25.9          |
-------------------------------------------
  ⏱  step 2,960,000  │  FPS     646  │  RSS   5730 MB
------------------------------------------
| hw/                     |              |
|    fps                  | 646          |
|    rss_mb               | 5.73e+03     |
| rollout/                |              |
|    ep_len_mean          | 8.64e+04     |
|    ep_rew_mean          | -3.44e+04    |
| time/                   |              |
|    fps                  | 1434         |
|    iterations           | 723          |
|    time_elapsed         | 2064         |
|    total_timesteps      | 2961408      |
| train/                  |              |
|    approx_kl            | 9.036739e-09 |
|    clip_fraction        | 0            |
|    clip_range           | 0.2          |
|    entropy_loss         | -0.0106      |
|    explained_variance   | 0.526        |
|    learning_rate        | 4.27e-06     |
|    loss                 | 19.8         |
|    n_updates            | 2166         |
|    policy_gradient_loss | -9.6e-07     |
|    value_loss           | 36           |
------------------------------------------
-------------------------------------------
| rollout/                |               |
|    ep_len_mean          | 8.64e+04      |
|    ep_rew_mean          | -3.44e+04     |
| time/                   |               |
|    fps                  | 1436          |
|    iterations           | 724           |
|    time_elapsed         | 2064          |
|    total_timesteps      | 2965504       |
| train/                  |               |
|    approx_kl            | 3.1868694e-09 |
|    clip_fraction        | 0             |
|    clip_range           | 0.2           |
|    entropy_loss         | -0.0103       |
|    explained_variance   | 0.487         |
|    learning_rate        | 3.86e-06      |
|    loss                 | 15.8          |
|    n_updates            | 2169          |
|    policy_gradient_loss | -8.94e-07     |
|    value_loss           | 31.7          |
-------------------------------------------
-------------------------------------------
| rollout/                |               |
|    ep_len_mean          | 8.64e+04      |
|    ep_rew_mean          | -3.44e+04     |
| time/                   |               |
|    fps                  | 1437          |
|    iterations           | 725           |
|    time_elapsed         | 2065          |
|    total_timesteps      | 2969600       |
| train/                  |               |
|    approx_kl            | 8.0035534e-10 |
|    clip_fraction        | 0             |
|    clip_range           | 0.2           |
|    entropy_loss         | -0.0105       |
|    explained_variance   | 0.375         |
|    learning_rate        | 3.45e-06      |
|    loss                 | 23.5          |
|    n_updates            | 2172          |
|    policy_gradient_loss | -7.26e-07     |
|    value_loss           | 46.1          |
-------------------------------------------
------------------------------------------
| rollout/                |              |
|    ep_len_mean          | 8.64e+04     |
|    ep_rew_mean          | -3.44e+04    |
| time/                   |              |
|    fps                  | 1439         |
|    iterations           | 726          |
|    time_elapsed         | 2066         |
|    total_timesteps      | 2973696      |
| train/                  |              |
|    approx_kl            | 3.085006e-09 |
|    clip_fraction        | 0            |
|    clip_range           | 0.2          |
|    entropy_loss         | -0.0103      |
|    explained_variance   | 0.66         |
|    learning_rate        | 3.04e-06     |
|    loss                 | 13.1         |
|    n_updates            | 2175         |
|    policy_gradient_loss | -8.08e-07    |
|    value_loss           | 24.7         |
------------------------------------------
-------------------------------------------
| rollout/                |               |
|    ep_len_mean          | 8.64e+04      |
|    ep_rew_mean          | -3.44e+04     |
| time/                   |               |
|    fps                  | 1440          |
|    iterations           | 727           |
|    time_elapsed         | 2066          |
|    total_timesteps      | 2977792       |
| train/                  |               |
|    approx_kl            | 3.6525307e-09 |
|    clip_fraction        | 0             |
|    clip_range           | 0.2           |
|    entropy_loss         | -0.0105       |
|    explained_variance   | 0.563         |
|    learning_rate        | 2.63e-06      |
|    loss                 | 8.52          |
|    n_updates            | 2178          |
|    policy_gradient_loss | -1.43e-06     |
|    value_loss           | 16.7          |
-------------------------------------------
  ⏱  step 2,980,000  │  FPS    6535  │  RSS   5730 MB
-------------------------------------------
| hw/                     |               |
|    fps                  | 6.54e+03      |
|    rss_mb               | 5.73e+03      |
| rollout/                |               |
|    ep_len_mean          | 8.64e+04      |
|    ep_rew_mean          | -3.44e+04     |
| time/                   |               |
|    fps                  | 1442          |
|    iterations           | 728           |
|    time_elapsed         | 2067          |
|    total_timesteps      | 2981888       |
| train/                  |               |
|    approx_kl            | 1.4551915e-11 |
|    clip_fraction        | 0             |
|    clip_range           | 0.2           |
|    entropy_loss         | -0.0104       |
|    explained_variance   | 0.601         |
|    learning_rate        | 2.22e-06      |
|    loss                 | 14.9          |
|    n_updates            | 2181          |
|    policy_gradient_loss | -4.56e-08     |
|    value_loss           | 38.5          |
-------------------------------------------
-------------------------------------------
| rollout/                |               |
|    ep_len_mean          | 8.64e+04      |
|    ep_rew_mean          | -3.44e+04     |
| time/                   |               |
|    fps                  | 1443          |
|    iterations           | 729           |
|    time_elapsed         | 2068          |
|    total_timesteps      | 2985984       |
| train/                  |               |
|    approx_kl            | 1.0768417e-09 |
|    clip_fraction        | 0             |
|    clip_range           | 0.2           |
|    entropy_loss         | -0.0104       |
|    explained_variance   | 0.658         |
|    learning_rate        | 1.81e-06      |
|    loss                 | 10.1          |
|    n_updates            | 2184          |
|    policy_gradient_loss | 1.48e-07      |
|    value_loss           | 16            |
-------------------------------------------
-------------------------------------------
| rollout/                |               |
|    ep_len_mean          | 8.64e+04      |
|    ep_rew_mean          | -3.44e+04     |
| time/                   |               |
|    fps                  | 1445          |
|    iterations           | 730           |
|    time_elapsed         | 2068          |
|    total_timesteps      | 2990080       |
| train/                  |               |
|    approx_kl            | 5.0931703e-10 |
|    clip_fraction        | 0             |
|    clip_range           | 0.2           |
|    entropy_loss         | -0.0105       |
|    explained_variance   | 0.507         |
|    learning_rate        | 1.4e-06       |
|    loss                 | 15.2          |
|    n_updates            | 2187          |
|    policy_gradient_loss | -5.07e-07     |
|    value_loss           | 25.8          |
-------------------------------------------
------------------------------------------
| rollout/                |              |
|    ep_len_mean          | 8.64e+04     |
|    ep_rew_mean          | -3.44e+04    |
| time/                   |              |
|    fps                  | 1446         |
|    iterations           | 731          |
|    time_elapsed         | 2069         |
|    total_timesteps      | 2994176      |
| train/                  |              |
|    approx_kl            | 5.966285e-10 |
|    clip_fraction        | 0            |
|    clip_range           | 0.2          |
|    entropy_loss         | -0.0103      |
|    explained_variance   | 0.592        |
|    learning_rate        | 9.92e-07     |
|    loss                 | 14.8         |
|    n_updates            | 2190         |
|    policy_gradient_loss | -5.78e-07    |
|    value_loss           | 28           |
------------------------------------------
-------------------------------------------
| rollout/                |               |
|    ep_len_mean          | 8.64e+04      |
|    ep_rew_mean          | -3.44e+04     |
| time/                   |               |
|    fps                  | 1448          |
|    iterations           | 732           |
|    time_elapsed         | 2069          |
|    total_timesteps      | 2998272       |
| train/                  |               |
|    approx_kl            | 1.0186341e-10 |
|    clip_fraction        | 0             |
|    clip_range           | 0.2           |
|    entropy_loss         | -0.0105       |
|    explained_variance   | 0.474         |
|    learning_rate        | 5.82e-07      |
|    loss                 | 14.6          |
|    n_updates            | 2193          |
|    policy_gradient_loss | -1.68e-07     |
|    value_loss           | 25.9          |
-------------------------------------------
Eval num_timesteps=3000000, episode_reward=-29343.61 +/- 1414.53
Episode length: 86400.00 +/- 0.00
---------------------------------------
| eval/                   |           |
|    mean_ep_length       | 8.64e+04  |
|    mean_reward          | -2.93e+04 |
| time/                   |           |
|    total_timesteps      | 3000000   |
| train/                  |           |
|    approx_kl            | 0.0       |
|    clip_fraction        | 0         |
|    clip_range           | 0.2       |
|    entropy_loss         | -0.0102   |
|    explained_variance   | 0.59      |
|    learning_rate        | 1.73e-07  |
|    loss                 | 18.4      |
|    n_updates            | 2196      |
|    policy_gradient_loss | -3.29e-08 |
|    value_loss           | 37.1      |
---------------------------------------
  ⏱  step 3,000,000  │  FPS     645  │  RSS   5730 MB
----------------------------------
| hw/                |           |
|    fps             | 645       |
|    rss_mb          | 5.73e+03  |
| rollout/           |           |
|    ep_len_mean     | 8.64e+04  |
|    ep_rew_mean     | -3.44e+04 |
| time/              |           |
|    fps             | 1430      |
|    iterations      | 733       |
|    time_elapsed    | 2098      |
|    total_timesteps | 3002368   |
----------------------------------

  Training complete — 2098.5 s  (1,431 steps/s)
  Timesteps completed: 3,002,368 / 3,000,000
  ✓ Final model saved → /Users/aishwarya/satellite-project/models/stability_ppo_m4.zip

────────────────────────────────────────────────────────────────────────
  Post-Training Evaluation  —  5 full-orbit episodes (86,400 s each)
────────────────────────────────────────────────────────────────────────
  [Phase 2] Loading topology: topology_dataset.npz … done.  T=86400 steps, N=60 sats, 24 ground stations, ISL threshold=3941 km, peak RAM≈2488 MB
    Ep 1/5  sat_12  │  HO:   362  │  Lat: 10.305 ms  │  GS:  12.9%  │  Return:  -28651.73  │  Deaths:    0  │  Invalid:    0
    Ep 2/5  sat_54  │  HO:   694  │  Lat: 10.204 ms  │  GS:  15.7%  │  Return:  -27456.74  │  Deaths:    0  │  Invalid:    0
    Ep 3/5  sat_36  │  HO:   545  │  Lat: 10.861 ms  │  GS:  11.5%  │  Return:  -31277.33  │  Deaths:    0  │  Invalid:    0
    Ep 4/5  sat_17  │  HO:   362  │  Lat: 10.001 ms  │  GS:  16.7%  │  Return:  -26018.26  │  Deaths:    0  │  Invalid:    0
    Ep 5/5  sat_43  │  HO:   547  │  Lat: 10.806 ms  │  GS:  14.7%  │  Return:  -29726.54  │  Deaths:    0  │  Invalid:    0

========================================================================
  EVALUATION RESULTS  —  Research Metrics for IEEE Submission
========================================================================
  Metric                                                          Value
  ──────────────────────────────────────── ────────────────────────────
  Handover Jitter (switches/ep)                 502.0 ± 126.4
  Mean Propagation Delay [ms]                 10.4355 ± 0.3401
  GS Network Availability [%]                   14.28 ± 1.88
  Mean Episode Return                       -28626.12 ± 1811.56
  Reward Stability (σ of return)              1811.56
  LRL Death Events / episode                      0.0
  Invalid Actions / episode                       0.0
  ──────────────────────────────────────── ────────────────────────────
  Episodes                                                            5
  Steps / episode                                                86,400
  Policy                                     universal (current_sat=-1)
========================================================================

  🗺️  Trajectory log saved → /Users/aishwarya/satellite-project/docs/eval_trajectories.json
       (5 episodes × 86,400 steps, 432,000 total records)

  📝 Training log finalized → /Users/aishwarya/satellite-project/docs/TRAINING_LOG.md
  Final Hardware State
    MPS available  : yes (unused — CPU used for MlpPolicy)
    MPS allocated  : 0.00 MB
    MPS driver     : 0.48 MB
    Peak system RSS: 5730.3 MB
    Training FPS   : 1,431 steps/s
    Wall-clock     : 2098.5 s  (35.0 min)
    Finished       : 2026-03-03 00:32:17

  ☕ caffeinate terminated — system sleep re-enabled
  Log saved → /Users/aishwarya/satellite-project/logs/training_output.log

