========================================================================
  Phase 3 — PPO Agent Training  (IEEE Submission-Grade)
  Started   : 2026-03-03 00:48:39
  Dataset   : topology_dataset.npz  (82.5 MB)
  Log file  : /Users/aishwarya/satellite-project/logs/training_output.log
========================================================================
  ✓ MPS detected — using CPU (faster for MlpPolicy, 24-dim obs)
  Hardware validation:
    PyTorch          : 2.10.0
    Device           : cpu
    Matmul (256×256) : ✓  on cpu
    System RSS       :    282.0 MB

  Building training environment   (current_sat=-1, randomised) …
  [Phase 2] Loading topology: topology_dataset.npz … done.  T=86400 steps, N=60 sats, 24 ground stations, ISL threshold=3941 km, peak RAM≈2488 MB
  Building evaluation environment (current_sat=-1, randomised) …
  [Phase 2] Loading topology: topology_dataset.npz … done.  T=86400 steps, N=60 sats, 24 ground stations, ISL threshold=3941 km, peak RAM≈2488 MB

  Hyperparameters
  ┌─────────────────────────────────────────┐
  │  learning_rate        = 0.0003 → 0 (linear)│
  │  n_steps              = 4096              │
  │  batch_size           = 256               │
  │  n_epochs             = 3                 │
  │  gamma                = 0.99              │
  │  gae_lambda           = 0.98              │
  │  ent_coef             = 0.05              │
  │  target_kl            = 0.02              │
  │  max_grad_norm        = 0.5               │
  │  total_timesteps      = 3,000,000         │
  │  device               = cpu               │
  │  policy               = MlpPolicy         │
  │  current_sat          = -1 (random)       │
  └─────────────────────────────────────────┘

Using cpu device
Wrapping the env in a DummyVecEnv.
  💾 Model checkpoints → /Users/aishwarya/satellite-project/models/checkpoints  (every 100k steps)
  📋 Training log will be written to /Users/aishwarya/satellite-project/docs/TRAINING_LOG.md after training completes
────────────────────────────────────────────────────────────────────────
  Ready to train for 3,000,000 timesteps.
  Estimated time: ~45 min on Apple M4.
────────────────────────────────────────────────────────────────────────
  ✓ Launching training loop

Logging to /Users/aishwarya/satellite-project/logs/ppo_satellite_2
-----------------------------
| time/              |      |
|    fps             | 7044 |
|    iterations      | 1    |
|    time_elapsed    | 0    |
|    total_timesteps | 4096 |
-----------------------------
------------------------------------------
| time/                   |              |
|    fps                  | 7035         |
|    iterations           | 2            |
|    time_elapsed         | 1            |
|    total_timesteps      | 8192         |
| train/                  |              |
|    approx_kl            | 0.0013688054 |
|    clip_fraction        | 0            |
|    clip_range           | 0.2          |
|    entropy_loss         | -2.08        |
|    explained_variance   | -0.00279     |
|    learning_rate        | 0.0003       |
|    loss                 | 1.15e+04     |
|    n_updates            | 3            |
|    policy_gradient_loss | -0.00228     |
|    value_loss           | 2.63e+04     |
------------------------------------------
------------------------------------------
| time/                   |              |
|    fps                  | 7034         |
|    iterations           | 3            |
|    time_elapsed         | 1            |
|    total_timesteps      | 12288        |
| train/                  |              |
|    approx_kl            | 0.0015605334 |
|    clip_fraction        | 0            |
|    clip_range           | 0.2          |
|    entropy_loss         | -2.08        |
|    explained_variance   | 0.00764      |
|    learning_rate        | 0.000299     |
|    loss                 | 1.01e+04     |
|    n_updates            | 6            |
|    policy_gradient_loss | -0.00298     |
|    value_loss           | 2.11e+04     |
------------------------------------------
------------------------------------------
| time/                   |              |
|    fps                  | 6987         |
|    iterations           | 4            |
|    time_elapsed         | 2            |
|    total_timesteps      | 16384        |
| train/                  |              |
|    approx_kl            | 0.0024004893 |
|    clip_fraction        | 0            |
|    clip_range           | 0.2          |
|    entropy_loss         | -2.07        |
|    explained_variance   | 0.0203       |
|    learning_rate        | 0.000299     |
|    loss                 | 7.53e+03     |
|    n_updates            | 9            |
|    policy_gradient_loss | -0.00488     |
|    value_loss           | 1.59e+04     |
------------------------------------------
  ⏱  step    20,000  │  FPS    6966  │  RSS   3912 MB
------------------------------------------
| hw/                     |              |
|    fps                  | 6.97e+03     |
|    rss_mb               | 3.91e+03     |
| time/                   |              |
|    fps                  | 6953         |
|    iterations           | 5            |
|    time_elapsed         | 2            |
|    total_timesteps      | 20480        |
| train/                  |              |
|    approx_kl            | 0.0012719198 |
|    clip_fraction        | 0            |
|    clip_range           | 0.2          |
|    entropy_loss         | -2.05        |
|    explained_variance   | 0.00319      |
|    learning_rate        | 0.000298     |
|    loss                 | 7.93e+03     |
|    n_updates            | 12           |
|    policy_gradient_loss | -0.00252     |
|    value_loss           | 1.69e+04     |
------------------------------------------
------------------------------------------
| time/                   |              |
|    fps                  | 6929         |
|    iterations           | 6            |
|    time_elapsed         | 3            |
|    total_timesteps      | 24576        |
| train/                  |              |
|    approx_kl            | 0.0023283157 |
|    clip_fraction        | 0            |
|    clip_range           | 0.2          |
|    entropy_loss         | -2.04        |
|    explained_variance   | 0.0116       |
|    learning_rate        | 0.000298     |
|    loss                 | 6.78e+03     |
|    n_updates            | 15           |
|    policy_gradient_loss | -0.00481     |
|    value_loss           | 1.32e+04     |
------------------------------------------
------------------------------------------
| time/                   |              |
|    fps                  | 6903         |
|    iterations           | 7            |
|    time_elapsed         | 4            |
|    total_timesteps      | 28672        |
| train/                  |              |
|    approx_kl            | 0.0025796576 |
|    clip_fraction        | 0            |
|    clip_range           | 0.2          |
|    entropy_loss         | -2.02        |
|    explained_variance   | 0.00795      |
|    learning_rate        | 0.000298     |
|    loss                 | 5.72e+03     |
|    n_updates            | 18           |
|    policy_gradient_loss | -0.00481     |
|    value_loss           | 1.1e+04      |
------------------------------------------
------------------------------------------
| time/                   |              |
|    fps                  | 6810         |
|    iterations           | 8            |
|    time_elapsed         | 4            |
|    total_timesteps      | 32768        |
| train/                  |              |
|    approx_kl            | 0.0026399803 |
|    clip_fraction        | 0            |
|    clip_range           | 0.2          |
|    entropy_loss         | -1.99        |
|    explained_variance   | 0.00662      |
|    learning_rate        | 0.000297     |
|    loss                 | 4.15e+03     |
|    n_updates            | 21           |
|    policy_gradient_loss | -0.0054      |
|    value_loss           | 8.27e+03     |
------------------------------------------
-----------------------------------------
| time/                   |             |
|    fps                  | 6794        |
|    iterations           | 9           |
|    time_elapsed         | 5           |
|    total_timesteps      | 36864       |
| train/                  |             |
|    approx_kl            | 0.003351815 |
|    clip_fraction        | 0           |
|    clip_range           | 0.2         |
|    entropy_loss         | -1.95       |
|    explained_variance   | 0.00502     |
|    learning_rate        | 0.000297    |
|    loss                 | 3.97e+03    |
|    n_updates            | 24          |
|    policy_gradient_loss | -0.00631    |
|    value_loss           | 8.12e+03    |
-----------------------------------------
  ⏱  step    40,000  │  FPS    6606  │  RSS   3912 MB
------------------------------------------
| hw/                     |              |
|    fps                  | 6.61e+03     |
|    rss_mb               | 3.91e+03     |
| time/                   |              |
|    fps                  | 6781         |
|    iterations           | 10           |
|    time_elapsed         | 6            |
|    total_timesteps      | 40960        |
| train/                  |              |
|    approx_kl            | 0.0018767496 |
|    clip_fraction        | 0            |
|    clip_range           | 0.2          |
|    entropy_loss         | -1.91        |
|    explained_variance   | 0.00131      |
|    learning_rate        | 0.000296     |
|    loss                 | 4.33e+03     |
|    n_updates            | 27           |
|    policy_gradient_loss | -0.00266     |
|    value_loss           | 7.66e+03     |
------------------------------------------
------------------------------------------
| time/                   |              |
|    fps                  | 6757         |
|    iterations           | 11           |
|    time_elapsed         | 6            |
|    total_timesteps      | 45056        |
| train/                  |              |
|    approx_kl            | 0.0018561959 |
|    clip_fraction        | 0            |
|    clip_range           | 0.2          |
|    entropy_loss         | -1.89        |
|    explained_variance   | 0.000675     |
|    learning_rate        | 0.000296     |
|    loss                 | 3.5e+03      |
|    n_updates            | 30           |
|    policy_gradient_loss | -0.00201     |
|    value_loss           | 6.75e+03     |
------------------------------------------
------------------------------------------
| time/                   |              |
|    fps                  | 6757         |
|    iterations           | 12           |
|    time_elapsed         | 7            |
|    total_timesteps      | 49152        |
| train/                  |              |
|    approx_kl            | 0.0024157574 |
|    clip_fraction        | 0            |
|    clip_range           | 0.2          |
|    entropy_loss         | -1.88        |
|    explained_variance   | 0.000496     |
|    learning_rate        | 0.000295     |
|    loss                 | 3.05e+03     |
|    n_updates            | 33           |
|    policy_gradient_loss | -0.00275     |
|    value_loss           | 6.35e+03     |
------------------------------------------
Eval num_timesteps=50000, episode_reward=-28986.30 +/- 1926.33
Episode length: 86400.00 +/- 0.00
-----------------------------------------
| eval/                   |             |
|    mean_ep_length       | 8.64e+04    |
|    mean_reward          | -2.9e+04    |
| time/                   |             |
|    total_timesteps      | 50000       |
| train/                  |             |
|    approx_kl            | 0.003927165 |
|    clip_fraction        | 0.0106      |
|    clip_range           | 0.2         |
|    entropy_loss         | -1.84       |
|    explained_variance   | 0.00235     |
|    learning_rate        | 0.000295    |
|    loss                 | 2.13e+03    |
|    n_updates            | 36          |
|    policy_gradient_loss | -0.00678    |
|    value_loss           | 4.23e+03    |
-----------------------------------------
New best mean reward!
------------------------------
| time/              |       |
|    fps             | 1464  |
|    iterations      | 13    |
|    time_elapsed    | 36    |
|    total_timesteps | 53248 |
------------------------------
------------------------------------------
| time/                   |              |
|    fps                  | 1551         |
|    iterations           | 14           |
|    time_elapsed         | 36           |
|    total_timesteps      | 57344        |
| train/                  |              |
|    approx_kl            | 0.0014256564 |
|    clip_fraction        | 0            |
|    clip_range           | 0.2          |
|    entropy_loss         | -1.8         |
|    explained_variance   | 0.000242     |
|    learning_rate        | 0.000295     |
|    loss                 | 2.49e+03     |
|    n_updates            | 39           |
|    policy_gradient_loss | -0.00208     |
|    value_loss           | 6.13e+03     |
------------------------------------------
  ⏱  step    60,000  │  FPS     636  │  RSS   5355 MB
-----------------------------------------
| hw/                     |             |
|    fps                  | 636         |
|    rss_mb               | 5.35e+03    |
| time/                   |             |
|    fps                  | 1634        |
|    iterations           | 15          |
|    time_elapsed         | 37          |
|    total_timesteps      | 61440       |
| train/                  |             |
|    approx_kl            | 0.005411211 |
|    clip_fraction        | 0.0148      |
|    clip_range           | 0.2         |
|    entropy_loss         | -1.76       |
|    explained_variance   | 0.00178     |
|    learning_rate        | 0.000294    |
|    loss                 | 1.27e+03    |
|    n_updates            | 42          |
|    policy_gradient_loss | -0.00715    |
|    value_loss           | 2.56e+03    |
-----------------------------------------
-----------------------------------------
| time/                   |             |
|    fps                  | 1716        |
|    iterations           | 16          |
|    time_elapsed         | 38          |
|    total_timesteps      | 65536       |
| train/                  |             |
|    approx_kl            | 0.007759191 |
|    clip_fraction        | 0.0303      |
|    clip_range           | 0.2         |
|    entropy_loss         | -1.7        |
|    explained_variance   | 0.00117     |
|    learning_rate        | 0.000294    |
|    loss                 | 1.2e+03     |
|    n_updates            | 45          |
|    policy_gradient_loss | -0.00883    |
|    value_loss           | 2.54e+03    |
-----------------------------------------
------------------------------------------
| time/                   |              |
|    fps                  | 1794         |
|    iterations           | 17           |
|    time_elapsed         | 38           |
|    total_timesteps      | 69632        |
| train/                  |              |
|    approx_kl            | 0.0022798462 |
|    clip_fraction        | 0.00936      |
|    clip_range           | 0.2          |
|    entropy_loss         | -1.66        |
|    explained_variance   | 0.00116      |
|    learning_rate        | 0.000293     |
|    loss                 | 868          |
|    n_updates            | 48           |
|    policy_gradient_loss | -0.00461     |
|    value_loss           | 1.91e+03     |
------------------------------------------
------------------------------------------
| time/                   |              |
|    fps                  | 1870         |
|    iterations           | 18           |
|    time_elapsed         | 39           |
|    total_timesteps      | 73728        |
| train/                  |              |
|    approx_kl            | 0.0047121714 |
|    clip_fraction        | 0.013        |
|    clip_range           | 0.2          |
|    entropy_loss         | -1.6         |
|    explained_variance   | 0.000112     |
|    learning_rate        | 0.000293     |
|    loss                 | 888          |
|    n_updates            | 51           |
|    policy_gradient_loss | -0.00577     |
|    value_loss           | 1.77e+03     |
------------------------------------------
------------------------------------------
| time/                   |              |
|    fps                  | 1942         |
|    iterations           | 19           |
|    time_elapsed         | 40           |
|    total_timesteps      | 77824        |
| train/                  |              |
|    approx_kl            | 0.0036567925 |
|    clip_fraction        | 0.0104       |
|    clip_range           | 0.2          |
|    entropy_loss         | -1.58        |
|    explained_variance   | 0.000189     |
|    learning_rate        | 0.000293     |
|    loss                 | 705          |
|    n_updates            | 54           |
|    policy_gradient_loss | -0.00518     |
|    value_loss           | 1.47e+03     |
------------------------------------------
  ⏱  step    80,000  │  FPS    6554  │  RSS   5695 MB
-----------------------------------------
| hw/                     |             |
|    fps                  | 6.55e+03    |
|    rss_mb               | 5.69e+03    |
| time/                   |             |
|    fps                  | 2012        |
|    iterations           | 20          |
|    time_elapsed         | 40          |
|    total_timesteps      | 81920       |
| train/                  |             |
|    approx_kl            | 0.004735198 |
|    clip_fraction        | 0.0206      |
|    clip_range           | 0.2         |
|    entropy_loss         | -1.54       |
|    explained_variance   | -0.000162   |
|    learning_rate        | 0.000292    |
|    loss                 | 602         |
|    n_updates            | 57          |
|    policy_gradient_loss | -0.00511    |
|    value_loss           | 1.22e+03    |
-----------------------------------------
-----------------------------------------
| time/                   |             |
|    fps                  | 2081        |
|    iterations           | 21          |
|    time_elapsed         | 41          |
|    total_timesteps      | 86016       |
| train/                  |             |
|    approx_kl            | 0.002175362 |
|    clip_fraction        | 0.007       |
|    clip_range           | 0.2         |
|    entropy_loss         | -1.51       |
|    explained_variance   | 0.000156    |
|    learning_rate        | 0.000292    |
|    loss                 | 560         |
|    n_updates            | 60          |
|    policy_gradient_loss | -0.00365    |
|    value_loss           | 1.15e+03    |
-----------------------------------------
-----------------------------------------
| rollout/                |             |
|    ep_len_mean          | 8.64e+04    |
|    ep_rew_mean          | -2.09e+05   |
| time/                   |             |
|    fps                  | 2148        |
|    iterations           | 22          |
|    time_elapsed         | 41          |
|    total_timesteps      | 90112       |
| train/                  |             |
|    approx_kl            | 0.006383498 |
|    clip_fraction        | 0.00448     |
|    clip_range           | 0.2         |
|    entropy_loss         | -1.49       |
|    explained_variance   | 0.000173    |
|    learning_rate        | 0.000291    |
|    loss                 | 420         |
|    n_updates            | 63          |
|    policy_gradient_loss | -0.00389    |
|    value_loss           | 883         |
-----------------------------------------
------------------------------------------
| rollout/                |              |
|    ep_len_mean          | 8.64e+04     |
|    ep_rew_mean          | -2.09e+05    |
| time/                   |              |
|    fps                  | 2213         |
|    iterations           | 23           |
|    time_elapsed         | 42           |
|    total_timesteps      | 94208        |
| train/                  |              |
|    approx_kl            | 0.0073622754 |
|    clip_fraction        | 0.00944      |
|    clip_range           | 0.2          |
|    entropy_loss         | -1.44        |
|    explained_variance   | 0.000166     |
|    learning_rate        | 0.000291     |
|    loss                 | 421          |
|    n_updates            | 66           |
|    policy_gradient_loss | -0.00431     |
|    value_loss           | 895          |
------------------------------------------
-----------------------------------------
| rollout/                |             |
|    ep_len_mean          | 8.64e+04    |
|    ep_rew_mean          | -2.09e+05   |
| time/                   |             |
|    fps                  | 2276        |
|    iterations           | 24          |
|    time_elapsed         | 43          |
|    total_timesteps      | 98304       |
| train/                  |             |
|    approx_kl            | 0.008704714 |
|    clip_fraction        | 0.0155      |
|    clip_range           | 0.2         |
|    entropy_loss         | -1.4        |
|    explained_variance   | 0.000248    |
|    learning_rate        | 0.000291    |
|    loss                 | 378         |
|    n_updates            | 69          |
|    policy_gradient_loss | -0.00354    |
|    value_loss           | 787         |
-----------------------------------------
Eval num_timesteps=100000, episode_reward=-27392.07 +/- 379.79
Episode length: 86400.00 +/- 0.00
-----------------------------------------
| eval/                   |             |
|    mean_ep_length       | 8.64e+04    |
|    mean_reward          | -2.74e+04   |
| time/                   |             |
|    total_timesteps      | 100000      |
| train/                  |             |
|    approx_kl            | 0.007853442 |
|    clip_fraction        | 0.0291      |
|    clip_range           | 0.2         |
|    entropy_loss         | -1.33       |
|    explained_variance   | -0.00057    |
|    learning_rate        | 0.00029     |
|    loss                 | 344         |
|    n_updates            | 72          |
|    policy_gradient_loss | -0.00681    |
|    value_loss           | 703         |
-----------------------------------------
New best mean reward!
  ⏱  step   100,000  │  FPS     641  │  RSS   5695 MB
----------------------------------
| hw/                |           |
|    fps             | 641       |
|    rss_mb          | 5.69e+03  |
| rollout/           |           |
|    ep_len_mean     | 8.64e+04  |
|    ep_rew_mean     | -2.09e+05 |
| time/              |           |
|    fps             | 1422      |
|    iterations      | 25        |
|    time_elapsed    | 72        |
|    total_timesteps | 102400    |
----------------------------------
---------------------------------------
| rollout/                |           |
|    ep_len_mean          | 8.64e+04  |
|    ep_rew_mean          | -2.09e+05 |
| time/                   |           |
|    fps                  | 1465      |
|    iterations           | 26        |
|    time_elapsed         | 72        |
|    total_timesteps      | 106496    |
| train/                  |           |
|    approx_kl            | 0.0088663 |
|    clip_fraction        | 0.00521   |
|    clip_range           | 0.2       |
|    entropy_loss         | -1.28     |
|    explained_variance   | -0.000549 |
|    learning_rate        | 0.00029   |
|    loss                 | 334       |
|    n_updates            | 75        |
|    policy_gradient_loss | -0.00451  |
|    value_loss           | 663       |
---------------------------------------
-----------------------------------------
| rollout/                |             |
|    ep_len_mean          | 8.64e+04    |
|    ep_rew_mean          | -2.09e+05   |
| time/                   |             |
|    fps                  | 1508        |
|    iterations           | 27          |
|    time_elapsed         | 73          |
|    total_timesteps      | 110592      |
| train/                  |             |
|    approx_kl            | 0.009299787 |
|    clip_fraction        | 0.0203      |
|    clip_range           | 0.2         |
|    entropy_loss         | -1.22       |
|    explained_variance   | -0.000269   |
|    learning_rate        | 0.000289    |
|    loss                 | 286         |
|    n_updates            | 78          |
|    policy_gradient_loss | -0.0046     |
|    value_loss           | 572         |
-----------------------------------------
-----------------------------------------
| rollout/                |             |
|    ep_len_mean          | 8.64e+04    |
|    ep_rew_mean          | -2.09e+05   |
| time/                   |             |
|    fps                  | 1551        |
|    iterations           | 28          |
|    time_elapsed         | 73          |
|    total_timesteps      | 114688      |
| train/                  |             |
|    approx_kl            | 0.012042051 |
|    clip_fraction        | 0.0708      |
|    clip_range           | 0.2         |
|    entropy_loss         | -1.09       |
|    explained_variance   | -0.000219   |
|    learning_rate        | 0.000289    |
|    loss                 | 250         |
|    n_updates            | 81          |
|    policy_gradient_loss | -0.0107     |
|    value_loss           | 496         |
-----------------------------------------
-----------------------------------------
| rollout/                |             |
|    ep_len_mean          | 8.64e+04    |
|    ep_rew_mean          | -2.09e+05   |
| time/                   |             |
|    fps                  | 1593        |
|    iterations           | 29          |
|    time_elapsed         | 74          |
|    total_timesteps      | 118784      |
| train/                  |             |
|    approx_kl            | 0.007833102 |
|    clip_fraction        | 0.0184      |
|    clip_range           | 0.2         |
|    entropy_loss         | -0.998      |
|    explained_variance   | -0.000571   |
|    learning_rate        | 0.000289    |
|    loss                 | 171         |
|    n_updates            | 84          |
|    policy_gradient_loss | -0.0054     |
|    value_loss           | 371         |
-----------------------------------------
  ⏱  step   120,000  │  FPS    6367  │  RSS   5695 MB
----------------------------------------
| hw/                     |            |
|    fps                  | 6.37e+03   |
|    rss_mb               | 5.69e+03   |
| rollout/                |            |
|    ep_len_mean          | 8.64e+04   |
|    ep_rew_mean          | -2.09e+05  |
| time/                   |            |
|    fps                  | 1633       |
|    iterations           | 30         |
|    time_elapsed         | 75         |
|    total_timesteps      | 122880     |
| train/                  |            |
|    approx_kl            | 0.00585002 |
|    clip_fraction        | 0.0487     |
|    clip_range           | 0.2        |
|    entropy_loss         | -0.888     |
|    explained_variance   | -0.000643  |
|    learning_rate        | 0.000288   |
|    loss                 | 147        |
|    n_updates            | 87         |
|    policy_gradient_loss | -0.00779   |
|    value_loss           | 301        |
----------------------------------------
-----------------------------------------
| rollout/                |             |
|    ep_len_mean          | 8.64e+04    |
|    ep_rew_mean          | -2.09e+05   |
| time/                   |             |
|    fps                  | 1674        |
|    iterations           | 31          |
|    time_elapsed         | 75          |
|    total_timesteps      | 126976      |
| train/                  |             |
|    approx_kl            | 0.006701003 |
|    clip_fraction        | 0.0775      |
|    clip_range           | 0.2         |
|    entropy_loss         | -0.756      |
|    explained_variance   | -0.00032    |
|    learning_rate        | 0.000288    |
|    loss                 | 106         |
|    n_updates            | 90          |
|    policy_gradient_loss | -0.00979    |
|    value_loss           | 234         |
-----------------------------------------
------------------------------------------
| rollout/                |              |
|    ep_len_mean          | 8.64e+04     |
|    ep_rew_mean          | -2.09e+05    |
| time/                   |              |
|    fps                  | 1713         |
|    iterations           | 32           |
|    time_elapsed         | 76           |
|    total_timesteps      | 131072       |
| train/                  |              |
|    approx_kl            | 0.0050756326 |
|    clip_fraction        | 0.0704       |
|    clip_range           | 0.2          |
|    entropy_loss         | -0.656       |
|    explained_variance   | -0.000511    |
|    learning_rate        | 0.000287     |
|    loss                 | 84.2         |
|    n_updates            | 93           |
|    policy_gradient_loss | -0.0107      |
|    value_loss           | 180          |
------------------------------------------
------------------------------------------
| rollout/                |              |
|    ep_len_mean          | 8.64e+04     |
|    ep_rew_mean          | -2.09e+05    |
| time/                   |              |
|    fps                  | 1752         |
|    iterations           | 33           |
|    time_elapsed         | 77           |
|    total_timesteps      | 135168       |
| train/                  |              |
|    approx_kl            | 0.0033558104 |
|    clip_fraction        | 0.0358       |
|    clip_range           | 0.2          |
|    entropy_loss         | -0.577       |
|    explained_variance   | -4.26e-05    |
|    learning_rate        | 0.000287     |
|    loss                 | 51.5         |
|    n_updates            | 96           |
|    policy_gradient_loss | -0.00662     |
|    value_loss           | 114          |
------------------------------------------
------------------------------------------
| rollout/                |              |
|    ep_len_mean          | 8.64e+04     |
|    ep_rew_mean          | -2.09e+05    |
| time/                   |              |
|    fps                  | 1791         |
|    iterations           | 34           |
|    time_elapsed         | 77           |
|    total_timesteps      | 139264       |
| train/                  |              |
|    approx_kl            | 0.0020516282 |
|    clip_fraction        | 0.017        |
|    clip_range           | 0.2          |
|    entropy_loss         | -0.517       |
|    explained_variance   | -0.000169    |
|    learning_rate        | 0.000286     |
|    loss                 | 46.9         |
|    n_updates            | 99           |
|    policy_gradient_loss | -0.0035      |
|    value_loss           | 102          |
------------------------------------------
  ⏱  step   140,000  │  FPS    6490  │  RSS   5695 MB
-----------------------------------------
| hw/                     |             |
|    fps                  | 6.49e+03    |
|    rss_mb               | 5.69e+03    |
| rollout/                |             |
|    ep_len_mean          | 8.64e+04    |
|    ep_rew_mean          | -2.09e+05   |
| time/                   |             |
|    fps                  | 1830        |
|    iterations           | 35          |
|    time_elapsed         | 78          |
|    total_timesteps      | 143360      |
| train/                  |             |
|    approx_kl            | 0.002331994 |
|    clip_fraction        | 0.0284      |
|    clip_range           | 0.2         |
|    entropy_loss         | -0.423      |
|    explained_variance   | -0.000207   |
|    learning_rate        | 0.000286    |
|    loss                 | 36.4        |
|    n_updates            | 102         |
|    policy_gradient_loss | -0.00495    |
|    value_loss           | 78          |
-----------------------------------------
------------------------------------------
| rollout/                |              |
|    ep_len_mean          | 8.64e+04     |
|    ep_rew_mean          | -2.09e+05    |
| time/                   |              |
|    fps                  | 1868         |
|    iterations           | 36           |
|    time_elapsed         | 78           |
|    total_timesteps      | 147456       |
| train/                  |              |
|    approx_kl            | 0.0011820421 |
|    clip_fraction        | 0.0165       |
|    clip_range           | 0.2          |
|    entropy_loss         | -0.411       |
|    explained_variance   | -0.000113    |
|    learning_rate        | 0.000286     |
|    loss                 | 24.2         |
|    n_updates            | 105          |
|    policy_gradient_loss | -0.00269     |
|    value_loss           | 47.4         |
------------------------------------------
Eval num_timesteps=150000, episode_reward=-28581.10 +/- 1915.06
Episode length: 86400.00 +/- 0.00
------------------------------------------
| eval/                   |              |
|    mean_ep_length       | 8.64e+04     |
|    mean_reward          | -2.86e+04    |
| time/                   |              |
|    total_timesteps      | 150000       |
| train/                  |              |
|    approx_kl            | 0.0030950257 |
|    clip_fraction        | 0.034        |
|    clip_range           | 0.2          |
|    entropy_loss         | -0.408       |
|    explained_variance   | 7.69e-05     |
|    learning_rate        | 0.000285     |
|    loss                 | 28.8         |
|    n_updates            | 108          |
|    policy_gradient_loss | 0.00152      |
|    value_loss           | 58.3         |
------------------------------------------
----------------------------------
| rollout/           |           |
|    ep_len_mean     | 8.64e+04  |
|    ep_rew_mean     | -2.09e+05 |
| time/              |           |
|    fps             | 1402      |
|    iterations      | 37        |
|    time_elapsed    | 108       |
|    total_timesteps | 151552    |
----------------------------------
------------------------------------------
| rollout/                |              |
|    ep_len_mean          | 8.64e+04     |
|    ep_rew_mean          | -2.09e+05    |
| time/                   |              |
|    fps                  | 1432         |
|    iterations           | 38           |
|    time_elapsed         | 108          |
|    total_timesteps      | 155648       |
| train/                  |              |
|    approx_kl            | 0.0034169322 |
|    clip_fraction        | 0.0317       |
|    clip_range           | 0.2          |
|    entropy_loss         | -0.331       |
|    explained_variance   | 0.000266     |
|    learning_rate        | 0.000285     |
|    loss                 | 22.9         |
|    n_updates            | 111          |
|    policy_gradient_loss | -0.00322     |
|    value_loss           | 44.8         |
------------------------------------------
------------------------------------------
| rollout/                |              |
|    ep_len_mean          | 8.64e+04     |
|    ep_rew_mean          | -2.09e+05    |
| time/                   |              |
|    fps                  | 1461         |
|    iterations           | 39           |
|    time_elapsed         | 109          |
|    total_timesteps      | 159744       |
| train/                  |              |
|    approx_kl            | 0.0013414182 |
|    clip_fraction        | 0.00944      |
|    clip_range           | 0.2          |
|    entropy_loss         | -0.304       |
|    explained_variance   | 6.65e-05     |
|    learning_rate        | 0.000284     |
|    loss                 | 19.5         |
|    n_updates            | 114          |
|    policy_gradient_loss | -0.0029      |
|    value_loss           | 38.9         |
------------------------------------------
  ⏱  step   160,000  │  FPS     635  │  RSS   5695 MB
------------------------------------------
| hw/                     |              |
|    fps                  | 635          |
|    rss_mb               | 5.69e+03     |
| rollout/                |              |
|    ep_len_mean          | 8.64e+04     |
|    ep_rew_mean          | -2.09e+05    |
| time/                   |              |
|    fps                  | 1490         |
|    iterations           | 40           |
|    time_elapsed         | 109          |
|    total_timesteps      | 163840       |
| train/                  |              |
|    approx_kl            | 0.0005748848 |
|    clip_fraction        | 0.00407      |
|    clip_range           | 0.2          |
|    entropy_loss         | -0.279       |
|    explained_variance   | 0.000298     |
|    learning_rate        | 0.000284     |
|    loss                 | 10.1         |
|    n_updates            | 117          |
|    policy_gradient_loss | -0.0011      |
|    value_loss           | 21.2         |
------------------------------------------
------------------------------------------
| rollout/                |              |
|    ep_len_mean          | 8.64e+04     |
|    ep_rew_mean          | -2.09e+05    |
| time/                   |              |
|    fps                  | 1519         |
|    iterations           | 41           |
|    time_elapsed         | 110          |
|    total_timesteps      | 167936       |
| train/                  |              |
|    approx_kl            | 0.0009969843 |
|    clip_fraction        | 0.00708      |
|    clip_range           | 0.2          |
|    entropy_loss         | -0.254       |
|    explained_variance   | 6.27e-05     |
|    learning_rate        | 0.000284     |
|    loss                 | 26.6         |
|    n_updates            | 120          |
|    policy_gradient_loss | -0.00249     |
|    value_loss           | 65.1         |
------------------------------------------
------------------------------------------
| rollout/                |              |
|    ep_len_mean          | 8.64e+04     |
|    ep_rew_mean          | -2.09e+05    |
| time/                   |              |
|    fps                  | 1547         |
|    iterations           | 42           |
|    time_elapsed         | 111          |
|    total_timesteps      | 172032       |
| train/                  |              |
|    approx_kl            | 0.0010346298 |
|    clip_fraction        | 0.0148       |
|    clip_range           | 0.2          |
|    entropy_loss         | -0.214       |
|    explained_variance   | 6.72e-05     |
|    learning_rate        | 0.000283     |
|    loss                 | 13.3         |
|    n_updates            | 123          |
|    policy_gradient_loss | -0.00364     |
|    value_loss           | 25.6         |
------------------------------------------
------------------------------------------
| rollout/                |              |
|    ep_len_mean          | 8.64e+04     |
|    ep_rew_mean          | -1.35e+05    |
| time/                   |              |
|    fps                  | 1575         |
|    iterations           | 43           |
|    time_elapsed         | 111          |
|    total_timesteps      | 176128       |
| train/                  |              |
|    approx_kl            | 0.0005459378 |
|    clip_fraction        | 0.00309      |
|    clip_range           | 0.2          |
|    entropy_loss         | -0.203       |
|    explained_variance   | 0.000175     |
|    learning_rate        | 0.000283     |
|    loss                 | 22.9         |
|    n_updates            | 126          |
|    policy_gradient_loss | -0.000843    |
|    value_loss           | 47.2         |
------------------------------------------
  ⏱  step   180,000  │  FPS    6729  │  RSS   5695 MB
-------------------------------------------
| hw/                     |               |
|    fps                  | 6.73e+03      |
|    rss_mb               | 5.69e+03      |
| rollout/                |               |
|    ep_len_mean          | 8.64e+04      |
|    ep_rew_mean          | -1.35e+05     |
| time/                   |               |
|    fps                  | 1603          |
|    iterations           | 44            |
|    time_elapsed         | 112           |
|    total_timesteps      | 180224        |
| train/                  |               |
|    approx_kl            | 0.00021499422 |
|    clip_fraction        | 8.14e-05      |
|    clip_range           | 0.2           |
|    entropy_loss         | -0.196        |
|    explained_variance   | -4.39e-05     |
|    learning_rate        | 0.000282      |
|    loss                 | 25.3          |
|    n_updates            | 129           |
|    policy_gradient_loss | -0.000564     |
|    value_loss           | 40            |
-------------------------------------------
------------------------------------------
| rollout/                |              |
|    ep_len_mean          | 8.64e+04     |
|    ep_rew_mean          | -1.35e+05    |
| time/                   |              |
|    fps                  | 1631         |
|    iterations           | 45           |
|    time_elapsed         | 113          |
|    total_timesteps      | 184320       |
| train/                  |              |
|    approx_kl            | 0.0012421643 |
|    clip_fraction        | 0.0148       |
|    clip_range           | 0.2          |
|    entropy_loss         | -0.179       |
|    explained_variance   | 3.98e-05     |
|    learning_rate        | 0.000282     |
|    loss                 | 24.2         |
|    n_updates            | 132          |
|    policy_gradient_loss | -0.000214    |
|    value_loss           | 48           |
------------------------------------------
------------------------------------------
| rollout/                |              |
|    ep_len_mean          | 8.64e+04     |
|    ep_rew_mean          | -1.35e+05    |
| time/                   |              |
|    fps                  | 1658         |
|    iterations           | 46           |
|    time_elapsed         | 113          |
|    total_timesteps      | 188416       |
| train/                  |              |
|    approx_kl            | 0.0007304657 |
|    clip_fraction        | 0.00968      |
|    clip_range           | 0.2          |
|    entropy_loss         | -0.158       |
|    explained_variance   | -7.28e-05    |
|    learning_rate        | 0.000282     |
|    loss                 | 16.4         |
|    n_updates            | 135          |
|    policy_gradient_loss | -0.00142     |
|    value_loss           | 38.9         |
------------------------------------------
-------------------------------------------
| rollout/                |               |
|    ep_len_mean          | 8.64e+04      |
|    ep_rew_mean          | -1.35e+05     |
| time/                   |               |
|    fps                  | 1684          |
|    iterations           | 47            |
|    time_elapsed         | 114           |
|    total_timesteps      | 192512        |
| train/                  |               |
|    approx_kl            | 0.00046260556 |
|    clip_fraction        | 0.00366       |
|    clip_range           | 0.2           |
|    entropy_loss         | -0.14         |
|    explained_variance   | 0.00125       |
|    learning_rate        | 0.000281      |
|    loss                 | 18            |
|    n_updates            | 138           |
|    policy_gradient_loss | -0.00122      |
|    value_loss           | 37.9          |
-------------------------------------------
------------------------------------------
| rollout/                |              |
|    ep_len_mean          | 8.64e+04     |
|    ep_rew_mean          | -1.35e+05    |
| time/                   |              |
|    fps                  | 1711         |
|    iterations           | 48           |
|    time_elapsed         | 114          |
|    total_timesteps      | 196608       |
| train/                  |              |
|    approx_kl            | 0.0004078888 |
|    clip_fraction        | 0.0083       |
|    clip_range           | 0.2          |
|    entropy_loss         | -0.117       |
|    explained_variance   | 0.00561      |
|    learning_rate        | 0.000281     |
|    loss                 | 11.8         |
|    n_updates            | 141          |
|    policy_gradient_loss | -0.00131     |
|    value_loss           | 24           |
------------------------------------------
Eval num_timesteps=200000, episode_reward=-27363.15 +/- 987.83
Episode length: 86400.00 +/- 0.00
-------------------------------------------
| eval/                   |               |
|    mean_ep_length       | 8.64e+04      |
|    mean_reward          | -2.74e+04     |
| time/                   |               |
|    total_timesteps      | 200000        |
| train/                  |               |
|    approx_kl            | 0.00015578914 |
|    clip_fraction        | 8.14e-05      |
|    clip_range           | 0.2           |
|    entropy_loss         | -0.124        |
|    explained_variance   | 0.131         |
|    learning_rate        | 0.00028       |
|    loss                 | 17.9          |
|    n_updates            | 144           |
|    policy_gradient_loss | -0.000486     |
|    value_loss           | 35.3          |
-------------------------------------------
New best mean reward!
  ⏱  step   200,000  │  FPS     643  │  RSS   5695 MB
----------------------------------
| hw/                |           |
|    fps             | 643       |
|    rss_mb          | 5.69e+03  |
| rollout/           |           |
|    ep_len_mean     | 8.64e+04  |
|    ep_rew_mean     | -1.35e+05 |
| time/              |           |
|    fps             | 1397      |
|    iterations      | 49        |
|    time_elapsed    | 143       |
|    total_timesteps | 200704    |
----------------------------------
-------------------------------------------
| rollout/                |               |
|    ep_len_mean          | 8.64e+04      |
|    ep_rew_mean          | -1.35e+05     |
| time/                   |               |
|    fps                  | 1420          |
|    iterations           | 50            |
|    time_elapsed         | 144           |
|    total_timesteps      | 204800        |
| train/                  |               |
|    approx_kl            | 0.00038618155 |
|    clip_fraction        | 0.00122       |
|    clip_range           | 0.2           |
|    entropy_loss         | -0.107        |
|    explained_variance   | 0.24          |
|    learning_rate        | 0.00028       |
|    loss                 | 6.15          |
|    n_updates            | 147           |
|    policy_gradient_loss | -0.000804     |
|    value_loss           | 16.9          |
-------------------------------------------
-------------------------------------------
| rollout/                |               |
|    ep_len_mean          | 8.64e+04      |
|    ep_rew_mean          | -1.35e+05     |
| time/                   |               |
|    fps                  | 1442          |
|    iterations           | 51            |
|    time_elapsed         | 144           |
|    total_timesteps      | 208896        |
| train/                  |               |
|    approx_kl            | 2.8019567e-06 |
|    clip_fraction        | 0             |
|    clip_range           | 0.2           |
|    entropy_loss         | -0.0946       |
|    explained_variance   | 0.214         |
|    learning_rate        | 0.00028       |
|    loss                 | 18.2          |
|    n_updates            | 150           |
|    policy_gradient_loss | -1.72e-05     |
|    value_loss           | 41.7          |
-------------------------------------------
-------------------------------------------
| rollout/                |               |
|    ep_len_mean          | 8.64e+04      |
|    ep_rew_mean          | -1.35e+05     |
| time/                   |               |
|    fps                  | 1464          |
|    iterations           | 52            |
|    time_elapsed         | 145           |
|    total_timesteps      | 212992        |
| train/                  |               |
|    approx_kl            | 0.00010303171 |
|    clip_fraction        | 8.14e-05      |
|    clip_range           | 0.2           |
|    entropy_loss         | -0.0958       |
|    explained_variance   | 0.385         |
|    learning_rate        | 0.000279      |
|    loss                 | 4.31          |
|    n_updates            | 153           |
|    policy_gradient_loss | -0.000183     |
|    value_loss           | 10.5          |
-------------------------------------------
-------------------------------------------
| rollout/                |               |
|    ep_len_mean          | 8.64e+04      |
|    ep_rew_mean          | -1.35e+05     |
| time/                   |               |
|    fps                  | 1485          |
|    iterations           | 53            |
|    time_elapsed         | 146           |
|    total_timesteps      | 217088        |
| train/                  |               |
|    approx_kl            | 0.00025011378 |
|    clip_fraction        | 0.00195       |
|    clip_range           | 0.2           |
|    entropy_loss         | -0.0811       |
|    explained_variance   | 0.554         |
|    learning_rate        | 0.000279      |
|    loss                 | 5.85          |
|    n_updates            | 156           |
|    policy_gradient_loss | -0.000776     |
|    value_loss           | 14.6          |
-------------------------------------------
  ⏱  step   220,000  │  FPS    6451  │  RSS   5695 MB
------------------------------------------
| hw/                     |              |
|    fps                  | 6.45e+03     |
|    rss_mb               | 5.69e+03     |
| rollout/                |              |
|    ep_len_mean          | 8.64e+04     |
|    ep_rew_mean          | -1.35e+05    |
| time/                   |              |
|    fps                  | 1507         |
|    iterations           | 54           |
|    time_elapsed         | 146          |
|    total_timesteps      | 221184       |
| train/                  |              |
|    approx_kl            | 7.728078e-05 |
|    clip_fraction        | 0.000163     |
|    clip_range           | 0.2          |
|    entropy_loss         | -0.0749      |
|    explained_variance   | 0.654        |
|    learning_rate        | 0.000278     |
|    loss                 | 4.01         |
|    n_updates            | 159          |
|    policy_gradient_loss | -0.000292    |
|    value_loss           | 10.1         |
------------------------------------------
------------------------------------------
| rollout/                |              |
|    ep_len_mean          | 8.64e+04     |
|    ep_rew_mean          | -1.35e+05    |
| time/                   |              |
|    fps                  | 1528         |
|    iterations           | 55           |
|    time_elapsed         | 147          |
|    total_timesteps      | 225280       |
| train/                  |              |
|    approx_kl            | 7.016238e-05 |
|    clip_fraction        | 0            |
|    clip_range           | 0.2          |
|    entropy_loss         | -0.0687      |
|    explained_variance   | 0.505        |
|    learning_rate        | 0.000278     |
|    loss                 | 11.9         |
|    n_updates            | 162          |
|    policy_gradient_loss | -0.000279    |
|    value_loss           | 25.3         |
------------------------------------------
-----------------------------------------
| rollout/                |             |
|    ep_len_mean          | 8.64e+04    |
|    ep_rew_mean          | -1.35e+05   |
| time/                   |             |
|    fps                  | 1550        |
|    iterations           | 56          |
|    time_elapsed         | 147         |
|    total_timesteps      | 229376      |
| train/                  |             |
|    approx_kl            | 3.15762e-07 |
|    clip_fraction        | 0           |
|    clip_range           | 0.2         |
|    entropy_loss         | -0.0629     |
|    explained_variance   | 0.378       |
|    learning_rate        | 0.000277    |
|    loss                 | 26.6        |
|    n_updates            | 165         |
|    policy_gradient_loss | -1.09e-05   |
|    value_loss           | 54.9        |
-----------------------------------------
------------------------------------------
| rollout/                |              |
|    ep_len_mean          | 8.64e+04     |
|    ep_rew_mean          | -1.35e+05    |
| time/                   |              |
|    fps                  | 1571         |
|    iterations           | 57           |
|    time_elapsed         | 148          |
|    total_timesteps      | 233472       |
| train/                  |              |
|    approx_kl            | 7.701936e-06 |
|    clip_fraction        | 0            |
|    clip_range           | 0.2          |
|    entropy_loss         | -0.0652      |
|    explained_variance   | 0.245        |
|    learning_rate        | 0.000277     |
|    loss                 | 21.2         |
|    n_updates            | 168          |
|    policy_gradient_loss | 2.86e-05     |
|    value_loss           | 42.6         |
------------------------------------------
-------------------------------------------
| rollout/                |               |
|    ep_len_mean          | 8.64e+04      |
|    ep_rew_mean          | -1.35e+05     |
| time/                   |               |
|    fps                  | 1590          |
|    iterations           | 58            |
|    time_elapsed         | 149           |
|    total_timesteps      | 237568        |
| train/                  |               |
|    approx_kl            | 2.2282664e-05 |
|    clip_fraction        | 0             |
|    clip_range           | 0.2           |
|    entropy_loss         | -0.0626       |
|    explained_variance   | 0.526         |
|    learning_rate        | 0.000277      |
|    loss                 | 11.2          |
|    n_updates            | 171           |
|    policy_gradient_loss | -0.000166     |
|    value_loss           | 25.9          |
-------------------------------------------
  ⏱  step   240,000  │  FPS    6371  │  RSS   5695 MB
-------------------------------------------
| hw/                     |               |
|    fps                  | 6.37e+03      |
|    rss_mb               | 5.69e+03      |
| rollout/                |               |
|    ep_len_mean          | 8.64e+04      |
|    ep_rew_mean          | -1.35e+05     |
| time/                   |               |
|    fps                  | 1611          |
|    iterations           | 59            |
|    time_elapsed         | 149           |
|    total_timesteps      | 241664        |
| train/                  |               |
|    approx_kl            | 2.0461492e-05 |
|    clip_fraction        | 0             |
|    clip_range           | 0.2           |
|    entropy_loss         | -0.0594       |
|    explained_variance   | 0.317         |
|    learning_rate        | 0.000276      |
|    loss                 | 16.6          |
|    n_updates            | 174           |
|    policy_gradient_loss | -0.000188     |
|    value_loss           | 38.8          |
-------------------------------------------
-------------------------------------------
| rollout/                |               |
|    ep_len_mean          | 8.64e+04      |
|    ep_rew_mean          | -1.35e+05     |
| time/                   |               |
|    fps                  | 1632          |
|    iterations           | 60            |
|    time_elapsed         | 150           |
|    total_timesteps      | 245760        |
| train/                  |               |
|    approx_kl            | 1.1341501e-05 |
|    clip_fraction        | 0             |
|    clip_range           | 0.2           |
|    entropy_loss         | -0.0591       |
|    explained_variance   | 0.438         |
|    learning_rate        | 0.000276      |
|    loss                 | 12.7          |
|    n_updates            | 177           |
|    policy_gradient_loss | -4.68e-05     |
|    value_loss           | 28.6          |
-------------------------------------------
-------------------------------------------
| rollout/                |               |
|    ep_len_mean          | 8.64e+04      |
|    ep_rew_mean          | -1.35e+05     |
| time/                   |               |
|    fps                  | 1653          |
|    iterations           | 61            |
|    time_elapsed         | 151           |
|    total_timesteps      | 249856        |
| train/                  |               |
|    approx_kl            | 2.3663946e-05 |
|    clip_fraction        | 0             |
|    clip_range           | 0.2           |
|    entropy_loss         | -0.0586       |
|    explained_variance   | 0.505         |
|    learning_rate        | 0.000275      |
|    loss                 | 7.81          |
|    n_updates            | 180           |
|    policy_gradient_loss | -9.81e-05     |
|    value_loss           | 16.2          |
-------------------------------------------
Eval num_timesteps=250000, episode_reward=-27644.28 +/- 3466.20
Episode length: 86400.00 +/- 0.00
------------------------------------------
| eval/                   |              |
|    mean_ep_length       | 8.64e+04     |
|    mean_reward          | -2.76e+04    |
| time/                   |              |
|    total_timesteps      | 250000       |
| train/                  |              |
|    approx_kl            | 8.880187e-05 |
|    clip_fraction        | 0            |
|    clip_range           | 0.2          |
|    entropy_loss         | -0.0512      |
|    explained_variance   | 0.451        |
|    learning_rate        | 0.000275     |
|    loss                 | 10.9         |
|    n_updates            | 183          |
|    policy_gradient_loss | -0.000411    |
|    value_loss           | 23.7         |
------------------------------------------
----------------------------------
| rollout/           |           |
|    ep_len_mean     | 8.64e+04  |
|    ep_rew_mean     | -1.35e+05 |
| time/              |           |
|    fps             | 1410      |
|    iterations      | 62        |
|    time_elapsed    | 180       |
|    total_timesteps | 253952    |
----------------------------------
------------------------------------------
| rollout/                |              |
|    ep_len_mean          | 8.64e+04     |
|    ep_rew_mean          | -1.35e+05    |
| time/                   |              |
|    fps                  | 1428         |
|    iterations           | 63           |
|    time_elapsed         | 180          |
|    total_timesteps      | 258048       |
| train/                  |              |
|    approx_kl            | 4.097262e-05 |
|    clip_fraction        | 0            |
|    clip_range           | 0.2          |
|    entropy_loss         | -0.0454      |
|    explained_variance   | 0.476        |
|    learning_rate        | 0.000275     |
|    loss                 | 21.6         |
|    n_updates            | 186          |
|    policy_gradient_loss | -0.000222    |
|    value_loss           | 51.1         |
------------------------------------------
  ⏱  step   260,000  │  FPS     639  │  RSS   5695 MB
-----------------------------------------
| hw/                     |             |
|    fps                  | 639         |
|    rss_mb               | 5.69e+03    |
| rollout/                |             |
|    ep_len_mean          | 8.64e+04    |
|    ep_rew_mean          | -1.01e+05   |
| time/                   |             |
|    fps                  | 1445        |
|    iterations           | 64          |
|    time_elapsed         | 181         |
|    total_timesteps      | 262144      |
| train/                  |             |
|    approx_kl            | 3.51957e-05 |
|    clip_fraction        | 0           |
|    clip_range           | 0.2         |
|    entropy_loss         | -0.0423     |
|    explained_variance   | 0.506       |
|    learning_rate        | 0.000274    |
|    loss                 | 16.4        |
|    n_updates            | 189         |
|    policy_gradient_loss | -0.000195   |
|    value_loss           | 29          |
-----------------------------------------
-------------------------------------------
| rollout/                |               |
|    ep_len_mean          | 8.64e+04      |
|    ep_rew_mean          | -1.01e+05     |
| time/                   |               |
|    fps                  | 1463          |
|    iterations           | 65            |
|    time_elapsed         | 181           |
|    total_timesteps      | 266240        |
| train/                  |               |
|    approx_kl            | 3.0147203e-07 |
|    clip_fraction        | 0             |
|    clip_range           | 0.2           |
|    entropy_loss         | -0.0391       |
|    explained_variance   | 0.645         |
|    learning_rate        | 0.000274      |
|    loss                 | 19.7          |
|    n_updates            | 192           |
|    policy_gradient_loss | -3.87e-07     |
|    value_loss           | 36.1          |
-------------------------------------------
-------------------------------------------
| rollout/                |               |
|    ep_len_mean          | 8.64e+04      |
|    ep_rew_mean          | -1.01e+05     |
| time/                   |               |
|    fps                  | 1480          |
|    iterations           | 66            |
|    time_elapsed         | 182           |
|    total_timesteps      | 270336        |
| train/                  |               |
|    approx_kl            | 1.4310353e-07 |
|    clip_fraction        | 0             |
|    clip_range           | 0.2           |
|    entropy_loss         | -0.0392       |
|    explained_variance   | 0.748         |
|    learning_rate        | 0.000273      |
|    loss                 | 13.2          |
|    n_updates            | 195           |
|    policy_gradient_loss | 4.75e-06      |
|    value_loss           | 27            |
-------------------------------------------
-------------------------------------------
| rollout/                |               |
|    ep_len_mean          | 8.64e+04      |
|    ep_rew_mean          | -1.01e+05     |
| time/                   |               |
|    fps                  | 1498          |
|    iterations           | 67            |
|    time_elapsed         | 183           |
|    total_timesteps      | 274432        |
| train/                  |               |
|    approx_kl            | 2.9657851e-05 |
|    clip_fraction        | 0             |
|    clip_range           | 0.2           |
|    entropy_loss         | -0.0372       |
|    explained_variance   | 0.697         |
|    learning_rate        | 0.000273      |
|    loss                 | 11.3          |
|    n_updates            | 198           |
|    policy_gradient_loss | -0.000176     |
|    value_loss           | 22.5          |
-------------------------------------------
-------------------------------------------
| rollout/                |               |
|    ep_len_mean          | 8.64e+04      |
|    ep_rew_mean          | -1.01e+05     |
| time/                   |               |
|    fps                  | 1515          |
|    iterations           | 68            |
|    time_elapsed         | 183           |
|    total_timesteps      | 278528        |
| train/                  |               |
|    approx_kl            | 1.1358497e-06 |
|    clip_fraction        | 0             |
|    clip_range           | 0.2           |
|    entropy_loss         | -0.0353       |
|    explained_variance   | 0.452         |
|    learning_rate        | 0.000273      |
|    loss                 | 22.3          |
|    n_updates            | 201           |
|    policy_gradient_loss | -4.21e-05     |
|    value_loss           | 52.1          |
-------------------------------------------
  ⏱  step   280,000  │  FPS    6531  │  RSS   5695 MB
-------------------------------------------
| hw/                     |               |
|    fps                  | 6.53e+03      |
|    rss_mb               | 5.69e+03      |
| rollout/                |               |
|    ep_len_mean          | 8.64e+04      |
|    ep_rew_mean          | -1.01e+05     |
| time/                   |               |
|    fps                  | 1532          |
|    iterations           | 69            |
|    time_elapsed         | 184           |
|    total_timesteps      | 282624        |
| train/                  |               |
|    approx_kl            | 2.3157918e-07 |
|    clip_fraction        | 0             |
|    clip_range           | 0.2           |
|    entropy_loss         | -0.0342       |
|    explained_variance   | 0.749         |
|    learning_rate        | 0.000272      |
|    loss                 | 5.05          |
|    n_updates            | 204           |
|    policy_gradient_loss | -9.78e-06     |
|    value_loss           | 15.8          |
-------------------------------------------
------------------------------------------
| rollout/                |              |
|    ep_len_mean          | 8.64e+04     |
|    ep_rew_mean          | -1.01e+05    |
| time/                   |              |
|    fps                  | 1549         |
|    iterations           | 70           |
|    time_elapsed         | 185          |
|    total_timesteps      | 286720       |
| train/                  |              |
|    approx_kl            | 3.766254e-06 |
|    clip_fraction        | 0            |
|    clip_range           | 0.2          |
|    entropy_loss         | -0.0356      |
|    explained_variance   | 0.816        |
|    learning_rate        | 0.000272     |
|    loss                 | 6.06         |
|    n_updates            | 207          |
|    policy_gradient_loss | 8.43e-06     |
|    value_loss           | 11.4         |
------------------------------------------
-------------------------------------------
| rollout/                |               |
|    ep_len_mean          | 8.64e+04      |
|    ep_rew_mean          | -1.01e+05     |
| time/                   |               |
|    fps                  | 1566          |
|    iterations           | 71            |
|    time_elapsed         | 185           |
|    total_timesteps      | 290816        |
| train/                  |               |
|    approx_kl            | 4.3420005e-06 |
|    clip_fraction        | 0             |
|    clip_range           | 0.2           |
|    entropy_loss         | -0.0371       |
|    explained_variance   | 0.797         |
|    learning_rate        | 0.000271      |
|    loss                 | 8.73          |
|    n_updates            | 210           |
|    policy_gradient_loss | -3.73e-05     |
|    value_loss           | 18            |
-------------------------------------------
-------------------------------------------
| rollout/                |               |
|    ep_len_mean          | 8.64e+04      |
|    ep_rew_mean          | -1.01e+05     |
| time/                   |               |
|    fps                  | 1583          |
|    iterations           | 72            |
|    time_elapsed         | 186           |
|    total_timesteps      | 294912        |
| train/                  |               |
|    approx_kl            | 2.4014007e-06 |
|    clip_fraction        | 0             |
|    clip_range           | 0.2           |
|    entropy_loss         | -0.0369       |
|    explained_variance   | 0.755         |
|    learning_rate        | 0.000271      |
|    loss                 | 12.6          |
|    n_updates            | 213           |
|    policy_gradient_loss | -1.46e-05     |
|    value_loss           | 21.5          |
-------------------------------------------
-------------------------------------------
| rollout/                |               |
|    ep_len_mean          | 8.64e+04      |
|    ep_rew_mean          | -1.01e+05     |
| time/                   |               |
|    fps                  | 1599          |
|    iterations           | 73            |
|    time_elapsed         | 186           |
|    total_timesteps      | 299008        |
| train/                  |               |
|    approx_kl            | 4.0731247e-06 |
|    clip_fraction        | 0             |
|    clip_range           | 0.2           |
|    entropy_loss         | -0.0371       |
|    explained_variance   | 0.633         |
|    learning_rate        | 0.000271      |
|    loss                 | 18.6          |
|    n_updates            | 216           |
|    policy_gradient_loss | -3.65e-05     |
|    value_loss           | 40.3          |
-------------------------------------------
Eval num_timesteps=300000, episode_reward=-27057.63 +/- 813.05
Episode length: 86400.00 +/- 0.00
-------------------------------------------
| eval/                   |               |
|    mean_ep_length       | 8.64e+04      |
|    mean_reward          | -2.71e+04     |
| time/                   |               |
|    total_timesteps      | 300000        |
| train/                  |               |
|    approx_kl            | 1.9037107e-05 |
|    clip_fraction        | 0             |
|    clip_range           | 0.2           |
|    entropy_loss         | -0.0392       |
|    explained_variance   | 0.705         |
|    learning_rate        | 0.00027       |
|    loss                 | 12.7          |
|    n_updates            | 219           |
|    policy_gradient_loss | -6.6e-06      |
|    value_loss           | 26.5          |
-------------------------------------------
New best mean reward!
  ⏱  step   300,000  │  FPS     643  │  RSS   5695 MB
----------------------------------
| hw/                |           |
|    fps             | 643       |
|    rss_mb          | 5.69e+03  |
| rollout/           |           |
|    ep_len_mean     | 8.64e+04  |
|    ep_rew_mean     | -1.01e+05 |
| time/              |           |
|    fps             | 1405      |
|    iterations      | 74        |
|    time_elapsed    | 215       |
|    total_timesteps | 303104    |
----------------------------------
------------------------------------------
| rollout/                |              |
|    ep_len_mean          | 8.64e+04     |
|    ep_rew_mean          | -1.01e+05    |
| time/                   |              |
|    fps                  | 1420         |
|    iterations           | 75           |
|    time_elapsed         | 216          |
|    total_timesteps      | 307200       |
| train/                  |              |
|    approx_kl            | 4.575064e-06 |
|    clip_fraction        | 0            |
|    clip_range           | 0.2          |
|    entropy_loss         | -0.0412      |
|    explained_variance   | 0.782        |
|    learning_rate        | 0.00027      |
|    loss                 | 9.57         |
|    n_updates            | 222          |
|    policy_gradient_loss | -2.66e-05    |
|    value_loss           | 21.3         |
------------------------------------------
-------------------------------------------
| rollout/                |               |
|    ep_len_mean          | 8.64e+04      |
|    ep_rew_mean          | -1.01e+05     |
| time/                   |               |
|    fps                  | 1435          |
|    iterations           | 76            |
|    time_elapsed         | 216           |
|    total_timesteps      | 311296        |
| train/                  |               |
|    approx_kl            | 2.4125766e-06 |
|    clip_fraction        | 0             |
|    clip_range           | 0.2           |
|    entropy_loss         | -0.0385       |
|    explained_variance   | 0.505         |
|    learning_rate        | 0.000269      |
|    loss                 | 18            |
|    n_updates            | 225           |
|    policy_gradient_loss | -5.1e-05      |
|    value_loss           | 35.2          |
-------------------------------------------
-------------------------------------------
| rollout/                |               |
|    ep_len_mean          | 8.64e+04      |
|    ep_rew_mean          | -1.01e+05     |
| time/                   |               |
|    fps                  | 1449          |
|    iterations           | 77            |
|    time_elapsed         | 217           |
|    total_timesteps      | 315392        |
| train/                  |               |
|    approx_kl            | 2.4011417e-05 |
|    clip_fraction        | 0             |
|    clip_range           | 0.2           |
|    entropy_loss         | -0.0375       |
|    explained_variance   | 0.547         |
|    learning_rate        | 0.000269      |
|    loss                 | 16            |
|    n_updates            | 228           |
|    policy_gradient_loss | -0.00019      |
|    value_loss           | 26.9          |
-------------------------------------------
------------------------------------------
| rollout/                |              |
|    ep_len_mean          | 8.64e+04     |
|    ep_rew_mean          | -1.01e+05    |
| time/                   |              |
|    fps                  | 1464         |
|    iterations           | 78           |
|    time_elapsed         | 218          |
|    total_timesteps      | 319488       |
| train/                  |              |
|    approx_kl            | 7.640076e-06 |
|    clip_fraction        | 0            |
|    clip_range           | 0.2          |
|    entropy_loss         | -0.0335      |
|    explained_variance   | 0.679        |
|    learning_rate        | 0.000268     |
|    loss                 | 8.23         |
|    n_updates            | 231          |
|    policy_gradient_loss | -8.69e-05    |
|    value_loss           | 23.4         |
------------------------------------------
  ⏱  step   320,000  │  FPS    6274  │  RSS   5695 MB
------------------------------------------
| hw/                     |              |
|    fps                  | 6.27e+03     |
|    rss_mb               | 5.69e+03     |
| rollout/                |              |
|    ep_len_mean          | 8.64e+04     |
|    ep_rew_mean          | -1.01e+05    |
| time/                   |              |
|    fps                  | 1478         |
|    iterations           | 79           |
|    time_elapsed         | 218          |
|    total_timesteps      | 323584       |
| train/                  |              |
|    approx_kl            | 8.020899e-06 |
|    clip_fraction        | 0            |
|    clip_range           | 0.2          |
|    entropy_loss         | -0.034       |
|    explained_variance   | 0.743        |
|    learning_rate        | 0.000268     |
|    loss                 | 8.18         |
|    n_updates            | 234          |
|    policy_gradient_loss | -1.6e-05     |
|    value_loss           | 15.4         |
------------------------------------------
------------------------------------------
| rollout/                |              |
|    ep_len_mean          | 8.64e+04     |
|    ep_rew_mean          | -1.01e+05    |
| time/                   |              |
|    fps                  | 1492         |
|    iterations           | 80           |
|    time_elapsed         | 219          |
|    total_timesteps      | 327680       |
| train/                  |              |
|    approx_kl            | 1.975306e-06 |
|    clip_fraction        | 0            |
|    clip_range           | 0.2          |
|    entropy_loss         | -0.0355      |
|    explained_variance   | 0.643        |
|    learning_rate        | 0.000268     |
|    loss                 | 22.7         |
|    n_updates            | 237          |
|    policy_gradient_loss | 3.32e-06     |
|    value_loss           | 47.6         |
------------------------------------------
------------------------------------------
| rollout/                |              |
|    ep_len_mean          | 8.64e+04     |
|    ep_rew_mean          | -1.01e+05    |
| time/                   |              |
|    fps                  | 1506         |
|    iterations           | 81           |
|    time_elapsed         | 220          |
|    total_timesteps      | 331776       |
| train/                  |              |
|    approx_kl            | 2.749788e-06 |
|    clip_fraction        | 0            |
|    clip_range           | 0.2          |
|    entropy_loss         | -0.0362      |
|    explained_variance   | 0.725        |
|    learning_rate        | 0.000267     |
|    loss                 | 13.8         |
|    n_updates            | 240          |
|    policy_gradient_loss | -2.71e-05    |
|    value_loss           | 25.9         |
------------------------------------------
------------------------------------------
| rollout/                |              |
|    ep_len_mean          | 8.64e+04     |
|    ep_rew_mean          | -1.01e+05    |
| time/                   |              |
|    fps                  | 1521         |
|    iterations           | 82           |
|    time_elapsed         | 220          |
|    total_timesteps      | 335872       |
| train/                  |              |
|    approx_kl            | 7.641356e-07 |
|    clip_fraction        | 0            |
|    clip_range           | 0.2          |
|    entropy_loss         | -0.0344      |
|    explained_variance   | 0.654        |
|    learning_rate        | 0.000267     |
|    loss                 | 21.3         |
|    n_updates            | 243          |
|    policy_gradient_loss | -2.49e-05    |
|    value_loss           | 48.7         |
------------------------------------------
-------------------------------------------
| rollout/                |               |
|    ep_len_mean          | 8.64e+04      |
|    ep_rew_mean          | -1.01e+05     |
| time/                   |               |
|    fps                  | 1535          |
|    iterations           | 83            |
|    time_elapsed         | 221           |
|    total_timesteps      | 339968        |
| train/                  |               |
|    approx_kl            | 1.0087388e-06 |
|    clip_fraction        | 0             |
|    clip_range           | 0.2           |
|    entropy_loss         | -0.0338       |
|    explained_variance   | 0.672         |
|    learning_rate        | 0.000266      |
|    loss                 | 15.3          |
|    n_updates            | 246           |
|    policy_gradient_loss | -2.39e-05     |
|    value_loss           | 30.8          |
-------------------------------------------
  ⏱  step   340,000  │  FPS    6325  │  RSS   5695 MB
-------------------------------------------
| hw/                     |               |
|    fps                  | 6.33e+03      |
|    rss_mb               | 5.69e+03      |
| rollout/                |               |
|    ep_len_mean          | 8.64e+04      |
|    ep_rew_mean          | -1.01e+05     |
| time/                   |               |
|    fps                  | 1549          |
|    iterations           | 84            |
|    time_elapsed         | 222           |
|    total_timesteps      | 344064        |
| train/                  |               |
|    approx_kl            | 4.9139344e-06 |
|    clip_fraction        | 0             |
|    clip_range           | 0.2           |
|    entropy_loss         | -0.0347       |
|    explained_variance   | 0.716         |
|    learning_rate        | 0.000266      |
|    loss                 | 10.2          |
|    n_updates            | 249           |
|    policy_gradient_loss | -0.000112     |
|    value_loss           | 19.4          |
-------------------------------------------
-------------------------------------------
| rollout/                |               |
|    ep_len_mean          | 8.64e+04      |
|    ep_rew_mean          | -8.26e+04     |
| time/                   |               |
|    fps                  | 1563          |
|    iterations           | 85            |
|    time_elapsed         | 222           |
|    total_timesteps      | 348160        |
| train/                  |               |
|    approx_kl            | 1.4419347e-06 |
|    clip_fraction        | 0             |
|    clip_range           | 0.2           |
|    entropy_loss         | -0.0338       |
|    explained_variance   | 0.797         |
|    learning_rate        | 0.000266      |
|    loss                 | 7.73          |
|    n_updates            | 252           |
|    policy_gradient_loss | -8.47e-06     |
|    value_loss           | 22.4          |
-------------------------------------------
Eval num_timesteps=350000, episode_reward=-27474.98 +/- 941.51
Episode length: 86400.00 +/- 0.00
-------------------------------------------
| eval/                   |               |
|    mean_ep_length       | 8.64e+04      |
|    mean_reward          | -2.75e+04     |
| time/                   |               |
|    total_timesteps      | 350000        |
| train/                  |               |
|    approx_kl            | 1.9768195e-06 |
|    clip_fraction        | 0             |
|    clip_range           | 0.2           |
|    entropy_loss         | -0.034        |
|    explained_variance   | 0.677         |
|    learning_rate        | 0.000265      |
|    loss                 | 7.45          |
|    n_updates            | 255           |
|    policy_gradient_loss | -2.95e-05     |
|    value_loss           | 15.6          |
-------------------------------------------
----------------------------------
| rollout/           |           |
|    ep_len_mean     | 8.64e+04  |
|    ep_rew_mean     | -8.26e+04 |
| time/              |           |
|    fps             | 1394      |
|    iterations      | 86        |
|    time_elapsed    | 252       |
|    total_timesteps | 352256    |
----------------------------------
-------------------------------------------
| rollout/                |               |
|    ep_len_mean          | 8.64e+04      |
|    ep_rew_mean          | -8.26e+04     |
| time/                   |               |
|    fps                  | 1406          |
|    iterations           | 87            |
|    time_elapsed         | 253           |
|    total_timesteps      | 356352        |
| train/                  |               |
|    approx_kl            | 4.1642634e-06 |
|    clip_fraction        | 0             |
|    clip_range           | 0.2           |
|    entropy_loss         | -0.036        |
|    explained_variance   | 0.521         |
|    learning_rate        | 0.000265      |
|    loss                 | 7.71          |
|    n_updates            | 258           |
|    policy_gradient_loss | 2.5e-05       |
|    value_loss           | 15.2          |
-------------------------------------------
  ⏱  step   360,000  │  FPS     617  │  RSS   5695 MB
-------------------------------------------
| hw/                     |               |
|    fps                  | 617           |
|    rss_mb               | 5.69e+03      |
| rollout/                |               |
|    ep_len_mean          | 8.64e+04      |
|    ep_rew_mean          | -8.26e+04     |
| time/                   |               |
|    fps                  | 1419          |
|    iterations           | 88            |
|    time_elapsed         | 253           |
|    total_timesteps      | 360448        |
| train/                  |               |
|    approx_kl            | 3.2352968e-05 |
|    clip_fraction        | 8.14e-05      |
|    clip_range           | 0.2           |
|    entropy_loss         | -0.0388       |
|    explained_variance   | 0.402         |
|    learning_rate        | 0.000264      |
|    loss                 | 7.08          |
|    n_updates            | 261           |
|    policy_gradient_loss | 3.64e-05      |
|    value_loss           | 18.4          |
-------------------------------------------
-------------------------------------------
| rollout/                |               |
|    ep_len_mean          | 8.64e+04      |
|    ep_rew_mean          | -8.26e+04     |
| time/                   |               |
|    fps                  | 1431          |
|    iterations           | 89            |
|    time_elapsed         | 254           |
|    total_timesteps      | 364544        |
| train/                  |               |
|    approx_kl            | 1.2364762e-05 |
|    clip_fraction        | 0             |
|    clip_range           | 0.2           |
|    entropy_loss         | -0.0434       |
|    explained_variance   | 0.237         |
|    learning_rate        | 0.000264      |
|    loss                 | 20            |
|    n_updates            | 264           |
|    policy_gradient_loss | 5.59e-05      |
|    value_loss           | 37.3          |
-------------------------------------------
------------------------------------------
| rollout/                |              |
|    ep_len_mean          | 8.64e+04     |
|    ep_rew_mean          | -8.26e+04    |
| time/                   |              |
|    fps                  | 1443         |
|    iterations           | 90           |
|    time_elapsed         | 255          |
|    total_timesteps      | 368640       |
| train/                  |              |
|    approx_kl            | 3.260441e-05 |
|    clip_fraction        | 0            |
|    clip_range           | 0.2          |
|    entropy_loss         | -0.0438      |
|    explained_variance   | 0.388        |
|    learning_rate        | 0.000264     |
|    loss                 | 13.3         |
|    n_updates            | 267          |
|    policy_gradient_loss | -0.000148    |
|    value_loss           | 24.3         |
------------------------------------------
-------------------------------------------
| rollout/                |               |
|    ep_len_mean          | 8.64e+04      |
|    ep_rew_mean          | -8.26e+04     |
| time/                   |               |
|    fps                  | 1456          |
|    iterations           | 91            |
|    time_elapsed         | 255           |
|    total_timesteps      | 372736        |
| train/                  |               |
|    approx_kl            | 8.6302025e-06 |
|    clip_fraction        | 0             |
|    clip_range           | 0.2           |
|    entropy_loss         | -0.0399       |
|    explained_variance   | 0.658         |
|    learning_rate        | 0.000263      |
|    loss                 | 4.86          |
|    n_updates            | 270           |
|    policy_gradient_loss | -5.33e-05     |
|    value_loss           | 12.6          |
-------------------------------------------
-------------------------------------------
| rollout/                |               |
|    ep_len_mean          | 8.64e+04      |
|    ep_rew_mean          | -8.26e+04     |
| time/                   |               |
|    fps                  | 1468          |
|    iterations           | 92            |
|    time_elapsed         | 256           |
|    total_timesteps      | 376832        |
| train/                  |               |
|    approx_kl            | 4.0828774e-05 |
|    clip_fraction        | 0             |
|    clip_range           | 0.2           |
|    entropy_loss         | -0.0449       |
|    explained_variance   | 0.498         |
|    learning_rate        | 0.000263      |
|    loss                 | 5.98          |
|    n_updates            | 273           |
|    policy_gradient_loss | 5.82e-05      |
|    value_loss           | 18.4          |
-------------------------------------------
  ⏱  step   380,000  │  FPS    6279  │  RSS   5695 MB
------------------------------------------
| hw/                     |              |
|    fps                  | 6.28e+03     |
|    rss_mb               | 5.69e+03     |
| rollout/                |              |
|    ep_len_mean          | 8.64e+04     |
|    ep_rew_mean          | -8.26e+04    |
| time/                   |              |
|    fps                  | 1480         |
|    iterations           | 93           |
|    time_elapsed         | 257          |
|    total_timesteps      | 380928       |
| train/                  |              |
|    approx_kl            | 8.501604e-05 |
|    clip_fraction        | 8.14e-05     |
|    clip_range           | 0.2          |
|    entropy_loss         | -0.0439      |
|    explained_variance   | 0.626        |
|    learning_rate        | 0.000262     |
|    loss                 | 5.14         |
|    n_updates            | 276          |
|    policy_gradient_loss | -0.000455    |
|    value_loss           | 13.8         |
------------------------------------------
-------------------------------------------
| rollout/                |               |
|    ep_len_mean          | 8.64e+04      |
|    ep_rew_mean          | -8.26e+04     |
| time/                   |               |
|    fps                  | 1492          |
|    iterations           | 94            |
|    time_elapsed         | 257           |
|    total_timesteps      | 385024        |
| train/                  |               |
|    approx_kl            | 6.4955093e-06 |
|    clip_fraction        | 0             |
|    clip_range           | 0.2           |
|    entropy_loss         | -0.0386       |
|    explained_variance   | 0.3           |
|    learning_rate        | 0.000262      |
|    loss                 | 14.8          |
|    n_updates            | 279           |
|    policy_gradient_loss | -6.46e-05     |
|    value_loss           | 30.7          |
-------------------------------------------
------------------------------------------
| rollout/                |              |
|    ep_len_mean          | 8.64e+04     |
|    ep_rew_mean          | -8.26e+04    |
| time/                   |              |
|    fps                  | 1504         |
|    iterations           | 95           |
|    time_elapsed         | 258          |
|    total_timesteps      | 389120       |
| train/                  |              |
|    approx_kl            | 3.657522e-06 |
|    clip_fraction        | 0            |
|    clip_range           | 0.2          |
|    entropy_loss         | -0.0391      |
|    explained_variance   | 0.589        |
|    learning_rate        | 0.000261     |
|    loss                 | 7.29         |
|    n_updates            | 282          |
|    policy_gradient_loss | 2.19e-05     |
|    value_loss           | 20           |
------------------------------------------
-------------------------------------------
| rollout/                |               |
|    ep_len_mean          | 8.64e+04      |
|    ep_rew_mean          | -8.26e+04     |
| time/                   |               |
|    fps                  | 1517          |
|    iterations           | 96            |
|    time_elapsed         | 259           |
|    total_timesteps      | 393216        |
| train/                  |               |
|    approx_kl            | 2.1767235e-05 |
|    clip_fraction        | 0             |
|    clip_range           | 0.2           |
|    entropy_loss         | -0.0375       |
|    explained_variance   | 0.425         |
|    learning_rate        | 0.000261      |
|    loss                 | 13.3          |
|    n_updates            | 285           |
|    policy_gradient_loss | -0.000119     |
|    value_loss           | 28.7          |
-------------------------------------------
-------------------------------------------
| rollout/                |               |
|    ep_len_mean          | 8.64e+04      |
|    ep_rew_mean          | -8.26e+04     |
| time/                   |               |
|    fps                  | 1529          |
|    iterations           | 97            |
|    time_elapsed         | 259           |
|    total_timesteps      | 397312        |
| train/                  |               |
|    approx_kl            | 2.4082838e-06 |
|    clip_fraction        | 0             |
|    clip_range           | 0.2           |
|    entropy_loss         | -0.0356       |
|    explained_variance   | 0.234         |
|    learning_rate        | 0.000261      |
|    loss                 | 17.7          |
|    n_updates            | 288           |
|    policy_gradient_loss | -2.49e-05     |
|    value_loss           | 36.8          |
-------------------------------------------
Eval num_timesteps=400000, episode_reward=-27348.03 +/- 696.73
Episode length: 86400.00 +/- 0.00
-------------------------------------------
| eval/                   |               |
|    mean_ep_length       | 8.64e+04      |
|    mean_reward          | -2.73e+04     |
| time/                   |               |
|    total_timesteps      | 400000        |
| train/                  |               |
|    approx_kl            | 1.0433709e-05 |
|    clip_fraction        | 0             |
|    clip_range           | 0.2           |
|    entropy_loss         | -0.0349       |
|    explained_variance   | 0.464         |
|    learning_rate        | 0.00026       |
|    loss                 | 8.52          |
|    n_updates            | 291           |
|    policy_gradient_loss | -8.37e-05     |
|    value_loss           | 18.9          |
-------------------------------------------
  ⏱  step   400,000  │  FPS     616  │  RSS   5718 MB
----------------------------------
| hw/                |           |
|    fps             | 616       |
|    rss_mb          | 5.72e+03  |
| rollout/           |           |
|    ep_len_mean     | 8.64e+04  |
|    ep_rew_mean     | -8.26e+04 |
| time/              |           |
|    fps             | 1385      |
|    iterations      | 98        |
|    time_elapsed    | 289       |
|    total_timesteps | 401408    |
----------------------------------
-------------------------------------------
| rollout/                |               |
|    ep_len_mean          | 8.64e+04      |
|    ep_rew_mean          | -8.26e+04     |
| time/                   |               |
|    fps                  | 1396          |
|    iterations           | 99            |
|    time_elapsed         | 290           |
|    total_timesteps      | 405504        |
| train/                  |               |
|    approx_kl            | 1.2066157e-06 |
|    clip_fraction        | 0             |
|    clip_range           | 0.2           |
|    entropy_loss         | -0.0325       |
|    explained_variance   | 0.392         |
|    learning_rate        | 0.00026       |
|    loss                 | 12.3          |
|    n_updates            | 294           |
|    policy_gradient_loss | -8.85e-06     |
|    value_loss           | 29            |
-------------------------------------------
-------------------------------------------
| rollout/                |               |
|    ep_len_mean          | 8.64e+04      |
|    ep_rew_mean          | -8.26e+04     |
| time/                   |               |
|    fps                  | 1407          |
|    iterations           | 100           |
|    time_elapsed         | 291           |
|    total_timesteps      | 409600        |
| train/                  |               |
|    approx_kl            | 3.4590543e-05 |
|    clip_fraction        | 0.000244      |
|    clip_range           | 0.2           |
|    entropy_loss         | -0.035        |
|    explained_variance   | 0.5           |
|    learning_rate        | 0.000259      |
|    loss                 | 12.9          |
|    n_updates            | 297           |
|    policy_gradient_loss | -0.000101     |
|    value_loss           | 26            |
-------------------------------------------
-------------------------------------------
| rollout/                |               |
|    ep_len_mean          | 8.64e+04      |
|    ep_rew_mean          | -8.26e+04     |
| time/                   |               |
|    fps                  | 1418          |
|    iterations           | 101           |
|    time_elapsed         | 291           |
|    total_timesteps      | 413696        |
| train/                  |               |
|    approx_kl            | 1.3151555e-05 |
|    clip_fraction        | 0             |
|    clip_range           | 0.2           |
|    entropy_loss         | -0.0384       |
|    explained_variance   | 0.298         |
|    learning_rate        | 0.000259      |
|    loss                 | 14.1          |
|    n_updates            | 300           |
|    policy_gradient_loss | -6.32e-05     |
|    value_loss           | 27.4          |
-------------------------------------------
------------------------------------------
| rollout/                |              |
|    ep_len_mean          | 8.64e+04     |
|    ep_rew_mean          | -8.26e+04    |
| time/                   |              |
|    fps                  | 1429         |
|    iterations           | 102          |
|    time_elapsed         | 292          |
|    total_timesteps      | 417792       |
| train/                  |              |
|    approx_kl            | 4.424232e-05 |
|    clip_fraction        | 0            |
|    clip_range           | 0.2          |
|    entropy_loss         | -0.0333      |
|    explained_variance   | 0.586        |
|    learning_rate        | 0.000259     |
|    loss                 | 6.6          |
|    n_updates            | 303          |
|    policy_gradient_loss | -0.000242    |
|    value_loss           | 14.7         |
------------------------------------------
  ⏱  step   420,000  │  FPS    6332  │  RSS   5725 MB
-------------------------------------------
| hw/                     |               |
|    fps                  | 6.33e+03      |
|    rss_mb               | 5.73e+03      |
| rollout/                |               |
|    ep_len_mean          | 8.64e+04      |
|    ep_rew_mean          | -8.26e+04     |
| time/                   |               |
|    fps                  | 1440          |
|    iterations           | 103           |
|    time_elapsed         | 292           |
|    total_timesteps      | 421888        |
| train/                  |               |
|    approx_kl            | 9.1719266e-07 |
|    clip_fraction        | 0             |
|    clip_range           | 0.2           |
|    entropy_loss         | -0.0308       |
|    explained_variance   | 0.277         |
|    learning_rate        | 0.000258      |
|    loss                 | 24.2          |
|    n_updates            | 306           |
|    policy_gradient_loss | -7.83e-06     |
|    value_loss           | 53.4          |
-------------------------------------------
------------------------------------------
| rollout/                |              |
|    ep_len_mean          | 8.64e+04     |
|    ep_rew_mean          | -8.26e+04    |
| time/                   |              |
|    fps                  | 1451         |
|    iterations           | 104          |
|    time_elapsed         | 293          |
|    total_timesteps      | 425984       |
| train/                  |              |
|    approx_kl            | 2.916719e-05 |
|    clip_fraction        | 0            |
|    clip_range           | 0.2          |
|    entropy_loss         | -0.033       |
|    explained_variance   | 0.447        |
|    learning_rate        | 0.000258     |
|    loss                 | 18.3         |
|    n_updates            | 309          |
|    policy_gradient_loss | -0.000104    |
|    value_loss           | 36.6         |
------------------------------------------
------------------------------------------
| rollout/                |              |
|    ep_len_mean          | 8.64e+04     |
|    ep_rew_mean          | -8.26e+04    |
| time/                   |              |
|    fps                  | 1461         |
|    iterations           | 105          |
|    time_elapsed         | 294          |
|    total_timesteps      | 430080       |
| train/                  |              |
|    approx_kl            | 6.310831e-06 |
|    clip_fraction        | 0            |
|    clip_range           | 0.2          |
|    entropy_loss         | -0.0373      |
|    explained_variance   | 0.52         |
|    learning_rate        | 0.000257     |
|    loss                 | 5.65         |
|    n_updates            | 312          |
|    policy_gradient_loss | 8.59e-05     |
|    value_loss           | 15.5         |
------------------------------------------
------------------------------------------
| rollout/                |              |
|    ep_len_mean          | 8.64e+04     |
|    ep_rew_mean          | -7.24e+04    |
| time/                   |              |
|    fps                  | 1472         |
|    iterations           | 106          |
|    time_elapsed         | 294          |
|    total_timesteps      | 434176       |
| train/                  |              |
|    approx_kl            | 6.989857e-05 |
|    clip_fraction        | 0.000244     |
|    clip_range           | 0.2          |
|    entropy_loss         | -0.0349      |
|    explained_variance   | 0.639        |
|    learning_rate        | 0.000257     |
|    loss                 | 3.83         |
|    n_updates            | 315          |
|    policy_gradient_loss | -0.000252    |
|    value_loss           | 9.85         |
------------------------------------------
-------------------------------------------
| rollout/                |               |
|    ep_len_mean          | 8.64e+04      |
|    ep_rew_mean          | -7.24e+04     |
| time/                   |               |
|    fps                  | 1483          |
|    iterations           | 107           |
|    time_elapsed         | 295           |
|    total_timesteps      | 438272        |
| train/                  |               |
|    approx_kl            | 1.0323711e-06 |
|    clip_fraction        | 0             |
|    clip_range           | 0.2           |
|    entropy_loss         | -0.0314       |
|    explained_variance   | 0.436         |
|    learning_rate        | 0.000257      |
|    loss                 | 8.05          |
|    n_updates            | 318           |
|    policy_gradient_loss | -2.25e-05     |
|    value_loss           | 17.1          |
-------------------------------------------
  ⏱  step   440,000  │  FPS    6567  │  RSS   5728 MB
--------------------------------------------
| hw/                     |                |
|    fps                  | 6.57e+03       |
|    rss_mb               | 5.73e+03       |
| rollout/                |                |
|    ep_len_mean          | 8.64e+04       |
|    ep_rew_mean          | -7.24e+04      |
| time/                   |                |
|    fps                  | 1493           |
|    iterations           | 108            |
|    time_elapsed         | 296            |
|    total_timesteps      | 442368         |
| train/                  |                |
|    approx_kl            | 1.06932275e-05 |
|    clip_fraction        | 0              |
|    clip_range           | 0.2            |
|    entropy_loss         | -0.0316        |
|    explained_variance   | 0.458          |
|    learning_rate        | 0.000256       |
|    loss                 | 6.42           |
|    n_updates            | 321            |
|    policy_gradient_loss | -5.68e-05      |
|    value_loss           | 19.1           |
--------------------------------------------
-------------------------------------------
| rollout/                |               |
|    ep_len_mean          | 8.64e+04      |
|    ep_rew_mean          | -7.24e+04     |
| time/                   |               |
|    fps                  | 1504          |
|    iterations           | 109           |
|    time_elapsed         | 296           |
|    total_timesteps      | 446464        |
| train/                  |               |
|    approx_kl            | 5.5846525e-05 |
|    clip_fraction        | 0.000163      |
|    clip_range           | 0.2           |
|    entropy_loss         | -0.0291       |
|    explained_variance   | 0.339         |
|    learning_rate        | 0.000256      |
|    loss                 | 9.35          |
|    n_updates            | 324           |
|    policy_gradient_loss | -0.000266     |
|    value_loss           | 22.7          |
-------------------------------------------
Eval num_timesteps=450000, episode_reward=-28487.66 +/- 1185.73
Episode length: 86400.00 +/- 0.00
-------------------------------------------
| eval/                   |               |
|    mean_ep_length       | 8.64e+04      |
|    mean_reward          | -2.85e+04     |
| time/                   |               |
|    total_timesteps      | 450000        |
| train/                  |               |
|    approx_kl            | 4.9948576e-05 |
|    clip_fraction        | 8.14e-05      |
|    clip_range           | 0.2           |
|    entropy_loss         | -0.0271       |
|    explained_variance   | 0.401         |
|    learning_rate        | 0.000255      |
|    loss                 | 9.87          |
|    n_updates            | 327           |
|    policy_gradient_loss | -0.000225     |
|    value_loss           | 23.6          |
-------------------------------------------
----------------------------------
| rollout/           |           |
|    ep_len_mean     | 8.64e+04  |
|    ep_rew_mean     | -7.24e+04 |
| time/              |           |
|    fps             | 1381      |
|    iterations      | 110       |
|    time_elapsed    | 326       |
|    total_timesteps | 450560    |
----------------------------------
-------------------------------------------
| rollout/                |               |
|    ep_len_mean          | 8.64e+04      |
|    ep_rew_mean          | -7.24e+04     |
| time/                   |               |
|    fps                  | 1391          |
|    iterations           | 111           |
|    time_elapsed         | 326           |
|    total_timesteps      | 454656        |
| train/                  |               |
|    approx_kl            | 1.5862897e-06 |
|    clip_fraction        | 0             |
|    clip_range           | 0.2           |
|    entropy_loss         | -0.0258       |
|    explained_variance   | 0.205         |
|    learning_rate        | 0.000255      |
|    loss                 | 23            |
|    n_updates            | 330           |
|    policy_gradient_loss | 1.41e-05      |
|    value_loss           | 51.8          |
-------------------------------------------
-------------------------------------------
| rollout/                |               |
|    ep_len_mean          | 8.64e+04      |
|    ep_rew_mean          | -7.24e+04     |
| time/                   |               |
|    fps                  | 1401          |
|    iterations           | 112           |
|    time_elapsed         | 327           |
|    total_timesteps      | 458752        |
| train/                  |               |
|    approx_kl            | 1.1463504e-05 |
|    clip_fraction        | 0             |
|    clip_range           | 0.2           |
|    entropy_loss         | -0.027        |
|    explained_variance   | 0.543         |
|    learning_rate        | 0.000255      |
|    loss                 | 8.8           |
|    n_updates            | 333           |
|    policy_gradient_loss | -4.01e-05     |
|    value_loss           | 19.6          |
-------------------------------------------
  ⏱  step   460,000  │  FPS     628  │  RSS   5728 MB
-------------------------------------------
| hw/                     |               |
|    fps                  | 628           |
|    rss_mb               | 5.73e+03      |
| rollout/                |               |
|    ep_len_mean          | 8.64e+04      |
|    ep_rew_mean          | -7.24e+04     |
| time/                   |               |
|    fps                  | 1411          |
|    iterations           | 113           |
|    time_elapsed         | 328           |
|    total_timesteps      | 462848        |
| train/                  |               |
|    approx_kl            | 3.3971446e-07 |
|    clip_fraction        | 0             |
|    clip_range           | 0.2           |
|    entropy_loss         | -0.0295       |
|    explained_variance   | 0.254         |
|    learning_rate        | 0.000254      |
|    loss                 | 9.82          |
|    n_updates            | 336           |
|    policy_gradient_loss | 4.11e-05      |
|    value_loss           | 25.4          |
-------------------------------------------
------------------------------------------
| rollout/                |              |
|    ep_len_mean          | 8.64e+04     |
|    ep_rew_mean          | -7.24e+04    |
| time/                   |              |
|    fps                  | 1420         |
|    iterations           | 114          |
|    time_elapsed         | 328          |
|    total_timesteps      | 466944       |
| train/                  |              |
|    approx_kl            | 3.793015e-06 |
|    clip_fraction        | 0            |
|    clip_range           | 0.2          |
|    entropy_loss         | -0.0281      |
|    explained_variance   | 0.189        |
|    learning_rate        | 0.000254     |
|    loss                 | 13.9         |
|    n_updates            | 339          |
|    policy_gradient_loss | -3.63e-05    |
|    value_loss           | 31           |
------------------------------------------
-------------------------------------------
| rollout/                |               |
|    ep_len_mean          | 8.64e+04      |
|    ep_rew_mean          | -7.24e+04     |
| time/                   |               |
|    fps                  | 1430          |
|    iterations           | 115           |
|    time_elapsed         | 329           |
|    total_timesteps      | 471040        |
| train/                  |               |
|    approx_kl            | 2.3998364e-05 |
|    clip_fraction        | 0             |
|    clip_range           | 0.2           |
|    entropy_loss         | -0.0293       |
|    explained_variance   | 0.582         |
|    learning_rate        | 0.000253      |
|    loss                 | 6.21          |
|    n_updates            | 342           |
|    policy_gradient_loss | 2.88e-05      |
|    value_loss           | 13.4          |
-------------------------------------------
-------------------------------------------
| rollout/                |               |
|    ep_len_mean          | 8.64e+04      |
|    ep_rew_mean          | -7.24e+04     |
| time/                   |               |
|    fps                  | 1440          |
|    iterations           | 116           |
|    time_elapsed         | 329           |
|    total_timesteps      | 475136        |
| train/                  |               |
|    approx_kl            | 2.2313383e-05 |
|    clip_fraction        | 0             |
|    clip_range           | 0.2           |
|    entropy_loss         | -0.0306       |
|    explained_variance   | 0.52          |
|    learning_rate        | 0.000253      |
|    loss                 | 7.64          |
|    n_updates            | 345           |
|    policy_gradient_loss | -0.000159     |
|    value_loss           | 13.6          |
-------------------------------------------
-------------------------------------------
| rollout/                |               |
|    ep_len_mean          | 8.64e+04      |
|    ep_rew_mean          | -7.24e+04     |
| time/                   |               |
|    fps                  | 1450          |
|    iterations           | 117           |
|    time_elapsed         | 330           |
|    total_timesteps      | 479232        |
| train/                  |               |
|    approx_kl            | 7.4975105e-06 |
|    clip_fraction        | 0             |
|    clip_range           | 0.2           |
|    entropy_loss         | -0.0342       |
|    explained_variance   | 0.574         |
|    learning_rate        | 0.000252      |
|    loss                 | 10.6          |
|    n_updates            | 348           |
|    policy_gradient_loss | 0.000122      |
|    value_loss           | 18            |
-------------------------------------------
  ⏱  step   480,000  │  FPS    6561  │  RSS   5728 MB
-------------------------------------------
| hw/                     |               |
|    fps                  | 6.56e+03      |
|    rss_mb               | 5.73e+03      |
| rollout/                |               |
|    ep_len_mean          | 8.64e+04      |
|    ep_rew_mean          | -7.24e+04     |
| time/                   |               |
|    fps                  | 1459          |
|    iterations           | 118           |
|    time_elapsed         | 331           |
|    total_timesteps      | 483328        |
| train/                  |               |
|    approx_kl            | 2.5368383e-05 |
|    clip_fraction        | 8.14e-05      |
|    clip_range           | 0.2           |
|    entropy_loss         | -0.0305       |
|    explained_variance   | 0.588         |
|    learning_rate        | 0.000252      |
|    loss                 | 7.93          |
|    n_updates            | 351           |
|    policy_gradient_loss | -0.000165     |
|    value_loss           | 16.2          |
-------------------------------------------
-------------------------------------------
| rollout/                |               |
|    ep_len_mean          | 8.64e+04      |
|    ep_rew_mean          | -7.24e+04     |
| time/                   |               |
|    fps                  | 1469          |
|    iterations           | 119           |
|    time_elapsed         | 331           |
|    total_timesteps      | 487424        |
| train/                  |               |
|    approx_kl            | 1.5441008e-05 |
|    clip_fraction        | 0             |
|    clip_range           | 0.2           |
|    entropy_loss         | -0.0309       |
|    explained_variance   | 0.491         |
|    learning_rate        | 0.000252      |
|    loss                 | 10.7          |
|    n_updates            | 354           |
|    policy_gradient_loss | -2.61e-05     |
|    value_loss           | 24.8          |
-------------------------------------------
-------------------------------------------
| rollout/                |               |
|    ep_len_mean          | 8.64e+04      |
|    ep_rew_mean          | -7.24e+04     |
| time/                   |               |
|    fps                  | 1479          |
|    iterations           | 120           |
|    time_elapsed         | 332           |
|    total_timesteps      | 491520        |
| train/                  |               |
|    approx_kl            | 3.9298466e-06 |
|    clip_fraction        | 0             |
|    clip_range           | 0.2           |
|    entropy_loss         | -0.033        |
|    explained_variance   | 0.381         |
|    learning_rate        | 0.000251      |
|    loss                 | 7.2           |
|    n_updates            | 357           |
|    policy_gradient_loss | 2.09e-05      |
|    value_loss           | 17.6          |
-------------------------------------------
-------------------------------------------
| rollout/                |               |
|    ep_len_mean          | 8.64e+04      |
|    ep_rew_mean          | -7.24e+04     |
| time/                   |               |
|    fps                  | 1489          |
|    iterations           | 121           |
|    time_elapsed         | 332           |
|    total_timesteps      | 495616        |
| train/                  |               |
|    approx_kl            | 7.5097487e-06 |
|    clip_fraction        | 0             |
|    clip_range           | 0.2           |
|    entropy_loss         | -0.0342       |
|    explained_variance   | 0.453         |
|    learning_rate        | 0.000251      |
|    loss                 | 11.5          |
|    n_updates            | 360           |
|    policy_gradient_loss | -2.24e-05     |
|    value_loss           | 25.9          |
-------------------------------------------
------------------------------------------
| rollout/                |              |
|    ep_len_mean          | 8.64e+04     |
|    ep_rew_mean          | -7.24e+04    |
| time/                   |              |
|    fps                  | 1498         |
|    iterations           | 122          |
|    time_elapsed         | 333          |
|    total_timesteps      | 499712       |
| train/                  |              |
|    approx_kl            | 7.611541e-05 |
|    clip_fraction        | 0            |
|    clip_range           | 0.2          |
|    entropy_loss         | -0.0344      |
|    explained_variance   | 0.588        |
|    learning_rate        | 0.00025      |
|    loss                 | 8.76         |
|    n_updates            | 363          |
|    policy_gradient_loss | -0.000201    |
|    value_loss           | 17.3         |
------------------------------------------
Eval num_timesteps=500000, episode_reward=-27049.69 +/- 4009.79
Episode length: 86400.00 +/- 0.00
------------------------------------------
| eval/                   |              |
|    mean_ep_length       | 8.64e+04     |
|    mean_reward          | -2.7e+04     |
| time/                   |              |
|    total_timesteps      | 500000       |
| train/                  |              |
|    approx_kl            | 5.353283e-05 |
|    clip_fraction        | 0.000244     |
|    clip_range           | 0.2          |
|    entropy_loss         | -0.0281      |
|    explained_variance   | 0.588        |
|    learning_rate        | 0.00025      |
|    loss                 | 5.58         |
|    n_updates            | 366          |
|    policy_gradient_loss | -0.000113    |
|    value_loss           | 11.2         |
------------------------------------------
New best mean reward!
  ⏱  step   500,000  │  FPS     644  │  RSS   5728 MB
----------------------------------
| hw/                |           |
|    fps             | 644       |
|    rss_mb          | 5.73e+03  |
| rollout/           |           |
|    ep_len_mean     | 8.64e+04  |
|    ep_rew_mean     | -7.24e+04 |
| time/              |           |
|    fps             | 1391      |
|    iterations      | 123       |
|    time_elapsed    | 362       |
|    total_timesteps | 503808    |
----------------------------------
-------------------------------------------
| rollout/                |               |
|    ep_len_mean          | 8.64e+04      |
|    ep_rew_mean          | -7.24e+04     |
| time/                   |               |
|    fps                  | 1399          |
|    iterations           | 124           |
|    time_elapsed         | 362           |
|    total_timesteps      | 507904        |
| train/                  |               |
|    approx_kl            | 3.3069373e-06 |
|    clip_fraction        | 0             |
|    clip_range           | 0.2           |
|    entropy_loss         | -0.0251       |
|    explained_variance   | 0.475         |
|    learning_rate        | 0.00025       |
|    loss                 | 13.1          |
|    n_updates            | 369           |
|    policy_gradient_loss | -2.55e-05     |
|    value_loss           | 28.3          |
-------------------------------------------
-------------------------------------------
| rollout/                |               |
|    ep_len_mean          | 8.64e+04      |
|    ep_rew_mean          | -7.24e+04     |
| time/                   |               |
|    fps                  | 1408          |
|    iterations           | 125           |
|    time_elapsed         | 363           |
|    total_timesteps      | 512000        |
| train/                  |               |
|    approx_kl            | 2.0313018e-06 |
|    clip_fraction        | 0             |
|    clip_range           | 0.2           |
|    entropy_loss         | -0.0257       |
|    explained_variance   | 0.246         |
|    learning_rate        | 0.000249      |
|    loss                 | 19.1          |
|    n_updates            | 372           |
|    policy_gradient_loss | 8.08e-06      |
|    value_loss           | 40.8          |
-------------------------------------------
-------------------------------------------
| rollout/                |               |
|    ep_len_mean          | 8.64e+04      |
|    ep_rew_mean          | -7.24e+04     |
| time/                   |               |
|    fps                  | 1417          |
|    iterations           | 126           |
|    time_elapsed         | 364           |
|    total_timesteps      | 516096        |
| train/                  |               |
|    approx_kl            | 1.3964018e-07 |
|    clip_fraction        | 0             |
|    clip_range           | 0.2           |
|    entropy_loss         | -0.0259       |
|    explained_variance   | 0.458         |
|    learning_rate        | 0.000249      |
|    loss                 | 14.7          |
|    n_updates            | 375           |
|    policy_gradient_loss | -2.81e-06     |
|    value_loss           | 32.5          |
-------------------------------------------
  ⏱  step   520,000  │  FPS    6816  │  RSS   5728 MB
-------------------------------------------
| hw/                     |               |
|    fps                  | 6.82e+03      |
|    rss_mb               | 5.73e+03      |
| rollout/                |               |
|    ep_len_mean          | 8.64e+04      |
|    ep_rew_mean          | -6.53e+04     |
| time/                   |               |
|    fps                  | 1426          |
|    iterations           | 127           |
|    time_elapsed         | 364           |
|    total_timesteps      | 520192        |
| train/                  |               |
|    approx_kl            | 0.00012156695 |
|    clip_fraction        | 0.000977      |
|    clip_range           | 0.2           |
|    entropy_loss         | -0.024        |
|    explained_variance   | 0.424         |
|    learning_rate        | 0.000248      |
|    loss                 | 13.7          |
|    n_updates            | 378           |
|    policy_gradient_loss | -0.000373     |
|    value_loss           | 26.1          |
-------------------------------------------
-------------------------------------------
| rollout/                |               |
|    ep_len_mean          | 8.64e+04      |
|    ep_rew_mean          | -6.53e+04     |
| time/                   |               |
|    fps                  | 1435          |
|    iterations           | 128           |
|    time_elapsed         | 365           |
|    total_timesteps      | 524288        |
| train/                  |               |
|    approx_kl            | 4.7369394e-07 |
|    clip_fraction        | 0             |
|    clip_range           | 0.2           |
|    entropy_loss         | -0.0214       |
|    explained_variance   | 0.378         |
|    learning_rate        | 0.000248      |
|    loss                 | 15.4          |
|    n_updates            | 381           |
|    policy_gradient_loss | 5.12e-06      |
|    value_loss           | 33.3          |
-------------------------------------------
------------------------------------------
| rollout/                |              |
|    ep_len_mean          | 8.64e+04     |
|    ep_rew_mean          | -6.53e+04    |
| time/                   |              |
|    fps                  | 1444         |
|    iterations           | 129          |
|    time_elapsed         | 365          |
|    total_timesteps      | 528384       |
| train/                  |              |
|    approx_kl            | 1.060238e-06 |
|    clip_fraction        | 0            |
|    clip_range           | 0.2          |
|    entropy_loss         | -0.021       |
|    explained_variance   | 0.67         |
|    learning_rate        | 0.000248     |
|    loss                 | 16.2         |
|    n_updates            | 384          |
|    policy_gradient_loss | -2.03e-05    |
|    value_loss           | 28.8         |
------------------------------------------
--------------------------------------------
| rollout/                |                |
|    ep_len_mean          | 8.64e+04       |
|    ep_rew_mean          | -6.53e+04      |
| time/                   |                |
|    fps                  | 1452           |
|    iterations           | 130            |
|    time_elapsed         | 366            |
|    total_timesteps      | 532480         |
| train/                  |                |
|    approx_kl            | 1.15915755e-05 |
|    clip_fraction        | 0              |
|    clip_range           | 0.2            |
|    entropy_loss         | -0.0196        |
|    explained_variance   | 0.513          |
|    learning_rate        | 0.000247       |
|    loss                 | 20.2           |
|    n_updates            | 387            |
|    policy_gradient_loss | -0.000115      |
|    value_loss           | 44.2           |
--------------------------------------------
------------------------------------------
| rollout/                |              |
|    ep_len_mean          | 8.64e+04     |
|    ep_rew_mean          | -6.53e+04    |
| time/                   |              |
|    fps                  | 1461         |
|    iterations           | 131          |
|    time_elapsed         | 367          |
|    total_timesteps      | 536576       |
| train/                  |              |
|    approx_kl            | 6.058108e-07 |
|    clip_fraction        | 0            |
|    clip_range           | 0.2          |
|    entropy_loss         | -0.0183      |
|    explained_variance   | 0.551        |
|    learning_rate        | 0.000247     |
|    loss                 | 16.3         |
|    n_updates            | 390          |
|    policy_gradient_loss | -1.45e-05    |
|    value_loss           | 39.6         |
------------------------------------------
  ⏱  step   540,000  │  FPS    6552  │  RSS   5728 MB
-------------------------------------------
| hw/                     |               |
|    fps                  | 6.55e+03      |
|    rss_mb               | 5.73e+03      |
| rollout/                |               |
|    ep_len_mean          | 8.64e+04      |
|    ep_rew_mean          | -6.53e+04     |
| time/                   |               |
|    fps                  | 1470          |
|    iterations           | 132           |
|    time_elapsed         | 367           |
|    total_timesteps      | 540672        |
| train/                  |               |
|    approx_kl            | 4.0547893e-06 |
|    clip_fraction        | 0             |
|    clip_range           | 0.2           |
|    entropy_loss         | -0.0185       |
|    explained_variance   | 0.401         |
|    learning_rate        | 0.000246      |
|    loss                 | 16.8          |
|    n_updates            | 393           |
|    policy_gradient_loss | -2.84e-05     |
|    value_loss           | 37.6          |
-------------------------------------------
------------------------------------------
| rollout/                |              |
|    ep_len_mean          | 8.64e+04     |
|    ep_rew_mean          | -6.53e+04    |
| time/                   |              |
|    fps                  | 1478         |
|    iterations           | 133          |
|    time_elapsed         | 368          |
|    total_timesteps      | 544768       |
| train/                  |              |
|    approx_kl            | 1.174747e-06 |
|    clip_fraction        | 0            |
|    clip_range           | 0.2          |
|    entropy_loss         | -0.0198      |
|    explained_variance   | 0.513        |
|    learning_rate        | 0.000246     |
|    loss                 | 14.4         |
|    n_updates            | 396          |
|    policy_gradient_loss | 6.52e-06     |
|    value_loss           | 32.5         |
------------------------------------------
------------------------------------------
| rollout/                |              |
|    ep_len_mean          | 8.64e+04     |
|    ep_rew_mean          | -6.53e+04    |
| time/                   |              |
|    fps                  | 1487         |
|    iterations           | 134          |
|    time_elapsed         | 368          |
|    total_timesteps      | 548864       |
| train/                  |              |
|    approx_kl            | 6.723567e-07 |
|    clip_fraction        | 0            |
|    clip_range           | 0.2          |
|    entropy_loss         | -0.0198      |
|    explained_variance   | 0.799        |
|    learning_rate        | 0.000246     |
|    loss                 | 5.28         |
|    n_updates            | 399          |
|    policy_gradient_loss | -8.83e-06    |
|    value_loss           | 14           |
------------------------------------------
Eval num_timesteps=550000, episode_reward=-27315.10 +/- 1541.75
Episode length: 86400.00 +/- 0.00
-------------------------------------------
| eval/                   |               |
|    mean_ep_length       | 8.64e+04      |
|    mean_reward          | -2.73e+04     |
| time/                   |               |
|    total_timesteps      | 550000        |
| train/                  |               |
|    approx_kl            | 4.7461072e-07 |
|    clip_fraction        | 0             |
|    clip_range           | 0.2           |
|    entropy_loss         | -0.0191       |
|    explained_variance   | 0.572         |
|    learning_rate        | 0.000245      |
|    loss                 | 22.5          |
|    n_updates            | 402           |
|    policy_gradient_loss | -1.43e-05     |
|    value_loss           | 49.4          |
-------------------------------------------
----------------------------------
| rollout/           |           |
|    ep_len_mean     | 8.64e+04  |
|    ep_rew_mean     | -6.53e+04 |
| time/              |           |
|    fps             | 1388      |
|    iterations      | 135       |
|    time_elapsed    | 398       |
|    total_timesteps | 552960    |
----------------------------------
------------------------------------------
| rollout/                |              |
|    ep_len_mean          | 8.64e+04     |
|    ep_rew_mean          | -6.53e+04    |
| time/                   |              |
|    fps                  | 1396         |
|    iterations           | 136          |
|    time_elapsed         | 398          |
|    total_timesteps      | 557056       |
| train/                  |              |
|    approx_kl            | 1.617882e-07 |
|    clip_fraction        | 0            |
|    clip_range           | 0.2          |
|    entropy_loss         | -0.0191      |
|    explained_variance   | 0.587        |
|    learning_rate        | 0.000245     |
|    loss                 | 26.6         |
|    n_updates            | 405          |
|    policy_gradient_loss | 3.4e-06      |
|    value_loss           | 54.3         |
------------------------------------------
  ⏱  step   560,000  │  FPS     634  │  RSS   5728 MB
------------------------------------------
| hw/                     |              |
|    fps                  | 634          |
|    rss_mb               | 5.73e+03     |
| rollout/                |              |
|    ep_len_mean          | 8.64e+04     |
|    ep_rew_mean          | -6.53e+04    |
| time/                   |              |
|    fps                  | 1405         |
|    iterations           | 137          |
|    time_elapsed         | 399          |
|    total_timesteps      | 561152       |
| train/                  |              |
|    approx_kl            | 9.543626e-06 |
|    clip_fraction        | 0            |
|    clip_range           | 0.2          |
|    entropy_loss         | -0.0187      |
|    explained_variance   | 0.701        |
|    learning_rate        | 0.000244     |
|    loss                 | 9.33         |
|    n_updates            | 408          |
|    policy_gradient_loss | -7.63e-05    |
|    value_loss           | 22.6         |
------------------------------------------
-------------------------------------------
| rollout/                |               |
|    ep_len_mean          | 8.64e+04      |
|    ep_rew_mean          | -6.53e+04     |
| time/                   |               |
|    fps                  | 1413          |
|    iterations           | 138           |
|    time_elapsed         | 399           |
|    total_timesteps      | 565248        |
| train/                  |               |
|    approx_kl            | 2.4930196e-06 |
|    clip_fraction        | 0             |
|    clip_range           | 0.2           |
|    entropy_loss         | -0.0178       |
|    explained_variance   | 0.542         |
|    learning_rate        | 0.000244      |
|    loss                 | 14.5          |
|    n_updates            | 411           |
|    policy_gradient_loss | -2.97e-05     |
|    value_loss           | 36.2          |
-------------------------------------------
------------------------------------------
| rollout/                |              |
|    ep_len_mean          | 8.64e+04     |
|    ep_rew_mean          | -6.53e+04    |
| time/                   |              |
|    fps                  | 1421         |
|    iterations           | 139          |
|    time_elapsed         | 400          |
|    total_timesteps      | 569344       |
| train/                  |              |
|    approx_kl            | 5.738024e-06 |
|    clip_fraction        | 0            |
|    clip_range           | 0.2          |
|    entropy_loss         | -0.0171      |
|    explained_variance   | 0.697        |
|    learning_rate        | 0.000243     |
|    loss                 | 13.7         |
|    n_updates            | 414          |
|    policy_gradient_loss | -5.83e-05    |
|    value_loss           | 27.4         |
------------------------------------------
-------------------------------------------
| rollout/                |               |
|    ep_len_mean          | 8.64e+04      |
|    ep_rew_mean          | -6.53e+04     |
| time/                   |               |
|    fps                  | 1429          |
|    iterations           | 140           |
|    time_elapsed         | 401           |
|    total_timesteps      | 573440        |
| train/                  |               |
|    approx_kl            | 3.6091515e-06 |
|    clip_fraction        | 0             |
|    clip_range           | 0.2           |
|    entropy_loss         | -0.0164       |
|    explained_variance   | 0.613         |
|    learning_rate        | 0.000243      |
|    loss                 | 15.7          |
|    n_updates            | 417           |
|    policy_gradient_loss | -2.84e-05     |
|    value_loss           | 33.4          |
-------------------------------------------
-------------------------------------------
| rollout/                |               |
|    ep_len_mean          | 8.64e+04      |
|    ep_rew_mean          | -6.53e+04     |
| time/                   |               |
|    fps                  | 1436          |
|    iterations           | 141           |
|    time_elapsed         | 401           |
|    total_timesteps      | 577536        |
| train/                  |               |
|    approx_kl            | 3.2240932e-06 |
|    clip_fraction        | 0             |
|    clip_range           | 0.2           |
|    entropy_loss         | -0.0158       |
|    explained_variance   | 0.712         |
|    learning_rate        | 0.000243      |
|    loss                 | 9.5           |
|    n_updates            | 420           |
|    policy_gradient_loss | -4.09e-05     |
|    value_loss           | 19.9          |
-------------------------------------------
  ⏱  step   580,000  │  FPS    6392  │  RSS   5728 MB
-------------------------------------------
| hw/                     |               |
|    fps                  | 6.39e+03      |
|    rss_mb               | 5.73e+03      |
| rollout/                |               |
|    ep_len_mean          | 8.64e+04      |
|    ep_rew_mean          | -6.53e+04     |
| time/                   |               |
|    fps                  | 1444          |
|    iterations           | 142           |
|    time_elapsed         | 402           |
|    total_timesteps      | 581632        |
| train/                  |               |
|    approx_kl            | 1.5236437e-06 |
|    clip_fraction        | 0             |
|    clip_range           | 0.2           |
|    entropy_loss         | -0.0159       |
|    explained_variance   | 0.54          |
|    learning_rate        | 0.000242      |
|    loss                 | 32            |
|    n_updates            | 423           |
|    policy_gradient_loss | 4.14e-06      |
|    value_loss           | 73.8          |
-------------------------------------------
------------------------------------------
| rollout/                |              |
|    ep_len_mean          | 8.64e+04     |
|    ep_rew_mean          | -6.53e+04    |
| time/                   |              |
|    fps                  | 1452         |
|    iterations           | 143          |
|    time_elapsed         | 403          |
|    total_timesteps      | 585728       |
| train/                  |              |
|    approx_kl            | 8.411298e-07 |
|    clip_fraction        | 0            |
|    clip_range           | 0.2          |
|    entropy_loss         | -0.0162      |
|    explained_variance   | 0.727        |
|    learning_rate        | 0.000242     |
|    loss                 | 15.7         |
|    n_updates            | 426          |
|    policy_gradient_loss | -1.11e-05    |
|    value_loss           | 32.8         |
------------------------------------------
-------------------------------------------
| rollout/                |               |
|    ep_len_mean          | 8.64e+04      |
|    ep_rew_mean          | -6.53e+04     |
| time/                   |               |
|    fps                  | 1460          |
|    iterations           | 144           |
|    time_elapsed         | 403           |
|    total_timesteps      | 589824        |
| train/                  |               |
|    approx_kl            | 3.9631705e-06 |
|    clip_fraction        | 0             |
|    clip_range           | 0.2           |
|    entropy_loss         | -0.0154       |
|    explained_variance   | 0.838         |
|    learning_rate        | 0.000241      |
|    loss                 | 5.51          |
|    n_updates            | 429           |
|    policy_gradient_loss | -4.17e-05     |
|    value_loss           | 15.7          |
-------------------------------------------
-------------------------------------------
| rollout/                |               |
|    ep_len_mean          | 8.64e+04      |
|    ep_rew_mean          | -6.53e+04     |
| time/                   |               |
|    fps                  | 1468          |
|    iterations           | 145           |
|    time_elapsed         | 404           |
|    total_timesteps      | 593920        |
| train/                  |               |
|    approx_kl            | 4.8724323e-06 |
|    clip_fraction        | 0             |
|    clip_range           | 0.2           |
|    entropy_loss         | -0.0144       |
|    explained_variance   | 0.745         |
|    learning_rate        | 0.000241      |
|    loss                 | 10.9          |
|    n_updates            | 432           |
|    policy_gradient_loss | -5.12e-05     |
|    value_loss           | 23.2          |
-------------------------------------------
-------------------------------------------
| rollout/                |               |
|    ep_len_mean          | 8.64e+04      |
|    ep_rew_mean          | -6.53e+04     |
| time/                   |               |
|    fps                  | 1476          |
|    iterations           | 146           |
|    time_elapsed         | 405           |
|    total_timesteps      | 598016        |
| train/                  |               |
|    approx_kl            | 1.1619413e-06 |
|    clip_fraction        | 0             |
|    clip_range           | 0.2           |
|    entropy_loss         | -0.0136       |
|    explained_variance   | 0.692         |
|    learning_rate        | 0.000241      |
|    loss                 | 16.7          |
|    n_updates            | 435           |
|    policy_gradient_loss | -2.47e-05     |
|    value_loss           | 29.9          |
-------------------------------------------

  ⚠  KeyboardInterrupt — saving partial checkpoint …
  ✓ Partial model saved → /Users/aishwarya/satellite-project/models/partial_model.zip

  Training interrupted — 408.4 s  (1,469 steps/s)
  Timesteps completed: 600,000 / 3,000,000
  ☕ caffeinate terminated — system sleep re-enabled
